episode_id,anime_id,season_number,episode_number,episode_title,release_date_key,duration_seconds,is_filler
1,1,1,1,Episode 01: Chapter 3,20230118,1350,0
2,1,1,2,Episode 02: Chapter 4,20230125,1367,0
3,1,1,3,Episode 03: Chapter 5,20230201,1384,0
4,1,1,4,Episode 04: Chapter 6,20230208,1401,0
5,1,1,5,Episode 05: Chapter 7,20230215,1418,0
6,1,1,6,Episode 06: Chapter 8,20230222,1435,0
7,1,1,7,Episode 07: Chapter 9,20230301,1452,0
8,1,1,8,Episode 08: Chapter 10,20230308,1469,0
9,1,1,9,Episode 09: Chapter 11,20230315,1486,0
10,1,1,10,Episode 10: Chapter 12,20230322,1503,0
11,1,1,11,Episode 11: Chapter 13,20230329,1520,0
12,1,1,12,Episode 12: Chapter 14,20230405,1537,0
13,1,2,1,Episode 13: Chapter 15,20230412,1554,0
14,1,2,2,Episode 14: Chapter 16,20230419,1571,0
15,1,2,3,Episode 15: Chapter 17,20230426,1588,0
16,1,2,4,Episode 16: Chapter 18,20230503,1605,1
17,2,1,1,Episode 01: Chapter 4,20230204,1363,0
18,2,1,2,Episode 02: Chapter 5,20230211,1380,0
19,2,1,3,Episode 03: Chapter 6,20230218,1397,0
20,2,1,4,Episode 04: Chapter 7,20230225,1414,0
21,2,1,5,Episode 05: Chapter 8,20230304,1431,0
22,2,1,6,Episode 06: Chapter 9,20230311,1448,0
23,2,1,7,Episode 07: Chapter 10,20230318,1465,0
24,2,1,8,Episode 08: Chapter 11,20230325,1482,0
25,2,1,9,Episode 09: Chapter 12,20230401,1499,0
26,2,1,10,Episode 10: Chapter 13,20230408,1516,0
27,2,1,11,Episode 11: Chapter 14,20230415,1533,0
28,2,1,12,Episode 12: Chapter 15,20230422,1550,0
29,2,2,1,Episode 13: Chapter 16,20230429,1567,0
30,2,2,2,Episode 14: Chapter 17,20230506,1584,0
31,2,2,3,Episode 15: Chapter 18,20230513,1601,1
32,2,2,4,Episode 16: Chapter 19,20230520,1618,0
33,3,1,1,Episode 01: Chapter 5,20230221,1376,0
34,3,1,2,Episode 02: Chapter 6,20230228,1393,0
35,3,1,3,Episode 03: Chapter 7,20230307,1410,0
36,3,1,4,Episode 04: Chapter 8,20230314,1427,0
37,3,1,5,Episode 05: Chapter 9,20230321,1444,0
38,3,1,6,Episode 06: Chapter 10,20230328,1461,0
39,3,1,7,Episode 07: Chapter 11,20230404,1478,0
40,3,1,8,Episode 08: Chapter 12,20230411,1495,0
41,3,1,9,Episode 09: Chapter 13,20230418,1512,0
42,3,1,10,Episode 10: Chapter 14,20230425,1529,0
43,3,1,11,Episode 11: Chapter 15,20230502,1546,0
44,3,1,12,Episode 12: Chapter 16,20230509,1563,0
45,3,2,1,Episode 13: Chapter 17,20230516,1580,0
46,3,2,2,Episode 14: Chapter 18,20230523,1597,1
47,3,2,3,Episode 15: Chapter 19,20230530,1614,0
48,3,2,4,Episode 16: Chapter 20,20230606,1631,0
49,4,1,1,Episode 01: Chapter 6,20230310,1389,0
50,4,1,2,Episode 02: Chapter 7,20230317,1406,0
51,4,1,3,Episode 03: Chapter 8,20230324,1423,0
52,4,1,4,Episode 04: Chapter 9,20230331,1440,0
53,4,1,5,Episode 05: Chapter 10,20230407,1457,0
54,4,1,6,Episode 06: Chapter 11,20230414,1474,0
55,4,1,7,Episode 07: Chapter 12,20230421,1491,0
56,4,1,8,Episode 08: Chapter 13,20230428,1508,0
57,4,1,9,Episode 09: Chapter 14,20230505,1525,0
58,4,1,10,Episode 10: Chapter 15,20230512,1542,0
59,4,1,11,Episode 11: Chapter 16,20230519,1559,0
60,4,1,12,Episode 12: Chapter 17,20230526,1576,0
61,4,2,1,Episode 13: Chapter 18,20230602,1593,1
62,4,2,2,Episode 14: Chapter 19,20230609,1610,0
63,4,2,3,Episode 15: Chapter 20,20230616,1627,0
64,4,2,4,Episode 16: Chapter 21,20230623,1644,0
65,5,1,1,Episode 01: Chapter 7,20230327,1402,0
66,5,1,2,Episode 02: Chapter 8,20230403,1419,0
67,5,1,3,Episode 03: Chapter 9,20230410,1436,0
68,5,1,4,Episode 04: Chapter 10,20230417,1453,0
69,5,1,5,Episode 05: Chapter 11,20230424,1470,0
70,5,1,6,Episode 06: Chapter 12,20230501,1487,0
71,5,1,7,Episode 07: Chapter 13,20230508,1504,0
72,5,1,8,Episode 08: Chapter 14,20230515,1521,0
73,5,1,9,Episode 09: Chapter 15,20230522,1538,0
74,5,1,10,Episode 10: Chapter 16,20230529,1555,0
75,5,1,11,Episode 11: Chapter 17,20230605,1572,0
76,5,1,12,Episode 12: Chapter 18,20230612,1589,1
77,5,2,1,Episode 13: Chapter 19,20230619,1606,0
78,5,2,2,Episode 14: Chapter 20,20230626,1623,0
79,5,2,3,Episode 15: Chapter 21,20230703,1640,0
80,5,2,4,Episode 16: Chapter 22,20230710,1657,0
81,6,1,1,Episode 01: Chapter 8,20230413,1415,0
82,6,1,2,Episode 02: Chapter 9,20230420,1432,0
83,6,1,3,Episode 03: Chapter 10,20230427,1449,0
84,6,1,4,Episode 04: Chapter 11,20230504,1466,0
85,6,1,5,Episode 05: Chapter 12,20230511,1483,0
86,6,1,6,Episode 06: Chapter 13,20230518,1500,0
87,6,1,7,Episode 07: Chapter 14,20230525,1517,0
88,6,1,8,Episode 08: Chapter 15,20230601,1534,0
89,6,1,9,Episode 09: Chapter 16,20230608,1551,0
90,6,1,10,Episode 10: Chapter 17,20230615,1568,0
91,6,1,11,Episode 11: Chapter 18,20230622,1585,1
92,6,1,12,Episode 12: Chapter 19,20230629,1602,0
93,6,2,1,Episode 13: Chapter 20,20230706,1619,0
94,6,2,2,Episode 14: Chapter 21,20230713,1636,0
95,6,2,3,Episode 15: Chapter 22,20230720,1653,0
96,6,2,4,Episode 16: Chapter 23,20230727,1670,0
97,7,1,1,Episode 01: Chapter 9,20230430,1428,0
98,7,1,2,Episode 02: Chapter 10,20230507,1445,0
99,7,1,3,Episode 03: Chapter 11,20230514,1462,0
100,7,1,4,Episode 04: Chapter 12,20230521,1479,0
101,7,1,5,Episode 05: Chapter 13,20230528,1496,0
102,7,1,6,Episode 06: Chapter 14,20230604,1513,0
103,7,1,7,Episode 07: Chapter 15,20230611,1530,0
104,7,1,8,Episode 08: Chapter 16,20230618,1547,0
105,7,1,9,Episode 09: Chapter 17,20230625,1564,0
106,7,1,10,Episode 10: Chapter 18,20230702,1581,1
107,7,1,11,Episode 11: Chapter 19,20230709,1598,0
108,7,1,12,Episode 12: Chapter 20,20230716,1615,0
109,7,2,1,Episode 13: Chapter 21,20230723,1632,0
110,7,2,2,Episode 14: Chapter 22,20230730,1649,0
111,7,2,3,Episode 15: Chapter 23,20230806,1666,0
112,7,2,4,Episode 16: Chapter 24,20230813,1323,0
113,8,1,1,Episode 01: Chapter 10,20230517,1441,0
114,8,1,2,Episode 02: Chapter 11,20230524,1458,0
115,8,1,3,Episode 03: Chapter 12,20230531,1475,0
116,8,1,4,Episode 04: Chapter 13,20230607,1492,0
117,8,1,5,Episode 05: Chapter 14,20230614,1509,0
118,8,1,6,Episode 06: Chapter 15,20230621,1526,0
119,8,1,7,Episode 07: Chapter 16,20230628,1543,0
120,8,1,8,Episode 08: Chapter 17,20230705,1560,0
121,8,1,9,Episode 09: Chapter 18,20230712,1577,1
122,8,1,10,Episode 10: Chapter 19,20230719,1594,0
123,8,1,11,Episode 11: Chapter 20,20230726,1611,0
124,8,1,12,Episode 12: Chapter 21,20230802,1628,0
125,8,2,1,Episode 13: Chapter 22,20230809,1645,0
126,8,2,2,Episode 14: Chapter 23,20230816,1662,0
127,8,2,3,Episode 15: Chapter 24,20230823,1679,0
128,8,2,4,Episode 16: Chapter 25,20230830,1336,0
129,9,1,1,Episode 01: Chapter 11,20230603,1454,0
130,9,1,2,Episode 02: Chapter 12,20230610,1471,0
131,9,1,3,Episode 03: Chapter 13,20230617,1488,0
132,9,1,4,Episode 04: Chapter 14,20230624,1505,0
133,9,1,5,Episode 05: Chapter 15,20230701,1522,0
134,9,1,6,Episode 06: Chapter 16,20230708,1539,0
135,9,1,7,Episode 07: Chapter 17,20230715,1556,0
136,9,1,8,Episode 08: Chapter 18,20230722,1573,1
137,9,1,9,Episode 09: Chapter 19,20230729,1590,0
138,9,1,10,Episode 10: Chapter 20,20230805,1607,0
139,9,1,11,Episode 11: Chapter 21,20230812,1624,0
140,9,1,12,Episode 12: Chapter 22,20230819,1641,0
141,9,2,1,Episode 13: Chapter 23,20230826,1658,0
142,9,2,2,Episode 14: Chapter 24,20230902,1675,0
143,9,2,3,Episode 15: Chapter 25,20230909,1332,0
144,9,2,4,Episode 16: Chapter 26,20230916,1349,0
145,10,1,1,Episode 01: Chapter 12,20230620,1467,0
146,10,1,2,Episode 02: Chapter 13,20230627,1484,0
147,10,1,3,Episode 03: Chapter 14,20230704,1501,0
148,10,1,4,Episode 04: Chapter 15,20230711,1518,0
149,10,1,5,Episode 05: Chapter 16,20230718,1535,0
150,10,1,6,Episode 06: Chapter 17,20230725,1552,0
151,10,1,7,Episode 07: Chapter 18,20230801,1569,1
152,10,1,8,Episode 08: Chapter 19,20230808,1586,0
153,10,1,9,Episode 09: Chapter 20,20230815,1603,0
154,10,1,10,Episode 10: Chapter 21,20230822,1620,0
155,10,1,11,Episode 11: Chapter 22,20230829,1637,0
156,10,1,12,Episode 12: Chapter 23,20230905,1654,0
157,10,2,1,Episode 13: Chapter 24,20230912,1671,0
158,10,2,2,Episode 14: Chapter 25,20230919,1328,0
159,10,2,3,Episode 15: Chapter 26,20230926,1345,0
160,10,2,4,Episode 16: Chapter 27,20231003,1362,0
161,11,1,1,Episode 01: Chapter 13,20230707,1480,0
162,11,1,2,Episode 02: Chapter 14,20230714,1497,0
163,11,1,3,Episode 03: Chapter 15,20230721,1514,0
164,11,1,4,Episode 04: Chapter 16,20230728,1531,0
165,11,1,5,Episode 05: Chapter 17,20230804,1548,0
166,11,1,6,Episode 06: Chapter 18,20230811,1565,1
167,11,1,7,Episode 07: Chapter 19,20230818,1582,0
168,11,1,8,Episode 08: Chapter 20,20230825,1599,0
169,11,1,9,Episode 09: Chapter 21,20230901,1616,0
170,11,1,10,Episode 10: Chapter 22,20230908,1633,0
171,11,1,11,Episode 11: Chapter 23,20230915,1650,0
172,11,1,12,Episode 12: Chapter 24,20230922,1667,0
173,11,2,1,Episode 13: Chapter 25,20230929,1324,0
174,11,2,2,Episode 14: Chapter 26,20231006,1341,0
175,11,2,3,Episode 15: Chapter 27,20231013,1358,0
176,11,2,4,Episode 16: Chapter 28,20231020,1375,0
177,12,1,1,Episode 01: Chapter 14,20230724,1493,0
178,12,1,2,Episode 02: Chapter 15,20230731,1510,0
179,12,1,3,Episode 03: Chapter 16,20230807,1527,0
180,12,1,4,Episode 04: Chapter 17,20230814,1544,0
181,12,1,5,Episode 05: Chapter 18,20230821,1561,1
182,12,1,6,Episode 06: Chapter 19,20230828,1578,0
183,12,1,7,Episode 07: Chapter 20,20230904,1595,0
184,12,1,8,Episode 08: Chapter 21,20230911,1612,0
185,12,1,9,Episode 09: Chapter 22,20230918,1629,0
186,12,1,10,Episode 10: Chapter 23,20230925,1646,0
187,12,1,11,Episode 11: Chapter 24,20231002,1663,0
188,12,1,12,Episode 12: Chapter 25,20231009,1320,0
189,12,2,1,Episode 13: Chapter 26,20231016,1337,0
190,12,2,2,Episode 14: Chapter 27,20231023,1354,0
191,12,2,3,Episode 15: Chapter 28,20231030,1371,0
192,12,2,4,Episode 16: Chapter 29,20231106,1388,0
193,13,1,1,Episode 01: Chapter 15,20230810,1506,0
194,13,1,2,Episode 02: Chapter 16,20230817,1523,0
195,13,1,3,Episode 03: Chapter 17,20230824,1540,0
196,13,1,4,Episode 04: Chapter 18,20230831,1557,1
197,13,1,5,Episode 05: Chapter 19,20230907,1574,0
198,13,1,6,Episode 06: Chapter 20,20230914,1591,0
199,13,1,7,Episode 07: Chapter 21,20230921,1608,0
200,13,1,8,Episode 08: Chapter 22,20230928,1625,0
201,13,1,9,Episode 09: Chapter 23,20231005,1642,0
202,13,1,10,Episode 10: Chapter 24,20231012,1659,0
203,13,1,11,Episode 11: Chapter 25,20231019,1676,0
204,13,1,12,Episode 12: Chapter 26,20231026,1333,0
205,13,2,1,Episode 13: Chapter 27,20231102,1350,0
206,13,2,2,Episode 14: Chapter 28,20231109,1367,0
207,13,2,3,Episode 15: Chapter 29,20231116,1384,0
208,13,2,4,Episode 16: Chapter 30,20231123,1401,0
209,14,1,1,Episode 01: Chapter 16,20230827,1519,0
210,14,1,2,Episode 02: Chapter 17,20230903,1536,0
211,14,1,3,Episode 03: Chapter 18,20230910,1553,1
212,14,1,4,Episode 04: Chapter 19,20230917,1570,0
213,14,1,5,Episode 05: Chapter 20,20230924,1587,0
214,14,1,6,Episode 06: Chapter 21,20231001,1604,0
215,14,1,7,Episode 07: Chapter 22,20231008,1621,0
216,14,1,8,Episode 08: Chapter 23,20231015,1638,0
217,14,1,9,Episode 09: Chapter 24,20231022,1655,0
218,14,1,10,Episode 10: Chapter 25,20231029,1672,0
219,14,1,11,Episode 11: Chapter 26,20231105,1329,0
220,14,1,12,Episode 12: Chapter 27,20231112,1346,0
221,14,2,1,Episode 13: Chapter 28,20231119,1363,0
222,14,2,2,Episode 14: Chapter 29,20231126,1380,0
223,14,2,3,Episode 15: Chapter 30,20231203,1397,0
224,14,2,4,Episode 16: Chapter 31,20231210,1414,0
225,15,1,1,Episode 01: Chapter 17,20230913,1532,0
226,15,1,2,Episode 02: Chapter 18,20230920,1549,1
227,15,1,3,Episode 03: Chapter 19,20230927,1566,0
228,15,1,4,Episode 04: Chapter 20,20231004,1583,0
229,15,1,5,Episode 05: Chapter 21,20231011,1600,0
230,15,1,6,Episode 06: Chapter 22,20231018,1617,0
231,15,1,7,Episode 07: Chapter 23,20231025,1634,0
232,15,1,8,Episode 08: Chapter 24,20231101,1651,0
233,15,1,9,Episode 09: Chapter 25,20231108,1668,0
234,15,1,10,Episode 10: Chapter 26,20231115,1325,0
235,15,1,11,Episode 11: Chapter 27,20231122,1342,0
236,15,1,12,Episode 12: Chapter 28,20231129,1359,0
237,15,2,1,Episode 13: Chapter 29,20231206,1376,0
238,15,2,2,Episode 14: Chapter 30,20231213,1393,0
239,15,2,3,Episode 15: Chapter 31,20231220,1410,0
240,15,2,4,Episode 16: Chapter 1,20231227,1427,0
241,16,1,1,Episode 01: Chapter 18,20230930,1545,1
242,16,1,2,Episode 02: Chapter 19,20231007,1562,0
243,16,1,3,Episode 03: Chapter 20,20231014,1579,0
244,16,1,4,Episode 04: Chapter 21,20231021,1596,0
245,16,1,5,Episode 05: Chapter 22,20231028,1613,0
246,16,1,6,Episode 06: Chapter 23,20231104,1630,0
247,16,1,7,Episode 07: Chapter 24,20231111,1647,0
248,16,1,8,Episode 08: Chapter 25,20231118,1664,0
249,16,1,9,Episode 09: Chapter 26,20231125,1321,0
250,16,1,10,Episode 10: Chapter 27,20231202,1338,0
251,16,1,11,Episode 11: Chapter 28,20231209,1355,0
252,16,1,12,Episode 12: Chapter 29,20231216,1372,0
253,16,2,1,Episode 13: Chapter 30,20231223,1389,0
254,16,2,2,Episode 14: Chapter 31,20231230,1406,0
255,16,2,3,Episode 15: Chapter 1,20240106,1423,0
256,16,2,4,Episode 16: Chapter 2,20240113,1440,0
257,17,1,1,Episode 01: Chapter 19,20231017,1558,0
258,17,1,2,Episode 02: Chapter 20,20231024,1575,0
259,17,1,3,Episode 03: Chapter 21,20231031,1592,0
260,17,1,4,Episode 04: Chapter 22,20231107,1609,0
261,17,1,5,Episode 05: Chapter 23,20231114,1626,0
262,17,1,6,Episode 06: Chapter 24,20231121,1643,0
263,17,1,7,Episode 07: Chapter 25,20231128,1660,0
264,17,1,8,Episode 08: Chapter 26,20231205,1677,0
265,17,1,9,Episode 09: Chapter 27,20231212,1334,0
266,17,1,10,Episode 10: Chapter 28,20231219,1351,0
267,17,1,11,Episode 11: Chapter 29,20231226,1368,0
268,17,1,12,Episode 12: Chapter 30,20240102,1385,0
269,17,2,1,Episode 13: Chapter 31,20240109,1402,0
270,17,2,2,Episode 14: Chapter 1,20240116,1419,0
271,17,2,3,Episode 15: Chapter 2,20240123,1436,0
272,17,2,4,Episode 16: Chapter 3,20240130,1453,0
273,18,1,1,Episode 01: Chapter 20,20231103,1571,0
274,18,1,2,Episode 02: Chapter 21,20231110,1588,0
275,18,1,3,Episode 03: Chapter 22,20231117,1605,0
276,18,1,4,Episode 04: Chapter 23,20231124,1622,0
277,18,1,5,Episode 05: Chapter 24,20231201,1639,0
278,18,1,6,Episode 06: Chapter 25,20231208,1656,0
279,18,1,7,Episode 07: Chapter 26,20231215,1673,0
280,18,1,8,Episode 08: Chapter 27,20231222,1330,0
281,18,1,9,Episode 09: Chapter 28,20231229,1347,0
282,18,1,10,Episode 10: Chapter 29,20240105,1364,0
283,18,1,11,Episode 11: Chapter 30,20240112,1381,0
284,18,1,12,Episode 12: Chapter 31,20240119,1398,0
285,18,2,1,Episode 13: Chapter 1,20240126,1415,0
286,18,2,2,Episode 14: Chapter 2,20240202,1432,0
287,18,2,3,Episode 15: Chapter 3,20240209,1449,0
288,18,2,4,Episode 16: Chapter 4,20240216,1466,1
289,19,1,1,Episode 01: Chapter 21,20231120,1584,0
290,19,1,2,Episode 02: Chapter 22,20231127,1601,0
291,19,1,3,Episode 03: Chapter 23,20231204,1618,0
292,19,1,4,Episode 04: Chapter 24,20231211,1635,0
293,19,1,5,Episode 05: Chapter 25,20231218,1652,0
294,19,1,6,Episode 06: Chapter 26,20231225,1669,0
295,19,1,7,Episode 07: Chapter 27,20240101,1326,0
296,19,1,8,Episode 08: Chapter 28,20240108,1343,0
297,19,1,9,Episode 09: Chapter 29,20240115,1360,0
298,19,1,10,Episode 10: Chapter 30,20240122,1377,0
299,19,1,11,Episode 11: Chapter 31,20240129,1394,0
300,19,1,12,Episode 12: Chapter 1,20240205,1411,0
301,19,2,1,Episode 13: Chapter 2,20240212,1428,0
302,19,2,2,Episode 14: Chapter 3,20240219,1445,0
303,19,2,3,Episode 15: Chapter 4,20240226,1462,1
304,19,2,4,Episode 16: Chapter 5,20240304,1479,0
305,20,1,1,Episode 01: Chapter 22,20231207,1597,0
306,20,1,2,Episode 02: Chapter 23,20231214,1614,0
307,20,1,3,Episode 03: Chapter 24,20231221,1631,0
308,20,1,4,Episode 04: Chapter 25,20231228,1648,0
309,20,1,5,Episode 05: Chapter 26,20240104,1665,0
310,20,1,6,Episode 06: Chapter 27,20240111,1322,0
311,20,1,7,Episode 07: Chapter 28,20240118,1339,0
312,20,1,8,Episode 08: Chapter 29,20240125,1356,0
313,20,1,9,Episode 09: Chapter 30,20240201,1373,0
314,20,1,10,Episode 10: Chapter 31,20240208,1390,0
315,20,1,11,Episode 11: Chapter 1,20240215,1407,0
316,20,1,12,Episode 12: Chapter 2,20240222,1424,0
317,20,2,1,Episode 13: Chapter 3,20240229,1441,0
318,20,2,2,Episode 14: Chapter 4,20240307,1458,1
319,20,2,3,Episode 15: Chapter 5,20240314,1475,0
320,20,2,4,Episode 16: Chapter 6,20240321,1492,0
321,21,1,1,Episode 01: Chapter 23,20231224,1610,0
322,21,1,2,Episode 02: Chapter 24,20231231,1627,0
323,21,1,3,Episode 03: Chapter 25,20240107,1644,0
324,21,1,4,Episode 04: Chapter 26,20240114,1661,0
325,21,1,5,Episode 05: Chapter 27,20240121,1678,0
326,21,1,6,Episode 06: Chapter 28,20240128,1335,0
327,21,1,7,Episode 07: Chapter 29,20240204,1352,0
328,21,1,8,Episode 08: Chapter 30,20240211,1369,0
329,21,1,9,Episode 09: Chapter 31,20240218,1386,0
330,21,1,10,Episode 10: Chapter 1,20240225,1403,0
331,21,1,11,Episode 11: Chapter 2,20240303,1420,0
332,21,1,12,Episode 12: Chapter 3,20240310,1437,0
333,21,2,1,Episode 13: Chapter 4,20240317,1454,1
334,21,2,2,Episode 14: Chapter 5,20240324,1471,0
335,21,2,3,Episode 15: Chapter 6,20240331,1488,0
336,21,2,4,Episode 16: Chapter 7,20240407,1505,0
337,22,1,1,Episode 01: Chapter 24,20240110,1623,0
338,22,1,2,Episode 02: Chapter 25,20240117,1640,0
339,22,1,3,Episode 03: Chapter 26,20240124,1657,0
340,22,1,4,Episode 04: Chapter 27,20240131,1674,0
341,22,1,5,Episode 05: Chapter 28,20240207,1331,0
342,22,1,6,Episode 06: Chapter 29,20240214,1348,0
343,22,1,7,Episode 07: Chapter 30,20240221,1365,0
344,22,1,8,Episode 08: Chapter 31,20240228,1382,0
345,22,1,9,Episode 09: Chapter 1,20240306,1399,0
346,22,1,10,Episode 10: Chapter 2,20240313,1416,0
347,22,1,11,Episode 11: Chapter 3,20240320,1433,0
348,22,1,12,Episode 12: Chapter 4,20240327,1450,1
349,22,2,1,Episode 13: Chapter 5,20240403,1467,0
350,22,2,2,Episode 14: Chapter 6,20240410,1484,0
351,22,2,3,Episode 15: Chapter 7,20240417,1501,0
352,22,2,4,Episode 16: Chapter 8,20240424,1518,0
353,23,1,1,Episode 01: Chapter 25,20240127,1636,0
354,23,1,2,Episode 02: Chapter 26,20240203,1653,0
355,23,1,3,Episode 03: Chapter 27,20240210,1670,0
356,23,1,4,Episode 04: Chapter 28,20240217,1327,0
357,23,1,5,Episode 05: Chapter 29,20240224,1344,0
358,23,1,6,Episode 06: Chapter 30,20240302,1361,0
359,23,1,7,Episode 07: Chapter 31,20240309,1378,0
360,23,1,8,Episode 08: Chapter 1,20240316,1395,0
361,23,1,9,Episode 09: Chapter 2,20240323,1412,0
362,23,1,10,Episode 10: Chapter 3,20240330,1429,0
363,23,1,11,Episode 11: Chapter 4,20240406,1446,1
364,23,1,12,Episode 12: Chapter 5,20240413,1463,0
365,23,2,1,Episode 13: Chapter 6,20240420,1480,0
366,23,2,2,Episode 14: Chapter 7,20240427,1497,0
367,23,2,3,Episode 15: Chapter 8,20240504,1514,0
368,23,2,4,Episode 16: Chapter 9,20240511,1531,0
369,24,1,1,Episode 01: Chapter 26,20240213,1649,0
370,24,1,2,Episode 02: Chapter 27,20240220,1666,0
371,24,1,3,Episode 03: Chapter 28,20240227,1323,0
372,24,1,4,Episode 04: Chapter 29,20240305,1340,0
373,24,1,5,Episode 05: Chapter 30,20240312,1357,0
374,24,1,6,Episode 06: Chapter 31,20240319,1374,0
375,24,1,7,Episode 07: Chapter 1,20240326,1391,0
376,24,1,8,Episode 08: Chapter 2,20240402,1408,0
377,24,1,9,Episode 09: Chapter 3,20240409,1425,0
378,24,1,10,Episode 10: Chapter 4,20240416,1442,1
379,24,1,11,Episode 11: Chapter 5,20240423,1459,0
380,24,1,12,Episode 12: Chapter 6,20240430,1476,0
381,24,2,1,Episode 13: Chapter 7,20240507,1493,0
382,24,2,2,Episode 14: Chapter 8,20240514,1510,0
383,24,2,3,Episode 15: Chapter 9,20240521,1527,0
384,24,2,4,Episode 16: Chapter 10,20240528,1544,0
385,25,1,1,Episode 01: Chapter 27,20240301,1662,0
386,25,1,2,Episode 02: Chapter 28,20240308,1679,0
387,25,1,3,Episode 03: Chapter 29,20240315,1336,0
388,25,1,4,Episode 04: Chapter 30,20240322,1353,0
389,25,1,5,Episode 05: Chapter 31,20240329,1370,0
390,25,1,6,Episode 06: Chapter 1,20240405,1387,0
391,25,1,7,Episode 07: Chapter 2,20240412,1404,0
392,25,1,8,Episode 08: Chapter 3,20240419,1421,0
393,25,1,9,Episode 09: Chapter 4,20240426,1438,1
394,25,1,10,Episode 10: Chapter 5,20240503,1455,0
395,25,1,11,Episode 11: Chapter 6,20240510,1472,0
396,25,1,12,Episode 12: Chapter 7,20240517,1489,0
397,25,2,1,Episode 13: Chapter 8,20240524,1506,0
398,25,2,2,Episode 14: Chapter 9,20240531,1523,0
399,25,2,3,Episode 15: Chapter 10,20240607,1540,0
400,25,2,4,Episode 16: Chapter 11,20240614,1557,0
401,26,1,1,Episode 01: Chapter 28,20240318,1675,0
402,26,1,2,Episode 02: Chapter 29,20240325,1332,0
403,26,1,3,Episode 03: Chapter 30,20240401,1349,0
404,26,1,4,Episode 04: Chapter 31,20240408,1366,0
405,26,1,5,Episode 05: Chapter 1,20240415,1383,0
406,26,1,6,Episode 06: Chapter 2,20240422,1400,0
407,26,1,7,Episode 07: Chapter 3,20240429,1417,0
408,26,1,8,Episode 08: Chapter 4,20240506,1434,1
409,26,1,9,Episode 09: Chapter 5,20240513,1451,0
410,26,1,10,Episode 10: Chapter 6,20240520,1468,0
411,26,1,11,Episode 11: Chapter 7,20240527,1485,0
412,26,1,12,Episode 12: Chapter 8,20240603,1502,0
413,26,2,1,Episode 13: Chapter 9,20240610,1519,0
414,26,2,2,Episode 14: Chapter 10,20240617,1536,0
415,26,2,3,Episode 15: Chapter 11,20240624,1553,0
416,26,2,4,Episode 16: Chapter 12,20240701,1570,0
417,27,1,1,Episode 01: Chapter 29,20240404,1328,0
418,27,1,2,Episode 02: Chapter 30,20240411,1345,0
419,27,1,3,Episode 03: Chapter 31,20240418,1362,0
420,27,1,4,Episode 04: Chapter 1,20240425,1379,0
421,27,1,5,Episode 05: Chapter 2,20240502,1396,0
422,27,1,6,Episode 06: Chapter 3,20240509,1413,0
423,27,1,7,Episode 07: Chapter 4,20240516,1430,1
424,27,1,8,Episode 08: Chapter 5,20240523,1447,0
425,27,1,9,Episode 09: Chapter 6,20240530,1464,0
426,27,1,10,Episode 10: Chapter 7,20240606,1481,0
427,27,1,11,Episode 11: Chapter 8,20240613,1498,0
428,27,1,12,Episode 12: Chapter 9,20240620,1515,0
429,27,2,1,Episode 13: Chapter 10,20240627,1532,0
430,27,2,2,Episode 14: Chapter 11,20240704,1549,0
431,27,2,3,Episode 15: Chapter 12,20240711,1566,0
432,27,2,4,Episode 16: Chapter 13,20240718,1583,0
433,28,1,1,Episode 01: Chapter 30,20240421,1341,0
434,28,1,2,Episode 02: Chapter 31,20240428,1358,0
435,28,1,3,Episode 03: Chapter 1,20240505,1375,0
436,28,1,4,Episode 04: Chapter 2,20240512,1392,0
437,28,1,5,Episode 05: Chapter 3,20240519,1409,0
438,28,1,6,Episode 06: Chapter 4,20240526,1426,1
439,28,1,7,Episode 07: Chapter 5,20240602,1443,0
440,28,1,8,Episode 08: Chapter 6,20240609,1460,0
441,28,1,9,Episode 09: Chapter 7,20240616,1477,0
442,28,1,10,Episode 10: Chapter 8,20240623,1494,0
443,28,1,11,Episode 11: Chapter 9,20240630,1511,0
444,28,1,12,Episode 12: Chapter 10,20240707,1528,0
445,28,2,1,Episode 13: Chapter 11,20240714,1545,0
446,28,2,2,Episode 14: Chapter 12,20240721,1562,0
447,28,2,3,Episode 15: Chapter 13,20240728,1579,0
448,28,2,4,Episode 16: Chapter 14,20240804,1596,0
449,29,1,1,Episode 01: Chapter 31,20240508,1354,0
450,29,1,2,Episode 02: Chapter 1,20240515,1371,0
451,29,1,3,Episode 03: Chapter 2,20240522,1388,0
452,29,1,4,Episode 04: Chapter 3,20240529,1405,0
453,29,1,5,Episode 05: Chapter 4,20240605,1422,1
454,29,1,6,Episode 06: Chapter 5,20240612,1439,0
455,29,1,7,Episode 07: Chapter 6,20240619,1456,0
456,29,1,8,Episode 08: Chapter 7,20240626,1473,0
457,29,1,9,Episode 09: Chapter 8,20240703,1490,0
458,29,1,10,Episode 10: Chapter 9,20240710,1507,0
459,29,1,11,Episode 11: Chapter 10,20240717,1524,0
460,29,1,12,Episode 12: Chapter 11,20240724,1541,0
461,29,2,1,Episode 13: Chapter 12,20240731,1558,0
462,29,2,2,Episode 14: Chapter 13,20240807,1575,0
463,29,2,3,Episode 15: Chapter 14,20240814,1592,0
464,29,2,4,Episode 16: Chapter 15,20240821,1609,0
465,30,1,1,Episode 01: Chapter 1,20240525,1367,0
466,30,1,2,Episode 02: Chapter 2,20240601,1384,0
467,30,1,3,Episode 03: Chapter 3,20240608,1401,0
468,30,1,4,Episode 04: Chapter 4,20240615,1418,1
469,30,1,5,Episode 05: Chapter 5,20240622,1435,0
470,30,1,6,Episode 06: Chapter 6,20240629,1452,0
471,30,1,7,Episode 07: Chapter 7,20240706,1469,0
472,30,1,8,Episode 08: Chapter 8,20240713,1486,0
473,30,1,9,Episode 09: Chapter 9,20240720,1503,0
474,30,1,10,Episode 10: Chapter 10,20240727,1520,0
475,30,1,11,Episode 11: Chapter 11,20240803,1537,0
476,30,1,12,Episode 12: Chapter 12,20240810,1554,0
477,30,2,1,Episode 13: Chapter 13,20240817,1571,0
478,30,2,2,Episode 14: Chapter 14,20240824,1588,0
479,30,2,3,Episode 15: Chapter 15,20240831,1605,0
480,30,2,4,Episode 16: Chapter 16,20240907,1622,0
481,31,1,1,Episode 01: Chapter 2,20240611,1380,0
482,31,1,2,Episode 02: Chapter 3,20240618,1397,0
483,31,1,3,Episode 03: Chapter 4,20240625,1414,1
484,31,1,4,Episode 04: Chapter 5,20240702,1431,0
485,31,1,5,Episode 05: Chapter 6,20240709,1448,0
486,31,1,6,Episode 06: Chapter 7,20240716,1465,0
487,31,1,7,Episode 07: Chapter 8,20240723,1482,0
488,31,1,8,Episode 08: Chapter 9,20240730,1499,0
489,31,1,9,Episode 09: Chapter 10,20240806,1516,0
490,31,1,10,Episode 10: Chapter 11,20240813,1533,0
491,31,1,11,Episode 11: Chapter 12,20240820,1550,0
492,31,1,12,Episode 12: Chapter 13,20240827,1567,0
493,31,2,1,Episode 13: Chapter 14,20240903,1584,0
494,31,2,2,Episode 14: Chapter 15,20240910,1601,0
495,31,2,3,Episode 15: Chapter 16,20240917,1618,0
496,31,2,4,Episode 16: Chapter 17,20240924,1635,0
497,32,1,1,Episode 01: Chapter 3,20240628,1393,0
498,32,1,2,Episode 02: Chapter 4,20240705,1410,1
499,32,1,3,Episode 03: Chapter 5,20240712,1427,0
500,32,1,4,Episode 04: Chapter 6,20240719,1444,0
501,32,1,5,Episode 05: Chapter 7,20240726,1461,0
502,32,1,6,Episode 06: Chapter 8,20240802,1478,0
503,32,1,7,Episode 07: Chapter 9,20240809,1495,0
504,32,1,8,Episode 08: Chapter 10,20240816,1512,0
505,32,1,9,Episode 09: Chapter 11,20240823,1529,0
506,32,1,10,Episode 10: Chapter 12,20240830,1546,0
507,32,1,11,Episode 11: Chapter 13,20240906,1563,0
508,32,1,12,Episode 12: Chapter 14,20240913,1580,0
509,32,2,1,Episode 13: Chapter 15,20240920,1597,0
510,32,2,2,Episode 14: Chapter 16,20240927,1614,0
511,32,2,3,Episode 15: Chapter 17,20241004,1631,0
512,32,2,4,Episode 16: Chapter 18,20241011,1648,0
513,33,1,1,Episode 01: Chapter 4,20240715,1406,1
514,33,1,2,Episode 02: Chapter 5,20240722,1423,0
515,33,1,3,Episode 03: Chapter 6,20240729,1440,0
516,33,1,4,Episode 04: Chapter 7,20240805,1457,0
517,33,1,5,Episode 05: Chapter 8,20240812,1474,0
518,33,1,6,Episode 06: Chapter 9,20240819,1491,0
519,33,1,7,Episode 07: Chapter 10,20240826,1508,0
520,33,1,8,Episode 08: Chapter 11,20240902,1525,0
521,33,1,9,Episode 09: Chapter 12,20240909,1542,0
522,33,1,10,Episode 10: Chapter 13,20240916,1559,0
523,33,1,11,Episode 11: Chapter 14,20240923,1576,0
524,33,1,12,Episode 12: Chapter 15,20240930,1593,0
525,33,2,1,Episode 13: Chapter 16,20241007,1610,0
526,33,2,2,Episode 14: Chapter 17,20241014,1627,0
527,33,2,3,Episode 15: Chapter 18,20241021,1644,0
528,33,2,4,Episode 16: Chapter 19,20241028,1661,0
529,34,1,1,Episode 01: Chapter 5,20240801,1419,0
530,34,1,2,Episode 02: Chapter 6,20240808,1436,0
531,34,1,3,Episode 03: Chapter 7,20240815,1453,0
532,34,1,4,Episode 04: Chapter 8,20240822,1470,0
533,34,1,5,Episode 05: Chapter 9,20240829,1487,0
534,34,1,6,Episode 06: Chapter 10,20240905,1504,0
535,34,1,7,Episode 07: Chapter 11,20240912,1521,0
536,34,1,8,Episode 08: Chapter 12,20240919,1538,0
537,34,1,9,Episode 09: Chapter 13,20240926,1555,0
538,34,1,10,Episode 10: Chapter 14,20241003,1572,0
539,34,1,11,Episode 11: Chapter 15,20241010,1589,0
540,34,1,12,Episode 12: Chapter 16,20241017,1606,0
541,34,2,1,Episode 13: Chapter 17,20241024,1623,0
542,34,2,2,Episode 14: Chapter 18,20241031,1640,0
543,34,2,3,Episode 15: Chapter 19,20241107,1657,0
544,34,2,4,Episode 16: Chapter 20,20241114,1674,0
545,35,1,1,Episode 01: Chapter 6,20240818,1432,0
546,35,1,2,Episode 02: Chapter 7,20240825,1449,0
547,35,1,3,Episode 03: Chapter 8,20240901,1466,0
548,35,1,4,Episode 04: Chapter 9,20240908,1483,0
549,35,1,5,Episode 05: Chapter 10,20240915,1500,0
550,35,1,6,Episode 06: Chapter 11,20240922,1517,0
551,35,1,7,Episode 07: Chapter 12,20240929,1534,0
552,35,1,8,Episode 08: Chapter 13,20241006,1551,0
553,35,1,9,Episode 09: Chapter 14,20241013,1568,0
554,35,1,10,Episode 10: Chapter 15,20241020,1585,0
555,35,1,11,Episode 11: Chapter 16,20241027,1602,0
556,35,1,12,Episode 12: Chapter 17,20241103,1619,0
557,35,2,1,Episode 13: Chapter 18,20241110,1636,0
558,35,2,2,Episode 14: Chapter 19,20241117,1653,0
559,35,2,3,Episode 15: Chapter 20,20241124,1670,0
560,35,2,4,Episode 16: Chapter 21,20241201,1327,1
561,36,1,1,Episode 01: Chapter 7,20240904,1445,0
562,36,1,2,Episode 02: Chapter 8,20240911,1462,0
563,36,1,3,Episode 03: Chapter 9,20240918,1479,0
564,36,1,4,Episode 04: Chapter 10,20240925,1496,0
565,36,1,5,Episode 05: Chapter 11,20241002,1513,0
566,36,1,6,Episode 06: Chapter 12,20241009,1530,0
567,36,1,7,Episode 07: Chapter 13,20241016,1547,0
568,36,1,8,Episode 08: Chapter 14,20241023,1564,0
569,36,1,9,Episode 09: Chapter 15,20241030,1581,0
570,36,1,10,Episode 10: Chapter 16,20241106,1598,0
571,36,1,11,Episode 11: Chapter 17,20241113,1615,0
572,36,1,12,Episode 12: Chapter 18,20241120,1632,0
573,36,2,1,Episode 13: Chapter 19,20241127,1649,0
574,36,2,2,Episode 14: Chapter 20,20241204,1666,0
575,36,2,3,Episode 15: Chapter 21,20241211,1323,1
576,36,2,4,Episode 16: Chapter 22,20241218,1340,0
577,37,1,1,Episode 01: Chapter 8,20240921,1458,0
578,37,1,2,Episode 02: Chapter 9,20240928,1475,0
579,37,1,3,Episode 03: Chapter 10,20241005,1492,0
580,37,1,4,Episode 04: Chapter 11,20241012,1509,0
581,37,1,5,Episode 05: Chapter 12,20241019,1526,0
582,37,1,6,Episode 06: Chapter 13,20241026,1543,0
583,37,1,7,Episode 07: Chapter 14,20241102,1560,0
584,37,1,8,Episode 08: Chapter 15,20241109,1577,0
585,37,1,9,Episode 09: Chapter 16,20241116,1594,0
586,37,1,10,Episode 10: Chapter 17,20241123,1611,0
587,37,1,11,Episode 11: Chapter 18,20241130,1628,0
588,37,1,12,Episode 12: Chapter 19,20241207,1645,0
589,37,2,1,Episode 13: Chapter 20,20241214,1662,0
590,37,2,2,Episode 14: Chapter 21,20241221,1679,1
591,37,2,3,Episode 15: Chapter 22,20241228,1336,0
592,37,2,4,Episode 16: Chapter 23,20250104,1353,0
593,38,1,1,Episode 01: Chapter 9,20241008,1471,0
594,38,1,2,Episode 02: Chapter 10,20241015,1488,0
595,38,1,3,Episode 03: Chapter 11,20241022,1505,0
596,38,1,4,Episode 04: Chapter 12,20241029,1522,0
597,38,1,5,Episode 05: Chapter 13,20241105,1539,0
598,38,1,6,Episode 06: Chapter 14,20241112,1556,0
599,38,1,7,Episode 07: Chapter 15,20241119,1573,0
600,38,1,8,Episode 08: Chapter 16,20241126,1590,0
601,38,1,9,Episode 09: Chapter 17,20241203,1607,0
602,38,1,10,Episode 10: Chapter 18,20241210,1624,0
603,38,1,11,Episode 11: Chapter 19,20241217,1641,0
604,38,1,12,Episode 12: Chapter 20,20241224,1658,0
605,38,2,1,Episode 13: Chapter 21,20241231,1675,1
606,38,2,2,Episode 14: Chapter 22,20250107,1332,0
607,38,2,3,Episode 15: Chapter 23,20250114,1349,0
608,38,2,4,Episode 16: Chapter 24,20250121,1366,0
609,39,1,1,Episode 01: Chapter 10,20241025,1484,0
610,39,1,2,Episode 02: Chapter 11,20241101,1501,0
611,39,1,3,Episode 03: Chapter 12,20241108,1518,0
612,39,1,4,Episode 04: Chapter 13,20241115,1535,0
613,39,1,5,Episode 05: Chapter 14,20241122,1552,0
614,39,1,6,Episode 06: Chapter 15,20241129,1569,0
615,39,1,7,Episode 07: Chapter 16,20241206,1586,0
616,39,1,8,Episode 08: Chapter 17,20241213,1603,0
617,39,1,9,Episode 09: Chapter 18,20241220,1620,0
618,39,1,10,Episode 10: Chapter 19,20241227,1637,0
619,39,1,11,Episode 11: Chapter 20,20250103,1654,0
620,39,1,12,Episode 12: Chapter 21,20250110,1671,1
621,39,2,1,Episode 13: Chapter 22,20250117,1328,0
622,39,2,2,Episode 14: Chapter 23,20250124,1345,0
623,39,2,3,Episode 15: Chapter 24,20250131,1362,0
624,39,2,4,Episode 16: Chapter 25,20250207,1379,0
625,40,1,1,Episode 01: Chapter 11,20241111,1497,0
626,40,1,2,Episode 02: Chapter 12,20241118,1514,0
627,40,1,3,Episode 03: Chapter 13,20241125,1531,0
628,40,1,4,Episode 04: Chapter 14,20241202,1548,0
629,40,1,5,Episode 05: Chapter 15,20241209,1565,0
630,40,1,6,Episode 06: Chapter 16,20241216,1582,0
631,40,1,7,Episode 07: Chapter 17,20241223,1599,0
632,40,1,8,Episode 08: Chapter 18,20241230,1616,0
633,40,1,9,Episode 09: Chapter 19,20250106,1633,0
634,40,1,10,Episode 10: Chapter 20,20250113,1650,0
635,40,1,11,Episode 11: Chapter 21,20250120,1667,1
636,40,1,12,Episode 12: Chapter 22,20250127,1324,0
637,40,2,1,Episode 13: Chapter 23,20250203,1341,0
638,40,2,2,Episode 14: Chapter 24,20250210,1358,0
639,40,2,3,Episode 15: Chapter 25,20250217,1375,0
640,40,2,4,Episode 16: Chapter 26,20250224,1392,0
641,41,1,1,Episode 01: Chapter 12,20241128,1510,0
642,41,1,2,Episode 02: Chapter 13,20241205,1527,0
643,41,1,3,Episode 03: Chapter 14,20241212,1544,0
644,41,1,4,Episode 04: Chapter 15,20241219,1561,0
645,41,1,5,Episode 05: Chapter 16,20241226,1578,0
646,41,1,6,Episode 06: Chapter 17,20250102,1595,0
647,41,1,7,Episode 07: Chapter 18,20250109,1612,0
648,41,1,8,Episode 08: Chapter 19,20250116,1629,0
649,41,1,9,Episode 09: Chapter 20,20250123,1646,0
650,41,1,10,Episode 10: Chapter 21,20250130,1663,1
651,41,1,11,Episode 11: Chapter 22,20250206,1320,0
652,41,1,12,Episode 12: Chapter 23,20250213,1337,0
653,41,2,1,Episode 13: Chapter 24,20250220,1354,0
654,41,2,2,Episode 14: Chapter 25,20250227,1371,0
655,41,2,3,Episode 15: Chapter 26,20250306,1388,0
656,41,2,4,Episode 16: Chapter 27,20250313,1405,0
657,42,1,1,Episode 01: Chapter 13,20241215,1523,0
658,42,1,2,Episode 02: Chapter 14,20241222,1540,0
659,42,1,3,Episode 03: Chapter 15,20241229,1557,0
660,42,1,4,Episode 04: Chapter 16,20250105,1574,0
661,42,1,5,Episode 05: Chapter 17,20250112,1591,0
662,42,1,6,Episode 06: Chapter 18,20250119,1608,0
663,42,1,7,Episode 07: Chapter 19,20250126,1625,0
664,42,1,8,Episode 08: Chapter 20,20250202,1642,0
665,42,1,9,Episode 09: Chapter 21,20250209,1659,1
666,42,1,10,Episode 10: Chapter 22,20250216,1676,0
667,42,1,11,Episode 11: Chapter 23,20250223,1333,0
668,42,1,12,Episode 12: Chapter 24,20250302,1350,0
669,42,2,1,Episode 13: Chapter 25,20250309,1367,0
670,42,2,2,Episode 14: Chapter 26,20250316,1384,0
671,42,2,3,Episode 15: Chapter 27,20250323,1401,0
672,42,2,4,Episode 16: Chapter 28,20250330,1418,0
673,43,1,1,Episode 01: Chapter 14,20250101,1536,0
674,43,1,2,Episode 02: Chapter 15,20250108,1553,0
675,43,1,3,Episode 03: Chapter 16,20250115,1570,0
676,43,1,4,Episode 04: Chapter 17,20250122,1587,0
677,43,1,5,Episode 05: Chapter 18,20250129,1604,0
678,43,1,6,Episode 06: Chapter 19,20250205,1621,0
679,43,1,7,Episode 07: Chapter 20,20250212,1638,0
680,43,1,8,Episode 08: Chapter 21,20250219,1655,1
681,43,1,9,Episode 09: Chapter 22,20250226,1672,0
682,43,1,10,Episode 10: Chapter 23,20250305,1329,0
683,43,1,11,Episode 11: Chapter 24,20250312,1346,0
684,43,1,12,Episode 12: Chapter 25,20250319,1363,0
685,43,2,1,Episode 13: Chapter 26,20250326,1380,0
686,43,2,2,Episode 14: Chapter 27,20250402,1397,0
687,43,2,3,Episode 15: Chapter 28,20250409,1414,0
688,43,2,4,Episode 16: Chapter 29,20250416,1431,0
689,44,1,1,Episode 01: Chapter 15,20250118,1549,0
690,44,1,2,Episode 02: Chapter 16,20250125,1566,0
691,44,1,3,Episode 03: Chapter 17,20250201,1583,0
692,44,1,4,Episode 04: Chapter 18,20250208,1600,0
693,44,1,5,Episode 05: Chapter 19,20250215,1617,0
694,44,1,6,Episode 06: Chapter 20,20250222,1634,0
695,44,1,7,Episode 07: Chapter 21,20250301,1651,1
696,44,1,8,Episode 08: Chapter 22,20250308,1668,0
697,44,1,9,Episode 09: Chapter 23,20250315,1325,0
698,44,1,10,Episode 10: Chapter 24,20250322,1342,0
699,44,1,11,Episode 11: Chapter 25,20250329,1359,0
700,44,1,12,Episode 12: Chapter 26,20250405,1376,0
701,44,2,1,Episode 13: Chapter 27,20250412,1393,0
702,44,2,2,Episode 14: Chapter 28,20250419,1410,0
703,44,2,3,Episode 15: Chapter 29,20250426,1427,0
704,44,2,4,Episode 16: Chapter 30,20250503,1444,0
705,45,1,1,Episode 01: Chapter 16,20250204,1562,0
706,45,1,2,Episode 02: Chapter 17,20250211,1579,0
707,45,1,3,Episode 03: Chapter 18,20250218,1596,0
708,45,1,4,Episode 04: Chapter 19,20250225,1613,0
709,45,1,5,Episode 05: Chapter 20,20250304,1630,0
710,45,1,6,Episode 06: Chapter 21,20250311,1647,1
711,45,1,7,Episode 07: Chapter 22,20250318,1664,0
712,45,1,8,Episode 08: Chapter 23,20250325,1321,0
713,45,1,9,Episode 09: Chapter 24,20250401,1338,0
714,45,1,10,Episode 10: Chapter 25,20250408,1355,0
715,45,1,11,Episode 11: Chapter 26,20250415,1372,0
716,45,1,12,Episode 12: Chapter 27,20250422,1389,0
717,45,2,1,Episode 13: Chapter 28,20250429,1406,0
718,45,2,2,Episode 14: Chapter 29,20250506,1423,0
719,45,2,3,Episode 15: Chapter 30,20250513,1440,0
720,45,2,4,Episode 16: Chapter 31,20250520,1457,0
721,46,1,1,Episode 01: Chapter 17,20250221,1575,0
722,46,1,2,Episode 02: Chapter 18,20250228,1592,0
723,46,1,3,Episode 03: Chapter 19,20250307,1609,0
724,46,1,4,Episode 04: Chapter 20,20250314,1626,0
725,46,1,5,Episode 05: Chapter 21,20250321,1643,1
726,46,1,6,Episode 06: Chapter 22,20250328,1660,0
727,46,1,7,Episode 07: Chapter 23,20250404,1677,0
728,46,1,8,Episode 08: Chapter 24,20250411,1334,0
729,46,1,9,Episode 09: Chapter 25,20250418,1351,0
730,46,1,10,Episode 10: Chapter 26,20250425,1368,0
731,46,1,11,Episode 11: Chapter 27,20250502,1385,0
732,46,1,12,Episode 12: Chapter 28,20250509,1402,0
733,46,2,1,Episode 13: Chapter 29,20250516,1419,0
734,46,2,2,Episode 14: Chapter 30,20250523,1436,0
735,46,2,3,Episode 15: Chapter 31,20250530,1453,0
736,46,2,4,Episode 16: Chapter 1,20250606,1470,0
737,47,1,1,Episode 01: Chapter 18,20250310,1588,0
738,47,1,2,Episode 02: Chapter 19,20250317,1605,0
739,47,1,3,Episode 03: Chapter 20,20250324,1622,0
740,47,1,4,Episode 04: Chapter 21,20250331,1639,1
741,47,1,5,Episode 05: Chapter 22,20250407,1656,0
742,47,1,6,Episode 06: Chapter 23,20250414,1673,0
743,47,1,7,Episode 07: Chapter 24,20250421,1330,0
744,47,1,8,Episode 08: Chapter 25,20250428,1347,0
745,47,1,9,Episode 09: Chapter 26,20250505,1364,0
746,47,1,10,Episode 10: Chapter 27,20250512,1381,0
747,47,1,11,Episode 11: Chapter 28,20250519,1398,0
748,47,1,12,Episode 12: Chapter 29,20250526,1415,0
749,47,2,1,Episode 13: Chapter 30,20250602,1432,0
750,47,2,2,Episode 14: Chapter 31,20250609,1449,0
751,47,2,3,Episode 15: Chapter 1,20250616,1466,0
752,47,2,4,Episode 16: Chapter 2,20250623,1483,0
753,48,1,1,Episode 01: Chapter 19,20250327,1601,0
754,48,1,2,Episode 02: Chapter 20,20250403,1618,0
755,48,1,3,Episode 03: Chapter 21,20250410,1635,1
756,48,1,4,Episode 04: Chapter 22,20250417,1652,0
757,48,1,5,Episode 05: Chapter 23,20250424,1669,0
758,48,1,6,Episode 06: Chapter 24,20250501,1326,0
759,48,1,7,Episode 07: Chapter 25,20250508,1343,0
760,48,1,8,Episode 08: Chapter 26,20250515,1360,0
761,48,1,9,Episode 09: Chapter 27,20250522,1377,0
762,48,1,10,Episode 10: Chapter 28,20250529,1394,0
763,48,1,11,Episode 11: Chapter 29,20250605,1411,0
764,48,1,12,Episode 12: Chapter 30,20250612,1428,0
765,48,2,1,Episode 13: Chapter 31,20250619,1445,0
766,48,2,2,Episode 14: Chapter 1,20250626,1462,0
767,48,2,3,Episode 15: Chapter 2,20250703,1479,0
768,48,2,4,Episode 16: Chapter 3,20250710,1496,0
769,49,1,1,Episode 01: Chapter 20,20250413,1614,0
770,49,1,2,Episode 02: Chapter 21,20250420,1631,1
771,49,1,3,Episode 03: Chapter 22,20250427,1648,0
772,49,1,4,Episode 04: Chapter 23,20250504,1665,0
773,49,1,5,Episode 05: Chapter 24,20250511,1322,0
774,49,1,6,Episode 06: Chapter 25,20250518,1339,0
775,49,1,7,Episode 07: Chapter 26,20250525,1356,0
776,49,1,8,Episode 08: Chapter 27,20250601,1373,0
777,49,1,9,Episode 09: Chapter 28,20250608,1390,0
778,49,1,10,Episode 10: Chapter 29,20250615,1407,0
779,49,1,11,Episode 11: Chapter 30,20250622,1424,0
780,49,1,12,Episode 12: Chapter 31,20250629,1441,0
781,49,2,1,Episode 13: Chapter 1,20250706,1458,0
782,49,2,2,Episode 14: Chapter 2,20250713,1475,0
783,49,2,3,Episode 15: Chapter 3,20250720,1492,0
784,49,2,4,Episode 16: Chapter 4,20250727,1509,0
785,50,1,1,Episode 01: Chapter 21,20250430,1627,1
786,50,1,2,Episode 02: Chapter 22,20250507,1644,0
787,50,1,3,Episode 03: Chapter 23,20250514,1661,0
788,50,1,4,Episode 04: Chapter 24,20250521,1678,0
789,50,1,5,Episode 05: Chapter 25,20250528,1335,0
790,50,1,6,Episode 06: Chapter 26,20250604,1352,0
791,50,1,7,Episode 07: Chapter 27,20250611,1369,0
792,50,1,8,Episode 08: Chapter 28,20250618,1386,0
793,50,1,9,Episode 09: Chapter 29,20250625,1403,0
794,50,1,10,Episode 10: Chapter 30,20250702,1420,0
795,50,1,11,Episode 11: Chapter 31,20250709,1437,0
796,50,1,12,Episode 12: Chapter 1,20250716,1454,0
797,50,2,1,Episode 13: Chapter 2,20250723,1471,0
798,50,2,2,Episode 14: Chapter 3,20250730,1488,0
799,50,2,3,Episode 15: Chapter 4,20250806,1505,0
800,50,2,4,Episode 16: Chapter 5,20250813,1522,0
801,51,1,1,Episode 01: Chapter 22,20250517,1640,0
802,51,1,2,Episode 02: Chapter 23,20250524,1657,0
803,51,1,3,Episode 03: Chapter 24,20250531,1674,0
804,51,1,4,Episode 04: Chapter 25,20250607,1331,0
805,51,1,5,Episode 05: Chapter 26,20250614,1348,0
806,51,1,6,Episode 06: Chapter 27,20250621,1365,0
807,51,1,7,Episode 07: Chapter 28,20250628,1382,0
808,51,1,8,Episode 08: Chapter 29,20250705,1399,0
809,51,1,9,Episode 09: Chapter 30,20250712,1416,0
810,51,1,10,Episode 10: Chapter 31,20250719,1433,0
811,51,1,11,Episode 11: Chapter 1,20250726,1450,0
812,51,1,12,Episode 12: Chapter 2,20250802,1467,0
813,51,2,1,Episode 13: Chapter 3,20250809,1484,0
814,51,2,2,Episode 14: Chapter 4,20250816,1501,0
815,51,2,3,Episode 15: Chapter 5,20250823,1518,0
816,51,2,4,Episode 16: Chapter 6,20250830,1535,0
817,52,1,1,Episode 01: Chapter 23,20250603,1653,0
818,52,1,2,Episode 02: Chapter 24,20250610,1670,0
819,52,1,3,Episode 03: Chapter 25,20250617,1327,0
820,52,1,4,Episode 04: Chapter 26,20250624,1344,0
821,52,1,5,Episode 05: Chapter 27,20250701,1361,0
822,52,1,6,Episode 06: Chapter 28,20250708,1378,0
823,52,1,7,Episode 07: Chapter 29,20250715,1395,0
824,52,1,8,Episode 08: Chapter 30,20250722,1412,0
825,52,1,9,Episode 09: Chapter 31,20250729,1429,0
826,52,1,10,Episode 10: Chapter 1,20250805,1446,0
827,52,1,11,Episode 11: Chapter 2,20250812,1463,0
828,52,1,12,Episode 12: Chapter 3,20250819,1480,0
829,52,2,1,Episode 13: Chapter 4,20250826,1497,0
830,52,2,2,Episode 14: Chapter 5,20250902,1514,0
831,52,2,3,Episode 15: Chapter 6,20250909,1531,0
832,52,2,4,Episode 16: Chapter 7,20250916,1548,1
833,53,1,1,Episode 01: Chapter 24,20230102,1666,0
834,53,1,2,Episode 02: Chapter 25,20230109,1323,0
835,53,1,3,Episode 03: Chapter 26,20230116,1340,0
836,53,1,4,Episode 04: Chapter 27,20230123,1357,0
837,53,1,5,Episode 05: Chapter 28,20230130,1374,0
838,53,1,6,Episode 06: Chapter 29,20230206,1391,0
839,53,1,7,Episode 07: Chapter 30,20230213,1408,0
840,53,1,8,Episode 08: Chapter 31,20230220,1425,0
841,53,1,9,Episode 09: Chapter 1,20230227,1442,0
842,53,1,10,Episode 10: Chapter 2,20230306,1459,0
843,53,1,11,Episode 11: Chapter 3,20230313,1476,0
844,53,1,12,Episode 12: Chapter 4,20230320,1493,0
845,53,2,1,Episode 13: Chapter 5,20230327,1510,0
846,53,2,2,Episode 14: Chapter 6,20230403,1527,0
847,53,2,3,Episode 15: Chapter 7,20230410,1544,1
848,53,2,4,Episode 16: Chapter 8,20230417,1561,0
849,54,1,1,Episode 01: Chapter 25,20230119,1679,0
850,54,1,2,Episode 02: Chapter 26,20230126,1336,0
851,54,1,3,Episode 03: Chapter 27,20230202,1353,0
852,54,1,4,Episode 04: Chapter 28,20230209,1370,0
853,54,1,5,Episode 05: Chapter 29,20230216,1387,0
854,54,1,6,Episode 06: Chapter 30,20230223,1404,0
855,54,1,7,Episode 07: Chapter 31,20230302,1421,0
856,54,1,8,Episode 08: Chapter 1,20230309,1438,0
857,54,1,9,Episode 09: Chapter 2,20230316,1455,0
858,54,1,10,Episode 10: Chapter 3,20230323,1472,0
859,54,1,11,Episode 11: Chapter 4,20230330,1489,0
860,54,1,12,Episode 12: Chapter 5,20230406,1506,0
861,54,2,1,Episode 13: Chapter 6,20230413,1523,0
862,54,2,2,Episode 14: Chapter 7,20230420,1540,1
863,54,2,3,Episode 15: Chapter 8,20230427,1557,0
864,54,2,4,Episode 16: Chapter 9,20230504,1574,0
865,55,1,1,Episode 01: Chapter 26,20230205,1332,0
866,55,1,2,Episode 02: Chapter 27,20230212,1349,0
867,55,1,3,Episode 03: Chapter 28,20230219,1366,0
868,55,1,4,Episode 04: Chapter 29,20230226,1383,0
869,55,1,5,Episode 05: Chapter 30,20230305,1400,0
870,55,1,6,Episode 06: Chapter 31,20230312,1417,0
871,55,1,7,Episode 07: Chapter 1,20230319,1434,0
872,55,1,8,Episode 08: Chapter 2,20230326,1451,0
873,55,1,9,Episode 09: Chapter 3,20230402,1468,0
874,55,1,10,Episode 10: Chapter 4,20230409,1485,0
875,55,1,11,Episode 11: Chapter 5,20230416,1502,0
876,55,1,12,Episode 12: Chapter 6,20230423,1519,0
877,55,2,1,Episode 13: Chapter 7,20230430,1536,1
878,55,2,2,Episode 14: Chapter 8,20230507,1553,0
879,55,2,3,Episode 15: Chapter 9,20230514,1570,0
880,55,2,4,Episode 16: Chapter 10,20230521,1587,0
881,56,1,1,Episode 01: Chapter 27,20230222,1345,0
882,56,1,2,Episode 02: Chapter 28,20230301,1362,0
883,56,1,3,Episode 03: Chapter 29,20230308,1379,0
884,56,1,4,Episode 04: Chapter 30,20230315,1396,0
885,56,1,5,Episode 05: Chapter 31,20230322,1413,0
886,56,1,6,Episode 06: Chapter 1,20230329,1430,0
887,56,1,7,Episode 07: Chapter 2,20230405,1447,0
888,56,1,8,Episode 08: Chapter 3,20230412,1464,0
889,56,1,9,Episode 09: Chapter 4,20230419,1481,0
890,56,1,10,Episode 10: Chapter 5,20230426,1498,0
891,56,1,11,Episode 11: Chapter 6,20230503,1515,0
892,56,1,12,Episode 12: Chapter 7,20230510,1532,1
893,56,2,1,Episode 13: Chapter 8,20230517,1549,0
894,56,2,2,Episode 14: Chapter 9,20230524,1566,0
895,56,2,3,Episode 15: Chapter 10,20230531,1583,0
896,56,2,4,Episode 16: Chapter 11,20230607,1600,0
897,57,1,1,Episode 01: Chapter 28,20230311,1358,0
898,57,1,2,Episode 02: Chapter 29,20230318,1375,0
899,57,1,3,Episode 03: Chapter 30,20230325,1392,0
900,57,1,4,Episode 04: Chapter 31,20230401,1409,0
901,57,1,5,Episode 05: Chapter 1,20230408,1426,0
902,57,1,6,Episode 06: Chapter 2,20230415,1443,0
903,57,1,7,Episode 07: Chapter 3,20230422,1460,0
904,57,1,8,Episode 08: Chapter 4,20230429,1477,0
905,57,1,9,Episode 09: Chapter 5,20230506,1494,0
906,57,1,10,Episode 10: Chapter 6,20230513,1511,0
907,57,1,11,Episode 11: Chapter 7,20230520,1528,1
908,57,1,12,Episode 12: Chapter 8,20230527,1545,0
909,57,2,1,Episode 13: Chapter 9,20230603,1562,0
910,57,2,2,Episode 14: Chapter 10,20230610,1579,0
911,57,2,3,Episode 15: Chapter 11,20230617,1596,0
912,57,2,4,Episode 16: Chapter 12,20230624,1613,0
913,58,1,1,Episode 01: Chapter 29,20230328,1371,0
914,58,1,2,Episode 02: Chapter 30,20230404,1388,0
915,58,1,3,Episode 03: Chapter 31,20230411,1405,0
916,58,1,4,Episode 04: Chapter 1,20230418,1422,0
917,58,1,5,Episode 05: Chapter 2,20230425,1439,0
918,58,1,6,Episode 06: Chapter 3,20230502,1456,0
919,58,1,7,Episode 07: Chapter 4,20230509,1473,0
920,58,1,8,Episode 08: Chapter 5,20230516,1490,0
921,58,1,9,Episode 09: Chapter 6,20230523,1507,0
922,58,1,10,Episode 10: Chapter 7,20230530,1524,1
923,58,1,11,Episode 11: Chapter 8,20230606,1541,0
924,58,1,12,Episode 12: Chapter 9,20230613,1558,0
925,58,2,1,Episode 13: Chapter 10,20230620,1575,0
926,58,2,2,Episode 14: Chapter 11,20230627,1592,0
927,58,2,3,Episode 15: Chapter 12,20230704,1609,0
928,58,2,4,Episode 16: Chapter 13,20230711,1626,0
929,59,1,1,Episode 01: Chapter 30,20230414,1384,0
930,59,1,2,Episode 02: Chapter 31,20230421,1401,0
931,59,1,3,Episode 03: Chapter 1,20230428,1418,0
932,59,1,4,Episode 04: Chapter 2,20230505,1435,0
933,59,1,5,Episode 05: Chapter 3,20230512,1452,0
934,59,1,6,Episode 06: Chapter 4,20230519,1469,0
935,59,1,7,Episode 07: Chapter 5,20230526,1486,0
936,59,1,8,Episode 08: Chapter 6,20230602,1503,0
937,59,1,9,Episode 09: Chapter 7,20230609,1520,1
938,59,1,10,Episode 10: Chapter 8,20230616,1537,0
939,59,1,11,Episode 11: Chapter 9,20230623,1554,0
940,59,1,12,Episode 12: Chapter 10,20230630,1571,0
941,59,2,1,Episode 13: Chapter 11,20230707,1588,0
942,59,2,2,Episode 14: Chapter 12,20230714,1605,0
943,59,2,3,Episode 15: Chapter 13,20230721,1622,0
944,59,2,4,Episode 16: Chapter 14,20230728,1639,0
945,60,1,1,Episode 01: Chapter 31,20230501,1397,0
946,60,1,2,Episode 02: Chapter 1,20230508,1414,0
947,60,1,3,Episode 03: Chapter 2,20230515,1431,0
948,60,1,4,Episode 04: Chapter 3,20230522,1448,0
949,60,1,5,Episode 05: Chapter 4,20230529,1465,0
950,60,1,6,Episode 06: Chapter 5,20230605,1482,0
951,60,1,7,Episode 07: Chapter 6,20230612,1499,0
952,60,1,8,Episode 08: Chapter 7,20230619,1516,1
953,60,1,9,Episode 09: Chapter 8,20230626,1533,0
954,60,1,10,Episode 10: Chapter 9,20230703,1550,0
955,60,1,11,Episode 11: Chapter 10,20230710,1567,0
956,60,1,12,Episode 12: Chapter 11,20230717,1584,0
957,60,2,1,Episode 13: Chapter 12,20230724,1601,0
958,60,2,2,Episode 14: Chapter 13,20230731,1618,0
959,60,2,3,Episode 15: Chapter 14,20230807,1635,0
960,60,2,4,Episode 16: Chapter 15,20230814,1652,0
961,61,1,1,Episode 01: Chapter 1,20230518,1410,0
962,61,1,2,Episode 02: Chapter 2,20230525,1427,0
963,61,1,3,Episode 03: Chapter 3,20230601,1444,0
964,61,1,4,Episode 04: Chapter 4,20230608,1461,0
965,61,1,5,Episode 05: Chapter 5,20230615,1478,0
966,61,1,6,Episode 06: Chapter 6,20230622,1495,0
967,61,1,7,Episode 07: Chapter 7,20230629,1512,1
968,61,1,8,Episode 08: Chapter 8,20230706,1529,0
969,61,1,9,Episode 09: Chapter 9,20230713,1546,0
970,61,1,10,Episode 10: Chapter 10,20230720,1563,0
971,61,1,11,Episode 11: Chapter 11,20230727,1580,0
972,61,1,12,Episode 12: Chapter 12,20230803,1597,0
973,61,2,1,Episode 13: Chapter 13,20230810,1614,0
974,61,2,2,Episode 14: Chapter 14,20230817,1631,0
975,61,2,3,Episode 15: Chapter 15,20230824,1648,0
976,61,2,4,Episode 16: Chapter 16,20230831,1665,0
977,62,1,1,Episode 01: Chapter 2,20230604,1423,0
978,62,1,2,Episode 02: Chapter 3,20230611,1440,0
979,62,1,3,Episode 03: Chapter 4,20230618,1457,0
980,62,1,4,Episode 04: Chapter 5,20230625,1474,0
981,62,1,5,Episode 05: Chapter 6,20230702,1491,0
982,62,1,6,Episode 06: Chapter 7,20230709,1508,1
983,62,1,7,Episode 07: Chapter 8,20230716,1525,0
984,62,1,8,Episode 08: Chapter 9,20230723,1542,0
985,62,1,9,Episode 09: Chapter 10,20230730,1559,0
986,62,1,10,Episode 10: Chapter 11,20230806,1576,0
987,62,1,11,Episode 11: Chapter 12,20230813,1593,0
988,62,1,12,Episode 12: Chapter 13,20230820,1610,0
989,62,2,1,Episode 13: Chapter 14,20230827,1627,0
990,62,2,2,Episode 14: Chapter 15,20230903,1644,0
991,62,2,3,Episode 15: Chapter 16,20230910,1661,0
992,62,2,4,Episode 16: Chapter 17,20230917,1678,0
993,63,1,1,Episode 01: Chapter 3,20230621,1436,0
994,63,1,2,Episode 02: Chapter 4,20230628,1453,0
995,63,1,3,Episode 03: Chapter 5,20230705,1470,0
996,63,1,4,Episode 04: Chapter 6,20230712,1487,0
997,63,1,5,Episode 05: Chapter 7,20230719,1504,1
998,63,1,6,Episode 06: Chapter 8,20230726,1521,0
999,63,1,7,Episode 07: Chapter 9,20230802,1538,0
1000,63,1,8,Episode 08: Chapter 10,20230809,1555,0
1001,63,1,9,Episode 09: Chapter 11,20230816,1572,0
1002,63,1,10,Episode 10: Chapter 12,20230823,1589,0
1003,63,1,11,Episode 11: Chapter 13,20230830,1606,0
1004,63,1,12,Episode 12: Chapter 14,20230906,1623,0
1005,63,2,1,Episode 13: Chapter 15,20230913,1640,0
1006,63,2,2,Episode 14: Chapter 16,20230920,1657,0
1007,63,2,3,Episode 15: Chapter 17,20230927,1674,0
1008,63,2,4,Episode 16: Chapter 18,20231004,1331,0
1009,64,1,1,Episode 01: Chapter 4,20230708,1449,0
1010,64,1,2,Episode 02: Chapter 5,20230715,1466,0
1011,64,1,3,Episode 03: Chapter 6,20230722,1483,0
1012,64,1,4,Episode 04: Chapter 7,20230729,1500,1
1013,64,1,5,Episode 05: Chapter 8,20230805,1517,0
1014,64,1,6,Episode 06: Chapter 9,20230812,1534,0
1015,64,1,7,Episode 07: Chapter 10,20230819,1551,0
1016,64,1,8,Episode 08: Chapter 11,20230826,1568,0
1017,64,1,9,Episode 09: Chapter 12,20230902,1585,0
1018,64,1,10,Episode 10: Chapter 13,20230909,1602,0
1019,64,1,11,Episode 11: Chapter 14,20230916,1619,0
1020,64,1,12,Episode 12: Chapter 15,20230923,1636,0
1021,64,2,1,Episode 13: Chapter 16,20230930,1653,0
1022,64,2,2,Episode 14: Chapter 17,20231007,1670,0
1023,64,2,3,Episode 15: Chapter 18,20231014,1327,0
1024,64,2,4,Episode 16: Chapter 19,20231021,1344,0
1025,65,1,1,Episode 01: Chapter 5,20230725,1462,0
1026,65,1,2,Episode 02: Chapter 6,20230801,1479,0
1027,65,1,3,Episode 03: Chapter 7,20230808,1496,1
1028,65,1,4,Episode 04: Chapter 8,20230815,1513,0
1029,65,1,5,Episode 05: Chapter 9,20230822,1530,0
1030,65,1,6,Episode 06: Chapter 10,20230829,1547,0
1031,65,1,7,Episode 07: Chapter 11,20230905,1564,0
1032,65,1,8,Episode 08: Chapter 12,20230912,1581,0
1033,65,1,9,Episode 09: Chapter 13,20230919,1598,0
1034,65,1,10,Episode 10: Chapter 14,20230926,1615,0
1035,65,1,11,Episode 11: Chapter 15,20231003,1632,0
1036,65,1,12,Episode 12: Chapter 16,20231010,1649,0
1037,65,2,1,Episode 13: Chapter 17,20231017,1666,0
1038,65,2,2,Episode 14: Chapter 18,20231024,1323,0
1039,65,2,3,Episode 15: Chapter 19,20231031,1340,0
1040,65,2,4,Episode 16: Chapter 20,20231107,1357,0
1041,66,1,1,Episode 01: Chapter 6,20230811,1475,0
1042,66,1,2,Episode 02: Chapter 7,20230818,1492,1
1043,66,1,3,Episode 03: Chapter 8,20230825,1509,0
1044,66,1,4,Episode 04: Chapter 9,20230901,1526,0
1045,66,1,5,Episode 05: Chapter 10,20230908,1543,0
1046,66,1,6,Episode 06: Chapter 11,20230915,1560,0
1047,66,1,7,Episode 07: Chapter 12,20230922,1577,0
1048,66,1,8,Episode 08: Chapter 13,20230929,1594,0
1049,66,1,9,Episode 09: Chapter 14,20231006,1611,0
1050,66,1,10,Episode 10: Chapter 15,20231013,1628,0
1051,66,1,11,Episode 11: Chapter 16,20231020,1645,0
1052,66,1,12,Episode 12: Chapter 17,20231027,1662,0
1053,66,2,1,Episode 13: Chapter 18,20231103,1679,0
1054,66,2,2,Episode 14: Chapter 19,20231110,1336,0
1055,66,2,3,Episode 15: Chapter 20,20231117,1353,0
1056,66,2,4,Episode 16: Chapter 21,20231124,1370,0
1057,67,1,1,Episode 01: Chapter 7,20230828,1488,1
1058,67,1,2,Episode 02: Chapter 8,20230904,1505,0
1059,67,1,3,Episode 03: Chapter 9,20230911,1522,0
1060,67,1,4,Episode 04: Chapter 10,20230918,1539,0
1061,67,1,5,Episode 05: Chapter 11,20230925,1556,0
1062,67,1,6,Episode 06: Chapter 12,20231002,1573,0
1063,67,1,7,Episode 07: Chapter 13,20231009,1590,0
1064,67,1,8,Episode 08: Chapter 14,20231016,1607,0
1065,67,1,9,Episode 09: Chapter 15,20231023,1624,0
1066,67,1,10,Episode 10: Chapter 16,20231030,1641,0
1067,67,1,11,Episode 11: Chapter 17,20231106,1658,0
1068,67,1,12,Episode 12: Chapter 18,20231113,1675,0
1069,67,2,1,Episode 13: Chapter 19,20231120,1332,0
1070,67,2,2,Episode 14: Chapter 20,20231127,1349,0
1071,67,2,3,Episode 15: Chapter 21,20231204,1366,0
1072,67,2,4,Episode 16: Chapter 22,20231211,1383,0
1073,68,1,1,Episode 01: Chapter 8,20230914,1501,0
1074,68,1,2,Episode 02: Chapter 9,20230921,1518,0
1075,68,1,3,Episode 03: Chapter 10,20230928,1535,0
1076,68,1,4,Episode 04: Chapter 11,20231005,1552,0
1077,68,1,5,Episode 05: Chapter 12,20231012,1569,0
1078,68,1,6,Episode 06: Chapter 13,20231019,1586,0
1079,68,1,7,Episode 07: Chapter 14,20231026,1603,0
1080,68,1,8,Episode 08: Chapter 15,20231102,1620,0
1081,68,1,9,Episode 09: Chapter 16,20231109,1637,0
1082,68,1,10,Episode 10: Chapter 17,20231116,1654,0
1083,68,1,11,Episode 11: Chapter 18,20231123,1671,0
1084,68,1,12,Episode 12: Chapter 19,20231130,1328,0
1085,68,2,1,Episode 13: Chapter 20,20231207,1345,0
1086,68,2,2,Episode 14: Chapter 21,20231214,1362,0
1087,68,2,3,Episode 15: Chapter 22,20231221,1379,0
1088,68,2,4,Episode 16: Chapter 23,20231228,1396,0
1089,69,1,1,Episode 01: Chapter 9,20231001,1514,0
1090,69,1,2,Episode 02: Chapter 10,20231008,1531,0
1091,69,1,3,Episode 03: Chapter 11,20231015,1548,0
1092,69,1,4,Episode 04: Chapter 12,20231022,1565,0
1093,69,1,5,Episode 05: Chapter 13,20231029,1582,0
1094,69,1,6,Episode 06: Chapter 14,20231105,1599,0
1095,69,1,7,Episode 07: Chapter 15,20231112,1616,0
1096,69,1,8,Episode 08: Chapter 16,20231119,1633,0
1097,69,1,9,Episode 09: Chapter 17,20231126,1650,0
1098,69,1,10,Episode 10: Chapter 18,20231203,1667,0
1099,69,1,11,Episode 11: Chapter 19,20231210,1324,0
1100,69,1,12,Episode 12: Chapter 20,20231217,1341,0
1101,69,2,1,Episode 13: Chapter 21,20231224,1358,0
1102,69,2,2,Episode 14: Chapter 22,20231231,1375,0
1103,69,2,3,Episode 15: Chapter 23,20240107,1392,0
1104,69,2,4,Episode 16: Chapter 24,20240114,1409,1
1105,70,1,1,Episode 01: Chapter 10,20231018,1527,0
1106,70,1,2,Episode 02: Chapter 11,20231025,1544,0
1107,70,1,3,Episode 03: Chapter 12,20231101,1561,0
1108,70,1,4,Episode 04: Chapter 13,20231108,1578,0
1109,70,1,5,Episode 05: Chapter 14,20231115,1595,0
1110,70,1,6,Episode 06: Chapter 15,20231122,1612,0
1111,70,1,7,Episode 07: Chapter 16,20231129,1629,0
1112,70,1,8,Episode 08: Chapter 17,20231206,1646,0
1113,70,1,9,Episode 09: Chapter 18,20231213,1663,0
1114,70,1,10,Episode 10: Chapter 19,20231220,1320,0
1115,70,1,11,Episode 11: Chapter 20,20231227,1337,0
1116,70,1,12,Episode 12: Chapter 21,20240103,1354,0
1117,70,2,1,Episode 13: Chapter 22,20240110,1371,0
1118,70,2,2,Episode 14: Chapter 23,20240117,1388,0
1119,70,2,3,Episode 15: Chapter 24,20240124,1405,1
1120,70,2,4,Episode 16: Chapter 25,20240131,1422,0
1121,71,1,1,Episode 01: Chapter 11,20231104,1540,0
1122,71,1,2,Episode 02: Chapter 12,20231111,1557,0
1123,71,1,3,Episode 03: Chapter 13,20231118,1574,0
1124,71,1,4,Episode 04: Chapter 14,20231125,1591,0
1125,71,1,5,Episode 05: Chapter 15,20231202,1608,0
1126,71,1,6,Episode 06: Chapter 16,20231209,1625,0
1127,71,1,7,Episode 07: Chapter 17,20231216,1642,0
1128,71,1,8,Episode 08: Chapter 18,20231223,1659,0
1129,71,1,9,Episode 09: Chapter 19,20231230,1676,0
1130,71,1,10,Episode 10: Chapter 20,20240106,1333,0
1131,71,1,11,Episode 11: Chapter 21,20240113,1350,0
1132,71,1,12,Episode 12: Chapter 22,20240120,1367,0
1133,71,2,1,Episode 13: Chapter 23,20240127,1384,0
1134,71,2,2,Episode 14: Chapter 24,20240203,1401,1
1135,71,2,3,Episode 15: Chapter 25,20240210,1418,0
1136,71,2,4,Episode 16: Chapter 26,20240217,1435,0
1137,72,1,1,Episode 01: Chapter 12,20231121,1553,0
1138,72,1,2,Episode 02: Chapter 13,20231128,1570,0
1139,72,1,3,Episode 03: Chapter 14,20231205,1587,0
1140,72,1,4,Episode 04: Chapter 15,20231212,1604,0
1141,72,1,5,Episode 05: Chapter 16,20231219,1621,0
1142,72,1,6,Episode 06: Chapter 17,20231226,1638,0
1143,72,1,7,Episode 07: Chapter 18,20240102,1655,0
1144,72,1,8,Episode 08: Chapter 19,20240109,1672,0
1145,72,1,9,Episode 09: Chapter 20,20240116,1329,0
1146,72,1,10,Episode 10: Chapter 21,20240123,1346,0
1147,72,1,11,Episode 11: Chapter 22,20240130,1363,0
1148,72,1,12,Episode 12: Chapter 23,20240206,1380,0
1149,72,2,1,Episode 13: Chapter 24,20240213,1397,1
1150,72,2,2,Episode 14: Chapter 25,20240220,1414,0
1151,72,2,3,Episode 15: Chapter 26,20240227,1431,0
1152,72,2,4,Episode 16: Chapter 27,20240305,1448,0
1153,73,1,1,Episode 01: Chapter 13,20231208,1566,0
1154,73,1,2,Episode 02: Chapter 14,20231215,1583,0
1155,73,1,3,Episode 03: Chapter 15,20231222,1600,0
1156,73,1,4,Episode 04: Chapter 16,20231229,1617,0
1157,73,1,5,Episode 05: Chapter 17,20240105,1634,0
1158,73,1,6,Episode 06: Chapter 18,20240112,1651,0
1159,73,1,7,Episode 07: Chapter 19,20240119,1668,0
1160,73,1,8,Episode 08: Chapter 20,20240126,1325,0
1161,73,1,9,Episode 09: Chapter 21,20240202,1342,0
1162,73,1,10,Episode 10: Chapter 22,20240209,1359,0
1163,73,1,11,Episode 11: Chapter 23,20240216,1376,0
1164,73,1,12,Episode 12: Chapter 24,20240223,1393,1
1165,73,2,1,Episode 13: Chapter 25,20240301,1410,0
1166,73,2,2,Episode 14: Chapter 26,20240308,1427,0
1167,73,2,3,Episode 15: Chapter 27,20240315,1444,0
1168,73,2,4,Episode 16: Chapter 28,20240322,1461,0
1169,74,1,1,Episode 01: Chapter 14,20231225,1579,0
1170,74,1,2,Episode 02: Chapter 15,20240101,1596,0
1171,74,1,3,Episode 03: Chapter 16,20240108,1613,0
1172,74,1,4,Episode 04: Chapter 17,20240115,1630,0
1173,74,1,5,Episode 05: Chapter 18,20240122,1647,0
1174,74,1,6,Episode 06: Chapter 19,20240129,1664,0
1175,74,1,7,Episode 07: Chapter 20,20240205,1321,0
1176,74,1,8,Episode 08: Chapter 21,20240212,1338,0
1177,74,1,9,Episode 09: Chapter 22,20240219,1355,0
1178,74,1,10,Episode 10: Chapter 23,20240226,1372,0
1179,74,1,11,Episode 11: Chapter 24,20240304,1389,1
1180,74,1,12,Episode 12: Chapter 25,20240311,1406,0
1181,74,2,1,Episode 13: Chapter 26,20240318,1423,0
1182,74,2,2,Episode 14: Chapter 27,20240325,1440,0
1183,74,2,3,Episode 15: Chapter 28,20240401,1457,0
1184,74,2,4,Episode 16: Chapter 29,20240408,1474,0
1185,75,1,1,Episode 01: Chapter 15,20240111,1592,0
1186,75,1,2,Episode 02: Chapter 16,20240118,1609,0
1187,75,1,3,Episode 03: Chapter 17,20240125,1626,0
1188,75,1,4,Episode 04: Chapter 18,20240201,1643,0
1189,75,1,5,Episode 05: Chapter 19,20240208,1660,0
1190,75,1,6,Episode 06: Chapter 20,20240215,1677,0
1191,75,1,7,Episode 07: Chapter 21,20240222,1334,0
1192,75,1,8,Episode 08: Chapter 22,20240229,1351,0
1193,75,1,9,Episode 09: Chapter 23,20240307,1368,0
1194,75,1,10,Episode 10: Chapter 24,20240314,1385,1
1195,75,1,11,Episode 11: Chapter 25,20240321,1402,0
1196,75,1,12,Episode 12: Chapter 26,20240328,1419,0
1197,75,2,1,Episode 13: Chapter 27,20240404,1436,0
1198,75,2,2,Episode 14: Chapter 28,20240411,1453,0
1199,75,2,3,Episode 15: Chapter 29,20240418,1470,0
1200,75,2,4,Episode 16: Chapter 30,20240425,1487,0
1201,76,1,1,Episode 01: Chapter 16,20240128,1605,0
1202,76,1,2,Episode 02: Chapter 17,20240204,1622,0
1203,76,1,3,Episode 03: Chapter 18,20240211,1639,0
1204,76,1,4,Episode 04: Chapter 19,20240218,1656,0
1205,76,1,5,Episode 05: Chapter 20,20240225,1673,0
1206,76,1,6,Episode 06: Chapter 21,20240303,1330,0
1207,76,1,7,Episode 07: Chapter 22,20240310,1347,0
1208,76,1,8,Episode 08: Chapter 23,20240317,1364,0
1209,76,1,9,Episode 09: Chapter 24,20240324,1381,1
1210,76,1,10,Episode 10: Chapter 25,20240331,1398,0
1211,76,1,11,Episode 11: Chapter 26,20240407,1415,0
1212,76,1,12,Episode 12: Chapter 27,20240414,1432,0
1213,76,2,1,Episode 13: Chapter 28,20240421,1449,0
1214,76,2,2,Episode 14: Chapter 29,20240428,1466,0
1215,76,2,3,Episode 15: Chapter 30,20240505,1483,0
1216,76,2,4,Episode 16: Chapter 31,20240512,1500,0
1217,77,1,1,Episode 01: Chapter 17,20240214,1618,0
1218,77,1,2,Episode 02: Chapter 18,20240221,1635,0
1219,77,1,3,Episode 03: Chapter 19,20240228,1652,0
1220,77,1,4,Episode 04: Chapter 20,20240306,1669,0
1221,77,1,5,Episode 05: Chapter 21,20240313,1326,0
1222,77,1,6,Episode 06: Chapter 22,20240320,1343,0
1223,77,1,7,Episode 07: Chapter 23,20240327,1360,0
1224,77,1,8,Episode 08: Chapter 24,20240403,1377,1
1225,77,1,9,Episode 09: Chapter 25,20240410,1394,0
1226,77,1,10,Episode 10: Chapter 26,20240417,1411,0
1227,77,1,11,Episode 11: Chapter 27,20240424,1428,0
1228,77,1,12,Episode 12: Chapter 28,20240501,1445,0
1229,77,2,1,Episode 13: Chapter 29,20240508,1462,0
1230,77,2,2,Episode 14: Chapter 30,20240515,1479,0
1231,77,2,3,Episode 15: Chapter 31,20240522,1496,0
1232,77,2,4,Episode 16: Chapter 1,20240529,1513,0
1233,78,1,1,Episode 01: Chapter 18,20240302,1631,0
1234,78,1,2,Episode 02: Chapter 19,20240309,1648,0
1235,78,1,3,Episode 03: Chapter 20,20240316,1665,0
1236,78,1,4,Episode 04: Chapter 21,20240323,1322,0
1237,78,1,5,Episode 05: Chapter 22,20240330,1339,0
1238,78,1,6,Episode 06: Chapter 23,20240406,1356,0
1239,78,1,7,Episode 07: Chapter 24,20240413,1373,1
1240,78,1,8,Episode 08: Chapter 25,20240420,1390,0
1241,78,1,9,Episode 09: Chapter 26,20240427,1407,0
1242,78,1,10,Episode 10: Chapter 27,20240504,1424,0
1243,78,1,11,Episode 11: Chapter 28,20240511,1441,0
1244,78,1,12,Episode 12: Chapter 29,20240518,1458,0
1245,78,2,1,Episode 13: Chapter 30,20240525,1475,0
1246,78,2,2,Episode 14: Chapter 31,20240601,1492,0
1247,78,2,3,Episode 15: Chapter 1,20240608,1509,0
1248,78,2,4,Episode 16: Chapter 2,20240615,1526,0
1249,79,1,1,Episode 01: Chapter 19,20240319,1644,0
1250,79,1,2,Episode 02: Chapter 20,20240326,1661,0
1251,79,1,3,Episode 03: Chapter 21,20240402,1678,0
1252,79,1,4,Episode 04: Chapter 22,20240409,1335,0
1253,79,1,5,Episode 05: Chapter 23,20240416,1352,0
1254,79,1,6,Episode 06: Chapter 24,20240423,1369,1
1255,79,1,7,Episode 07: Chapter 25,20240430,1386,0
1256,79,1,8,Episode 08: Chapter 26,20240507,1403,0
1257,79,1,9,Episode 09: Chapter 27,20240514,1420,0
1258,79,1,10,Episode 10: Chapter 28,20240521,1437,0
1259,79,1,11,Episode 11: Chapter 29,20240528,1454,0
1260,79,1,12,Episode 12: Chapter 30,20240604,1471,0
1261,79,2,1,Episode 13: Chapter 31,20240611,1488,0
1262,79,2,2,Episode 14: Chapter 1,20240618,1505,0
1263,79,2,3,Episode 15: Chapter 2,20240625,1522,0
1264,79,2,4,Episode 16: Chapter 3,20240702,1539,0
1265,80,1,1,Episode 01: Chapter 20,20240405,1657,0
1266,80,1,2,Episode 02: Chapter 21,20240412,1674,0
1267,80,1,3,Episode 03: Chapter 22,20240419,1331,0
1268,80,1,4,Episode 04: Chapter 23,20240426,1348,0
1269,80,1,5,Episode 05: Chapter 24,20240503,1365,1
1270,80,1,6,Episode 06: Chapter 25,20240510,1382,0
1271,80,1,7,Episode 07: Chapter 26,20240517,1399,0
1272,80,1,8,Episode 08: Chapter 27,20240524,1416,0
1273,80,1,9,Episode 09: Chapter 28,20240531,1433,0
1274,80,1,10,Episode 10: Chapter 29,20240607,1450,0
1275,80,1,11,Episode 11: Chapter 30,20240614,1467,0
1276,80,1,12,Episode 12: Chapter 31,20240621,1484,0
1277,80,2,1,Episode 13: Chapter 1,20240628,1501,0
1278,80,2,2,Episode 14: Chapter 2,20240705,1518,0
1279,80,2,3,Episode 15: Chapter 3,20240712,1535,0
1280,80,2,4,Episode 16: Chapter 4,20240719,1552,0
1281,81,1,1,Episode 01: Chapter 21,20240422,1670,0
1282,81,1,2,Episode 02: Chapter 22,20240429,1327,0
1283,81,1,3,Episode 03: Chapter 23,20240506,1344,0
1284,81,1,4,Episode 04: Chapter 24,20240513,1361,1
1285,81,1,5,Episode 05: Chapter 25,20240520,1378,0
1286,81,1,6,Episode 06: Chapter 26,20240527,1395,0
1287,81,1,7,Episode 07: Chapter 27,20240603,1412,0
1288,81,1,8,Episode 08: Chapter 28,20240610,1429,0
1289,81,1,9,Episode 09: Chapter 29,20240617,1446,0
1290,81,1,10,Episode 10: Chapter 30,20240624,1463,0
1291,81,1,11,Episode 11: Chapter 31,20240701,1480,0
1292,81,1,12,Episode 12: Chapter 1,20240708,1497,0
1293,81,2,1,Episode 13: Chapter 2,20240715,1514,0
1294,81,2,2,Episode 14: Chapter 3,20240722,1531,0
1295,81,2,3,Episode 15: Chapter 4,20240729,1548,0
1296,81,2,4,Episode 16: Chapter 5,20240805,1565,0
1297,82,1,1,Episode 01: Chapter 22,20240509,1323,0
1298,82,1,2,Episode 02: Chapter 23,20240516,1340,0
1299,82,1,3,Episode 03: Chapter 24,20240523,1357,1
1300,82,1,4,Episode 04: Chapter 25,20240530,1374,0
1301,82,1,5,Episode 05: Chapter 26,20240606,1391,0
1302,82,1,6,Episode 06: Chapter 27,20240613,1408,0
1303,82,1,7,Episode 07: Chapter 28,20240620,1425,0
1304,82,1,8,Episode 08: Chapter 29,20240627,1442,0
1305,82,1,9,Episode 09: Chapter 30,20240704,1459,0
1306,82,1,10,Episode 10: Chapter 31,20240711,1476,0
1307,82,1,11,Episode 11: Chapter 1,20240718,1493,0
1308,82,1,12,Episode 12: Chapter 2,20240725,1510,0
1309,82,2,1,Episode 13: Chapter 3,20240801,1527,0
1310,82,2,2,Episode 14: Chapter 4,20240808,1544,0
1311,82,2,3,Episode 15: Chapter 5,20240815,1561,0
1312,82,2,4,Episode 16: Chapter 6,20240822,1578,0
1313,83,1,1,Episode 01: Chapter 23,20240526,1336,0
1314,83,1,2,Episode 02: Chapter 24,20240602,1353,1
1315,83,1,3,Episode 03: Chapter 25,20240609,1370,0
1316,83,1,4,Episode 04: Chapter 26,20240616,1387,0
1317,83,1,5,Episode 05: Chapter 27,20240623,1404,0
1318,83,1,6,Episode 06: Chapter 28,20240630,1421,0
1319,83,1,7,Episode 07: Chapter 29,20240707,1438,0
1320,83,1,8,Episode 08: Chapter 30,20240714,1455,0
1321,83,1,9,Episode 09: Chapter 31,20240721,1472,0
1322,83,1,10,Episode 10: Chapter 1,20240728,1489,0
1323,83,1,11,Episode 11: Chapter 2,20240804,1506,0
1324,83,1,12,Episode 12: Chapter 3,20240811,1523,0
1325,83,2,1,Episode 13: Chapter 4,20240818,1540,0
1326,83,2,2,Episode 14: Chapter 5,20240825,1557,0
1327,83,2,3,Episode 15: Chapter 6,20240901,1574,0
1328,83,2,4,Episode 16: Chapter 7,20240908,1591,0
1329,84,1,1,Episode 01: Chapter 24,20240612,1349,1
1330,84,1,2,Episode 02: Chapter 25,20240619,1366,0
1331,84,1,3,Episode 03: Chapter 26,20240626,1383,0
1332,84,1,4,Episode 04: Chapter 27,20240703,1400,0
1333,84,1,5,Episode 05: Chapter 28,20240710,1417,0
1334,84,1,6,Episode 06: Chapter 29,20240717,1434,0
1335,84,1,7,Episode 07: Chapter 30,20240724,1451,0
1336,84,1,8,Episode 08: Chapter 31,20240731,1468,0
1337,84,1,9,Episode 09: Chapter 1,20240807,1485,0
1338,84,1,10,Episode 10: Chapter 2,20240814,1502,0
1339,84,1,11,Episode 11: Chapter 3,20240821,1519,0
1340,84,1,12,Episode 12: Chapter 4,20240828,1536,0
1341,84,2,1,Episode 13: Chapter 5,20240904,1553,0
1342,84,2,2,Episode 14: Chapter 6,20240911,1570,0
1343,84,2,3,Episode 15: Chapter 7,20240918,1587,0
1344,84,2,4,Episode 16: Chapter 8,20240925,1604,0
1345,85,1,1,Episode 01: Chapter 25,20240629,1362,0
1346,85,1,2,Episode 02: Chapter 26,20240706,1379,0
1347,85,1,3,Episode 03: Chapter 27,20240713,1396,0
1348,85,1,4,Episode 04: Chapter 28,20240720,1413,0
1349,85,1,5,Episode 05: Chapter 29,20240727,1430,0
1350,85,1,6,Episode 06: Chapter 30,20240803,1447,0
1351,85,1,7,Episode 07: Chapter 31,20240810,1464,0
1352,85,1,8,Episode 08: Chapter 1,20240817,1481,0
1353,85,1,9,Episode 09: Chapter 2,20240824,1498,0
1354,85,1,10,Episode 10: Chapter 3,20240831,1515,0
1355,85,1,11,Episode 11: Chapter 4,20240907,1532,0
1356,85,1,12,Episode 12: Chapter 5,20240914,1549,0
1357,85,2,1,Episode 13: Chapter 6,20240921,1566,0
1358,85,2,2,Episode 14: Chapter 7,20240928,1583,0
1359,85,2,3,Episode 15: Chapter 8,20241005,1600,0
1360,85,2,4,Episode 16: Chapter 9,20241012,1617,0
1361,86,1,1,Episode 01: Chapter 26,20240716,1375,0
1362,86,1,2,Episode 02: Chapter 27,20240723,1392,0
1363,86,1,3,Episode 03: Chapter 28,20240730,1409,0
1364,86,1,4,Episode 04: Chapter 29,20240806,1426,0
1365,86,1,5,Episode 05: Chapter 30,20240813,1443,0
1366,86,1,6,Episode 06: Chapter 31,20240820,1460,0
1367,86,1,7,Episode 07: Chapter 1,20240827,1477,0
1368,86,1,8,Episode 08: Chapter 2,20240903,1494,0
1369,86,1,9,Episode 09: Chapter 3,20240910,1511,0
1370,86,1,10,Episode 10: Chapter 4,20240917,1528,0
1371,86,1,11,Episode 11: Chapter 5,20240924,1545,0
1372,86,1,12,Episode 12: Chapter 6,20241001,1562,0
1373,86,2,1,Episode 13: Chapter 7,20241008,1579,0
1374,86,2,2,Episode 14: Chapter 8,20241015,1596,0
1375,86,2,3,Episode 15: Chapter 9,20241022,1613,0
1376,86,2,4,Episode 16: Chapter 10,20241029,1630,1
1377,87,1,1,Episode 01: Chapter 27,20240802,1388,0
1378,87,1,2,Episode 02: Chapter 28,20240809,1405,0
1379,87,1,3,Episode 03: Chapter 29,20240816,1422,0
1380,87,1,4,Episode 04: Chapter 30,20240823,1439,0
1381,87,1,5,Episode 05: Chapter 31,20240830,1456,0
1382,87,1,6,Episode 06: Chapter 1,20240906,1473,0
1383,87,1,7,Episode 07: Chapter 2,20240913,1490,0
1384,87,1,8,Episode 08: Chapter 3,20240920,1507,0
1385,87,1,9,Episode 09: Chapter 4,20240927,1524,0
1386,87,1,10,Episode 10: Chapter 5,20241004,1541,0
1387,87,1,11,Episode 11: Chapter 6,20241011,1558,0
1388,87,1,12,Episode 12: Chapter 7,20241018,1575,0
1389,87,2,1,Episode 13: Chapter 8,20241025,1592,0
1390,87,2,2,Episode 14: Chapter 9,20241101,1609,0
1391,87,2,3,Episode 15: Chapter 10,20241108,1626,1
1392,87,2,4,Episode 16: Chapter 11,20241115,1643,0
1393,88,1,1,Episode 01: Chapter 28,20240819,1401,0
1394,88,1,2,Episode 02: Chapter 29,20240826,1418,0
1395,88,1,3,Episode 03: Chapter 30,20240902,1435,0
1396,88,1,4,Episode 04: Chapter 31,20240909,1452,0
1397,88,1,5,Episode 05: Chapter 1,20240916,1469,0
1398,88,1,6,Episode 06: Chapter 2,20240923,1486,0
1399,88,1,7,Episode 07: Chapter 3,20240930,1503,0
1400,88,1,8,Episode 08: Chapter 4,20241007,1520,0
1401,88,1,9,Episode 09: Chapter 5,20241014,1537,0
1402,88,1,10,Episode 10: Chapter 6,20241021,1554,0
1403,88,1,11,Episode 11: Chapter 7,20241028,1571,0
1404,88,1,12,Episode 12: Chapter 8,20241104,1588,0
1405,88,2,1,Episode 13: Chapter 9,20241111,1605,0
1406,88,2,2,Episode 14: Chapter 10,20241118,1622,1
1407,88,2,3,Episode 15: Chapter 11,20241125,1639,0
1408,88,2,4,Episode 16: Chapter 12,20241202,1656,0
1409,89,1,1,Episode 01: Chapter 29,20240905,1414,0
1410,89,1,2,Episode 02: Chapter 30,20240912,1431,0
1411,89,1,3,Episode 03: Chapter 31,20240919,1448,0
1412,89,1,4,Episode 04: Chapter 1,20240926,1465,0
1413,89,1,5,Episode 05: Chapter 2,20241003,1482,0
1414,89,1,6,Episode 06: Chapter 3,20241010,1499,0
1415,89,1,7,Episode 07: Chapter 4,20241017,1516,0
1416,89,1,8,Episode 08: Chapter 5,20241024,1533,0
1417,89,1,9,Episode 09: Chapter 6,20241031,1550,0
1418,89,1,10,Episode 10: Chapter 7,20241107,1567,0
1419,89,1,11,Episode 11: Chapter 8,20241114,1584,0
1420,89,1,12,Episode 12: Chapter 9,20241121,1601,0
1421,89,2,1,Episode 13: Chapter 10,20241128,1618,1
1422,89,2,2,Episode 14: Chapter 11,20241205,1635,0
1423,89,2,3,Episode 15: Chapter 12,20241212,1652,0
1424,89,2,4,Episode 16: Chapter 13,20241219,1669,0
1425,90,1,1,Episode 01: Chapter 30,20240922,1427,0
1426,90,1,2,Episode 02: Chapter 31,20240929,1444,0
1427,90,1,3,Episode 03: Chapter 1,20241006,1461,0
1428,90,1,4,Episode 04: Chapter 2,20241013,1478,0
1429,90,1,5,Episode 05: Chapter 3,20241020,1495,0
1430,90,1,6,Episode 06: Chapter 4,20241027,1512,0
1431,90,1,7,Episode 07: Chapter 5,20241103,1529,0
1432,90,1,8,Episode 08: Chapter 6,20241110,1546,0
1433,90,1,9,Episode 09: Chapter 7,20241117,1563,0
1434,90,1,10,Episode 10: Chapter 8,20241124,1580,0
1435,90,1,11,Episode 11: Chapter 9,20241201,1597,0
1436,90,1,12,Episode 12: Chapter 10,20241208,1614,1
1437,90,2,1,Episode 13: Chapter 11,20241215,1631,0
1438,90,2,2,Episode 14: Chapter 12,20241222,1648,0
1439,90,2,3,Episode 15: Chapter 13,20241229,1665,0
1440,90,2,4,Episode 16: Chapter 14,20250105,1322,0
1441,91,1,1,Episode 01: Chapter 31,20241009,1440,0
1442,91,1,2,Episode 02: Chapter 1,20241016,1457,0
1443,91,1,3,Episode 03: Chapter 2,20241023,1474,0
1444,91,1,4,Episode 04: Chapter 3,20241030,1491,0
1445,91,1,5,Episode 05: Chapter 4,20241106,1508,0
1446,91,1,6,Episode 06: Chapter 5,20241113,1525,0
1447,91,1,7,Episode 07: Chapter 6,20241120,1542,0
1448,91,1,8,Episode 08: Chapter 7,20241127,1559,0
1449,91,1,9,Episode 09: Chapter 8,20241204,1576,0
1450,91,1,10,Episode 10: Chapter 9,20241211,1593,0
1451,91,1,11,Episode 11: Chapter 10,20241218,1610,1
1452,91,1,12,Episode 12: Chapter 11,20241225,1627,0
1453,91,2,1,Episode 13: Chapter 12,20250101,1644,0
1454,91,2,2,Episode 14: Chapter 13,20250108,1661,0
1455,91,2,3,Episode 15: Chapter 14,20250115,1678,0
1456,91,2,4,Episode 16: Chapter 15,20250122,1335,0
1457,92,1,1,Episode 01: Chapter 1,20241026,1453,0
1458,92,1,2,Episode 02: Chapter 2,20241102,1470,0
1459,92,1,3,Episode 03: Chapter 3,20241109,1487,0
1460,92,1,4,Episode 04: Chapter 4,20241116,1504,0
1461,92,1,5,Episode 05: Chapter 5,20241123,1521,0
1462,92,1,6,Episode 06: Chapter 6,20241130,1538,0
1463,92,1,7,Episode 07: Chapter 7,20241207,1555,0
1464,92,1,8,Episode 08: Chapter 8,20241214,1572,0
1465,92,1,9,Episode 09: Chapter 9,20241221,1589,0
1466,92,1,10,Episode 10: Chapter 10,20241228,1606,1
1467,92,1,11,Episode 11: Chapter 11,20250104,1623,0
1468,92,1,12,Episode 12: Chapter 12,20250111,1640,0
1469,92,2,1,Episode 13: Chapter 13,20250118,1657,0
1470,92,2,2,Episode 14: Chapter 14,20250125,1674,0
1471,92,2,3,Episode 15: Chapter 15,20250201,1331,0
1472,92,2,4,Episode 16: Chapter 16,20250208,1348,0
1473,93,1,1,Episode 01: Chapter 2,20241112,1466,0
1474,93,1,2,Episode 02: Chapter 3,20241119,1483,0
1475,93,1,3,Episode 03: Chapter 4,20241126,1500,0
1476,93,1,4,Episode 04: Chapter 5,20241203,1517,0
1477,93,1,5,Episode 05: Chapter 6,20241210,1534,0
1478,93,1,6,Episode 06: Chapter 7,20241217,1551,0
1479,93,1,7,Episode 07: Chapter 8,20241224,1568,0
1480,93,1,8,Episode 08: Chapter 9,20241231,1585,0
1481,93,1,9,Episode 09: Chapter 10,20250107,1602,1
1482,93,1,10,Episode 10: Chapter 11,20250114,1619,0
1483,93,1,11,Episode 11: Chapter 12,20250121,1636,0
1484,93,1,12,Episode 12: Chapter 13,20250128,1653,0
1485,93,2,1,Episode 13: Chapter 14,20250204,1670,0
1486,93,2,2,Episode 14: Chapter 15,20250211,1327,0
1487,93,2,3,Episode 15: Chapter 16,20250218,1344,0
1488,93,2,4,Episode 16: Chapter 17,20250225,1361,0
1489,94,1,1,Episode 01: Chapter 3,20241129,1479,0
1490,94,1,2,Episode 02: Chapter 4,20241206,1496,0
1491,94,1,3,Episode 03: Chapter 5,20241213,1513,0
1492,94,1,4,Episode 04: Chapter 6,20241220,1530,0
1493,94,1,5,Episode 05: Chapter 7,20241227,1547,0
1494,94,1,6,Episode 06: Chapter 8,20250103,1564,0
1495,94,1,7,Episode 07: Chapter 9,20250110,1581,0
1496,94,1,8,Episode 08: Chapter 10,20250117,1598,1
1497,94,1,9,Episode 09: Chapter 11,20250124,1615,0
1498,94,1,10,Episode 10: Chapter 12,20250131,1632,0
1499,94,1,11,Episode 11: Chapter 13,20250207,1649,0
1500,94,1,12,Episode 12: Chapter 14,20250214,1666,0
1501,94,2,1,Episode 13: Chapter 15,20250221,1323,0
1502,94,2,2,Episode 14: Chapter 16,20250228,1340,0
1503,94,2,3,Episode 15: Chapter 17,20250307,1357,0
1504,94,2,4,Episode 16: Chapter 18,20250314,1374,0
1505,95,1,1,Episode 01: Chapter 4,20241216,1492,0
1506,95,1,2,Episode 02: Chapter 5,20241223,1509,0
1507,95,1,3,Episode 03: Chapter 6,20241230,1526,0
1508,95,1,4,Episode 04: Chapter 7,20250106,1543,0
1509,95,1,5,Episode 05: Chapter 8,20250113,1560,0
1510,95,1,6,Episode 06: Chapter 9,20250120,1577,0
1511,95,1,7,Episode 07: Chapter 10,20250127,1594,1
1512,95,1,8,Episode 08: Chapter 11,20250203,1611,0
1513,95,1,9,Episode 09: Chapter 12,20250210,1628,0
1514,95,1,10,Episode 10: Chapter 13,20250217,1645,0
1515,95,1,11,Episode 11: Chapter 14,20250224,1662,0
1516,95,1,12,Episode 12: Chapter 15,20250303,1679,0
1517,95,2,1,Episode 13: Chapter 16,20250310,1336,0
1518,95,2,2,Episode 14: Chapter 17,20250317,1353,0
1519,95,2,3,Episode 15: Chapter 18,20250324,1370,0
1520,95,2,4,Episode 16: Chapter 19,20250331,1387,0
1521,96,1,1,Episode 01: Chapter 5,20250102,1505,0
1522,96,1,2,Episode 02: Chapter 6,20250109,1522,0
1523,96,1,3,Episode 03: Chapter 7,20250116,1539,0
1524,96,1,4,Episode 04: Chapter 8,20250123,1556,0
1525,96,1,5,Episode 05: Chapter 9,20250130,1573,0
1526,96,1,6,Episode 06: Chapter 10,20250206,1590,1
1527,96,1,7,Episode 07: Chapter 11,20250213,1607,0
1528,96,1,8,Episode 08: Chapter 12,20250220,1624,0
1529,96,1,9,Episode 09: Chapter 13,20250227,1641,0
1530,96,1,10,Episode 10: Chapter 14,20250306,1658,0
1531,96,1,11,Episode 11: Chapter 15,20250313,1675,0
1532,96,1,12,Episode 12: Chapter 16,20250320,1332,0
1533,96,2,1,Episode 13: Chapter 17,20250327,1349,0
1534,96,2,2,Episode 14: Chapter 18,20250403,1366,0
1535,96,2,3,Episode 15: Chapter 19,20250410,1383,0
1536,96,2,4,Episode 16: Chapter 20,20250417,1400,0
1537,97,1,1,Episode 01: Chapter 6,20250119,1518,0
1538,97,1,2,Episode 02: Chapter 7,20250126,1535,0
1539,97,1,3,Episode 03: Chapter 8,20250202,1552,0
1540,97,1,4,Episode 04: Chapter 9,20250209,1569,0
1541,97,1,5,Episode 05: Chapter 10,20250216,1586,1
1542,97,1,6,Episode 06: Chapter 11,20250223,1603,0
1543,97,1,7,Episode 07: Chapter 12,20250302,1620,0
1544,97,1,8,Episode 08: Chapter 13,20250309,1637,0
1545,97,1,9,Episode 09: Chapter 14,20250316,1654,0
1546,97,1,10,Episode 10: Chapter 15,20250323,1671,0
1547,97,1,11,Episode 11: Chapter 16,20250330,1328,0
1548,97,1,12,Episode 12: Chapter 17,20250406,1345,0
1549,97,2,1,Episode 13: Chapter 18,20250413,1362,0
1550,97,2,2,Episode 14: Chapter 19,20250420,1379,0
1551,97,2,3,Episode 15: Chapter 20,20250427,1396,0
1552,97,2,4,Episode 16: Chapter 21,20250504,1413,0
1553,98,1,1,Episode 01: Chapter 7,20250205,1531,0
1554,98,1,2,Episode 02: Chapter 8,20250212,1548,0
1555,98,1,3,Episode 03: Chapter 9,20250219,1565,0
1556,98,1,4,Episode 04: Chapter 10,20250226,1582,1
1557,98,1,5,Episode 05: Chapter 11,20250305,1599,0
1558,98,1,6,Episode 06: Chapter 12,20250312,1616,0
1559,98,1,7,Episode 07: Chapter 13,20250319,1633,0
1560,98,1,8,Episode 08: Chapter 14,20250326,1650,0
1561,98,1,9,Episode 09: Chapter 15,20250402,1667,0
1562,98,1,10,Episode 10: Chapter 16,20250409,1324,0
1563,98,1,11,Episode 11: Chapter 17,20250416,1341,0
1564,98,1,12,Episode 12: Chapter 18,20250423,1358,0
1565,98,2,1,Episode 13: Chapter 19,20250430,1375,0
1566,98,2,2,Episode 14: Chapter 20,20250507,1392,0
1567,98,2,3,Episode 15: Chapter 21,20250514,1409,0
1568,98,2,4,Episode 16: Chapter 22,20250521,1426,0
1569,99,1,1,Episode 01: Chapter 8,20250222,1544,0
1570,99,1,2,Episode 02: Chapter 9,20250301,1561,0
1571,99,1,3,Episode 03: Chapter 10,20250308,1578,1
1572,99,1,4,Episode 04: Chapter 11,20250315,1595,0
1573,99,1,5,Episode 05: Chapter 12,20250322,1612,0
1574,99,1,6,Episode 06: Chapter 13,20250329,1629,0
1575,99,1,7,Episode 07: Chapter 14,20250405,1646,0
1576,99,1,8,Episode 08: Chapter 15,20250412,1663,0
1577,99,1,9,Episode 09: Chapter 16,20250419,1320,0
1578,99,1,10,Episode 10: Chapter 17,20250426,1337,0
1579,99,1,11,Episode 11: Chapter 18,20250503,1354,0
1580,99,1,12,Episode 12: Chapter 19,20250510,1371,0
1581,99,2,1,Episode 13: Chapter 20,20250517,1388,0
1582,99,2,2,Episode 14: Chapter 21,20250524,1405,0
1583,99,2,3,Episode 15: Chapter 22,20250531,1422,0
1584,99,2,4,Episode 16: Chapter 23,20250607,1439,0
1585,100,1,1,Episode 01: Chapter 9,20250311,1557,0
1586,100,1,2,Episode 02: Chapter 10,20250318,1574,1
1587,100,1,3,Episode 03: Chapter 11,20250325,1591,0
1588,100,1,4,Episode 04: Chapter 12,20250401,1608,0
1589,100,1,5,Episode 05: Chapter 13,20250408,1625,0
1590,100,1,6,Episode 06: Chapter 14,20250415,1642,0
1591,100,1,7,Episode 07: Chapter 15,20250422,1659,0
1592,100,1,8,Episode 08: Chapter 16,20250429,1676,0
1593,100,1,9,Episode 09: Chapter 17,20250506,1333,0
1594,100,1,10,Episode 10: Chapter 18,20250513,1350,0
1595,100,1,11,Episode 11: Chapter 19,20250520,1367,0
1596,100,1,12,Episode 12: Chapter 20,20250527,1384,0
1597,100,2,1,Episode 13: Chapter 21,20250603,1401,0
1598,100,2,2,Episode 14: Chapter 22,20250610,1418,0
1599,100,2,3,Episode 15: Chapter 23,20250617,1435,0
1600,100,2,4,Episode 16: Chapter 24,20250624,1452,0
1601,101,1,1,Episode 01: Chapter 10,20250328,1570,1
1602,101,1,2,Episode 02: Chapter 11,20250404,1587,0
1603,101,1,3,Episode 03: Chapter 12,20250411,1604,0
1604,101,1,4,Episode 04: Chapter 13,20250418,1621,0
1605,101,1,5,Episode 05: Chapter 14,20250425,1638,0
1606,101,1,6,Episode 06: Chapter 15,20250502,1655,0
1607,101,1,7,Episode 07: Chapter 16,20250509,1672,0
1608,101,1,8,Episode 08: Chapter 17,20250516,1329,0
1609,101,1,9,Episode 09: Chapter 18,20250523,1346,0
1610,101,1,10,Episode 10: Chapter 19,20250530,1363,0
1611,101,1,11,Episode 11: Chapter 20,20250606,1380,0
1612,101,1,12,Episode 12: Chapter 21,20250613,1397,0
1613,101,2,1,Episode 13: Chapter 22,20250620,1414,0
1614,101,2,2,Episode 14: Chapter 23,20250627,1431,0
1615,101,2,3,Episode 15: Chapter 24,20250704,1448,0
1616,101,2,4,Episode 16: Chapter 25,20250711,1465,0
1617,102,1,1,Episode 01: Chapter 11,20250414,1583,0
1618,102,1,2,Episode 02: Chapter 12,20250421,1600,0
1619,102,1,3,Episode 03: Chapter 13,20250428,1617,0
1620,102,1,4,Episode 04: Chapter 14,20250505,1634,0
1621,102,1,5,Episode 05: Chapter 15,20250512,1651,0
1622,102,1,6,Episode 06: Chapter 16,20250519,1668,0
1623,102,1,7,Episode 07: Chapter 17,20250526,1325,0
1624,102,1,8,Episode 08: Chapter 18,20250602,1342,0
1625,102,1,9,Episode 09: Chapter 19,20250609,1359,0
1626,102,1,10,Episode 10: Chapter 20,20250616,1376,0
1627,102,1,11,Episode 11: Chapter 21,20250623,1393,0
1628,102,1,12,Episode 12: Chapter 22,20250630,1410,0
1629,102,2,1,Episode 13: Chapter 23,20250707,1427,0
1630,102,2,2,Episode 14: Chapter 24,20250714,1444,0
1631,102,2,3,Episode 15: Chapter 25,20250721,1461,0
1632,102,2,4,Episode 16: Chapter 26,20250728,1478,0
1633,103,1,1,Episode 01: Chapter 12,20250501,1596,0
1634,103,1,2,Episode 02: Chapter 13,20250508,1613,0
1635,103,1,3,Episode 03: Chapter 14,20250515,1630,0
1636,103,1,4,Episode 04: Chapter 15,20250522,1647,0
1637,103,1,5,Episode 05: Chapter 16,20250529,1664,0
1638,103,1,6,Episode 06: Chapter 17,20250605,1321,0
1639,103,1,7,Episode 07: Chapter 18,20250612,1338,0
1640,103,1,8,Episode 08: Chapter 19,20250619,1355,0
1641,103,1,9,Episode 09: Chapter 20,20250626,1372,0
1642,103,1,10,Episode 10: Chapter 21,20250703,1389,0
1643,103,1,11,Episode 11: Chapter 22,20250710,1406,0
1644,103,1,12,Episode 12: Chapter 23,20250717,1423,0
1645,103,2,1,Episode 13: Chapter 24,20250724,1440,0
1646,103,2,2,Episode 14: Chapter 25,20250731,1457,0
1647,103,2,3,Episode 15: Chapter 26,20250807,1474,0
1648,103,2,4,Episode 16: Chapter 27,20250814,1491,1
1649,104,1,1,Episode 01: Chapter 13,20250518,1609,0
1650,104,1,2,Episode 02: Chapter 14,20250525,1626,0
1651,104,1,3,Episode 03: Chapter 15,20250601,1643,0
1652,104,1,4,Episode 04: Chapter 16,20250608,1660,0
1653,104,1,5,Episode 05: Chapter 17,20250615,1677,0
1654,104,1,6,Episode 06: Chapter 18,20250622,1334,0
1655,104,1,7,Episode 07: Chapter 19,20250629,1351,0
1656,104,1,8,Episode 08: Chapter 20,20250706,1368,0
1657,104,1,9,Episode 09: Chapter 21,20250713,1385,0
1658,104,1,10,Episode 10: Chapter 22,20250720,1402,0
1659,104,1,11,Episode 11: Chapter 23,20250727,1419,0
1660,104,1,12,Episode 12: Chapter 24,20250803,1436,0
1661,104,2,1,Episode 13: Chapter 25,20250810,1453,0
1662,104,2,2,Episode 14: Chapter 26,20250817,1470,0
1663,104,2,3,Episode 15: Chapter 27,20250824,1487,1
1664,104,2,4,Episode 16: Chapter 28,20250831,1504,0
1665,105,1,1,Episode 01: Chapter 14,20250604,1622,0
1666,105,1,2,Episode 02: Chapter 15,20250611,1639,0
1667,105,1,3,Episode 03: Chapter 16,20250618,1656,0
1668,105,1,4,Episode 04: Chapter 17,20250625,1673,0
1669,105,1,5,Episode 05: Chapter 18,20250702,1330,0
1670,105,1,6,Episode 06: Chapter 19,20250709,1347,0
1671,105,1,7,Episode 07: Chapter 20,20250716,1364,0
1672,105,1,8,Episode 08: Chapter 21,20250723,1381,0
1673,105,1,9,Episode 09: Chapter 22,20250730,1398,0
1674,105,1,10,Episode 10: Chapter 23,20250806,1415,0
1675,105,1,11,Episode 11: Chapter 24,20250813,1432,0
1676,105,1,12,Episode 12: Chapter 25,20250820,1449,0
1677,105,2,1,Episode 13: Chapter 26,20250827,1466,0
1678,105,2,2,Episode 14: Chapter 27,20250903,1483,1
1679,105,2,3,Episode 15: Chapter 28,20250910,1500,0
1680,105,2,4,Episode 16: Chapter 29,20250917,1517,0
1681,106,1,1,Episode 01: Chapter 15,20230103,1635,0
1682,106,1,2,Episode 02: Chapter 16,20230110,1652,0
1683,106,1,3,Episode 03: Chapter 17,20230117,1669,0
1684,106,1,4,Episode 04: Chapter 18,20230124,1326,0
1685,106,1,5,Episode 05: Chapter 19,20230131,1343,0
1686,106,1,6,Episode 06: Chapter 20,20230207,1360,0
1687,106,1,7,Episode 07: Chapter 21,20230214,1377,0
1688,106,1,8,Episode 08: Chapter 22,20230221,1394,0
1689,106,1,9,Episode 09: Chapter 23,20230228,1411,0
1690,106,1,10,Episode 10: Chapter 24,20230307,1428,0
1691,106,1,11,Episode 11: Chapter 25,20230314,1445,0
1692,106,1,12,Episode 12: Chapter 26,20230321,1462,0
1693,106,2,1,Episode 13: Chapter 27,20230328,1479,1
1694,106,2,2,Episode 14: Chapter 28,20230404,1496,0
1695,106,2,3,Episode 15: Chapter 29,20230411,1513,0
1696,106,2,4,Episode 16: Chapter 30,20230418,1530,0
1697,107,1,1,Episode 01: Chapter 16,20230120,1648,0
1698,107,1,2,Episode 02: Chapter 17,20230127,1665,0
1699,107,1,3,Episode 03: Chapter 18,20230203,1322,0
1700,107,1,4,Episode 04: Chapter 19,20230210,1339,0
1701,107,1,5,Episode 05: Chapter 20,20230217,1356,0
1702,107,1,6,Episode 06: Chapter 21,20230224,1373,0
1703,107,1,7,Episode 07: Chapter 22,20230303,1390,0
1704,107,1,8,Episode 08: Chapter 23,20230310,1407,0
1705,107,1,9,Episode 09: Chapter 24,20230317,1424,0
1706,107,1,10,Episode 10: Chapter 25,20230324,1441,0
1707,107,1,11,Episode 11: Chapter 26,20230331,1458,0
1708,107,1,12,Episode 12: Chapter 27,20230407,1475,1
1709,107,2,1,Episode 13: Chapter 28,20230414,1492,0
1710,107,2,2,Episode 14: Chapter 29,20230421,1509,0
1711,107,2,3,Episode 15: Chapter 30,20230428,1526,0
1712,107,2,4,Episode 16: Chapter 31,20230505,1543,0
1713,108,1,1,Episode 01: Chapter 17,20230206,1661,0
1714,108,1,2,Episode 02: Chapter 18,20230213,1678,0
1715,108,1,3,Episode 03: Chapter 19,20230220,1335,0
1716,108,1,4,Episode 04: Chapter 20,20230227,1352,0
1717,108,1,5,Episode 05: Chapter 21,20230306,1369,0
1718,108,1,6,Episode 06: Chapter 22,20230313,1386,0
1719,108,1,7,Episode 07: Chapter 23,20230320,1403,0
1720,108,1,8,Episode 08: Chapter 24,20230327,1420,0
1721,108,1,9,Episode 09: Chapter 25,20230403,1437,0
1722,108,1,10,Episode 10: Chapter 26,20230410,1454,0
1723,108,1,11,Episode 11: Chapter 27,20230417,1471,1
1724,108,1,12,Episode 12: Chapter 28,20230424,1488,0
1725,108,2,1,Episode 13: Chapter 29,20230501,1505,0
1726,108,2,2,Episode 14: Chapter 30,20230508,1522,0
1727,108,2,3,Episode 15: Chapter 31,20230515,1539,0
1728,108,2,4,Episode 16: Chapter 1,20230522,1556,0
1729,109,1,1,Episode 01: Chapter 18,20230223,1674,0
1730,109,1,2,Episode 02: Chapter 19,20230302,1331,0
1731,109,1,3,Episode 03: Chapter 20,20230309,1348,0
1732,109,1,4,Episode 04: Chapter 21,20230316,1365,0
1733,109,1,5,Episode 05: Chapter 22,20230323,1382,0
1734,109,1,6,Episode 06: Chapter 23,20230330,1399,0
1735,109,1,7,Episode 07: Chapter 24,20230406,1416,0
1736,109,1,8,Episode 08: Chapter 25,20230413,1433,0
1737,109,1,9,Episode 09: Chapter 26,20230420,1450,0
1738,109,1,10,Episode 10: Chapter 27,20230427,1467,1
1739,109,1,11,Episode 11: Chapter 28,20230504,1484,0
1740,109,1,12,Episode 12: Chapter 29,20230511,1501,0
1741,109,2,1,Episode 13: Chapter 30,20230518,1518,0
1742,109,2,2,Episode 14: Chapter 31,20230525,1535,0
1743,109,2,3,Episode 15: Chapter 1,20230601,1552,0
1744,109,2,4,Episode 16: Chapter 2,20230608,1569,0
1745,110,1,1,Episode 01: Chapter 19,20230312,1327,0
1746,110,1,2,Episode 02: Chapter 20,20230319,1344,0
1747,110,1,3,Episode 03: Chapter 21,20230326,1361,0
1748,110,1,4,Episode 04: Chapter 22,20230402,1378,0
1749,110,1,5,Episode 05: Chapter 23,20230409,1395,0
1750,110,1,6,Episode 06: Chapter 24,20230416,1412,0
1751,110,1,7,Episode 07: Chapter 25,20230423,1429,0
1752,110,1,8,Episode 08: Chapter 26,20230430,1446,0
1753,110,1,9,Episode 09: Chapter 27,20230507,1463,1
1754,110,1,10,Episode 10: Chapter 28,20230514,1480,0
1755,110,1,11,Episode 11: Chapter 29,20230521,1497,0
1756,110,1,12,Episode 12: Chapter 30,20230528,1514,0
1757,110,2,1,Episode 13: Chapter 31,20230604,1531,0
1758,110,2,2,Episode 14: Chapter 1,20230611,1548,0
1759,110,2,3,Episode 15: Chapter 2,20230618,1565,0
1760,110,2,4,Episode 16: Chapter 3,20230625,1582,0
1761,111,1,1,Episode 01: Chapter 20,20230329,1340,0
1762,111,1,2,Episode 02: Chapter 21,20230405,1357,0
1763,111,1,3,Episode 03: Chapter 22,20230412,1374,0
1764,111,1,4,Episode 04: Chapter 23,20230419,1391,0
1765,111,1,5,Episode 05: Chapter 24,20230426,1408,0
1766,111,1,6,Episode 06: Chapter 25,20230503,1425,0
1767,111,1,7,Episode 07: Chapter 26,20230510,1442,0
1768,111,1,8,Episode 08: Chapter 27,20230517,1459,1
1769,111,1,9,Episode 09: Chapter 28,20230524,1476,0
1770,111,1,10,Episode 10: Chapter 29,20230531,1493,0
1771,111,1,11,Episode 11: Chapter 30,20230607,1510,0
1772,111,1,12,Episode 12: Chapter 31,20230614,1527,0
1773,111,2,1,Episode 13: Chapter 1,20230621,1544,0
1774,111,2,2,Episode 14: Chapter 2,20230628,1561,0
1775,111,2,3,Episode 15: Chapter 3,20230705,1578,0
1776,111,2,4,Episode 16: Chapter 4,20230712,1595,0
1777,112,1,1,Episode 01: Chapter 21,20230415,1353,0
1778,112,1,2,Episode 02: Chapter 22,20230422,1370,0
1779,112,1,3,Episode 03: Chapter 23,20230429,1387,0
1780,112,1,4,Episode 04: Chapter 24,20230506,1404,0
1781,112,1,5,Episode 05: Chapter 25,20230513,1421,0
1782,112,1,6,Episode 06: Chapter 26,20230520,1438,0
1783,112,1,7,Episode 07: Chapter 27,20230527,1455,1
1784,112,1,8,Episode 08: Chapter 28,20230603,1472,0
1785,112,1,9,Episode 09: Chapter 29,20230610,1489,0
1786,112,1,10,Episode 10: Chapter 30,20230617,1506,0
1787,112,1,11,Episode 11: Chapter 31,20230624,1523,0
1788,112,1,12,Episode 12: Chapter 1,20230701,1540,0
1789,112,2,1,Episode 13: Chapter 2,20230708,1557,0
1790,112,2,2,Episode 14: Chapter 3,20230715,1574,0
1791,112,2,3,Episode 15: Chapter 4,20230722,1591,0
1792,112,2,4,Episode 16: Chapter 5,20230729,1608,0
1793,113,1,1,Episode 01: Chapter 22,20230502,1366,0
1794,113,1,2,Episode 02: Chapter 23,20230509,1383,0
1795,113,1,3,Episode 03: Chapter 24,20230516,1400,0
1796,113,1,4,Episode 04: Chapter 25,20230523,1417,0
1797,113,1,5,Episode 05: Chapter 26,20230530,1434,0
1798,113,1,6,Episode 06: Chapter 27,20230606,1451,1
1799,113,1,7,Episode 07: Chapter 28,20230613,1468,0
1800,113,1,8,Episode 08: Chapter 29,20230620,1485,0
1801,113,1,9,Episode 09: Chapter 30,20230627,1502,0
1802,113,1,10,Episode 10: Chapter 31,20230704,1519,0
1803,113,1,11,Episode 11: Chapter 1,20230711,1536,0
1804,113,1,12,Episode 12: Chapter 2,20230718,1553,0
1805,113,2,1,Episode 13: Chapter 3,20230725,1570,0
1806,113,2,2,Episode 14: Chapter 4,20230801,1587,0
1807,113,2,3,Episode 15: Chapter 5,20230808,1604,0
1808,113,2,4,Episode 16: Chapter 6,20230815,1621,0
1809,114,1,1,Episode 01: Chapter 23,20230519,1379,0
1810,114,1,2,Episode 02: Chapter 24,20230526,1396,0
1811,114,1,3,Episode 03: Chapter 25,20230602,1413,0
1812,114,1,4,Episode 04: Chapter 26,20230609,1430,0
1813,114,1,5,Episode 05: Chapter 27,20230616,1447,1
1814,114,1,6,Episode 06: Chapter 28,20230623,1464,0
1815,114,1,7,Episode 07: Chapter 29,20230630,1481,0
1816,114,1,8,Episode 08: Chapter 30,20230707,1498,0
1817,114,1,9,Episode 09: Chapter 31,20230714,1515,0
1818,114,1,10,Episode 10: Chapter 1,20230721,1532,0
1819,114,1,11,Episode 11: Chapter 2,20230728,1549,0
1820,114,1,12,Episode 12: Chapter 3,20230804,1566,0
1821,114,2,1,Episode 13: Chapter 4,20230811,1583,0
1822,114,2,2,Episode 14: Chapter 5,20230818,1600,0
1823,114,2,3,Episode 15: Chapter 6,20230825,1617,0
1824,114,2,4,Episode 16: Chapter 7,20230901,1634,0
1825,115,1,1,Episode 01: Chapter 24,20230605,1392,0
1826,115,1,2,Episode 02: Chapter 25,20230612,1409,0
1827,115,1,3,Episode 03: Chapter 26,20230619,1426,0
1828,115,1,4,Episode 04: Chapter 27,20230626,1443,1
1829,115,1,5,Episode 05: Chapter 28,20230703,1460,0
1830,115,1,6,Episode 06: Chapter 29,20230710,1477,0
1831,115,1,7,Episode 07: Chapter 30,20230717,1494,0
1832,115,1,8,Episode 08: Chapter 31,20230724,1511,0
1833,115,1,9,Episode 09: Chapter 1,20230731,1528,0
1834,115,1,10,Episode 10: Chapter 2,20230807,1545,0
1835,115,1,11,Episode 11: Chapter 3,20230814,1562,0
1836,115,1,12,Episode 12: Chapter 4,20230821,1579,0
1837,115,2,1,Episode 13: Chapter 5,20230828,1596,0
1838,115,2,2,Episode 14: Chapter 6,20230904,1613,0
1839,115,2,3,Episode 15: Chapter 7,20230911,1630,0
1840,115,2,4,Episode 16: Chapter 8,20230918,1647,0
1841,116,1,1,Episode 01: Chapter 25,20230622,1405,0
1842,116,1,2,Episode 02: Chapter 26,20230629,1422,0
1843,116,1,3,Episode 03: Chapter 27,20230706,1439,1
1844,116,1,4,Episode 04: Chapter 28,20230713,1456,0
1845,116,1,5,Episode 05: Chapter 29,20230720,1473,0
1846,116,1,6,Episode 06: Chapter 30,20230727,1490,0
1847,116,1,7,Episode 07: Chapter 31,20230803,1507,0
1848,116,1,8,Episode 08: Chapter 1,20230810,1524,0
1849,116,1,9,Episode 09: Chapter 2,20230817,1541,0
1850,116,1,10,Episode 10: Chapter 3,20230824,1558,0
1851,116,1,11,Episode 11: Chapter 4,20230831,1575,0
1852,116,1,12,Episode 12: Chapter 5,20230907,1592,0
1853,116,2,1,Episode 13: Chapter 6,20230914,1609,0
1854,116,2,2,Episode 14: Chapter 7,20230921,1626,0
1855,116,2,3,Episode 15: Chapter 8,20230928,1643,0
1856,116,2,4,Episode 16: Chapter 9,20231005,1660,0
1857,117,1,1,Episode 01: Chapter 26,20230709,1418,0
1858,117,1,2,Episode 02: Chapter 27,20230716,1435,1
1859,117,1,3,Episode 03: Chapter 28,20230723,1452,0
1860,117,1,4,Episode 04: Chapter 29,20230730,1469,0
1861,117,1,5,Episode 05: Chapter 30,20230806,1486,0
1862,117,1,6,Episode 06: Chapter 31,20230813,1503,0
1863,117,1,7,Episode 07: Chapter 1,20230820,1520,0
1864,117,1,8,Episode 08: Chapter 2,20230827,1537,0
1865,117,1,9,Episode 09: Chapter 3,20230903,1554,0
1866,117,1,10,Episode 10: Chapter 4,20230910,1571,0
1867,117,1,11,Episode 11: Chapter 5,20230917,1588,0
1868,117,1,12,Episode 12: Chapter 6,20230924,1605,0
1869,117,2,1,Episode 13: Chapter 7,20231001,1622,0
1870,117,2,2,Episode 14: Chapter 8,20231008,1639,0
1871,117,2,3,Episode 15: Chapter 9,20231015,1656,0
1872,117,2,4,Episode 16: Chapter 10,20231022,1673,0
1873,118,1,1,Episode 01: Chapter 27,20230726,1431,1
1874,118,1,2,Episode 02: Chapter 28,20230802,1448,0
1875,118,1,3,Episode 03: Chapter 29,20230809,1465,0
1876,118,1,4,Episode 04: Chapter 30,20230816,1482,0
1877,118,1,5,Episode 05: Chapter 31,20230823,1499,0
1878,118,1,6,Episode 06: Chapter 1,20230830,1516,0
1879,118,1,7,Episode 07: Chapter 2,20230906,1533,0
1880,118,1,8,Episode 08: Chapter 3,20230913,1550,0
1881,118,1,9,Episode 09: Chapter 4,20230920,1567,0
1882,118,1,10,Episode 10: Chapter 5,20230927,1584,0
1883,118,1,11,Episode 11: Chapter 6,20231004,1601,0
1884,118,1,12,Episode 12: Chapter 7,20231011,1618,0
1885,118,2,1,Episode 13: Chapter 8,20231018,1635,0
1886,118,2,2,Episode 14: Chapter 9,20231025,1652,0
1887,118,2,3,Episode 15: Chapter 10,20231101,1669,0
1888,118,2,4,Episode 16: Chapter 11,20231108,1326,0
1889,119,1,1,Episode 01: Chapter 28,20230812,1444,0
1890,119,1,2,Episode 02: Chapter 29,20230819,1461,0
1891,119,1,3,Episode 03: Chapter 30,20230826,1478,0
1892,119,1,4,Episode 04: Chapter 31,20230902,1495,0
1893,119,1,5,Episode 05: Chapter 1,20230909,1512,0
1894,119,1,6,Episode 06: Chapter 2,20230916,1529,0
1895,119,1,7,Episode 07: Chapter 3,20230923,1546,0
1896,119,1,8,Episode 08: Chapter 4,20230930,1563,0
1897,119,1,9,Episode 09: Chapter 5,20231007,1580,0
1898,119,1,10,Episode 10: Chapter 6,20231014,1597,0
1899,119,1,11,Episode 11: Chapter 7,20231021,1614,0
1900,119,1,12,Episode 12: Chapter 8,20231028,1631,0
1901,119,2,1,Episode 13: Chapter 9,20231104,1648,0
1902,119,2,2,Episode 14: Chapter 10,20231111,1665,0
1903,119,2,3,Episode 15: Chapter 11,20231118,1322,0
1904,119,2,4,Episode 16: Chapter 12,20231125,1339,0
1905,120,1,1,Episode 01: Chapter 29,20230829,1457,0
1906,120,1,2,Episode 02: Chapter 30,20230905,1474,0
1907,120,1,3,Episode 03: Chapter 31,20230912,1491,0
1908,120,1,4,Episode 04: Chapter 1,20230919,1508,0
1909,120,1,5,Episode 05: Chapter 2,20230926,1525,0
1910,120,1,6,Episode 06: Chapter 3,20231003,1542,0
1911,120,1,7,Episode 07: Chapter 4,20231010,1559,0
1912,120,1,8,Episode 08: Chapter 5,20231017,1576,0
1913,120,1,9,Episode 09: Chapter 6,20231024,1593,0
1914,120,1,10,Episode 10: Chapter 7,20231031,1610,0
1915,120,1,11,Episode 11: Chapter 8,20231107,1627,0
1916,120,1,12,Episode 12: Chapter 9,20231114,1644,0
1917,120,2,1,Episode 13: Chapter 10,20231121,1661,0
1918,120,2,2,Episode 14: Chapter 11,20231128,1678,0
1919,120,2,3,Episode 15: Chapter 12,20231205,1335,0
1920,120,2,4,Episode 16: Chapter 13,20231212,1352,1
1921,121,1,1,Episode 01: Chapter 30,20230915,1470,0
1922,121,1,2,Episode 02: Chapter 31,20230922,1487,0
1923,121,1,3,Episode 03: Chapter 1,20230929,1504,0
1924,121,1,4,Episode 04: Chapter 2,20231006,1521,0
1925,121,1,5,Episode 05: Chapter 3,20231013,1538,0
1926,121,1,6,Episode 06: Chapter 4,20231020,1555,0
1927,121,1,7,Episode 07: Chapter 5,20231027,1572,0
1928,121,1,8,Episode 08: Chapter 6,20231103,1589,0
1929,121,1,9,Episode 09: Chapter 7,20231110,1606,0
1930,121,1,10,Episode 10: Chapter 8,20231117,1623,0
1931,121,1,11,Episode 11: Chapter 9,20231124,1640,0
1932,121,1,12,Episode 12: Chapter 10,20231201,1657,0
1933,121,2,1,Episode 13: Chapter 11,20231208,1674,0
1934,121,2,2,Episode 14: Chapter 12,20231215,1331,0
1935,121,2,3,Episode 15: Chapter 13,20231222,1348,1
1936,121,2,4,Episode 16: Chapter 14,20231229,1365,0
1937,122,1,1,Episode 01: Chapter 31,20231002,1483,0
1938,122,1,2,Episode 02: Chapter 1,20231009,1500,0
1939,122,1,3,Episode 03: Chapter 2,20231016,1517,0
1940,122,1,4,Episode 04: Chapter 3,20231023,1534,0
1941,122,1,5,Episode 05: Chapter 4,20231030,1551,0
1942,122,1,6,Episode 06: Chapter 5,20231106,1568,0
1943,122,1,7,Episode 07: Chapter 6,20231113,1585,0
1944,122,1,8,Episode 08: Chapter 7,20231120,1602,0
1945,122,1,9,Episode 09: Chapter 8,20231127,1619,0
1946,122,1,10,Episode 10: Chapter 9,20231204,1636,0
1947,122,1,11,Episode 11: Chapter 10,20231211,1653,0
1948,122,1,12,Episode 12: Chapter 11,20231218,1670,0
1949,122,2,1,Episode 13: Chapter 12,20231225,1327,0
1950,122,2,2,Episode 14: Chapter 13,20240101,1344,1
1951,122,2,3,Episode 15: Chapter 14,20240108,1361,0
1952,122,2,4,Episode 16: Chapter 15,20240115,1378,0
1953,123,1,1,Episode 01: Chapter 1,20231019,1496,0
1954,123,1,2,Episode 02: Chapter 2,20231026,1513,0
1955,123,1,3,Episode 03: Chapter 3,20231102,1530,0
1956,123,1,4,Episode 04: Chapter 4,20231109,1547,0
1957,123,1,5,Episode 05: Chapter 5,20231116,1564,0
1958,123,1,6,Episode 06: Chapter 6,20231123,1581,0
1959,123,1,7,Episode 07: Chapter 7,20231130,1598,0
1960,123,1,8,Episode 08: Chapter 8,20231207,1615,0
1961,123,1,9,Episode 09: Chapter 9,20231214,1632,0
1962,123,1,10,Episode 10: Chapter 10,20231221,1649,0
1963,123,1,11,Episode 11: Chapter 11,20231228,1666,0
1964,123,1,12,Episode 12: Chapter 12,20240104,1323,0
1965,123,2,1,Episode 13: Chapter 13,20240111,1340,1
1966,123,2,2,Episode 14: Chapter 14,20240118,1357,0
1967,123,2,3,Episode 15: Chapter 15,20240125,1374,0
1968,123,2,4,Episode 16: Chapter 16,20240201,1391,0
1969,124,1,1,Episode 01: Chapter 2,20231105,1509,0
1970,124,1,2,Episode 02: Chapter 3,20231112,1526,0
1971,124,1,3,Episode 03: Chapter 4,20231119,1543,0
1972,124,1,4,Episode 04: Chapter 5,20231126,1560,0
1973,124,1,5,Episode 05: Chapter 6,20231203,1577,0
1974,124,1,6,Episode 06: Chapter 7,20231210,1594,0
1975,124,1,7,Episode 07: Chapter 8,20231217,1611,0
1976,124,1,8,Episode 08: Chapter 9,20231224,1628,0
1977,124,1,9,Episode 09: Chapter 10,20231231,1645,0
1978,124,1,10,Episode 10: Chapter 11,20240107,1662,0
1979,124,1,11,Episode 11: Chapter 12,20240114,1679,0
1980,124,1,12,Episode 12: Chapter 13,20240121,1336,1
1981,124,2,1,Episode 13: Chapter 14,20240128,1353,0
1982,124,2,2,Episode 14: Chapter 15,20240204,1370,0
1983,124,2,3,Episode 15: Chapter 16,20240211,1387,0
1984,124,2,4,Episode 16: Chapter 17,20240218,1404,0
1985,125,1,1,Episode 01: Chapter 3,20231122,1522,0
1986,125,1,2,Episode 02: Chapter 4,20231129,1539,0
1987,125,1,3,Episode 03: Chapter 5,20231206,1556,0
1988,125,1,4,Episode 04: Chapter 6,20231213,1573,0
1989,125,1,5,Episode 05: Chapter 7,20231220,1590,0
1990,125,1,6,Episode 06: Chapter 8,20231227,1607,0
1991,125,1,7,Episode 07: Chapter 9,20240103,1624,0
1992,125,1,8,Episode 08: Chapter 10,20240110,1641,0
1993,125,1,9,Episode 09: Chapter 11,20240117,1658,0
1994,125,1,10,Episode 10: Chapter 12,20240124,1675,0
1995,125,1,11,Episode 11: Chapter 13,20240131,1332,1
1996,125,1,12,Episode 12: Chapter 14,20240207,1349,0
1997,125,2,1,Episode 13: Chapter 15,20240214,1366,0
1998,125,2,2,Episode 14: Chapter 16,20240221,1383,0
1999,125,2,3,Episode 15: Chapter 17,20240228,1400,0
2000,125,2,4,Episode 16: Chapter 18,20240306,1417,0
2001,126,1,1,Episode 01: Chapter 4,20231209,1535,0
2002,126,1,2,Episode 02: Chapter 5,20231216,1552,0
2003,126,1,3,Episode 03: Chapter 6,20231223,1569,0
2004,126,1,4,Episode 04: Chapter 7,20231230,1586,0
2005,126,1,5,Episode 05: Chapter 8,20240106,1603,0
2006,126,1,6,Episode 06: Chapter 9,20240113,1620,0
2007,126,1,7,Episode 07: Chapter 10,20240120,1637,0
2008,126,1,8,Episode 08: Chapter 11,20240127,1654,0
2009,126,1,9,Episode 09: Chapter 12,20240203,1671,0
2010,126,1,10,Episode 10: Chapter 13,20240210,1328,1
2011,126,1,11,Episode 11: Chapter 14,20240217,1345,0
2012,126,1,12,Episode 12: Chapter 15,20240224,1362,0
2013,126,2,1,Episode 13: Chapter 16,20240302,1379,0
2014,126,2,2,Episode 14: Chapter 17,20240309,1396,0
2015,126,2,3,Episode 15: Chapter 18,20240316,1413,0
2016,126,2,4,Episode 16: Chapter 19,20240323,1430,0
2017,127,1,1,Episode 01: Chapter 5,20231226,1548,0
2018,127,1,2,Episode 02: Chapter 6,20240102,1565,0
2019,127,1,3,Episode 03: Chapter 7,20240109,1582,0
2020,127,1,4,Episode 04: Chapter 8,20240116,1599,0
2021,127,1,5,Episode 05: Chapter 9,20240123,1616,0
2022,127,1,6,Episode 06: Chapter 10,20240130,1633,0
2023,127,1,7,Episode 07: Chapter 11,20240206,1650,0
2024,127,1,8,Episode 08: Chapter 12,20240213,1667,0
2025,127,1,9,Episode 09: Chapter 13,20240220,1324,1
2026,127,1,10,Episode 10: Chapter 14,20240227,1341,0
2027,127,1,11,Episode 11: Chapter 15,20240305,1358,0
2028,127,1,12,Episode 12: Chapter 16,20240312,1375,0
2029,127,2,1,Episode 13: Chapter 17,20240319,1392,0
2030,127,2,2,Episode 14: Chapter 18,20240326,1409,0
2031,127,2,3,Episode 15: Chapter 19,20240402,1426,0
2032,127,2,4,Episode 16: Chapter 20,20240409,1443,0
2033,128,1,1,Episode 01: Chapter 6,20240112,1561,0
2034,128,1,2,Episode 02: Chapter 7,20240119,1578,0
2035,128,1,3,Episode 03: Chapter 8,20240126,1595,0
2036,128,1,4,Episode 04: Chapter 9,20240202,1612,0
2037,128,1,5,Episode 05: Chapter 10,20240209,1629,0
2038,128,1,6,Episode 06: Chapter 11,20240216,1646,0
2039,128,1,7,Episode 07: Chapter 12,20240223,1663,0
2040,128,1,8,Episode 08: Chapter 13,20240301,1320,1
2041,128,1,9,Episode 09: Chapter 14,20240308,1337,0
2042,128,1,10,Episode 10: Chapter 15,20240315,1354,0
2043,128,1,11,Episode 11: Chapter 16,20240322,1371,0
2044,128,1,12,Episode 12: Chapter 17,20240329,1388,0
2045,128,2,1,Episode 13: Chapter 18,20240405,1405,0
2046,128,2,2,Episode 14: Chapter 19,20240412,1422,0
2047,128,2,3,Episode 15: Chapter 20,20240419,1439,0
2048,128,2,4,Episode 16: Chapter 21,20240426,1456,0
2049,129,1,1,Episode 01: Chapter 7,20240129,1574,0
2050,129,1,2,Episode 02: Chapter 8,20240205,1591,0
2051,129,1,3,Episode 03: Chapter 9,20240212,1608,0
2052,129,1,4,Episode 04: Chapter 10,20240219,1625,0
2053,129,1,5,Episode 05: Chapter 11,20240226,1642,0
2054,129,1,6,Episode 06: Chapter 12,20240304,1659,0
2055,129,1,7,Episode 07: Chapter 13,20240311,1676,1
2056,129,1,8,Episode 08: Chapter 14,20240318,1333,0
2057,129,1,9,Episode 09: Chapter 15,20240325,1350,0
2058,129,1,10,Episode 10: Chapter 16,20240401,1367,0
2059,129,1,11,Episode 11: Chapter 17,20240408,1384,0
2060,129,1,12,Episode 12: Chapter 18,20240415,1401,0
2061,129,2,1,Episode 13: Chapter 19,20240422,1418,0
2062,129,2,2,Episode 14: Chapter 20,20240429,1435,0
2063,129,2,3,Episode 15: Chapter 21,20240506,1452,0
2064,129,2,4,Episode 16: Chapter 22,20240513,1469,0
2065,130,1,1,Episode 01: Chapter 8,20240215,1587,0
2066,130,1,2,Episode 02: Chapter 9,20240222,1604,0
2067,130,1,3,Episode 03: Chapter 10,20240229,1621,0
2068,130,1,4,Episode 04: Chapter 11,20240307,1638,0
2069,130,1,5,Episode 05: Chapter 12,20240314,1655,0
2070,130,1,6,Episode 06: Chapter 13,20240321,1672,1
2071,130,1,7,Episode 07: Chapter 14,20240328,1329,0
2072,130,1,8,Episode 08: Chapter 15,20240404,1346,0
2073,130,1,9,Episode 09: Chapter 16,20240411,1363,0
2074,130,1,10,Episode 10: Chapter 17,20240418,1380,0
2075,130,1,11,Episode 11: Chapter 18,20240425,1397,0
2076,130,1,12,Episode 12: Chapter 19,20240502,1414,0
2077,130,2,1,Episode 13: Chapter 20,20240509,1431,0
2078,130,2,2,Episode 14: Chapter 21,20240516,1448,0
2079,130,2,3,Episode 15: Chapter 22,20240523,1465,0
2080,130,2,4,Episode 16: Chapter 23,20240530,1482,0
2081,131,1,1,Episode 01: Chapter 9,20240303,1600,0
2082,131,1,2,Episode 02: Chapter 10,20240310,1617,0
2083,131,1,3,Episode 03: Chapter 11,20240317,1634,0
2084,131,1,4,Episode 04: Chapter 12,20240324,1651,0
2085,131,1,5,Episode 05: Chapter 13,20240331,1668,1
2086,131,1,6,Episode 06: Chapter 14,20240407,1325,0
2087,131,1,7,Episode 07: Chapter 15,20240414,1342,0
2088,131,1,8,Episode 08: Chapter 16,20240421,1359,0
2089,131,1,9,Episode 09: Chapter 17,20240428,1376,0
2090,131,1,10,Episode 10: Chapter 18,20240505,1393,0
2091,131,1,11,Episode 11: Chapter 19,20240512,1410,0
2092,131,1,12,Episode 12: Chapter 20,20240519,1427,0
2093,131,2,1,Episode 13: Chapter 21,20240526,1444,0
2094,131,2,2,Episode 14: Chapter 22,20240602,1461,0
2095,131,2,3,Episode 15: Chapter 23,20240609,1478,0
2096,131,2,4,Episode 16: Chapter 24,20240616,1495,0
2097,132,1,1,Episode 01: Chapter 10,20240320,1613,0
2098,132,1,2,Episode 02: Chapter 11,20240327,1630,0
2099,132,1,3,Episode 03: Chapter 12,20240403,1647,0
2100,132,1,4,Episode 04: Chapter 13,20240410,1664,1
2101,132,1,5,Episode 05: Chapter 14,20240417,1321,0
2102,132,1,6,Episode 06: Chapter 15,20240424,1338,0
2103,132,1,7,Episode 07: Chapter 16,20240501,1355,0
2104,132,1,8,Episode 08: Chapter 17,20240508,1372,0
2105,132,1,9,Episode 09: Chapter 18,20240515,1389,0
2106,132,1,10,Episode 10: Chapter 19,20240522,1406,0
2107,132,1,11,Episode 11: Chapter 20,20240529,1423,0
2108,132,1,12,Episode 12: Chapter 21,20240605,1440,0
2109,132,2,1,Episode 13: Chapter 22,20240612,1457,0
2110,132,2,2,Episode 14: Chapter 23,20240619,1474,0
2111,132,2,3,Episode 15: Chapter 24,20240626,1491,0
2112,132,2,4,Episode 16: Chapter 25,20240703,1508,0
2113,133,1,1,Episode 01: Chapter 11,20240406,1626,0
2114,133,1,2,Episode 02: Chapter 12,20240413,1643,0
2115,133,1,3,Episode 03: Chapter 13,20240420,1660,1
2116,133,1,4,Episode 04: Chapter 14,20240427,1677,0
2117,133,1,5,Episode 05: Chapter 15,20240504,1334,0
2118,133,1,6,Episode 06: Chapter 16,20240511,1351,0
2119,133,1,7,Episode 07: Chapter 17,20240518,1368,0
2120,133,1,8,Episode 08: Chapter 18,20240525,1385,0
2121,133,1,9,Episode 09: Chapter 19,20240601,1402,0
2122,133,1,10,Episode 10: Chapter 20,20240608,1419,0
2123,133,1,11,Episode 11: Chapter 21,20240615,1436,0
2124,133,1,12,Episode 12: Chapter 22,20240622,1453,0
2125,133,2,1,Episode 13: Chapter 23,20240629,1470,0
2126,133,2,2,Episode 14: Chapter 24,20240706,1487,0
2127,133,2,3,Episode 15: Chapter 25,20240713,1504,0
2128,133,2,4,Episode 16: Chapter 26,20240720,1521,0
2129,134,1,1,Episode 01: Chapter 12,20240423,1639,0
2130,134,1,2,Episode 02: Chapter 13,20240430,1656,1
2131,134,1,3,Episode 03: Chapter 14,20240507,1673,0
2132,134,1,4,Episode 04: Chapter 15,20240514,1330,0
2133,134,1,5,Episode 05: Chapter 16,20240521,1347,0
2134,134,1,6,Episode 06: Chapter 17,20240528,1364,0
2135,134,1,7,Episode 07: Chapter 18,20240604,1381,0
2136,134,1,8,Episode 08: Chapter 19,20240611,1398,0
2137,134,1,9,Episode 09: Chapter 20,20240618,1415,0
2138,134,1,10,Episode 10: Chapter 21,20240625,1432,0
2139,134,1,11,Episode 11: Chapter 22,20240702,1449,0
2140,134,1,12,Episode 12: Chapter 23,20240709,1466,0
2141,134,2,1,Episode 13: Chapter 24,20240716,1483,0
2142,134,2,2,Episode 14: Chapter 25,20240723,1500,0
2143,134,2,3,Episode 15: Chapter 26,20240730,1517,0
2144,134,2,4,Episode 16: Chapter 27,20240806,1534,0
2145,135,1,1,Episode 01: Chapter 13,20240510,1652,1
2146,135,1,2,Episode 02: Chapter 14,20240517,1669,0
2147,135,1,3,Episode 03: Chapter 15,20240524,1326,0
2148,135,1,4,Episode 04: Chapter 16,20240531,1343,0
2149,135,1,5,Episode 05: Chapter 17,20240607,1360,0
2150,135,1,6,Episode 06: Chapter 18,20240614,1377,0
2151,135,1,7,Episode 07: Chapter 19,20240621,1394,0
2152,135,1,8,Episode 08: Chapter 20,20240628,1411,0
2153,135,1,9,Episode 09: Chapter 21,20240705,1428,0
2154,135,1,10,Episode 10: Chapter 22,20240712,1445,0
2155,135,1,11,Episode 11: Chapter 23,20240719,1462,0
2156,135,1,12,Episode 12: Chapter 24,20240726,1479,0
2157,135,2,1,Episode 13: Chapter 25,20240802,1496,0
2158,135,2,2,Episode 14: Chapter 26,20240809,1513,0
2159,135,2,3,Episode 15: Chapter 27,20240816,1530,0
2160,135,2,4,Episode 16: Chapter 28,20240823,1547,0
2161,136,1,1,Episode 01: Chapter 14,20240527,1665,0
2162,136,1,2,Episode 02: Chapter 15,20240603,1322,0
2163,136,1,3,Episode 03: Chapter 16,20240610,1339,0
2164,136,1,4,Episode 04: Chapter 17,20240617,1356,0
2165,136,1,5,Episode 05: Chapter 18,20240624,1373,0
2166,136,1,6,Episode 06: Chapter 19,20240701,1390,0
2167,136,1,7,Episode 07: Chapter 20,20240708,1407,0
2168,136,1,8,Episode 08: Chapter 21,20240715,1424,0
2169,136,1,9,Episode 09: Chapter 22,20240722,1441,0
2170,136,1,10,Episode 10: Chapter 23,20240729,1458,0
2171,136,1,11,Episode 11: Chapter 24,20240805,1475,0
2172,136,1,12,Episode 12: Chapter 25,20240812,1492,0
2173,136,2,1,Episode 13: Chapter 26,20240819,1509,0
2174,136,2,2,Episode 14: Chapter 27,20240826,1526,0
2175,136,2,3,Episode 15: Chapter 28,20240902,1543,0
2176,136,2,4,Episode 16: Chapter 29,20240909,1560,0
2177,137,1,1,Episode 01: Chapter 15,20240613,1678,0
2178,137,1,2,Episode 02: Chapter 16,20240620,1335,0
2179,137,1,3,Episode 03: Chapter 17,20240627,1352,0
2180,137,1,4,Episode 04: Chapter 18,20240704,1369,0
2181,137,1,5,Episode 05: Chapter 19,20240711,1386,0
2182,137,1,6,Episode 06: Chapter 20,20240718,1403,0
2183,137,1,7,Episode 07: Chapter 21,20240725,1420,0
2184,137,1,8,Episode 08: Chapter 22,20240801,1437,0
2185,137,1,9,Episode 09: Chapter 23,20240808,1454,0
2186,137,1,10,Episode 10: Chapter 24,20240815,1471,0
2187,137,1,11,Episode 11: Chapter 25,20240822,1488,0
2188,137,1,12,Episode 12: Chapter 26,20240829,1505,0
2189,137,2,1,Episode 13: Chapter 27,20240905,1522,0
2190,137,2,2,Episode 14: Chapter 28,20240912,1539,0
2191,137,2,3,Episode 15: Chapter 29,20240919,1556,0
2192,137,2,4,Episode 16: Chapter 30,20240926,1573,1
2193,138,1,1,Episode 01: Chapter 16,20240630,1331,0
2194,138,1,2,Episode 02: Chapter 17,20240707,1348,0
2195,138,1,3,Episode 03: Chapter 18,20240714,1365,0
2196,138,1,4,Episode 04: Chapter 19,20240721,1382,0
2197,138,1,5,Episode 05: Chapter 20,20240728,1399,0
2198,138,1,6,Episode 06: Chapter 21,20240804,1416,0
2199,138,1,7,Episode 07: Chapter 22,20240811,1433,0
2200,138,1,8,Episode 08: Chapter 23,20240818,1450,0
2201,138,1,9,Episode 09: Chapter 24,20240825,1467,0
2202,138,1,10,Episode 10: Chapter 25,20240901,1484,0
2203,138,1,11,Episode 11: Chapter 26,20240908,1501,0
2204,138,1,12,Episode 12: Chapter 27,20240915,1518,0
2205,138,2,1,Episode 13: Chapter 28,20240922,1535,0
2206,138,2,2,Episode 14: Chapter 29,20240929,1552,0
2207,138,2,3,Episode 15: Chapter 30,20241006,1569,1
2208,138,2,4,Episode 16: Chapter 31,20241013,1586,0
2209,139,1,1,Episode 01: Chapter 17,20240717,1344,0
2210,139,1,2,Episode 02: Chapter 18,20240724,1361,0
2211,139,1,3,Episode 03: Chapter 19,20240731,1378,0
2212,139,1,4,Episode 04: Chapter 20,20240807,1395,0
2213,139,1,5,Episode 05: Chapter 21,20240814,1412,0
2214,139,1,6,Episode 06: Chapter 22,20240821,1429,0
2215,139,1,7,Episode 07: Chapter 23,20240828,1446,0
2216,139,1,8,Episode 08: Chapter 24,20240904,1463,0
2217,139,1,9,Episode 09: Chapter 25,20240911,1480,0
2218,139,1,10,Episode 10: Chapter 26,20240918,1497,0
2219,139,1,11,Episode 11: Chapter 27,20240925,1514,0
2220,139,1,12,Episode 12: Chapter 28,20241002,1531,0
2221,139,2,1,Episode 13: Chapter 29,20241009,1548,0
2222,139,2,2,Episode 14: Chapter 30,20241016,1565,1
2223,139,2,3,Episode 15: Chapter 31,20241023,1582,0
2224,139,2,4,Episode 16: Chapter 1,20241030,1599,0
2225,140,1,1,Episode 01: Chapter 18,20240803,1357,0
2226,140,1,2,Episode 02: Chapter 19,20240810,1374,0
2227,140,1,3,Episode 03: Chapter 20,20240817,1391,0
2228,140,1,4,Episode 04: Chapter 21,20240824,1408,0
2229,140,1,5,Episode 05: Chapter 22,20240831,1425,0
2230,140,1,6,Episode 06: Chapter 23,20240907,1442,0
2231,140,1,7,Episode 07: Chapter 24,20240914,1459,0
2232,140,1,8,Episode 08: Chapter 25,20240921,1476,0
2233,140,1,9,Episode 09: Chapter 26,20240928,1493,0
2234,140,1,10,Episode 10: Chapter 27,20241005,1510,0
2235,140,1,11,Episode 11: Chapter 28,20241012,1527,0
2236,140,1,12,Episode 12: Chapter 29,20241019,1544,0
2237,140,2,1,Episode 13: Chapter 30,20241026,1561,1
2238,140,2,2,Episode 14: Chapter 31,20241102,1578,0
2239,140,2,3,Episode 15: Chapter 1,20241109,1595,0
2240,140,2,4,Episode 16: Chapter 2,20241116,1612,0
2241,141,1,1,Episode 01: Chapter 19,20240820,1370,0
2242,141,1,2,Episode 02: Chapter 20,20240827,1387,0
2243,141,1,3,Episode 03: Chapter 21,20240903,1404,0
2244,141,1,4,Episode 04: Chapter 22,20240910,1421,0
2245,141,1,5,Episode 05: Chapter 23,20240917,1438,0
2246,141,1,6,Episode 06: Chapter 24,20240924,1455,0
2247,141,1,7,Episode 07: Chapter 25,20241001,1472,0
2248,141,1,8,Episode 08: Chapter 26,20241008,1489,0
2249,141,1,9,Episode 09: Chapter 27,20241015,1506,0
2250,141,1,10,Episode 10: Chapter 28,20241022,1523,0
2251,141,1,11,Episode 11: Chapter 29,20241029,1540,0
2252,141,1,12,Episode 12: Chapter 30,20241105,1557,1
2253,141,2,1,Episode 13: Chapter 31,20241112,1574,0
2254,141,2,2,Episode 14: Chapter 1,20241119,1591,0
2255,141,2,3,Episode 15: Chapter 2,20241126,1608,0
2256,141,2,4,Episode 16: Chapter 3,20241203,1625,0
2257,142,1,1,Episode 01: Chapter 20,20240906,1383,0
2258,142,1,2,Episode 02: Chapter 21,20240913,1400,0
2259,142,1,3,Episode 03: Chapter 22,20240920,1417,0
2260,142,1,4,Episode 04: Chapter 23,20240927,1434,0
2261,142,1,5,Episode 05: Chapter 24,20241004,1451,0
2262,142,1,6,Episode 06: Chapter 25,20241011,1468,0
2263,142,1,7,Episode 07: Chapter 26,20241018,1485,0
2264,142,1,8,Episode 08: Chapter 27,20241025,1502,0
2265,142,1,9,Episode 09: Chapter 28,20241101,1519,0
2266,142,1,10,Episode 10: Chapter 29,20241108,1536,0
2267,142,1,11,Episode 11: Chapter 30,20241115,1553,1
2268,142,1,12,Episode 12: Chapter 31,20241122,1570,0
2269,142,2,1,Episode 13: Chapter 1,20241129,1587,0
2270,142,2,2,Episode 14: Chapter 2,20241206,1604,0
2271,142,2,3,Episode 15: Chapter 3,20241213,1621,0
2272,142,2,4,Episode 16: Chapter 4,20241220,1638,0
2273,143,1,1,Episode 01: Chapter 21,20240923,1396,0
2274,143,1,2,Episode 02: Chapter 22,20240930,1413,0
2275,143,1,3,Episode 03: Chapter 23,20241007,1430,0
2276,143,1,4,Episode 04: Chapter 24,20241014,1447,0
2277,143,1,5,Episode 05: Chapter 25,20241021,1464,0
2278,143,1,6,Episode 06: Chapter 26,20241028,1481,0
2279,143,1,7,Episode 07: Chapter 27,20241104,1498,0
2280,143,1,8,Episode 08: Chapter 28,20241111,1515,0
2281,143,1,9,Episode 09: Chapter 29,20241118,1532,0
2282,143,1,10,Episode 10: Chapter 30,20241125,1549,1
2283,143,1,11,Episode 11: Chapter 31,20241202,1566,0
2284,143,1,12,Episode 12: Chapter 1,20241209,1583,0
2285,143,2,1,Episode 13: Chapter 2,20241216,1600,0
2286,143,2,2,Episode 14: Chapter 3,20241223,1617,0
2287,143,2,3,Episode 15: Chapter 4,20241230,1634,0
2288,143,2,4,Episode 16: Chapter 5,20250106,1651,0
2289,144,1,1,Episode 01: Chapter 22,20241010,1409,0
2290,144,1,2,Episode 02: Chapter 23,20241017,1426,0
2291,144,1,3,Episode 03: Chapter 24,20241024,1443,0
2292,144,1,4,Episode 04: Chapter 25,20241031,1460,0
2293,144,1,5,Episode 05: Chapter 26,20241107,1477,0
2294,144,1,6,Episode 06: Chapter 27,20241114,1494,0
2295,144,1,7,Episode 07: Chapter 28,20241121,1511,0
2296,144,1,8,Episode 08: Chapter 29,20241128,1528,0
2297,144,1,9,Episode 09: Chapter 30,20241205,1545,1
2298,144,1,10,Episode 10: Chapter 31,20241212,1562,0
2299,144,1,11,Episode 11: Chapter 1,20241219,1579,0
2300,144,1,12,Episode 12: Chapter 2,20241226,1596,0
2301,144,2,1,Episode 13: Chapter 3,20250102,1613,0
2302,144,2,2,Episode 14: Chapter 4,20250109,1630,0
2303,144,2,3,Episode 15: Chapter 5,20250116,1647,0
2304,144,2,4,Episode 16: Chapter 6,20250123,1664,0
2305,145,1,1,Episode 01: Chapter 23,20241027,1422,0
2306,145,1,2,Episode 02: Chapter 24,20241103,1439,0
2307,145,1,3,Episode 03: Chapter 25,20241110,1456,0
2308,145,1,4,Episode 04: Chapter 26,20241117,1473,0
2309,145,1,5,Episode 05: Chapter 27,20241124,1490,0
2310,145,1,6,Episode 06: Chapter 28,20241201,1507,0
2311,145,1,7,Episode 07: Chapter 29,20241208,1524,0
2312,145,1,8,Episode 08: Chapter 30,20241215,1541,1
2313,145,1,9,Episode 09: Chapter 31,20241222,1558,0
2314,145,1,10,Episode 10: Chapter 1,20241229,1575,0
2315,145,1,11,Episode 11: Chapter 2,20250105,1592,0
2316,145,1,12,Episode 12: Chapter 3,20250112,1609,0
2317,145,2,1,Episode 13: Chapter 4,20250119,1626,0
2318,145,2,2,Episode 14: Chapter 5,20250126,1643,0
2319,145,2,3,Episode 15: Chapter 6,20250202,1660,0
2320,145,2,4,Episode 16: Chapter 7,20250209,1677,0
2321,146,1,1,Episode 01: Chapter 24,20241113,1435,0
2322,146,1,2,Episode 02: Chapter 25,20241120,1452,0
2323,146,1,3,Episode 03: Chapter 26,20241127,1469,0
2324,146,1,4,Episode 04: Chapter 27,20241204,1486,0
2325,146,1,5,Episode 05: Chapter 28,20241211,1503,0
2326,146,1,6,Episode 06: Chapter 29,20241218,1520,0
2327,146,1,7,Episode 07: Chapter 30,20241225,1537,1
2328,146,1,8,Episode 08: Chapter 31,20250101,1554,0
2329,146,1,9,Episode 09: Chapter 1,20250108,1571,0
2330,146,1,10,Episode 10: Chapter 2,20250115,1588,0
2331,146,1,11,Episode 11: Chapter 3,20250122,1605,0
2332,146,1,12,Episode 12: Chapter 4,20250129,1622,0
2333,146,2,1,Episode 13: Chapter 5,20250205,1639,0
2334,146,2,2,Episode 14: Chapter 6,20250212,1656,0
2335,146,2,3,Episode 15: Chapter 7,20250219,1673,0
2336,146,2,4,Episode 16: Chapter 8,20250226,1330,0
2337,147,1,1,Episode 01: Chapter 25,20241130,1448,0
2338,147,1,2,Episode 02: Chapter 26,20241207,1465,0
2339,147,1,3,Episode 03: Chapter 27,20241214,1482,0
2340,147,1,4,Episode 04: Chapter 28,20241221,1499,0
2341,147,1,5,Episode 05: Chapter 29,20241228,1516,0
2342,147,1,6,Episode 06: Chapter 30,20250104,1533,1
2343,147,1,7,Episode 07: Chapter 31,20250111,1550,0
2344,147,1,8,Episode 08: Chapter 1,20250118,1567,0
2345,147,1,9,Episode 09: Chapter 2,20250125,1584,0
2346,147,1,10,Episode 10: Chapter 3,20250201,1601,0
2347,147,1,11,Episode 11: Chapter 4,20250208,1618,0
2348,147,1,12,Episode 12: Chapter 5,20250215,1635,0
2349,147,2,1,Episode 13: Chapter 6,20250222,1652,0
2350,147,2,2,Episode 14: Chapter 7,20250301,1669,0
2351,147,2,3,Episode 15: Chapter 8,20250308,1326,0
2352,147,2,4,Episode 16: Chapter 9,20250315,1343,0
2353,148,1,1,Episode 01: Chapter 26,20241217,1461,0
2354,148,1,2,Episode 02: Chapter 27,20241224,1478,0
2355,148,1,3,Episode 03: Chapter 28,20241231,1495,0
2356,148,1,4,Episode 04: Chapter 29,20250107,1512,0
2357,148,1,5,Episode 05: Chapter 30,20250114,1529,1
2358,148,1,6,Episode 06: Chapter 31,20250121,1546,0
2359,148,1,7,Episode 07: Chapter 1,20250128,1563,0
2360,148,1,8,Episode 08: Chapter 2,20250204,1580,0
2361,148,1,9,Episode 09: Chapter 3,20250211,1597,0
2362,148,1,10,Episode 10: Chapter 4,20250218,1614,0
2363,148,1,11,Episode 11: Chapter 5,20250225,1631,0
2364,148,1,12,Episode 12: Chapter 6,20250304,1648,0
2365,148,2,1,Episode 13: Chapter 7,20250311,1665,0
2366,148,2,2,Episode 14: Chapter 8,20250318,1322,0
2367,148,2,3,Episode 15: Chapter 9,20250325,1339,0
2368,148,2,4,Episode 16: Chapter 10,20250401,1356,0
2369,149,1,1,Episode 01: Chapter 27,20250103,1474,0
2370,149,1,2,Episode 02: Chapter 28,20250110,1491,0
2371,149,1,3,Episode 03: Chapter 29,20250117,1508,0
2372,149,1,4,Episode 04: Chapter 30,20250124,1525,1
2373,149,1,5,Episode 05: Chapter 31,20250131,1542,0
2374,149,1,6,Episode 06: Chapter 1,20250207,1559,0
2375,149,1,7,Episode 07: Chapter 2,20250214,1576,0
2376,149,1,8,Episode 08: Chapter 3,20250221,1593,0
2377,149,1,9,Episode 09: Chapter 4,20250228,1610,0
2378,149,1,10,Episode 10: Chapter 5,20250307,1627,0
2379,149,1,11,Episode 11: Chapter 6,20250314,1644,0
2380,149,1,12,Episode 12: Chapter 7,20250321,1661,0
2381,149,2,1,Episode 13: Chapter 8,20250328,1678,0
2382,149,2,2,Episode 14: Chapter 9,20250404,1335,0
2383,149,2,3,Episode 15: Chapter 10,20250411,1352,0
2384,149,2,4,Episode 16: Chapter 11,20250418,1369,0
2385,150,1,1,Episode 01: Chapter 28,20250120,1487,0
2386,150,1,2,Episode 02: Chapter 29,20250127,1504,0
2387,150,1,3,Episode 03: Chapter 30,20250203,1521,1
2388,150,1,4,Episode 04: Chapter 31,20250210,1538,0
2389,150,1,5,Episode 05: Chapter 1,20250217,1555,0
2390,150,1,6,Episode 06: Chapter 2,20250224,1572,0
2391,150,1,7,Episode 07: Chapter 3,20250303,1589,0
2392,150,1,8,Episode 08: Chapter 4,20250310,1606,0
2393,150,1,9,Episode 09: Chapter 5,20250317,1623,0
2394,150,1,10,Episode 10: Chapter 6,20250324,1640,0
2395,150,1,11,Episode 11: Chapter 7,20250331,1657,0
2396,150,1,12,Episode 12: Chapter 8,20250407,1674,0
2397,150,2,1,Episode 13: Chapter 9,20250414,1331,0
2398,150,2,2,Episode 14: Chapter 10,20250421,1348,0
2399,150,2,3,Episode 15: Chapter 11,20250428,1365,0
2400,150,2,4,Episode 16: Chapter 12,20250505,1382,0
2401,151,1,1,Episode 01: Chapter 29,20250206,1500,0
2402,151,1,2,Episode 02: Chapter 30,20250213,1517,1
2403,151,1,3,Episode 03: Chapter 31,20250220,1534,0
2404,151,1,4,Episode 04: Chapter 1,20250227,1551,0
2405,151,1,5,Episode 05: Chapter 2,20250306,1568,0
2406,151,1,6,Episode 06: Chapter 3,20250313,1585,0
2407,151,1,7,Episode 07: Chapter 4,20250320,1602,0
2408,151,1,8,Episode 08: Chapter 5,20250327,1619,0
2409,151,1,9,Episode 09: Chapter 6,20250403,1636,0
2410,151,1,10,Episode 10: Chapter 7,20250410,1653,0
2411,151,1,11,Episode 11: Chapter 8,20250417,1670,0
2412,151,1,12,Episode 12: Chapter 9,20250424,1327,0
2413,151,2,1,Episode 13: Chapter 10,20250501,1344,0
2414,151,2,2,Episode 14: Chapter 11,20250508,1361,0
2415,151,2,3,Episode 15: Chapter 12,20250515,1378,0
2416,151,2,4,Episode 16: Chapter 13,20250522,1395,0
2417,152,1,1,Episode 01: Chapter 30,20250223,1513,1
2418,152,1,2,Episode 02: Chapter 31,20250302,1530,0
2419,152,1,3,Episode 03: Chapter 1,20250309,1547,0
2420,152,1,4,Episode 04: Chapter 2,20250316,1564,0
2421,152,1,5,Episode 05: Chapter 3,20250323,1581,0
2422,152,1,6,Episode 06: Chapter 4,20250330,1598,0
2423,152,1,7,Episode 07: Chapter 5,20250406,1615,0
2424,152,1,8,Episode 08: Chapter 6,20250413,1632,0
2425,152,1,9,Episode 09: Chapter 7,20250420,1649,0
2426,152,1,10,Episode 10: Chapter 8,20250427,1666,0
2427,152,1,11,Episode 11: Chapter 9,20250504,1323,0
2428,152,1,12,Episode 12: Chapter 10,20250511,1340,0
2429,152,2,1,Episode 13: Chapter 11,20250518,1357,0
2430,152,2,2,Episode 14: Chapter 12,20250525,1374,0
2431,152,2,3,Episode 15: Chapter 13,20250601,1391,0
2432,152,2,4,Episode 16: Chapter 14,20250608,1408,0
2433,153,1,1,Episode 01: Chapter 31,20250312,1526,0
2434,153,1,2,Episode 02: Chapter 1,20250319,1543,0
2435,153,1,3,Episode 03: Chapter 2,20250326,1560,0
2436,153,1,4,Episode 04: Chapter 3,20250402,1577,0
2437,153,1,5,Episode 05: Chapter 4,20250409,1594,0
2438,153,1,6,Episode 06: Chapter 5,20250416,1611,0
2439,153,1,7,Episode 07: Chapter 6,20250423,1628,0
2440,153,1,8,Episode 08: Chapter 7,20250430,1645,0
2441,153,1,9,Episode 09: Chapter 8,20250507,1662,0
2442,153,1,10,Episode 10: Chapter 9,20250514,1679,0
2443,153,1,11,Episode 11: Chapter 10,20250521,1336,0
2444,153,1,12,Episode 12: Chapter 11,20250528,1353,0
2445,153,2,1,Episode 13: Chapter 12,20250604,1370,0
2446,153,2,2,Episode 14: Chapter 13,20250611,1387,0
2447,153,2,3,Episode 15: Chapter 14,20250618,1404,0
2448,153,2,4,Episode 16: Chapter 15,20250625,1421,0
2449,154,1,1,Episode 01: Chapter 1,20250329,1539,0
2450,154,1,2,Episode 02: Chapter 2,20250405,1556,0
2451,154,1,3,Episode 03: Chapter 3,20250412,1573,0
2452,154,1,4,Episode 04: Chapter 4,20250419,1590,0
2453,154,1,5,Episode 05: Chapter 5,20250426,1607,0
2454,154,1,6,Episode 06: Chapter 6,20250503,1624,0
2455,154,1,7,Episode 07: Chapter 7,20250510,1641,0
2456,154,1,8,Episode 08: Chapter 8,20250517,1658,0
2457,154,1,9,Episode 09: Chapter 9,20250524,1675,0
2458,154,1,10,Episode 10: Chapter 10,20250531,1332,0
2459,154,1,11,Episode 11: Chapter 11,20250607,1349,0
2460,154,1,12,Episode 12: Chapter 12,20250614,1366,0
2461,154,2,1,Episode 13: Chapter 13,20250621,1383,0
2462,154,2,2,Episode 14: Chapter 14,20250628,1400,0
2463,154,2,3,Episode 15: Chapter 15,20250705,1417,0
2464,154,2,4,Episode 16: Chapter 16,20250712,1434,1
2465,155,1,1,Episode 01: Chapter 2,20250415,1552,0
2466,155,1,2,Episode 02: Chapter 3,20250422,1569,0
2467,155,1,3,Episode 03: Chapter 4,20250429,1586,0
2468,155,1,4,Episode 04: Chapter 5,20250506,1603,0
2469,155,1,5,Episode 05: Chapter 6,20250513,1620,0
2470,155,1,6,Episode 06: Chapter 7,20250520,1637,0
2471,155,1,7,Episode 07: Chapter 8,20250527,1654,0
2472,155,1,8,Episode 08: Chapter 9,20250603,1671,0
2473,155,1,9,Episode 09: Chapter 10,20250610,1328,0
2474,155,1,10,Episode 10: Chapter 11,20250617,1345,0
2475,155,1,11,Episode 11: Chapter 12,20250624,1362,0
2476,155,1,12,Episode 12: Chapter 13,20250701,1379,0
2477,155,2,1,Episode 13: Chapter 14,20250708,1396,0
2478,155,2,2,Episode 14: Chapter 15,20250715,1413,0
2479,155,2,3,Episode 15: Chapter 16,20250722,1430,1
2480,155,2,4,Episode 16: Chapter 17,20250729,1447,0
2481,156,1,1,Episode 01: Chapter 3,20250502,1565,0
2482,156,1,2,Episode 02: Chapter 4,20250509,1582,0
2483,156,1,3,Episode 03: Chapter 5,20250516,1599,0
2484,156,1,4,Episode 04: Chapter 6,20250523,1616,0
2485,156,1,5,Episode 05: Chapter 7,20250530,1633,0
2486,156,1,6,Episode 06: Chapter 8,20250606,1650,0
2487,156,1,7,Episode 07: Chapter 9,20250613,1667,0
2488,156,1,8,Episode 08: Chapter 10,20250620,1324,0
2489,156,1,9,Episode 09: Chapter 11,20250627,1341,0
2490,156,1,10,Episode 10: Chapter 12,20250704,1358,0
2491,156,1,11,Episode 11: Chapter 13,20250711,1375,0
2492,156,1,12,Episode 12: Chapter 14,20250718,1392,0
2493,156,2,1,Episode 13: Chapter 15,20250725,1409,0
2494,156,2,2,Episode 14: Chapter 16,20250801,1426,1
2495,156,2,3,Episode 15: Chapter 17,20250808,1443,0
2496,156,2,4,Episode 16: Chapter 18,20250815,1460,0
2497,157,1,1,Episode 01: Chapter 4,20250519,1578,0
2498,157,1,2,Episode 02: Chapter 5,20250526,1595,0
2499,157,1,3,Episode 03: Chapter 6,20250602,1612,0
2500,157,1,4,Episode 04: Chapter 7,20250609,1629,0
2501,157,1,5,Episode 05: Chapter 8,20250616,1646,0
2502,157,1,6,Episode 06: Chapter 9,20250623,1663,0
2503,157,1,7,Episode 07: Chapter 10,20250630,1320,0
2504,157,1,8,Episode 08: Chapter 11,20250707,1337,0
2505,157,1,9,Episode 09: Chapter 12,20250714,1354,0
2506,157,1,10,Episode 10: Chapter 13,20250721,1371,0
2507,157,1,11,Episode 11: Chapter 14,20250728,1388,0
2508,157,1,12,Episode 12: Chapter 15,20250804,1405,0
2509,157,2,1,Episode 13: Chapter 16,20250811,1422,1
2510,157,2,2,Episode 14: Chapter 17,20250818,1439,0
2511,157,2,3,Episode 15: Chapter 18,20250825,1456,0
2512,157,2,4,Episode 16: Chapter 19,20250901,1473,0
2513,158,1,1,Episode 01: Chapter 5,20250605,1591,0
2514,158,1,2,Episode 02: Chapter 6,20250612,1608,0
2515,158,1,3,Episode 03: Chapter 7,20250619,1625,0
2516,158,1,4,Episode 04: Chapter 8,20250626,1642,0
2517,158,1,5,Episode 05: Chapter 9,20250703,1659,0
2518,158,1,6,Episode 06: Chapter 10,20250710,1676,0
2519,158,1,7,Episode 07: Chapter 11,20250717,1333,0
2520,158,1,8,Episode 08: Chapter 12,20250724,1350,0
2521,158,1,9,Episode 09: Chapter 13,20250731,1367,0
2522,158,1,10,Episode 10: Chapter 14,20250807,1384,0
2523,158,1,11,Episode 11: Chapter 15,20250814,1401,0
2524,158,1,12,Episode 12: Chapter 16,20250821,1418,1
2525,158,2,1,Episode 13: Chapter 17,20250828,1435,0
2526,158,2,2,Episode 14: Chapter 18,20250904,1452,0
2527,158,2,3,Episode 15: Chapter 19,20250911,1469,0
2528,158,2,4,Episode 16: Chapter 20,20250918,1486,0
2529,159,1,1,Episode 01: Chapter 6,20230104,1604,0
2530,159,1,2,Episode 02: Chapter 7,20230111,1621,0
2531,159,1,3,Episode 03: Chapter 8,20230118,1638,0
2532,159,1,4,Episode 04: Chapter 9,20230125,1655,0
2533,159,1,5,Episode 05: Chapter 10,20230201,1672,0
2534,159,1,6,Episode 06: Chapter 11,20230208,1329,0
2535,159,1,7,Episode 07: Chapter 12,20230215,1346,0
2536,159,1,8,Episode 08: Chapter 13,20230222,1363,0
2537,159,1,9,Episode 09: Chapter 14,20230301,1380,0
2538,159,1,10,Episode 10: Chapter 15,20230308,1397,0
2539,159,1,11,Episode 11: Chapter 16,20230315,1414,1
2540,159,1,12,Episode 12: Chapter 17,20230322,1431,0
2541,159,2,1,Episode 13: Chapter 18,20230329,1448,0
2542,159,2,2,Episode 14: Chapter 19,20230405,1465,0
2543,159,2,3,Episode 15: Chapter 20,20230412,1482,0
2544,159,2,4,Episode 16: Chapter 21,20230419,1499,0
2545,160,1,1,Episode 01: Chapter 7,20230121,1617,0
2546,160,1,2,Episode 02: Chapter 8,20230128,1634,0
2547,160,1,3,Episode 03: Chapter 9,20230204,1651,0
2548,160,1,4,Episode 04: Chapter 10,20230211,1668,0
2549,160,1,5,Episode 05: Chapter 11,20230218,1325,0
2550,160,1,6,Episode 06: Chapter 12,20230225,1342,0
2551,160,1,7,Episode 07: Chapter 13,20230304,1359,0
2552,160,1,8,Episode 08: Chapter 14,20230311,1376,0
2553,160,1,9,Episode 09: Chapter 15,20230318,1393,0
2554,160,1,10,Episode 10: Chapter 16,20230325,1410,1
2555,160,1,11,Episode 11: Chapter 17,20230401,1427,0
2556,160,1,12,Episode 12: Chapter 18,20230408,1444,0
2557,160,2,1,Episode 13: Chapter 19,20230415,1461,0
2558,160,2,2,Episode 14: Chapter 20,20230422,1478,0
2559,160,2,3,Episode 15: Chapter 21,20230429,1495,0
2560,160,2,4,Episode 16: Chapter 22,20230506,1512,0
2561,161,1,1,Episode 01: Chapter 8,20230207,1630,0
2562,161,1,2,Episode 02: Chapter 9,20230214,1647,0
2563,161,1,3,Episode 03: Chapter 10,20230221,1664,0
2564,161,1,4,Episode 04: Chapter 11,20230228,1321,0
2565,161,1,5,Episode 05: Chapter 12,20230307,1338,0
2566,161,1,6,Episode 06: Chapter 13,20230314,1355,0
2567,161,1,7,Episode 07: Chapter 14,20230321,1372,0
2568,161,1,8,Episode 08: Chapter 15,20230328,1389,0
2569,161,1,9,Episode 09: Chapter 16,20230404,1406,1
2570,161,1,10,Episode 10: Chapter 17,20230411,1423,0
2571,161,1,11,Episode 11: Chapter 18,20230418,1440,0
2572,161,1,12,Episode 12: Chapter 19,20230425,1457,0
2573,161,2,1,Episode 13: Chapter 20,20230502,1474,0
2574,161,2,2,Episode 14: Chapter 21,20230509,1491,0
2575,161,2,3,Episode 15: Chapter 22,20230516,1508,0
2576,161,2,4,Episode 16: Chapter 23,20230523,1525,0
2577,162,1,1,Episode 01: Chapter 9,20230224,1643,0
2578,162,1,2,Episode 02: Chapter 10,20230303,1660,0
2579,162,1,3,Episode 03: Chapter 11,20230310,1677,0
2580,162,1,4,Episode 04: Chapter 12,20230317,1334,0
2581,162,1,5,Episode 05: Chapter 13,20230324,1351,0
2582,162,1,6,Episode 06: Chapter 14,20230331,1368,0
2583,162,1,7,Episode 07: Chapter 15,20230407,1385,0
2584,162,1,8,Episode 08: Chapter 16,20230414,1402,1
2585,162,1,9,Episode 09: Chapter 17,20230421,1419,0
2586,162,1,10,Episode 10: Chapter 18,20230428,1436,0
2587,162,1,11,Episode 11: Chapter 19,20230505,1453,0
2588,162,1,12,Episode 12: Chapter 20,20230512,1470,0
2589,162,2,1,Episode 13: Chapter 21,20230519,1487,0
2590,162,2,2,Episode 14: Chapter 22,20230526,1504,0
2591,162,2,3,Episode 15: Chapter 23,20230602,1521,0
2592,162,2,4,Episode 16: Chapter 24,20230609,1538,0
2593,163,1,1,Episode 01: Chapter 10,20230313,1656,0
2594,163,1,2,Episode 02: Chapter 11,20230320,1673,0
2595,163,1,3,Episode 03: Chapter 12,20230327,1330,0
2596,163,1,4,Episode 04: Chapter 13,20230403,1347,0
2597,163,1,5,Episode 05: Chapter 14,20230410,1364,0
2598,163,1,6,Episode 06: Chapter 15,20230417,1381,0
2599,163,1,7,Episode 07: Chapter 16,20230424,1398,1
2600,163,1,8,Episode 08: Chapter 17,20230501,1415,0
2601,163,1,9,Episode 09: Chapter 18,20230508,1432,0
2602,163,1,10,Episode 10: Chapter 19,20230515,1449,0
2603,163,1,11,Episode 11: Chapter 20,20230522,1466,0
2604,163,1,12,Episode 12: Chapter 21,20230529,1483,0
2605,163,2,1,Episode 13: Chapter 22,20230605,1500,0
2606,163,2,2,Episode 14: Chapter 23,20230612,1517,0
2607,163,2,3,Episode 15: Chapter 24,20230619,1534,0
2608,163,2,4,Episode 16: Chapter 25,20230626,1551,0
2609,164,1,1,Episode 01: Chapter 11,20230330,1669,0
2610,164,1,2,Episode 02: Chapter 12,20230406,1326,0
2611,164,1,3,Episode 03: Chapter 13,20230413,1343,0
2612,164,1,4,Episode 04: Chapter 14,20230420,1360,0
2613,164,1,5,Episode 05: Chapter 15,20230427,1377,0
2614,164,1,6,Episode 06: Chapter 16,20230504,1394,1
2615,164,1,7,Episode 07: Chapter 17,20230511,1411,0
2616,164,1,8,Episode 08: Chapter 18,20230518,1428,0
2617,164,1,9,Episode 09: Chapter 19,20230525,1445,0
2618,164,1,10,Episode 10: Chapter 20,20230601,1462,0
2619,164,1,11,Episode 11: Chapter 21,20230608,1479,0
2620,164,1,12,Episode 12: Chapter 22,20230615,1496,0
2621,164,2,1,Episode 13: Chapter 23,20230622,1513,0
2622,164,2,2,Episode 14: Chapter 24,20230629,1530,0
2623,164,2,3,Episode 15: Chapter 25,20230706,1547,0
2624,164,2,4,Episode 16: Chapter 26,20230713,1564,0
2625,165,1,1,Episode 01: Chapter 12,20230416,1322,0
2626,165,1,2,Episode 02: Chapter 13,20230423,1339,0
2627,165,1,3,Episode 03: Chapter 14,20230430,1356,0
2628,165,1,4,Episode 04: Chapter 15,20230507,1373,0
2629,165,1,5,Episode 05: Chapter 16,20230514,1390,1
2630,165,1,6,Episode 06: Chapter 17,20230521,1407,0
2631,165,1,7,Episode 07: Chapter 18,20230528,1424,0
2632,165,1,8,Episode 08: Chapter 19,20230604,1441,0
2633,165,1,9,Episode 09: Chapter 20,20230611,1458,0
2634,165,1,10,Episode 10: Chapter 21,20230618,1475,0
2635,165,1,11,Episode 11: Chapter 22,20230625,1492,0
2636,165,1,12,Episode 12: Chapter 23,20230702,1509,0
2637,165,2,1,Episode 13: Chapter 24,20230709,1526,0
2638,165,2,2,Episode 14: Chapter 25,20230716,1543,0
2639,165,2,3,Episode 15: Chapter 26,20230723,1560,0
2640,165,2,4,Episode 16: Chapter 27,20230730,1577,0
2641,166,1,1,Episode 01: Chapter 13,20230503,1335,0
2642,166,1,2,Episode 02: Chapter 14,20230510,1352,0
2643,166,1,3,Episode 03: Chapter 15,20230517,1369,0
2644,166,1,4,Episode 04: Chapter 16,20230524,1386,1
2645,166,1,5,Episode 05: Chapter 17,20230531,1403,0
2646,166,1,6,Episode 06: Chapter 18,20230607,1420,0
2647,166,1,7,Episode 07: Chapter 19,20230614,1437,0
2648,166,1,8,Episode 08: Chapter 20,20230621,1454,0
2649,166,1,9,Episode 09: Chapter 21,20230628,1471,0
2650,166,1,10,Episode 10: Chapter 22,20230705,1488,0
2651,166,1,11,Episode 11: Chapter 23,20230712,1505,0
2652,166,1,12,Episode 12: Chapter 24,20230719,1522,0
2653,166,2,1,Episode 13: Chapter 25,20230726,1539,0
2654,166,2,2,Episode 14: Chapter 26,20230802,1556,0
2655,166,2,3,Episode 15: Chapter 27,20230809,1573,0
2656,166,2,4,Episode 16: Chapter 28,20230816,1590,0
2657,167,1,1,Episode 01: Chapter 14,20230520,1348,0
2658,167,1,2,Episode 02: Chapter 15,20230527,1365,0
2659,167,1,3,Episode 03: Chapter 16,20230603,1382,1
2660,167,1,4,Episode 04: Chapter 17,20230610,1399,0
2661,167,1,5,Episode 05: Chapter 18,20230617,1416,0
2662,167,1,6,Episode 06: Chapter 19,20230624,1433,0
2663,167,1,7,Episode 07: Chapter 20,20230701,1450,0
2664,167,1,8,Episode 08: Chapter 21,20230708,1467,0
2665,167,1,9,Episode 09: Chapter 22,20230715,1484,0
2666,167,1,10,Episode 10: Chapter 23,20230722,1501,0
2667,167,1,11,Episode 11: Chapter 24,20230729,1518,0
2668,167,1,12,Episode 12: Chapter 25,20230805,1535,0
2669,167,2,1,Episode 13: Chapter 26,20230812,1552,0
2670,167,2,2,Episode 14: Chapter 27,20230819,1569,0
2671,167,2,3,Episode 15: Chapter 28,20230826,1586,0
2672,167,2,4,Episode 16: Chapter 29,20230902,1603,0
2673,168,1,1,Episode 01: Chapter 15,20230606,1361,0
2674,168,1,2,Episode 02: Chapter 16,20230613,1378,1
2675,168,1,3,Episode 03: Chapter 17,20230620,1395,0
2676,168,1,4,Episode 04: Chapter 18,20230627,1412,0
2677,168,1,5,Episode 05: Chapter 19,20230704,1429,0
2678,168,1,6,Episode 06: Chapter 20,20230711,1446,0
2679,168,1,7,Episode 07: Chapter 21,20230718,1463,0
2680,168,1,8,Episode 08: Chapter 22,20230725,1480,0
2681,168,1,9,Episode 09: Chapter 23,20230801,1497,0
2682,168,1,10,Episode 10: Chapter 24,20230808,1514,0
2683,168,1,11,Episode 11: Chapter 25,20230815,1531,0
2684,168,1,12,Episode 12: Chapter 26,20230822,1548,0
2685,168,2,1,Episode 13: Chapter 27,20230829,1565,0
2686,168,2,2,Episode 14: Chapter 28,20230905,1582,0
2687,168,2,3,Episode 15: Chapter 29,20230912,1599,0
2688,168,2,4,Episode 16: Chapter 30,20230919,1616,0
2689,169,1,1,Episode 01: Chapter 16,20230623,1374,1
2690,169,1,2,Episode 02: Chapter 17,20230630,1391,0
2691,169,1,3,Episode 03: Chapter 18,20230707,1408,0
2692,169,1,4,Episode 04: Chapter 19,20230714,1425,0
2693,169,1,5,Episode 05: Chapter 20,20230721,1442,0
2694,169,1,6,Episode 06: Chapter 21,20230728,1459,0
2695,169,1,7,Episode 07: Chapter 22,20230804,1476,0
2696,169,1,8,Episode 08: Chapter 23,20230811,1493,0
2697,169,1,9,Episode 09: Chapter 24,20230818,1510,0
2698,169,1,10,Episode 10: Chapter 25,20230825,1527,0
2699,169,1,11,Episode 11: Chapter 26,20230901,1544,0
2700,169,1,12,Episode 12: Chapter 27,20230908,1561,0
2701,169,2,1,Episode 13: Chapter 28,20230915,1578,0
2702,169,2,2,Episode 14: Chapter 29,20230922,1595,0
2703,169,2,3,Episode 15: Chapter 30,20230929,1612,0
2704,169,2,4,Episode 16: Chapter 31,20231006,1629,0
2705,170,1,1,Episode 01: Chapter 17,20230710,1387,0
2706,170,1,2,Episode 02: Chapter 18,20230717,1404,0
2707,170,1,3,Episode 03: Chapter 19,20230724,1421,0
2708,170,1,4,Episode 04: Chapter 20,20230731,1438,0
2709,170,1,5,Episode 05: Chapter 21,20230807,1455,0
2710,170,1,6,Episode 06: Chapter 22,20230814,1472,0
2711,170,1,7,Episode 07: Chapter 23,20230821,1489,0
2712,170,1,8,Episode 08: Chapter 24,20230828,1506,0
2713,170,1,9,Episode 09: Chapter 25,20230904,1523,0
2714,170,1,10,Episode 10: Chapter 26,20230911,1540,0
2715,170,1,11,Episode 11: Chapter 27,20230918,1557,0
2716,170,1,12,Episode 12: Chapter 28,20230925,1574,0
2717,170,2,1,Episode 13: Chapter 29,20231002,1591,0
2718,170,2,2,Episode 14: Chapter 30,20231009,1608,0
2719,170,2,3,Episode 15: Chapter 31,20231016,1625,0
2720,170,2,4,Episode 16: Chapter 1,20231023,1642,0
2721,171,1,1,Episode 01: Chapter 18,20230727,1400,0
2722,171,1,2,Episode 02: Chapter 19,20230803,1417,0
2723,171,1,3,Episode 03: Chapter 20,20230810,1434,0
2724,171,1,4,Episode 04: Chapter 21,20230817,1451,0
2725,171,1,5,Episode 05: Chapter 22,20230824,1468,0
2726,171,1,6,Episode 06: Chapter 23,20230831,1485,0
2727,171,1,7,Episode 07: Chapter 24,20230907,1502,0
2728,171,1,8,Episode 08: Chapter 25,20230914,1519,0
2729,171,1,9,Episode 09: Chapter 26,20230921,1536,0
2730,171,1,10,Episode 10: Chapter 27,20230928,1553,0
2731,171,1,11,Episode 11: Chapter 28,20231005,1570,0
2732,171,1,12,Episode 12: Chapter 29,20231012,1587,0
2733,171,2,1,Episode 13: Chapter 30,20231019,1604,0
2734,171,2,2,Episode 14: Chapter 31,20231026,1621,0
2735,171,2,3,Episode 15: Chapter 1,20231102,1638,0
2736,171,2,4,Episode 16: Chapter 2,20231109,1655,1
2737,172,1,1,Episode 01: Chapter 19,20230813,1413,0
2738,172,1,2,Episode 02: Chapter 20,20230820,1430,0
2739,172,1,3,Episode 03: Chapter 21,20230827,1447,0
2740,172,1,4,Episode 04: Chapter 22,20230903,1464,0
2741,172,1,5,Episode 05: Chapter 23,20230910,1481,0
2742,172,1,6,Episode 06: Chapter 24,20230917,1498,0
2743,172,1,7,Episode 07: Chapter 25,20230924,1515,0
2744,172,1,8,Episode 08: Chapter 26,20231001,1532,0
2745,172,1,9,Episode 09: Chapter 27,20231008,1549,0
2746,172,1,10,Episode 10: Chapter 28,20231015,1566,0
2747,172,1,11,Episode 11: Chapter 29,20231022,1583,0
2748,172,1,12,Episode 12: Chapter 30,20231029,1600,0
2749,172,2,1,Episode 13: Chapter 31,20231105,1617,0
2750,172,2,2,Episode 14: Chapter 1,20231112,1634,0
2751,172,2,3,Episode 15: Chapter 2,20231119,1651,1
2752,172,2,4,Episode 16: Chapter 3,20231126,1668,0
2753,173,1,1,Episode 01: Chapter 20,20230830,1426,0
2754,173,1,2,Episode 02: Chapter 21,20230906,1443,0
2755,173,1,3,Episode 03: Chapter 22,20230913,1460,0
2756,173,1,4,Episode 04: Chapter 23,20230920,1477,0
2757,173,1,5,Episode 05: Chapter 24,20230927,1494,0
2758,173,1,6,Episode 06: Chapter 25,20231004,1511,0
2759,173,1,7,Episode 07: Chapter 26,20231011,1528,0
2760,173,1,8,Episode 08: Chapter 27,20231018,1545,0
2761,173,1,9,Episode 09: Chapter 28,20231025,1562,0
2762,173,1,10,Episode 10: Chapter 29,20231101,1579,0
2763,173,1,11,Episode 11: Chapter 30,20231108,1596,0
2764,173,1,12,Episode 12: Chapter 31,20231115,1613,0
2765,173,2,1,Episode 13: Chapter 1,20231122,1630,0
2766,173,2,2,Episode 14: Chapter 2,20231129,1647,1
2767,173,2,3,Episode 15: Chapter 3,20231206,1664,0
2768,173,2,4,Episode 16: Chapter 4,20231213,1321,0
2769,174,1,1,Episode 01: Chapter 21,20230916,1439,0
2770,174,1,2,Episode 02: Chapter 22,20230923,1456,0
2771,174,1,3,Episode 03: Chapter 23,20230930,1473,0
2772,174,1,4,Episode 04: Chapter 24,20231007,1490,0
2773,174,1,5,Episode 05: Chapter 25,20231014,1507,0
2774,174,1,6,Episode 06: Chapter 26,20231021,1524,0
2775,174,1,7,Episode 07: Chapter 27,20231028,1541,0
2776,174,1,8,Episode 08: Chapter 28,20231104,1558,0
2777,174,1,9,Episode 09: Chapter 29,20231111,1575,0
2778,174,1,10,Episode 10: Chapter 30,20231118,1592,0
2779,174,1,11,Episode 11: Chapter 31,20231125,1609,0
2780,174,1,12,Episode 12: Chapter 1,20231202,1626,0
2781,174,2,1,Episode 13: Chapter 2,20231209,1643,1
2782,174,2,2,Episode 14: Chapter 3,20231216,1660,0
2783,174,2,3,Episode 15: Chapter 4,20231223,1677,0
2784,174,2,4,Episode 16: Chapter 5,20231230,1334,0
2785,175,1,1,Episode 01: Chapter 22,20231003,1452,0
2786,175,1,2,Episode 02: Chapter 23,20231010,1469,0
2787,175,1,3,Episode 03: Chapter 24,20231017,1486,0
2788,175,1,4,Episode 04: Chapter 25,20231024,1503,0
2789,175,1,5,Episode 05: Chapter 26,20231031,1520,0
2790,175,1,6,Episode 06: Chapter 27,20231107,1537,0
2791,175,1,7,Episode 07: Chapter 28,20231114,1554,0
2792,175,1,8,Episode 08: Chapter 29,20231121,1571,0
2793,175,1,9,Episode 09: Chapter 30,20231128,1588,0
2794,175,1,10,Episode 10: Chapter 31,20231205,1605,0
2795,175,1,11,Episode 11: Chapter 1,20231212,1622,0
2796,175,1,12,Episode 12: Chapter 2,20231219,1639,1
2797,175,2,1,Episode 13: Chapter 3,20231226,1656,0
2798,175,2,2,Episode 14: Chapter 4,20240102,1673,0
2799,175,2,3,Episode 15: Chapter 5,20240109,1330,0
2800,175,2,4,Episode 16: Chapter 6,20240116,1347,0
2801,176,1,1,Episode 01: Chapter 23,20231020,1465,0
2802,176,1,2,Episode 02: Chapter 24,20231027,1482,0
2803,176,1,3,Episode 03: Chapter 25,20231103,1499,0
2804,176,1,4,Episode 04: Chapter 26,20231110,1516,0
2805,176,1,5,Episode 05: Chapter 27,20231117,1533,0
2806,176,1,6,Episode 06: Chapter 28,20231124,1550,0
2807,176,1,7,Episode 07: Chapter 29,20231201,1567,0
2808,176,1,8,Episode 08: Chapter 30,20231208,1584,0
2809,176,1,9,Episode 09: Chapter 31,20231215,1601,0
2810,176,1,10,Episode 10: Chapter 1,20231222,1618,0
2811,176,1,11,Episode 11: Chapter 2,20231229,1635,1
2812,176,1,12,Episode 12: Chapter 3,20240105,1652,0
2813,176,2,1,Episode 13: Chapter 4,20240112,1669,0
2814,176,2,2,Episode 14: Chapter 5,20240119,1326,0
2815,176,2,3,Episode 15: Chapter 6,20240126,1343,0
2816,176,2,4,Episode 16: Chapter 7,20240202,1360,0
2817,177,1,1,Episode 01: Chapter 24,20231106,1478,0
2818,177,1,2,Episode 02: Chapter 25,20231113,1495,0
2819,177,1,3,Episode 03: Chapter 26,20231120,1512,0
2820,177,1,4,Episode 04: Chapter 27,20231127,1529,0
2821,177,1,5,Episode 05: Chapter 28,20231204,1546,0
2822,177,1,6,Episode 06: Chapter 29,20231211,1563,0
2823,177,1,7,Episode 07: Chapter 30,20231218,1580,0
2824,177,1,8,Episode 08: Chapter 31,20231225,1597,0
2825,177,1,9,Episode 09: Chapter 1,20240101,1614,0
2826,177,1,10,Episode 10: Chapter 2,20240108,1631,1
2827,177,1,11,Episode 11: Chapter 3,20240115,1648,0
2828,177,1,12,Episode 12: Chapter 4,20240122,1665,0
2829,177,2,1,Episode 13: Chapter 5,20240129,1322,0
2830,177,2,2,Episode 14: Chapter 6,20240205,1339,0
2831,177,2,3,Episode 15: Chapter 7,20240212,1356,0
2832,177,2,4,Episode 16: Chapter 8,20240219,1373,0
2833,178,1,1,Episode 01: Chapter 25,20231123,1491,0
2834,178,1,2,Episode 02: Chapter 26,20231130,1508,0
2835,178,1,3,Episode 03: Chapter 27,20231207,1525,0
2836,178,1,4,Episode 04: Chapter 28,20231214,1542,0
2837,178,1,5,Episode 05: Chapter 29,20231221,1559,0
2838,178,1,6,Episode 06: Chapter 30,20231228,1576,0
2839,178,1,7,Episode 07: Chapter 31,20240104,1593,0
2840,178,1,8,Episode 08: Chapter 1,20240111,1610,0
2841,178,1,9,Episode 09: Chapter 2,20240118,1627,1
2842,178,1,10,Episode 10: Chapter 3,20240125,1644,0
2843,178,1,11,Episode 11: Chapter 4,20240201,1661,0
2844,178,1,12,Episode 12: Chapter 5,20240208,1678,0
2845,178,2,1,Episode 13: Chapter 6,20240215,1335,0
2846,178,2,2,Episode 14: Chapter 7,20240222,1352,0
2847,178,2,3,Episode 15: Chapter 8,20240229,1369,0
2848,178,2,4,Episode 16: Chapter 9,20240307,1386,0
2849,179,1,1,Episode 01: Chapter 26,20231210,1504,0
2850,179,1,2,Episode 02: Chapter 27,20231217,1521,0
2851,179,1,3,Episode 03: Chapter 28,20231224,1538,0
2852,179,1,4,Episode 04: Chapter 29,20231231,1555,0
2853,179,1,5,Episode 05: Chapter 30,20240107,1572,0
2854,179,1,6,Episode 06: Chapter 31,20240114,1589,0
2855,179,1,7,Episode 07: Chapter 1,20240121,1606,0
2856,179,1,8,Episode 08: Chapter 2,20240128,1623,1
2857,179,1,9,Episode 09: Chapter 3,20240204,1640,0
2858,179,1,10,Episode 10: Chapter 4,20240211,1657,0
2859,179,1,11,Episode 11: Chapter 5,20240218,1674,0
2860,179,1,12,Episode 12: Chapter 6,20240225,1331,0
2861,179,2,1,Episode 13: Chapter 7,20240303,1348,0
2862,179,2,2,Episode 14: Chapter 8,20240310,1365,0
2863,179,2,3,Episode 15: Chapter 9,20240317,1382,0
2864,179,2,4,Episode 16: Chapter 10,20240324,1399,0
2865,180,1,1,Episode 01: Chapter 27,20231227,1517,0
2866,180,1,2,Episode 02: Chapter 28,20240103,1534,0
2867,180,1,3,Episode 03: Chapter 29,20240110,1551,0
2868,180,1,4,Episode 04: Chapter 30,20240117,1568,0
2869,180,1,5,Episode 05: Chapter 31,20240124,1585,0
2870,180,1,6,Episode 06: Chapter 1,20240131,1602,0
2871,180,1,7,Episode 07: Chapter 2,20240207,1619,1
2872,180,1,8,Episode 08: Chapter 3,20240214,1636,0
2873,180,1,9,Episode 09: Chapter 4,20240221,1653,0
2874,180,1,10,Episode 10: Chapter 5,20240228,1670,0
2875,180,1,11,Episode 11: Chapter 6,20240306,1327,0
2876,180,1,12,Episode 12: Chapter 7,20240313,1344,0
2877,180,2,1,Episode 13: Chapter 8,20240320,1361,0
2878,180,2,2,Episode 14: Chapter 9,20240327,1378,0
2879,180,2,3,Episode 15: Chapter 10,20240403,1395,0
2880,180,2,4,Episode 16: Chapter 11,20240410,1412,0
2881,181,1,1,Episode 01: Chapter 28,20240113,1530,0
2882,181,1,2,Episode 02: Chapter 29,20240120,1547,0
2883,181,1,3,Episode 03: Chapter 30,20240127,1564,0
2884,181,1,4,Episode 04: Chapter 31,20240203,1581,0
2885,181,1,5,Episode 05: Chapter 1,20240210,1598,0
2886,181,1,6,Episode 06: Chapter 2,20240217,1615,1
2887,181,1,7,Episode 07: Chapter 3,20240224,1632,0
2888,181,1,8,Episode 08: Chapter 4,20240302,1649,0
2889,181,1,9,Episode 09: Chapter 5,20240309,1666,0
2890,181,1,10,Episode 10: Chapter 6,20240316,1323,0
2891,181,1,11,Episode 11: Chapter 7,20240323,1340,0
2892,181,1,12,Episode 12: Chapter 8,20240330,1357,0
2893,181,2,1,Episode 13: Chapter 9,20240406,1374,0
2894,181,2,2,Episode 14: Chapter 10,20240413,1391,0
2895,181,2,3,Episode 15: Chapter 11,20240420,1408,0
2896,181,2,4,Episode 16: Chapter 12,20240427,1425,0
2897,182,1,1,Episode 01: Chapter 29,20240130,1543,0
2898,182,1,2,Episode 02: Chapter 30,20240206,1560,0
2899,182,1,3,Episode 03: Chapter 31,20240213,1577,0
2900,182,1,4,Episode 04: Chapter 1,20240220,1594,0
2901,182,1,5,Episode 05: Chapter 2,20240227,1611,1
2902,182,1,6,Episode 06: Chapter 3,20240305,1628,0
2903,182,1,7,Episode 07: Chapter 4,20240312,1645,0
2904,182,1,8,Episode 08: Chapter 5,20240319,1662,0
2905,182,1,9,Episode 09: Chapter 6,20240326,1679,0
2906,182,1,10,Episode 10: Chapter 7,20240402,1336,0
2907,182,1,11,Episode 11: Chapter 8,20240409,1353,0
2908,182,1,12,Episode 12: Chapter 9,20240416,1370,0
2909,182,2,1,Episode 13: Chapter 10,20240423,1387,0
2910,182,2,2,Episode 14: Chapter 11,20240430,1404,0
2911,182,2,3,Episode 15: Chapter 12,20240507,1421,0
2912,182,2,4,Episode 16: Chapter 13,20240514,1438,0
2913,183,1,1,Episode 01: Chapter 30,20240216,1556,0
2914,183,1,2,Episode 02: Chapter 31,20240223,1573,0
2915,183,1,3,Episode 03: Chapter 1,20240301,1590,0
2916,183,1,4,Episode 04: Chapter 2,20240308,1607,1
2917,183,1,5,Episode 05: Chapter 3,20240315,1624,0
2918,183,1,6,Episode 06: Chapter 4,20240322,1641,0
2919,183,1,7,Episode 07: Chapter 5,20240329,1658,0
2920,183,1,8,Episode 08: Chapter 6,20240405,1675,0
2921,183,1,9,Episode 09: Chapter 7,20240412,1332,0
2922,183,1,10,Episode 10: Chapter 8,20240419,1349,0
2923,183,1,11,Episode 11: Chapter 9,20240426,1366,0
2924,183,1,12,Episode 12: Chapter 10,20240503,1383,0
2925,183,2,1,Episode 13: Chapter 11,20240510,1400,0
2926,183,2,2,Episode 14: Chapter 12,20240517,1417,0
2927,183,2,3,Episode 15: Chapter 13,20240524,1434,0
2928,183,2,4,Episode 16: Chapter 14,20240531,1451,0
2929,184,1,1,Episode 01: Chapter 31,20240304,1569,0
2930,184,1,2,Episode 02: Chapter 1,20240311,1586,0
2931,184,1,3,Episode 03: Chapter 2,20240318,1603,1
2932,184,1,4,Episode 04: Chapter 3,20240325,1620,0
2933,184,1,5,Episode 05: Chapter 4,20240401,1637,0
2934,184,1,6,Episode 06: Chapter 5,20240408,1654,0
2935,184,1,7,Episode 07: Chapter 6,20240415,1671,0
2936,184,1,8,Episode 08: Chapter 7,20240422,1328,0
2937,184,1,9,Episode 09: Chapter 8,20240429,1345,0
2938,184,1,10,Episode 10: Chapter 9,20240506,1362,0
2939,184,1,11,Episode 11: Chapter 10,20240513,1379,0
2940,184,1,12,Episode 12: Chapter 11,20240520,1396,0
2941,184,2,1,Episode 13: Chapter 12,20240527,1413,0
2942,184,2,2,Episode 14: Chapter 13,20240603,1430,0
2943,184,2,3,Episode 15: Chapter 14,20240610,1447,0
2944,184,2,4,Episode 16: Chapter 15,20240617,1464,0
2945,185,1,1,Episode 01: Chapter 1,20240321,1582,0
2946,185,1,2,Episode 02: Chapter 2,20240328,1599,1
2947,185,1,3,Episode 03: Chapter 3,20240404,1616,0
2948,185,1,4,Episode 04: Chapter 4,20240411,1633,0
2949,185,1,5,Episode 05: Chapter 5,20240418,1650,0
2950,185,1,6,Episode 06: Chapter 6,20240425,1667,0
2951,185,1,7,Episode 07: Chapter 7,20240502,1324,0
2952,185,1,8,Episode 08: Chapter 8,20240509,1341,0
2953,185,1,9,Episode 09: Chapter 9,20240516,1358,0
2954,185,1,10,Episode 10: Chapter 10,20240523,1375,0
2955,185,1,11,Episode 11: Chapter 11,20240530,1392,0
2956,185,1,12,Episode 12: Chapter 12,20240606,1409,0
2957,185,2,1,Episode 13: Chapter 13,20240613,1426,0
2958,185,2,2,Episode 14: Chapter 14,20240620,1443,0
2959,185,2,3,Episode 15: Chapter 15,20240627,1460,0
2960,185,2,4,Episode 16: Chapter 16,20240704,1477,0
2961,186,1,1,Episode 01: Chapter 2,20240407,1595,1
2962,186,1,2,Episode 02: Chapter 3,20240414,1612,0
2963,186,1,3,Episode 03: Chapter 4,20240421,1629,0
2964,186,1,4,Episode 04: Chapter 5,20240428,1646,0
2965,186,1,5,Episode 05: Chapter 6,20240505,1663,0
2966,186,1,6,Episode 06: Chapter 7,20240512,1320,0
2967,186,1,7,Episode 07: Chapter 8,20240519,1337,0
2968,186,1,8,Episode 08: Chapter 9,20240526,1354,0
2969,186,1,9,Episode 09: Chapter 10,20240602,1371,0
2970,186,1,10,Episode 10: Chapter 11,20240609,1388,0
2971,186,1,11,Episode 11: Chapter 12,20240616,1405,0
2972,186,1,12,Episode 12: Chapter 13,20240623,1422,0
2973,186,2,1,Episode 13: Chapter 14,20240630,1439,0
2974,186,2,2,Episode 14: Chapter 15,20240707,1456,0
2975,186,2,3,Episode 15: Chapter 16,20240714,1473,0
2976,186,2,4,Episode 16: Chapter 17,20240721,1490,0
2977,187,1,1,Episode 01: Chapter 3,20240424,1608,0
2978,187,1,2,Episode 02: Chapter 4,20240501,1625,0
2979,187,1,3,Episode 03: Chapter 5,20240508,1642,0
2980,187,1,4,Episode 04: Chapter 6,20240515,1659,0
2981,187,1,5,Episode 05: Chapter 7,20240522,1676,0
2982,187,1,6,Episode 06: Chapter 8,20240529,1333,0
2983,187,1,7,Episode 07: Chapter 9,20240605,1350,0
2984,187,1,8,Episode 08: Chapter 10,20240612,1367,0
2985,187,1,9,Episode 09: Chapter 11,20240619,1384,0
2986,187,1,10,Episode 10: Chapter 12,20240626,1401,0
2987,187,1,11,Episode 11: Chapter 13,20240703,1418,0
2988,187,1,12,Episode 12: Chapter 14,20240710,1435,0
2989,187,2,1,Episode 13: Chapter 15,20240717,1452,0
2990,187,2,2,Episode 14: Chapter 16,20240724,1469,0
2991,187,2,3,Episode 15: Chapter 17,20240731,1486,0
2992,187,2,4,Episode 16: Chapter 18,20240807,1503,0
2993,188,1,1,Episode 01: Chapter 4,20240511,1621,0
2994,188,1,2,Episode 02: Chapter 5,20240518,1638,0
2995,188,1,3,Episode 03: Chapter 6,20240525,1655,0
2996,188,1,4,Episode 04: Chapter 7,20240601,1672,0
2997,188,1,5,Episode 05: Chapter 8,20240608,1329,0
2998,188,1,6,Episode 06: Chapter 9,20240615,1346,0
2999,188,1,7,Episode 07: Chapter 10,20240622,1363,0
3000,188,1,8,Episode 08: Chapter 11,20240629,1380,0
3001,188,1,9,Episode 09: Chapter 12,20240706,1397,0
3002,188,1,10,Episode 10: Chapter 13,20240713,1414,0
3003,188,1,11,Episode 11: Chapter 14,20240720,1431,0
3004,188,1,12,Episode 12: Chapter 15,20240727,1448,0
3005,188,2,1,Episode 13: Chapter 16,20240803,1465,0
3006,188,2,2,Episode 14: Chapter 17,20240810,1482,0
3007,188,2,3,Episode 15: Chapter 18,20240817,1499,0
3008,188,2,4,Episode 16: Chapter 19,20240824,1516,1
3009,189,1,1,Episode 01: Chapter 5,20240528,1634,0
3010,189,1,2,Episode 02: Chapter 6,20240604,1651,0
3011,189,1,3,Episode 03: Chapter 7,20240611,1668,0
3012,189,1,4,Episode 04: Chapter 8,20240618,1325,0
3013,189,1,5,Episode 05: Chapter 9,20240625,1342,0
3014,189,1,6,Episode 06: Chapter 10,20240702,1359,0
3015,189,1,7,Episode 07: Chapter 11,20240709,1376,0
3016,189,1,8,Episode 08: Chapter 12,20240716,1393,0
3017,189,1,9,Episode 09: Chapter 13,20240723,1410,0
3018,189,1,10,Episode 10: Chapter 14,20240730,1427,0
3019,189,1,11,Episode 11: Chapter 15,20240806,1444,0
3020,189,1,12,Episode 12: Chapter 16,20240813,1461,0
3021,189,2,1,Episode 13: Chapter 17,20240820,1478,0
3022,189,2,2,Episode 14: Chapter 18,20240827,1495,0
3023,189,2,3,Episode 15: Chapter 19,20240903,1512,1
3024,189,2,4,Episode 16: Chapter 20,20240910,1529,0
3025,190,1,1,Episode 01: Chapter 6,20240614,1647,0
3026,190,1,2,Episode 02: Chapter 7,20240621,1664,0
3027,190,1,3,Episode 03: Chapter 8,20240628,1321,0
3028,190,1,4,Episode 04: Chapter 9,20240705,1338,0
3029,190,1,5,Episode 05: Chapter 10,20240712,1355,0
3030,190,1,6,Episode 06: Chapter 11,20240719,1372,0
3031,190,1,7,Episode 07: Chapter 12,20240726,1389,0
3032,190,1,8,Episode 08: Chapter 13,20240802,1406,0
3033,190,1,9,Episode 09: Chapter 14,20240809,1423,0
3034,190,1,10,Episode 10: Chapter 15,20240816,1440,0
3035,190,1,11,Episode 11: Chapter 16,20240823,1457,0
3036,190,1,12,Episode 12: Chapter 17,20240830,1474,0
3037,190,2,1,Episode 13: Chapter 18,20240906,1491,0
3038,190,2,2,Episode 14: Chapter 19,20240913,1508,1
3039,190,2,3,Episode 15: Chapter 20,20240920,1525,0
3040,190,2,4,Episode 16: Chapter 21,20240927,1542,0
3041,191,1,1,Episode 01: Chapter 7,20240701,1660,0
3042,191,1,2,Episode 02: Chapter 8,20240708,1677,0
3043,191,1,3,Episode 03: Chapter 9,20240715,1334,0
3044,191,1,4,Episode 04: Chapter 10,20240722,1351,0
3045,191,1,5,Episode 05: Chapter 11,20240729,1368,0
3046,191,1,6,Episode 06: Chapter 12,20240805,1385,0
3047,191,1,7,Episode 07: Chapter 13,20240812,1402,0
3048,191,1,8,Episode 08: Chapter 14,20240819,1419,0
3049,191,1,9,Episode 09: Chapter 15,20240826,1436,0
3050,191,1,10,Episode 10: Chapter 16,20240902,1453,0
3051,191,1,11,Episode 11: Chapter 17,20240909,1470,0
3052,191,1,12,Episode 12: Chapter 18,20240916,1487,0
3053,191,2,1,Episode 13: Chapter 19,20240923,1504,1
3054,191,2,2,Episode 14: Chapter 20,20240930,1521,0
3055,191,2,3,Episode 15: Chapter 21,20241007,1538,0
3056,191,2,4,Episode 16: Chapter 22,20241014,1555,0
3057,192,1,1,Episode 01: Chapter 8,20240718,1673,0
3058,192,1,2,Episode 02: Chapter 9,20240725,1330,0
3059,192,1,3,Episode 03: Chapter 10,20240801,1347,0
3060,192,1,4,Episode 04: Chapter 11,20240808,1364,0
3061,192,1,5,Episode 05: Chapter 12,20240815,1381,0
3062,192,1,6,Episode 06: Chapter 13,20240822,1398,0
3063,192,1,7,Episode 07: Chapter 14,20240829,1415,0
3064,192,1,8,Episode 08: Chapter 15,20240905,1432,0
3065,192,1,9,Episode 09: Chapter 16,20240912,1449,0
3066,192,1,10,Episode 10: Chapter 17,20240919,1466,0
3067,192,1,11,Episode 11: Chapter 18,20240926,1483,0
3068,192,1,12,Episode 12: Chapter 19,20241003,1500,1
3069,192,2,1,Episode 13: Chapter 20,20241010,1517,0
3070,192,2,2,Episode 14: Chapter 21,20241017,1534,0
3071,192,2,3,Episode 15: Chapter 22,20241024,1551,0
3072,192,2,4,Episode 16: Chapter 23,20241031,1568,0
3073,193,1,1,Episode 01: Chapter 9,20240804,1326,0
3074,193,1,2,Episode 02: Chapter 10,20240811,1343,0
3075,193,1,3,Episode 03: Chapter 11,20240818,1360,0
3076,193,1,4,Episode 04: Chapter 12,20240825,1377,0
3077,193,1,5,Episode 05: Chapter 13,20240901,1394,0
3078,193,1,6,Episode 06: Chapter 14,20240908,1411,0
3079,193,1,7,Episode 07: Chapter 15,20240915,1428,0
3080,193,1,8,Episode 08: Chapter 16,20240922,1445,0
3081,193,1,9,Episode 09: Chapter 17,20240929,1462,0
3082,193,1,10,Episode 10: Chapter 18,20241006,1479,0
3083,193,1,11,Episode 11: Chapter 19,20241013,1496,1
3084,193,1,12,Episode 12: Chapter 20,20241020,1513,0
3085,193,2,1,Episode 13: Chapter 21,20241027,1530,0
3086,193,2,2,Episode 14: Chapter 22,20241103,1547,0
3087,193,2,3,Episode 15: Chapter 23,20241110,1564,0
3088,193,2,4,Episode 16: Chapter 24,20241117,1581,0
3089,194,1,1,Episode 01: Chapter 10,20240821,1339,0
3090,194,1,2,Episode 02: Chapter 11,20240828,1356,0
3091,194,1,3,Episode 03: Chapter 12,20240904,1373,0
3092,194,1,4,Episode 04: Chapter 13,20240911,1390,0
3093,194,1,5,Episode 05: Chapter 14,20240918,1407,0
3094,194,1,6,Episode 06: Chapter 15,20240925,1424,0
3095,194,1,7,Episode 07: Chapter 16,20241002,1441,0
3096,194,1,8,Episode 08: Chapter 17,20241009,1458,0
3097,194,1,9,Episode 09: Chapter 18,20241016,1475,0
3098,194,1,10,Episode 10: Chapter 19,20241023,1492,1
3099,194,1,11,Episode 11: Chapter 20,20241030,1509,0
3100,194,1,12,Episode 12: Chapter 21,20241106,1526,0
3101,194,2,1,Episode 13: Chapter 22,20241113,1543,0
3102,194,2,2,Episode 14: Chapter 23,20241120,1560,0
3103,194,2,3,Episode 15: Chapter 24,20241127,1577,0
3104,194,2,4,Episode 16: Chapter 25,20241204,1594,0
3105,195,1,1,Episode 01: Chapter 11,20240907,1352,0
3106,195,1,2,Episode 02: Chapter 12,20240914,1369,0
3107,195,1,3,Episode 03: Chapter 13,20240921,1386,0
3108,195,1,4,Episode 04: Chapter 14,20240928,1403,0
3109,195,1,5,Episode 05: Chapter 15,20241005,1420,0
3110,195,1,6,Episode 06: Chapter 16,20241012,1437,0
3111,195,1,7,Episode 07: Chapter 17,20241019,1454,0
3112,195,1,8,Episode 08: Chapter 18,20241026,1471,0
3113,195,1,9,Episode 09: Chapter 19,20241102,1488,1
3114,195,1,10,Episode 10: Chapter 20,20241109,1505,0
3115,195,1,11,Episode 11: Chapter 21,20241116,1522,0
3116,195,1,12,Episode 12: Chapter 22,20241123,1539,0
3117,195,2,1,Episode 13: Chapter 23,20241130,1556,0
3118,195,2,2,Episode 14: Chapter 24,20241207,1573,0
3119,195,2,3,Episode 15: Chapter 25,20241214,1590,0
3120,195,2,4,Episode 16: Chapter 26,20241221,1607,0
3121,196,1,1,Episode 01: Chapter 12,20240924,1365,0
3122,196,1,2,Episode 02: Chapter 13,20241001,1382,0
3123,196,1,3,Episode 03: Chapter 14,20241008,1399,0
3124,196,1,4,Episode 04: Chapter 15,20241015,1416,0
3125,196,1,5,Episode 05: Chapter 16,20241022,1433,0
3126,196,1,6,Episode 06: Chapter 17,20241029,1450,0
3127,196,1,7,Episode 07: Chapter 18,20241105,1467,0
3128,196,1,8,Episode 08: Chapter 19,20241112,1484,1
3129,196,1,9,Episode 09: Chapter 20,20241119,1501,0
3130,196,1,10,Episode 10: Chapter 21,20241126,1518,0
3131,196,1,11,Episode 11: Chapter 22,20241203,1535,0
3132,196,1,12,Episode 12: Chapter 23,20241210,1552,0
3133,196,2,1,Episode 13: Chapter 24,20241217,1569,0
3134,196,2,2,Episode 14: Chapter 25,20241224,1586,0
3135,196,2,3,Episode 15: Chapter 26,20241231,1603,0
3136,196,2,4,Episode 16: Chapter 27,20250107,1620,0
3137,197,1,1,Episode 01: Chapter 13,20241011,1378,0
3138,197,1,2,Episode 02: Chapter 14,20241018,1395,0
3139,197,1,3,Episode 03: Chapter 15,20241025,1412,0
3140,197,1,4,Episode 04: Chapter 16,20241101,1429,0
3141,197,1,5,Episode 05: Chapter 17,20241108,1446,0
3142,197,1,6,Episode 06: Chapter 18,20241115,1463,0
3143,197,1,7,Episode 07: Chapter 19,20241122,1480,1
3144,197,1,8,Episode 08: Chapter 20,20241129,1497,0
3145,197,1,9,Episode 09: Chapter 21,20241206,1514,0
3146,197,1,10,Episode 10: Chapter 22,20241213,1531,0
3147,197,1,11,Episode 11: Chapter 23,20241220,1548,0
3148,197,1,12,Episode 12: Chapter 24,20241227,1565,0
3149,197,2,1,Episode 13: Chapter 25,20250103,1582,0
3150,197,2,2,Episode 14: Chapter 26,20250110,1599,0
3151,197,2,3,Episode 15: Chapter 27,20250117,1616,0
3152,197,2,4,Episode 16: Chapter 28,20250124,1633,0
3153,198,1,1,Episode 01: Chapter 14,20241028,1391,0
3154,198,1,2,Episode 02: Chapter 15,20241104,1408,0
3155,198,1,3,Episode 03: Chapter 16,20241111,1425,0
3156,198,1,4,Episode 04: Chapter 17,20241118,1442,0
3157,198,1,5,Episode 05: Chapter 18,20241125,1459,0
3158,198,1,6,Episode 06: Chapter 19,20241202,1476,1
3159,198,1,7,Episode 07: Chapter 20,20241209,1493,0
3160,198,1,8,Episode 08: Chapter 21,20241216,1510,0
3161,198,1,9,Episode 09: Chapter 22,20241223,1527,0
3162,198,1,10,Episode 10: Chapter 23,20241230,1544,0
3163,198,1,11,Episode 11: Chapter 24,20250106,1561,0
3164,198,1,12,Episode 12: Chapter 25,20250113,1578,0
3165,198,2,1,Episode 13: Chapter 26,20250120,1595,0
3166,198,2,2,Episode 14: Chapter 27,20250127,1612,0
3167,198,2,3,Episode 15: Chapter 28,20250203,1629,0
3168,198,2,4,Episode 16: Chapter 29,20250210,1646,0
3169,199,1,1,Episode 01: Chapter 15,20241114,1404,0
3170,199,1,2,Episode 02: Chapter 16,20241121,1421,0
3171,199,1,3,Episode 03: Chapter 17,20241128,1438,0
3172,199,1,4,Episode 04: Chapter 18,20241205,1455,0
3173,199,1,5,Episode 05: Chapter 19,20241212,1472,1
3174,199,1,6,Episode 06: Chapter 20,20241219,1489,0
3175,199,1,7,Episode 07: Chapter 21,20241226,1506,0
3176,199,1,8,Episode 08: Chapter 22,20250102,1523,0
3177,199,1,9,Episode 09: Chapter 23,20250109,1540,0
3178,199,1,10,Episode 10: Chapter 24,20250116,1557,0
3179,199,1,11,Episode 11: Chapter 25,20250123,1574,0
3180,199,1,12,Episode 12: Chapter 26,20250130,1591,0
3181,199,2,1,Episode 13: Chapter 27,20250206,1608,0
3182,199,2,2,Episode 14: Chapter 28,20250213,1625,0
3183,199,2,3,Episode 15: Chapter 29,20250220,1642,0
3184,199,2,4,Episode 16: Chapter 30,20250227,1659,0
3185,200,1,1,Episode 01: Chapter 16,20241201,1417,0
3186,200,1,2,Episode 02: Chapter 17,20241208,1434,0
3187,200,1,3,Episode 03: Chapter 18,20241215,1451,0
3188,200,1,4,Episode 04: Chapter 19,20241222,1468,1
3189,200,1,5,Episode 05: Chapter 20,20241229,1485,0
3190,200,1,6,Episode 06: Chapter 21,20250105,1502,0
3191,200,1,7,Episode 07: Chapter 22,20250112,1519,0
3192,200,1,8,Episode 08: Chapter 23,20250119,1536,0
3193,200,1,9,Episode 09: Chapter 24,20250126,1553,0
3194,200,1,10,Episode 10: Chapter 25,20250202,1570,0
3195,200,1,11,Episode 11: Chapter 26,20250209,1587,0
3196,200,1,12,Episode 12: Chapter 27,20250216,1604,0
3197,200,2,1,Episode 13: Chapter 28,20250223,1621,0
3198,200,2,2,Episode 14: Chapter 29,20250302,1638,0
3199,200,2,3,Episode 15: Chapter 30,20250309,1655,0
3200,200,2,4,Episode 16: Chapter 31,20250316,1672,0
3201,201,1,1,Episode 01: Chapter 17,20241218,1430,0
3202,201,1,2,Episode 02: Chapter 18,20241225,1447,0
3203,201,1,3,Episode 03: Chapter 19,20250101,1464,1
3204,201,1,4,Episode 04: Chapter 20,20250108,1481,0
3205,201,1,5,Episode 05: Chapter 21,20250115,1498,0
3206,201,1,6,Episode 06: Chapter 22,20250122,1515,0
3207,201,1,7,Episode 07: Chapter 23,20250129,1532,0
3208,201,1,8,Episode 08: Chapter 24,20250205,1549,0
3209,201,1,9,Episode 09: Chapter 25,20250212,1566,0
3210,201,1,10,Episode 10: Chapter 26,20250219,1583,0
3211,201,1,11,Episode 11: Chapter 27,20250226,1600,0
3212,201,1,12,Episode 12: Chapter 28,20250305,1617,0
3213,201,2,1,Episode 13: Chapter 29,20250312,1634,0
3214,201,2,2,Episode 14: Chapter 30,20250319,1651,0
3215,201,2,3,Episode 15: Chapter 31,20250326,1668,0
3216,201,2,4,Episode 16: Chapter 1,20250402,1325,0
3217,202,1,1,Episode 01: Chapter 18,20250104,1443,0
3218,202,1,2,Episode 02: Chapter 19,20250111,1460,1
3219,202,1,3,Episode 03: Chapter 20,20250118,1477,0
3220,202,1,4,Episode 04: Chapter 21,20250125,1494,0
3221,202,1,5,Episode 05: Chapter 22,20250201,1511,0
3222,202,1,6,Episode 06: Chapter 23,20250208,1528,0
3223,202,1,7,Episode 07: Chapter 24,20250215,1545,0
3224,202,1,8,Episode 08: Chapter 25,20250222,1562,0
3225,202,1,9,Episode 09: Chapter 26,20250301,1579,0
3226,202,1,10,Episode 10: Chapter 27,20250308,1596,0
3227,202,1,11,Episode 11: Chapter 28,20250315,1613,0
3228,202,1,12,Episode 12: Chapter 29,20250322,1630,0
3229,202,2,1,Episode 13: Chapter 30,20250329,1647,0
3230,202,2,2,Episode 14: Chapter 31,20250405,1664,0
3231,202,2,3,Episode 15: Chapter 1,20250412,1321,0
3232,202,2,4,Episode 16: Chapter 2,20250419,1338,0
3233,203,1,1,Episode 01: Chapter 19,20250121,1456,1
3234,203,1,2,Episode 02: Chapter 20,20250128,1473,0
3235,203,1,3,Episode 03: Chapter 21,20250204,1490,0
3236,203,1,4,Episode 04: Chapter 22,20250211,1507,0
3237,203,1,5,Episode 05: Chapter 23,20250218,1524,0
3238,203,1,6,Episode 06: Chapter 24,20250225,1541,0
3239,203,1,7,Episode 07: Chapter 25,20250304,1558,0
3240,203,1,8,Episode 08: Chapter 26,20250311,1575,0
3241,203,1,9,Episode 09: Chapter 27,20250318,1592,0
3242,203,1,10,Episode 10: Chapter 28,20250325,1609,0
3243,203,1,11,Episode 11: Chapter 29,20250401,1626,0
3244,203,1,12,Episode 12: Chapter 30,20250408,1643,0
3245,203,2,1,Episode 13: Chapter 31,20250415,1660,0
3246,203,2,2,Episode 14: Chapter 1,20250422,1677,0
3247,203,2,3,Episode 15: Chapter 2,20250429,1334,0
3248,203,2,4,Episode 16: Chapter 3,20250506,1351,0
3249,204,1,1,Episode 01: Chapter 20,20250207,1469,0
3250,204,1,2,Episode 02: Chapter 21,20250214,1486,0
3251,204,1,3,Episode 03: Chapter 22,20250221,1503,0
3252,204,1,4,Episode 04: Chapter 23,20250228,1520,0
3253,204,1,5,Episode 05: Chapter 24,20250307,1537,0
3254,204,1,6,Episode 06: Chapter 25,20250314,1554,0
3255,204,1,7,Episode 07: Chapter 26,20250321,1571,0
3256,204,1,8,Episode 08: Chapter 27,20250328,1588,0
3257,204,1,9,Episode 09: Chapter 28,20250404,1605,0
3258,204,1,10,Episode 10: Chapter 29,20250411,1622,0
3259,204,1,11,Episode 11: Chapter 30,20250418,1639,0
3260,204,1,12,Episode 12: Chapter 31,20250425,1656,0
3261,204,2,1,Episode 13: Chapter 1,20250502,1673,0
3262,204,2,2,Episode 14: Chapter 2,20250509,1330,0
3263,204,2,3,Episode 15: Chapter 3,20250516,1347,0
3264,204,2,4,Episode 16: Chapter 4,20250523,1364,0
3265,205,1,1,Episode 01: Chapter 21,20250224,1482,0
3266,205,1,2,Episode 02: Chapter 22,20250303,1499,0
3267,205,1,3,Episode 03: Chapter 23,20250310,1516,0
3268,205,1,4,Episode 04: Chapter 24,20250317,1533,0
3269,205,1,5,Episode 05: Chapter 25,20250324,1550,0
3270,205,1,6,Episode 06: Chapter 26,20250331,1567,0
3271,205,1,7,Episode 07: Chapter 27,20250407,1584,0
3272,205,1,8,Episode 08: Chapter 28,20250414,1601,0
3273,205,1,9,Episode 09: Chapter 29,20250421,1618,0
3274,205,1,10,Episode 10: Chapter 30,20250428,1635,0
3275,205,1,11,Episode 11: Chapter 31,20250505,1652,0
3276,205,1,12,Episode 12: Chapter 1,20250512,1669,0
3277,205,2,1,Episode 13: Chapter 2,20250519,1326,0
3278,205,2,2,Episode 14: Chapter 3,20250526,1343,0
3279,205,2,3,Episode 15: Chapter 4,20250602,1360,0
3280,205,2,4,Episode 16: Chapter 5,20250609,1377,1
3281,206,1,1,Episode 01: Chapter 22,20250313,1495,0
3282,206,1,2,Episode 02: Chapter 23,20250320,1512,0
3283,206,1,3,Episode 03: Chapter 24,20250327,1529,0
3284,206,1,4,Episode 04: Chapter 25,20250403,1546,0
3285,206,1,5,Episode 05: Chapter 26,20250410,1563,0
3286,206,1,6,Episode 06: Chapter 27,20250417,1580,0
3287,206,1,7,Episode 07: Chapter 28,20250424,1597,0
3288,206,1,8,Episode 08: Chapter 29,20250501,1614,0
3289,206,1,9,Episode 09: Chapter 30,20250508,1631,0
3290,206,1,10,Episode 10: Chapter 31,20250515,1648,0
3291,206,1,11,Episode 11: Chapter 1,20250522,1665,0
3292,206,1,12,Episode 12: Chapter 2,20250529,1322,0
3293,206,2,1,Episode 13: Chapter 3,20250605,1339,0
3294,206,2,2,Episode 14: Chapter 4,20250612,1356,0
3295,206,2,3,Episode 15: Chapter 5,20250619,1373,1
3296,206,2,4,Episode 16: Chapter 6,20250626,1390,0
3297,207,1,1,Episode 01: Chapter 23,20250330,1508,0
3298,207,1,2,Episode 02: Chapter 24,20250406,1525,0
3299,207,1,3,Episode 03: Chapter 25,20250413,1542,0
3300,207,1,4,Episode 04: Chapter 26,20250420,1559,0
3301,207,1,5,Episode 05: Chapter 27,20250427,1576,0
3302,207,1,6,Episode 06: Chapter 28,20250504,1593,0
3303,207,1,7,Episode 07: Chapter 29,20250511,1610,0
3304,207,1,8,Episode 08: Chapter 30,20250518,1627,0
3305,207,1,9,Episode 09: Chapter 31,20250525,1644,0
3306,207,1,10,Episode 10: Chapter 1,20250601,1661,0
3307,207,1,11,Episode 11: Chapter 2,20250608,1678,0
3308,207,1,12,Episode 12: Chapter 3,20250615,1335,0
3309,207,2,1,Episode 13: Chapter 4,20250622,1352,0
3310,207,2,2,Episode 14: Chapter 5,20250629,1369,1
3311,207,2,3,Episode 15: Chapter 6,20250706,1386,0
3312,207,2,4,Episode 16: Chapter 7,20250713,1403,0
3313,208,1,1,Episode 01: Chapter 24,20250416,1521,0
3314,208,1,2,Episode 02: Chapter 25,20250423,1538,0
3315,208,1,3,Episode 03: Chapter 26,20250430,1555,0
3316,208,1,4,Episode 04: Chapter 27,20250507,1572,0
3317,208,1,5,Episode 05: Chapter 28,20250514,1589,0
3318,208,1,6,Episode 06: Chapter 29,20250521,1606,0
3319,208,1,7,Episode 07: Chapter 30,20250528,1623,0
3320,208,1,8,Episode 08: Chapter 31,20250604,1640,0
3321,208,1,9,Episode 09: Chapter 1,20250611,1657,0
3322,208,1,10,Episode 10: Chapter 2,20250618,1674,0
3323,208,1,11,Episode 11: Chapter 3,20250625,1331,0
3324,208,1,12,Episode 12: Chapter 4,20250702,1348,0
3325,208,2,1,Episode 13: Chapter 5,20250709,1365,1
3326,208,2,2,Episode 14: Chapter 6,20250716,1382,0
3327,208,2,3,Episode 15: Chapter 7,20250723,1399,0
3328,208,2,4,Episode 16: Chapter 8,20250730,1416,0
3329,209,1,1,Episode 01: Chapter 25,20250503,1534,0
3330,209,1,2,Episode 02: Chapter 26,20250510,1551,0
3331,209,1,3,Episode 03: Chapter 27,20250517,1568,0
3332,209,1,4,Episode 04: Chapter 28,20250524,1585,0
3333,209,1,5,Episode 05: Chapter 29,20250531,1602,0
3334,209,1,6,Episode 06: Chapter 30,20250607,1619,0
3335,209,1,7,Episode 07: Chapter 31,20250614,1636,0
3336,209,1,8,Episode 08: Chapter 1,20250621,1653,0
3337,209,1,9,Episode 09: Chapter 2,20250628,1670,0
3338,209,1,10,Episode 10: Chapter 3,20250705,1327,0
3339,209,1,11,Episode 11: Chapter 4,20250712,1344,0
3340,209,1,12,Episode 12: Chapter 5,20250719,1361,1
3341,209,2,1,Episode 13: Chapter 6,20250726,1378,0
3342,209,2,2,Episode 14: Chapter 7,20250802,1395,0
3343,209,2,3,Episode 15: Chapter 8,20250809,1412,0
3344,209,2,4,Episode 16: Chapter 9,20250816,1429,0
3345,210,1,1,Episode 01: Chapter 26,20250520,1547,0
3346,210,1,2,Episode 02: Chapter 27,20250527,1564,0
3347,210,1,3,Episode 03: Chapter 28,20250603,1581,0
3348,210,1,4,Episode 04: Chapter 29,20250610,1598,0
3349,210,1,5,Episode 05: Chapter 30,20250617,1615,0
3350,210,1,6,Episode 06: Chapter 31,20250624,1632,0
3351,210,1,7,Episode 07: Chapter 1,20250701,1649,0
3352,210,1,8,Episode 08: Chapter 2,20250708,1666,0
3353,210,1,9,Episode 09: Chapter 3,20250715,1323,0
3354,210,1,10,Episode 10: Chapter 4,20250722,1340,0
3355,210,1,11,Episode 11: Chapter 5,20250729,1357,1
3356,210,1,12,Episode 12: Chapter 6,20250805,1374,0
3357,210,2,1,Episode 13: Chapter 7,20250812,1391,0
3358,210,2,2,Episode 14: Chapter 8,20250819,1408,0
3359,210,2,3,Episode 15: Chapter 9,20250826,1425,0
3360,210,2,4,Episode 16: Chapter 10,20250902,1442,0
3361,211,1,1,Episode 01: Chapter 27,20250606,1560,0
3362,211,1,2,Episode 02: Chapter 28,20250613,1577,0
3363,211,1,3,Episode 03: Chapter 29,20250620,1594,0
3364,211,1,4,Episode 04: Chapter 30,20250627,1611,0
3365,211,1,5,Episode 05: Chapter 31,20250704,1628,0
3366,211,1,6,Episode 06: Chapter 1,20250711,1645,0
3367,211,1,7,Episode 07: Chapter 2,20250718,1662,0
3368,211,1,8,Episode 08: Chapter 3,20250725,1679,0
3369,211,1,9,Episode 09: Chapter 4,20250801,1336,0
3370,211,1,10,Episode 10: Chapter 5,20250808,1353,1
3371,211,1,11,Episode 11: Chapter 6,20250815,1370,0
3372,211,1,12,Episode 12: Chapter 7,20250822,1387,0
3373,211,2,1,Episode 13: Chapter 8,20250829,1404,0
3374,211,2,2,Episode 14: Chapter 9,20250905,1421,0
3375,211,2,3,Episode 15: Chapter 10,20250912,1438,0
3376,211,2,4,Episode 16: Chapter 11,20250919,1455,0
3377,212,1,1,Episode 01: Chapter 28,20230105,1573,0
3378,212,1,2,Episode 02: Chapter 29,20230112,1590,0
3379,212,1,3,Episode 03: Chapter 30,20230119,1607,0
3380,212,1,4,Episode 04: Chapter 31,20230126,1624,0
3381,212,1,5,Episode 05: Chapter 1,20230202,1641,0
3382,212,1,6,Episode 06: Chapter 2,20230209,1658,0
3383,212,1,7,Episode 07: Chapter 3,20230216,1675,0
3384,212,1,8,Episode 08: Chapter 4,20230223,1332,0
3385,212,1,9,Episode 09: Chapter 5,20230302,1349,1
3386,212,1,10,Episode 10: Chapter 6,20230309,1366,0
3387,212,1,11,Episode 11: Chapter 7,20230316,1383,0
3388,212,1,12,Episode 12: Chapter 8,20230323,1400,0
3389,212,2,1,Episode 13: Chapter 9,20230330,1417,0
3390,212,2,2,Episode 14: Chapter 10,20230406,1434,0
3391,212,2,3,Episode 15: Chapter 11,20230413,1451,0
3392,212,2,4,Episode 16: Chapter 12,20230420,1468,0
3393,213,1,1,Episode 01: Chapter 29,20230122,1586,0
3394,213,1,2,Episode 02: Chapter 30,20230129,1603,0
3395,213,1,3,Episode 03: Chapter 31,20230205,1620,0
3396,213,1,4,Episode 04: Chapter 1,20230212,1637,0
3397,213,1,5,Episode 05: Chapter 2,20230219,1654,0
3398,213,1,6,Episode 06: Chapter 3,20230226,1671,0
3399,213,1,7,Episode 07: Chapter 4,20230305,1328,0
3400,213,1,8,Episode 08: Chapter 5,20230312,1345,1
3401,213,1,9,Episode 09: Chapter 6,20230319,1362,0
3402,213,1,10,Episode 10: Chapter 7,20230326,1379,0
3403,213,1,11,Episode 11: Chapter 8,20230402,1396,0
3404,213,1,12,Episode 12: Chapter 9,20230409,1413,0
3405,213,2,1,Episode 13: Chapter 10,20230416,1430,0
3406,213,2,2,Episode 14: Chapter 11,20230423,1447,0
3407,213,2,3,Episode 15: Chapter 12,20230430,1464,0
3408,213,2,4,Episode 16: Chapter 13,20230507,1481,0
3409,214,1,1,Episode 01: Chapter 30,20230208,1599,0
3410,214,1,2,Episode 02: Chapter 31,20230215,1616,0
3411,214,1,3,Episode 03: Chapter 1,20230222,1633,0
3412,214,1,4,Episode 04: Chapter 2,20230301,1650,0
3413,214,1,5,Episode 05: Chapter 3,20230308,1667,0
3414,214,1,6,Episode 06: Chapter 4,20230315,1324,0
3415,214,1,7,Episode 07: Chapter 5,20230322,1341,1
3416,214,1,8,Episode 08: Chapter 6,20230329,1358,0
3417,214,1,9,Episode 09: Chapter 7,20230405,1375,0
3418,214,1,10,Episode 10: Chapter 8,20230412,1392,0
3419,214,1,11,Episode 11: Chapter 9,20230419,1409,0
3420,214,1,12,Episode 12: Chapter 10,20230426,1426,0
3421,214,2,1,Episode 13: Chapter 11,20230503,1443,0
3422,214,2,2,Episode 14: Chapter 12,20230510,1460,0
3423,214,2,3,Episode 15: Chapter 13,20230517,1477,0
3424,214,2,4,Episode 16: Chapter 14,20230524,1494,0
3425,215,1,1,Episode 01: Chapter 31,20230225,1612,0
3426,215,1,2,Episode 02: Chapter 1,20230304,1629,0
3427,215,1,3,Episode 03: Chapter 2,20230311,1646,0
3428,215,1,4,Episode 04: Chapter 3,20230318,1663,0
3429,215,1,5,Episode 05: Chapter 4,20230325,1320,0
3430,215,1,6,Episode 06: Chapter 5,20230401,1337,1
3431,215,1,7,Episode 07: Chapter 6,20230408,1354,0
3432,215,1,8,Episode 08: Chapter 7,20230415,1371,0
3433,215,1,9,Episode 09: Chapter 8,20230422,1388,0
3434,215,1,10,Episode 10: Chapter 9,20230429,1405,0
3435,215,1,11,Episode 11: Chapter 10,20230506,1422,0
3436,215,1,12,Episode 12: Chapter 11,20230513,1439,0
3437,215,2,1,Episode 13: Chapter 12,20230520,1456,0
3438,215,2,2,Episode 14: Chapter 13,20230527,1473,0
3439,215,2,3,Episode 15: Chapter 14,20230603,1490,0
3440,215,2,4,Episode 16: Chapter 15,20230610,1507,0
3441,216,1,1,Episode 01: Chapter 1,20230314,1625,0
3442,216,1,2,Episode 02: Chapter 2,20230321,1642,0
3443,216,1,3,Episode 03: Chapter 3,20230328,1659,0
3444,216,1,4,Episode 04: Chapter 4,20230404,1676,0
3445,216,1,5,Episode 05: Chapter 5,20230411,1333,1
3446,216,1,6,Episode 06: Chapter 6,20230418,1350,0
3447,216,1,7,Episode 07: Chapter 7,20230425,1367,0
3448,216,1,8,Episode 08: Chapter 8,20230502,1384,0
3449,216,1,9,Episode 09: Chapter 9,20230509,1401,0
3450,216,1,10,Episode 10: Chapter 10,20230516,1418,0
3451,216,1,11,Episode 11: Chapter 11,20230523,1435,0
3452,216,1,12,Episode 12: Chapter 12,20230530,1452,0
3453,216,2,1,Episode 13: Chapter 13,20230606,1469,0
3454,216,2,2,Episode 14: Chapter 14,20230613,1486,0
3455,216,2,3,Episode 15: Chapter 15,20230620,1503,0
3456,216,2,4,Episode 16: Chapter 16,20230627,1520,0
3457,217,1,1,Episode 01: Chapter 2,20230331,1638,0
3458,217,1,2,Episode 02: Chapter 3,20230407,1655,0
3459,217,1,3,Episode 03: Chapter 4,20230414,1672,0
3460,217,1,4,Episode 04: Chapter 5,20230421,1329,1
3461,217,1,5,Episode 05: Chapter 6,20230428,1346,0
3462,217,1,6,Episode 06: Chapter 7,20230505,1363,0
3463,217,1,7,Episode 07: Chapter 8,20230512,1380,0
3464,217,1,8,Episode 08: Chapter 9,20230519,1397,0
3465,217,1,9,Episode 09: Chapter 10,20230526,1414,0
3466,217,1,10,Episode 10: Chapter 11,20230602,1431,0
3467,217,1,11,Episode 11: Chapter 12,20230609,1448,0
3468,217,1,12,Episode 12: Chapter 13,20230616,1465,0
3469,217,2,1,Episode 13: Chapter 14,20230623,1482,0
3470,217,2,2,Episode 14: Chapter 15,20230630,1499,0
3471,217,2,3,Episode 15: Chapter 16,20230707,1516,0
3472,217,2,4,Episode 16: Chapter 17,20230714,1533,0
3473,218,1,1,Episode 01: Chapter 3,20230417,1651,0
3474,218,1,2,Episode 02: Chapter 4,20230424,1668,0
3475,218,1,3,Episode 03: Chapter 5,20230501,1325,1
3476,218,1,4,Episode 04: Chapter 6,20230508,1342,0
3477,218,1,5,Episode 05: Chapter 7,20230515,1359,0
3478,218,1,6,Episode 06: Chapter 8,20230522,1376,0
3479,218,1,7,Episode 07: Chapter 9,20230529,1393,0
3480,218,1,8,Episode 08: Chapter 10,20230605,1410,0
3481,218,1,9,Episode 09: Chapter 11,20230612,1427,0
3482,218,1,10,Episode 10: Chapter 12,20230619,1444,0
3483,218,1,11,Episode 11: Chapter 13,20230626,1461,0
3484,218,1,12,Episode 12: Chapter 14,20230703,1478,0
3485,218,2,1,Episode 13: Chapter 15,20230710,1495,0
3486,218,2,2,Episode 14: Chapter 16,20230717,1512,0
3487,218,2,3,Episode 15: Chapter 17,20230724,1529,0
3488,218,2,4,Episode 16: Chapter 18,20230731,1546,0
3489,219,1,1,Episode 01: Chapter 4,20230504,1664,0
3490,219,1,2,Episode 02: Chapter 5,20230511,1321,1
3491,219,1,3,Episode 03: Chapter 6,20230518,1338,0
3492,219,1,4,Episode 04: Chapter 7,20230525,1355,0
3493,219,1,5,Episode 05: Chapter 8,20230601,1372,0
3494,219,1,6,Episode 06: Chapter 9,20230608,1389,0
3495,219,1,7,Episode 07: Chapter 10,20230615,1406,0
3496,219,1,8,Episode 08: Chapter 11,20230622,1423,0
3497,219,1,9,Episode 09: Chapter 12,20230629,1440,0
3498,219,1,10,Episode 10: Chapter 13,20230706,1457,0
3499,219,1,11,Episode 11: Chapter 14,20230713,1474,0
3500,219,1,12,Episode 12: Chapter 15,20230720,1491,0
3501,219,2,1,Episode 13: Chapter 16,20230727,1508,0
3502,219,2,2,Episode 14: Chapter 17,20230803,1525,0
3503,219,2,3,Episode 15: Chapter 18,20230810,1542,0
3504,219,2,4,Episode 16: Chapter 19,20230817,1559,0
3505,220,1,1,Episode 01: Chapter 5,20230521,1677,1
3506,220,1,2,Episode 02: Chapter 6,20230528,1334,0
3507,220,1,3,Episode 03: Chapter 7,20230604,1351,0
3508,220,1,4,Episode 04: Chapter 8,20230611,1368,0
3509,220,1,5,Episode 05: Chapter 9,20230618,1385,0
3510,220,1,6,Episode 06: Chapter 10,20230625,1402,0
3511,220,1,7,Episode 07: Chapter 11,20230702,1419,0
3512,220,1,8,Episode 08: Chapter 12,20230709,1436,0
3513,220,1,9,Episode 09: Chapter 13,20230716,1453,0
3514,220,1,10,Episode 10: Chapter 14,20230723,1470,0
3515,220,1,11,Episode 11: Chapter 15,20230730,1487,0
3516,220,1,12,Episode 12: Chapter 16,20230806,1504,0
3517,220,2,1,Episode 13: Chapter 17,20230813,1521,0
3518,220,2,2,Episode 14: Chapter 18,20230820,1538,0
3519,220,2,3,Episode 15: Chapter 19,20230827,1555,0
3520,220,2,4,Episode 16: Chapter 20,20230903,1572,0
3521,221,1,1,Episode 01: Chapter 6,20230607,1330,0
3522,221,1,2,Episode 02: Chapter 7,20230614,1347,0
3523,221,1,3,Episode 03: Chapter 8,20230621,1364,0
3524,221,1,4,Episode 04: Chapter 9,20230628,1381,0
3525,221,1,5,Episode 05: Chapter 10,20230705,1398,0
3526,221,1,6,Episode 06: Chapter 11,20230712,1415,0
3527,221,1,7,Episode 07: Chapter 12,20230719,1432,0
3528,221,1,8,Episode 08: Chapter 13,20230726,1449,0
3529,221,1,9,Episode 09: Chapter 14,20230802,1466,0
3530,221,1,10,Episode 10: Chapter 15,20230809,1483,0
3531,221,1,11,Episode 11: Chapter 16,20230816,1500,0
3532,221,1,12,Episode 12: Chapter 17,20230823,1517,0
3533,221,2,1,Episode 13: Chapter 18,20230830,1534,0
3534,221,2,2,Episode 14: Chapter 19,20230906,1551,0
3535,221,2,3,Episode 15: Chapter 20,20230913,1568,0
3536,221,2,4,Episode 16: Chapter 21,20230920,1585,0
3537,222,1,1,Episode 01: Chapter 7,20230624,1343,0
3538,222,1,2,Episode 02: Chapter 8,20230701,1360,0
3539,222,1,3,Episode 03: Chapter 9,20230708,1377,0
3540,222,1,4,Episode 04: Chapter 10,20230715,1394,0
3541,222,1,5,Episode 05: Chapter 11,20230722,1411,0
3542,222,1,6,Episode 06: Chapter 12,20230729,1428,0
3543,222,1,7,Episode 07: Chapter 13,20230805,1445,0
3544,222,1,8,Episode 08: Chapter 14,20230812,1462,0
3545,222,1,9,Episode 09: Chapter 15,20230819,1479,0
3546,222,1,10,Episode 10: Chapter 16,20230826,1496,0
3547,222,1,11,Episode 11: Chapter 17,20230902,1513,0
3548,222,1,12,Episode 12: Chapter 18,20230909,1530,0
3549,222,2,1,Episode 13: Chapter 19,20230916,1547,0
3550,222,2,2,Episode 14: Chapter 20,20230923,1564,0
3551,222,2,3,Episode 15: Chapter 21,20230930,1581,0
3552,222,2,4,Episode 16: Chapter 22,20231007,1598,1
3553,223,1,1,Episode 01: Chapter 8,20230711,1356,0
3554,223,1,2,Episode 02: Chapter 9,20230718,1373,0
3555,223,1,3,Episode 03: Chapter 10,20230725,1390,0
3556,223,1,4,Episode 04: Chapter 11,20230801,1407,0
3557,223,1,5,Episode 05: Chapter 12,20230808,1424,0
3558,223,1,6,Episode 06: Chapter 13,20230815,1441,0
3559,223,1,7,Episode 07: Chapter 14,20230822,1458,0
3560,223,1,8,Episode 08: Chapter 15,20230829,1475,0
3561,223,1,9,Episode 09: Chapter 16,20230905,1492,0
3562,223,1,10,Episode 10: Chapter 17,20230912,1509,0
3563,223,1,11,Episode 11: Chapter 18,20230919,1526,0
3564,223,1,12,Episode 12: Chapter 19,20230926,1543,0
3565,223,2,1,Episode 13: Chapter 20,20231003,1560,0
3566,223,2,2,Episode 14: Chapter 21,20231010,1577,0
3567,223,2,3,Episode 15: Chapter 22,20231017,1594,1
3568,223,2,4,Episode 16: Chapter 23,20231024,1611,0
3569,224,1,1,Episode 01: Chapter 9,20230728,1369,0
3570,224,1,2,Episode 02: Chapter 10,20230804,1386,0
3571,224,1,3,Episode 03: Chapter 11,20230811,1403,0
3572,224,1,4,Episode 04: Chapter 12,20230818,1420,0
3573,224,1,5,Episode 05: Chapter 13,20230825,1437,0
3574,224,1,6,Episode 06: Chapter 14,20230901,1454,0
3575,224,1,7,Episode 07: Chapter 15,20230908,1471,0
3576,224,1,8,Episode 08: Chapter 16,20230915,1488,0
3577,224,1,9,Episode 09: Chapter 17,20230922,1505,0
3578,224,1,10,Episode 10: Chapter 18,20230929,1522,0
3579,224,1,11,Episode 11: Chapter 19,20231006,1539,0
3580,224,1,12,Episode 12: Chapter 20,20231013,1556,0
3581,224,2,1,Episode 13: Chapter 21,20231020,1573,0
3582,224,2,2,Episode 14: Chapter 22,20231027,1590,1
3583,224,2,3,Episode 15: Chapter 23,20231103,1607,0
3584,224,2,4,Episode 16: Chapter 24,20231110,1624,0
3585,225,1,1,Episode 01: Chapter 10,20230814,1382,0
3586,225,1,2,Episode 02: Chapter 11,20230821,1399,0
3587,225,1,3,Episode 03: Chapter 12,20230828,1416,0
3588,225,1,4,Episode 04: Chapter 13,20230904,1433,0
3589,225,1,5,Episode 05: Chapter 14,20230911,1450,0
3590,225,1,6,Episode 06: Chapter 15,20230918,1467,0
3591,225,1,7,Episode 07: Chapter 16,20230925,1484,0
3592,225,1,8,Episode 08: Chapter 17,20231002,1501,0
3593,225,1,9,Episode 09: Chapter 18,20231009,1518,0
3594,225,1,10,Episode 10: Chapter 19,20231016,1535,0
3595,225,1,11,Episode 11: Chapter 20,20231023,1552,0
3596,225,1,12,Episode 12: Chapter 21,20231030,1569,0
3597,225,2,1,Episode 13: Chapter 22,20231106,1586,1
3598,225,2,2,Episode 14: Chapter 23,20231113,1603,0
3599,225,2,3,Episode 15: Chapter 24,20231120,1620,0
3600,225,2,4,Episode 16: Chapter 25,20231127,1637,0
3601,226,1,1,Episode 01: Chapter 11,20230831,1395,0
3602,226,1,2,Episode 02: Chapter 12,20230907,1412,0
3603,226,1,3,Episode 03: Chapter 13,20230914,1429,0
3604,226,1,4,Episode 04: Chapter 14,20230921,1446,0
3605,226,1,5,Episode 05: Chapter 15,20230928,1463,0
3606,226,1,6,Episode 06: Chapter 16,20231005,1480,0
3607,226,1,7,Episode 07: Chapter 17,20231012,1497,0
3608,226,1,8,Episode 08: Chapter 18,20231019,1514,0
3609,226,1,9,Episode 09: Chapter 19,20231026,1531,0
3610,226,1,10,Episode 10: Chapter 20,20231102,1548,0
3611,226,1,11,Episode 11: Chapter 21,20231109,1565,0
3612,226,1,12,Episode 12: Chapter 22,20231116,1582,1
3613,226,2,1,Episode 13: Chapter 23,20231123,1599,0
3614,226,2,2,Episode 14: Chapter 24,20231130,1616,0
3615,226,2,3,Episode 15: Chapter 25,20231207,1633,0
3616,226,2,4,Episode 16: Chapter 26,20231214,1650,0
3617,227,1,1,Episode 01: Chapter 12,20230917,1408,0
3618,227,1,2,Episode 02: Chapter 13,20230924,1425,0
3619,227,1,3,Episode 03: Chapter 14,20231001,1442,0
3620,227,1,4,Episode 04: Chapter 15,20231008,1459,0
3621,227,1,5,Episode 05: Chapter 16,20231015,1476,0
3622,227,1,6,Episode 06: Chapter 17,20231022,1493,0
3623,227,1,7,Episode 07: Chapter 18,20231029,1510,0
3624,227,1,8,Episode 08: Chapter 19,20231105,1527,0
3625,227,1,9,Episode 09: Chapter 20,20231112,1544,0
3626,227,1,10,Episode 10: Chapter 21,20231119,1561,0
3627,227,1,11,Episode 11: Chapter 22,20231126,1578,1
3628,227,1,12,Episode 12: Chapter 23,20231203,1595,0
3629,227,2,1,Episode 13: Chapter 24,20231210,1612,0
3630,227,2,2,Episode 14: Chapter 25,20231217,1629,0
3631,227,2,3,Episode 15: Chapter 26,20231224,1646,0
3632,227,2,4,Episode 16: Chapter 27,20231231,1663,0
3633,228,1,1,Episode 01: Chapter 13,20231004,1421,0
3634,228,1,2,Episode 02: Chapter 14,20231011,1438,0
3635,228,1,3,Episode 03: Chapter 15,20231018,1455,0
3636,228,1,4,Episode 04: Chapter 16,20231025,1472,0
3637,228,1,5,Episode 05: Chapter 17,20231101,1489,0
3638,228,1,6,Episode 06: Chapter 18,20231108,1506,0
3639,228,1,7,Episode 07: Chapter 19,20231115,1523,0
3640,228,1,8,Episode 08: Chapter 20,20231122,1540,0
3641,228,1,9,Episode 09: Chapter 21,20231129,1557,0
3642,228,1,10,Episode 10: Chapter 22,20231206,1574,1
3643,228,1,11,Episode 11: Chapter 23,20231213,1591,0
3644,228,1,12,Episode 12: Chapter 24,20231220,1608,0
3645,228,2,1,Episode 13: Chapter 25,20231227,1625,0
3646,228,2,2,Episode 14: Chapter 26,20240103,1642,0
3647,228,2,3,Episode 15: Chapter 27,20240110,1659,0
3648,228,2,4,Episode 16: Chapter 28,20240117,1676,0
3649,229,1,1,Episode 01: Chapter 14,20231021,1434,0
3650,229,1,2,Episode 02: Chapter 15,20231028,1451,0
3651,229,1,3,Episode 03: Chapter 16,20231104,1468,0
3652,229,1,4,Episode 04: Chapter 17,20231111,1485,0
3653,229,1,5,Episode 05: Chapter 18,20231118,1502,0
3654,229,1,6,Episode 06: Chapter 19,20231125,1519,0
3655,229,1,7,Episode 07: Chapter 20,20231202,1536,0
3656,229,1,8,Episode 08: Chapter 21,20231209,1553,0
3657,229,1,9,Episode 09: Chapter 22,20231216,1570,1
3658,229,1,10,Episode 10: Chapter 23,20231223,1587,0
3659,229,1,11,Episode 11: Chapter 24,20231230,1604,0
3660,229,1,12,Episode 12: Chapter 25,20240106,1621,0
3661,229,2,1,Episode 13: Chapter 26,20240113,1638,0
3662,229,2,2,Episode 14: Chapter 27,20240120,1655,0
3663,229,2,3,Episode 15: Chapter 28,20240127,1672,0
3664,229,2,4,Episode 16: Chapter 29,20240203,1329,0
3665,230,1,1,Episode 01: Chapter 15,20231107,1447,0
3666,230,1,2,Episode 02: Chapter 16,20231114,1464,0
3667,230,1,3,Episode 03: Chapter 17,20231121,1481,0
3668,230,1,4,Episode 04: Chapter 18,20231128,1498,0
3669,230,1,5,Episode 05: Chapter 19,20231205,1515,0
3670,230,1,6,Episode 06: Chapter 20,20231212,1532,0
3671,230,1,7,Episode 07: Chapter 21,20231219,1549,0
3672,230,1,8,Episode 08: Chapter 22,20231226,1566,1
3673,230,1,9,Episode 09: Chapter 23,20240102,1583,0
3674,230,1,10,Episode 10: Chapter 24,20240109,1600,0
3675,230,1,11,Episode 11: Chapter 25,20240116,1617,0
3676,230,1,12,Episode 12: Chapter 26,20240123,1634,0
3677,230,2,1,Episode 13: Chapter 27,20240130,1651,0
3678,230,2,2,Episode 14: Chapter 28,20240206,1668,0
3679,230,2,3,Episode 15: Chapter 29,20240213,1325,0
3680,230,2,4,Episode 16: Chapter 30,20240220,1342,0
3681,231,1,1,Episode 01: Chapter 16,20231124,1460,0
3682,231,1,2,Episode 02: Chapter 17,20231201,1477,0
3683,231,1,3,Episode 03: Chapter 18,20231208,1494,0
3684,231,1,4,Episode 04: Chapter 19,20231215,1511,0
3685,231,1,5,Episode 05: Chapter 20,20231222,1528,0
3686,231,1,6,Episode 06: Chapter 21,20231229,1545,0
3687,231,1,7,Episode 07: Chapter 22,20240105,1562,1
3688,231,1,8,Episode 08: Chapter 23,20240112,1579,0
3689,231,1,9,Episode 09: Chapter 24,20240119,1596,0
3690,231,1,10,Episode 10: Chapter 25,20240126,1613,0
3691,231,1,11,Episode 11: Chapter 26,20240202,1630,0
3692,231,1,12,Episode 12: Chapter 27,20240209,1647,0
3693,231,2,1,Episode 13: Chapter 28,20240216,1664,0
3694,231,2,2,Episode 14: Chapter 29,20240223,1321,0
3695,231,2,3,Episode 15: Chapter 30,20240301,1338,0
3696,231,2,4,Episode 16: Chapter 31,20240308,1355,0
3697,232,1,1,Episode 01: Chapter 17,20231211,1473,0
3698,232,1,2,Episode 02: Chapter 18,20231218,1490,0
3699,232,1,3,Episode 03: Chapter 19,20231225,1507,0
3700,232,1,4,Episode 04: Chapter 20,20240101,1524,0
3701,232,1,5,Episode 05: Chapter 21,20240108,1541,0
3702,232,1,6,Episode 06: Chapter 22,20240115,1558,1
3703,232,1,7,Episode 07: Chapter 23,20240122,1575,0
3704,232,1,8,Episode 08: Chapter 24,20240129,1592,0
3705,232,1,9,Episode 09: Chapter 25,20240205,1609,0
3706,232,1,10,Episode 10: Chapter 26,20240212,1626,0
3707,232,1,11,Episode 11: Chapter 27,20240219,1643,0
3708,232,1,12,Episode 12: Chapter 28,20240226,1660,0
3709,232,2,1,Episode 13: Chapter 29,20240304,1677,0
3710,232,2,2,Episode 14: Chapter 30,20240311,1334,0
3711,232,2,3,Episode 15: Chapter 31,20240318,1351,0
3712,232,2,4,Episode 16: Chapter 1,20240325,1368,0
3713,233,1,1,Episode 01: Chapter 18,20231228,1486,0
3714,233,1,2,Episode 02: Chapter 19,20240104,1503,0
3715,233,1,3,Episode 03: Chapter 20,20240111,1520,0
3716,233,1,4,Episode 04: Chapter 21,20240118,1537,0
3717,233,1,5,Episode 05: Chapter 22,20240125,1554,1
3718,233,1,6,Episode 06: Chapter 23,20240201,1571,0
3719,233,1,7,Episode 07: Chapter 24,20240208,1588,0
3720,233,1,8,Episode 08: Chapter 25,20240215,1605,0
3721,233,1,9,Episode 09: Chapter 26,20240222,1622,0
3722,233,1,10,Episode 10: Chapter 27,20240229,1639,0
3723,233,1,11,Episode 11: Chapter 28,20240307,1656,0
3724,233,1,12,Episode 12: Chapter 29,20240314,1673,0
3725,233,2,1,Episode 13: Chapter 30,20240321,1330,0
3726,233,2,2,Episode 14: Chapter 31,20240328,1347,0
3727,233,2,3,Episode 15: Chapter 1,20240404,1364,0
3728,233,2,4,Episode 16: Chapter 2,20240411,1381,0
3729,234,1,1,Episode 01: Chapter 19,20240114,1499,0
3730,234,1,2,Episode 02: Chapter 20,20240121,1516,0
3731,234,1,3,Episode 03: Chapter 21,20240128,1533,0
3732,234,1,4,Episode 04: Chapter 22,20240204,1550,1
3733,234,1,5,Episode 05: Chapter 23,20240211,1567,0
3734,234,1,6,Episode 06: Chapter 24,20240218,1584,0
3735,234,1,7,Episode 07: Chapter 25,20240225,1601,0
3736,234,1,8,Episode 08: Chapter 26,20240303,1618,0
3737,234,1,9,Episode 09: Chapter 27,20240310,1635,0
3738,234,1,10,Episode 10: Chapter 28,20240317,1652,0
3739,234,1,11,Episode 11: Chapter 29,20240324,1669,0
3740,234,1,12,Episode 12: Chapter 30,20240331,1326,0
3741,234,2,1,Episode 13: Chapter 31,20240407,1343,0
3742,234,2,2,Episode 14: Chapter 1,20240414,1360,0
3743,234,2,3,Episode 15: Chapter 2,20240421,1377,0
3744,234,2,4,Episode 16: Chapter 3,20240428,1394,0
3745,235,1,1,Episode 01: Chapter 20,20240131,1512,0
3746,235,1,2,Episode 02: Chapter 21,20240207,1529,0
3747,235,1,3,Episode 03: Chapter 22,20240214,1546,1
3748,235,1,4,Episode 04: Chapter 23,20240221,1563,0
3749,235,1,5,Episode 05: Chapter 24,20240228,1580,0
3750,235,1,6,Episode 06: Chapter 25,20240306,1597,0
3751,235,1,7,Episode 07: Chapter 26,20240313,1614,0
3752,235,1,8,Episode 08: Chapter 27,20240320,1631,0
3753,235,1,9,Episode 09: Chapter 28,20240327,1648,0
3754,235,1,10,Episode 10: Chapter 29,20240403,1665,0
3755,235,1,11,Episode 11: Chapter 30,20240410,1322,0
3756,235,1,12,Episode 12: Chapter 31,20240417,1339,0
3757,235,2,1,Episode 13: Chapter 1,20240424,1356,0
3758,235,2,2,Episode 14: Chapter 2,20240501,1373,0
3759,235,2,3,Episode 15: Chapter 3,20240508,1390,0
3760,235,2,4,Episode 16: Chapter 4,20240515,1407,0
3761,236,1,1,Episode 01: Chapter 21,20240217,1525,0
3762,236,1,2,Episode 02: Chapter 22,20240224,1542,1
3763,236,1,3,Episode 03: Chapter 23,20240302,1559,0
3764,236,1,4,Episode 04: Chapter 24,20240309,1576,0
3765,236,1,5,Episode 05: Chapter 25,20240316,1593,0
3766,236,1,6,Episode 06: Chapter 26,20240323,1610,0
3767,236,1,7,Episode 07: Chapter 27,20240330,1627,0
3768,236,1,8,Episode 08: Chapter 28,20240406,1644,0
3769,236,1,9,Episode 09: Chapter 29,20240413,1661,0
3770,236,1,10,Episode 10: Chapter 30,20240420,1678,0
3771,236,1,11,Episode 11: Chapter 31,20240427,1335,0
3772,236,1,12,Episode 12: Chapter 1,20240504,1352,0
3773,236,2,1,Episode 13: Chapter 2,20240511,1369,0
3774,236,2,2,Episode 14: Chapter 3,20240518,1386,0
3775,236,2,3,Episode 15: Chapter 4,20240525,1403,0
3776,236,2,4,Episode 16: Chapter 5,20240601,1420,0
3777,237,1,1,Episode 01: Chapter 22,20240305,1538,1
3778,237,1,2,Episode 02: Chapter 23,20240312,1555,0
3779,237,1,3,Episode 03: Chapter 24,20240319,1572,0
3780,237,1,4,Episode 04: Chapter 25,20240326,1589,0
3781,237,1,5,Episode 05: Chapter 26,20240402,1606,0
3782,237,1,6,Episode 06: Chapter 27,20240409,1623,0
3783,237,1,7,Episode 07: Chapter 28,20240416,1640,0
3784,237,1,8,Episode 08: Chapter 29,20240423,1657,0
3785,237,1,9,Episode 09: Chapter 30,20240430,1674,0
3786,237,1,10,Episode 10: Chapter 31,20240507,1331,0
3787,237,1,11,Episode 11: Chapter 1,20240514,1348,0
3788,237,1,12,Episode 12: Chapter 2,20240521,1365,0
3789,237,2,1,Episode 13: Chapter 3,20240528,1382,0
3790,237,2,2,Episode 14: Chapter 4,20240604,1399,0
3791,237,2,3,Episode 15: Chapter 5,20240611,1416,0
3792,237,2,4,Episode 16: Chapter 6,20240618,1433,0
3793,238,1,1,Episode 01: Chapter 23,20240322,1551,0
3794,238,1,2,Episode 02: Chapter 24,20240329,1568,0
3795,238,1,3,Episode 03: Chapter 25,20240405,1585,0
3796,238,1,4,Episode 04: Chapter 26,20240412,1602,0
3797,238,1,5,Episode 05: Chapter 27,20240419,1619,0
3798,238,1,6,Episode 06: Chapter 28,20240426,1636,0
3799,238,1,7,Episode 07: Chapter 29,20240503,1653,0
3800,238,1,8,Episode 08: Chapter 30,20240510,1670,0
3801,238,1,9,Episode 09: Chapter 31,20240517,1327,0
3802,238,1,10,Episode 10: Chapter 1,20240524,1344,0
3803,238,1,11,Episode 11: Chapter 2,20240531,1361,0
3804,238,1,12,Episode 12: Chapter 3,20240607,1378,0
3805,238,2,1,Episode 13: Chapter 4,20240614,1395,0
3806,238,2,2,Episode 14: Chapter 5,20240621,1412,0
3807,238,2,3,Episode 15: Chapter 6,20240628,1429,0
3808,238,2,4,Episode 16: Chapter 7,20240705,1446,0
3809,239,1,1,Episode 01: Chapter 24,20240408,1564,0
3810,239,1,2,Episode 02: Chapter 25,20240415,1581,0
3811,239,1,3,Episode 03: Chapter 26,20240422,1598,0
3812,239,1,4,Episode 04: Chapter 27,20240429,1615,0
3813,239,1,5,Episode 05: Chapter 28,20240506,1632,0
3814,239,1,6,Episode 06: Chapter 29,20240513,1649,0
3815,239,1,7,Episode 07: Chapter 30,20240520,1666,0
3816,239,1,8,Episode 08: Chapter 31,20240527,1323,0
3817,239,1,9,Episode 09: Chapter 1,20240603,1340,0
3818,239,1,10,Episode 10: Chapter 2,20240610,1357,0
3819,239,1,11,Episode 11: Chapter 3,20240617,1374,0
3820,239,1,12,Episode 12: Chapter 4,20240624,1391,0
3821,239,2,1,Episode 13: Chapter 5,20240701,1408,0
3822,239,2,2,Episode 14: Chapter 6,20240708,1425,0
3823,239,2,3,Episode 15: Chapter 7,20240715,1442,0
3824,239,2,4,Episode 16: Chapter 8,20240722,1459,1
3825,240,1,1,Episode 01: Chapter 25,20240425,1577,0
3826,240,1,2,Episode 02: Chapter 26,20240502,1594,0
3827,240,1,3,Episode 03: Chapter 27,20240509,1611,0
3828,240,1,4,Episode 04: Chapter 28,20240516,1628,0
3829,240,1,5,Episode 05: Chapter 29,20240523,1645,0
3830,240,1,6,Episode 06: Chapter 30,20240530,1662,0
3831,240,1,7,Episode 07: Chapter 31,20240606,1679,0
3832,240,1,8,Episode 08: Chapter 1,20240613,1336,0
3833,240,1,9,Episode 09: Chapter 2,20240620,1353,0
3834,240,1,10,Episode 10: Chapter 3,20240627,1370,0
3835,240,1,11,Episode 11: Chapter 4,20240704,1387,0
3836,240,1,12,Episode 12: Chapter 5,20240711,1404,0
3837,240,2,1,Episode 13: Chapter 6,20240718,1421,0
3838,240,2,2,Episode 14: Chapter 7,20240725,1438,0
3839,240,2,3,Episode 15: Chapter 8,20240801,1455,1
3840,240,2,4,Episode 16: Chapter 9,20240808,1472,0
3841,241,1,1,Episode 01: Chapter 26,20240512,1590,0
3842,241,1,2,Episode 02: Chapter 27,20240519,1607,0
3843,241,1,3,Episode 03: Chapter 28,20240526,1624,0
3844,241,1,4,Episode 04: Chapter 29,20240602,1641,0
3845,241,1,5,Episode 05: Chapter 30,20240609,1658,0
3846,241,1,6,Episode 06: Chapter 31,20240616,1675,0
3847,241,1,7,Episode 07: Chapter 1,20240623,1332,0
3848,241,1,8,Episode 08: Chapter 2,20240630,1349,0
3849,241,1,9,Episode 09: Chapter 3,20240707,1366,0
3850,241,1,10,Episode 10: Chapter 4,20240714,1383,0
3851,241,1,11,Episode 11: Chapter 5,20240721,1400,0
3852,241,1,12,Episode 12: Chapter 6,20240728,1417,0
3853,241,2,1,Episode 13: Chapter 7,20240804,1434,0
3854,241,2,2,Episode 14: Chapter 8,20240811,1451,1
3855,241,2,3,Episode 15: Chapter 9,20240818,1468,0
3856,241,2,4,Episode 16: Chapter 10,20240825,1485,0
3857,242,1,1,Episode 01: Chapter 27,20240529,1603,0
3858,242,1,2,Episode 02: Chapter 28,20240605,1620,0
3859,242,1,3,Episode 03: Chapter 29,20240612,1637,0
3860,242,1,4,Episode 04: Chapter 30,20240619,1654,0
3861,242,1,5,Episode 05: Chapter 31,20240626,1671,0
3862,242,1,6,Episode 06: Chapter 1,20240703,1328,0
3863,242,1,7,Episode 07: Chapter 2,20240710,1345,0
3864,242,1,8,Episode 08: Chapter 3,20240717,1362,0
3865,242,1,9,Episode 09: Chapter 4,20240724,1379,0
3866,242,1,10,Episode 10: Chapter 5,20240731,1396,0
3867,242,1,11,Episode 11: Chapter 6,20240807,1413,0
3868,242,1,12,Episode 12: Chapter 7,20240814,1430,0
3869,242,2,1,Episode 13: Chapter 8,20240821,1447,1
3870,242,2,2,Episode 14: Chapter 9,20240828,1464,0
3871,242,2,3,Episode 15: Chapter 10,20240904,1481,0
3872,242,2,4,Episode 16: Chapter 11,20240911,1498,0
3873,243,1,1,Episode 01: Chapter 28,20240615,1616,0
3874,243,1,2,Episode 02: Chapter 29,20240622,1633,0
3875,243,1,3,Episode 03: Chapter 30,20240629,1650,0
3876,243,1,4,Episode 04: Chapter 31,20240706,1667,0
3877,243,1,5,Episode 05: Chapter 1,20240713,1324,0
3878,243,1,6,Episode 06: Chapter 2,20240720,1341,0
3879,243,1,7,Episode 07: Chapter 3,20240727,1358,0
3880,243,1,8,Episode 08: Chapter 4,20240803,1375,0
3881,243,1,9,Episode 09: Chapter 5,20240810,1392,0
3882,243,1,10,Episode 10: Chapter 6,20240817,1409,0
3883,243,1,11,Episode 11: Chapter 7,20240824,1426,0
3884,243,1,12,Episode 12: Chapter 8,20240831,1443,1
3885,243,2,1,Episode 13: Chapter 9,20240907,1460,0
3886,243,2,2,Episode 14: Chapter 10,20240914,1477,0
3887,243,2,3,Episode 15: Chapter 11,20240921,1494,0
3888,243,2,4,Episode 16: Chapter 12,20240928,1511,0
3889,244,1,1,Episode 01: Chapter 29,20240702,1629,0
3890,244,1,2,Episode 02: Chapter 30,20240709,1646,0
3891,244,1,3,Episode 03: Chapter 31,20240716,1663,0
3892,244,1,4,Episode 04: Chapter 1,20240723,1320,0
3893,244,1,5,Episode 05: Chapter 2,20240730,1337,0
3894,244,1,6,Episode 06: Chapter 3,20240806,1354,0
3895,244,1,7,Episode 07: Chapter 4,20240813,1371,0
3896,244,1,8,Episode 08: Chapter 5,20240820,1388,0
3897,244,1,9,Episode 09: Chapter 6,20240827,1405,0
3898,244,1,10,Episode 10: Chapter 7,20240903,1422,0
3899,244,1,11,Episode 11: Chapter 8,20240910,1439,1
3900,244,1,12,Episode 12: Chapter 9,20240917,1456,0
3901,244,2,1,Episode 13: Chapter 10,20240924,1473,0
3902,244,2,2,Episode 14: Chapter 11,20241001,1490,0
3903,244,2,3,Episode 15: Chapter 12,20241008,1507,0
3904,244,2,4,Episode 16: Chapter 13,20241015,1524,0
3905,245,1,1,Episode 01: Chapter 30,20240719,1642,0
3906,245,1,2,Episode 02: Chapter 31,20240726,1659,0
3907,245,1,3,Episode 03: Chapter 1,20240802,1676,0
3908,245,1,4,Episode 04: Chapter 2,20240809,1333,0
3909,245,1,5,Episode 05: Chapter 3,20240816,1350,0
3910,245,1,6,Episode 06: Chapter 4,20240823,1367,0
3911,245,1,7,Episode 07: Chapter 5,20240830,1384,0
3912,245,1,8,Episode 08: Chapter 6,20240906,1401,0
3913,245,1,9,Episode 09: Chapter 7,20240913,1418,0
3914,245,1,10,Episode 10: Chapter 8,20240920,1435,1
3915,245,1,11,Episode 11: Chapter 9,20240927,1452,0
3916,245,1,12,Episode 12: Chapter 10,20241004,1469,0
3917,245,2,1,Episode 13: Chapter 11,20241011,1486,0
3918,245,2,2,Episode 14: Chapter 12,20241018,1503,0
3919,245,2,3,Episode 15: Chapter 13,20241025,1520,0
3920,245,2,4,Episode 16: Chapter 14,20241101,1537,0
3921,246,1,1,Episode 01: Chapter 31,20240805,1655,0
3922,246,1,2,Episode 02: Chapter 1,20240812,1672,0
3923,246,1,3,Episode 03: Chapter 2,20240819,1329,0
3924,246,1,4,Episode 04: Chapter 3,20240826,1346,0
3925,246,1,5,Episode 05: Chapter 4,20240902,1363,0
3926,246,1,6,Episode 06: Chapter 5,20240909,1380,0
3927,246,1,7,Episode 07: Chapter 6,20240916,1397,0
3928,246,1,8,Episode 08: Chapter 7,20240923,1414,0
3929,246,1,9,Episode 09: Chapter 8,20240930,1431,1
3930,246,1,10,Episode 10: Chapter 9,20241007,1448,0
3931,246,1,11,Episode 11: Chapter 10,20241014,1465,0
3932,246,1,12,Episode 12: Chapter 11,20241021,1482,0
3933,246,2,1,Episode 13: Chapter 12,20241028,1499,0
3934,246,2,2,Episode 14: Chapter 13,20241104,1516,0
3935,246,2,3,Episode 15: Chapter 14,20241111,1533,0
3936,246,2,4,Episode 16: Chapter 15,20241118,1550,0
3937,247,1,1,Episode 01: Chapter 1,20240822,1668,0
3938,247,1,2,Episode 02: Chapter 2,20240829,1325,0
3939,247,1,3,Episode 03: Chapter 3,20240905,1342,0
3940,247,1,4,Episode 04: Chapter 4,20240912,1359,0
3941,247,1,5,Episode 05: Chapter 5,20240919,1376,0
3942,247,1,6,Episode 06: Chapter 6,20240926,1393,0
3943,247,1,7,Episode 07: Chapter 7,20241003,1410,0
3944,247,1,8,Episode 08: Chapter 8,20241010,1427,1
3945,247,1,9,Episode 09: Chapter 9,20241017,1444,0
3946,247,1,10,Episode 10: Chapter 10,20241024,1461,0
3947,247,1,11,Episode 11: Chapter 11,20241031,1478,0
3948,247,1,12,Episode 12: Chapter 12,20241107,1495,0
3949,247,2,1,Episode 13: Chapter 13,20241114,1512,0
3950,247,2,2,Episode 14: Chapter 14,20241121,1529,0
3951,247,2,3,Episode 15: Chapter 15,20241128,1546,0
3952,247,2,4,Episode 16: Chapter 16,20241205,1563,0
3953,248,1,1,Episode 01: Chapter 2,20240908,1321,0
3954,248,1,2,Episode 02: Chapter 3,20240915,1338,0
3955,248,1,3,Episode 03: Chapter 4,20240922,1355,0
3956,248,1,4,Episode 04: Chapter 5,20240929,1372,0
3957,248,1,5,Episode 05: Chapter 6,20241006,1389,0
3958,248,1,6,Episode 06: Chapter 7,20241013,1406,0
3959,248,1,7,Episode 07: Chapter 8,20241020,1423,1
3960,248,1,8,Episode 08: Chapter 9,20241027,1440,0
3961,248,1,9,Episode 09: Chapter 10,20241103,1457,0
3962,248,1,10,Episode 10: Chapter 11,20241110,1474,0
3963,248,1,11,Episode 11: Chapter 12,20241117,1491,0
3964,248,1,12,Episode 12: Chapter 13,20241124,1508,0
3965,248,2,1,Episode 13: Chapter 14,20241201,1525,0
3966,248,2,2,Episode 14: Chapter 15,20241208,1542,0
3967,248,2,3,Episode 15: Chapter 16,20241215,1559,0
3968,248,2,4,Episode 16: Chapter 17,20241222,1576,0
3969,249,1,1,Episode 01: Chapter 3,20240925,1334,0
3970,249,1,2,Episode 02: Chapter 4,20241002,1351,0
3971,249,1,3,Episode 03: Chapter 5,20241009,1368,0
3972,249,1,4,Episode 04: Chapter 6,20241016,1385,0
3973,249,1,5,Episode 05: Chapter 7,20241023,1402,0
3974,249,1,6,Episode 06: Chapter 8,20241030,1419,1
3975,249,1,7,Episode 07: Chapter 9,20241106,1436,0
3976,249,1,8,Episode 08: Chapter 10,20241113,1453,0
3977,249,1,9,Episode 09: Chapter 11,20241120,1470,0
3978,249,1,10,Episode 10: Chapter 12,20241127,1487,0
3979,249,1,11,Episode 11: Chapter 13,20241204,1504,0
3980,249,1,12,Episode 12: Chapter 14,20241211,1521,0
3981,249,2,1,Episode 13: Chapter 15,20241218,1538,0
3982,249,2,2,Episode 14: Chapter 16,20241225,1555,0
3983,249,2,3,Episode 15: Chapter 17,20250101,1572,0
3984,249,2,4,Episode 16: Chapter 18,20250108,1589,0
3985,250,1,1,Episode 01: Chapter 4,20241012,1347,0
3986,250,1,2,Episode 02: Chapter 5,20241019,1364,0
3987,250,1,3,Episode 03: Chapter 6,20241026,1381,0
3988,250,1,4,Episode 04: Chapter 7,20241102,1398,0
3989,250,1,5,Episode 05: Chapter 8,20241109,1415,1
3990,250,1,6,Episode 06: Chapter 9,20241116,1432,0
3991,250,1,7,Episode 07: Chapter 10,20241123,1449,0
3992,250,1,8,Episode 08: Chapter 11,20241130,1466,0
3993,250,1,9,Episode 09: Chapter 12,20241207,1483,0
3994,250,1,10,Episode 10: Chapter 13,20241214,1500,0
3995,250,1,11,Episode 11: Chapter 14,20241221,1517,0
3996,250,1,12,Episode 12: Chapter 15,20241228,1534,0
3997,250,2,1,Episode 13: Chapter 16,20250104,1551,0
3998,250,2,2,Episode 14: Chapter 17,20250111,1568,0
3999,250,2,3,Episode 15: Chapter 18,20250118,1585,0
4000,250,2,4,Episode 16: Chapter 19,20250125,1602,0
4001,251,1,1,Episode 01: Chapter 5,20241029,1360,0
4002,251,1,2,Episode 02: Chapter 6,20241105,1377,0
4003,251,1,3,Episode 03: Chapter 7,20241112,1394,0
4004,251,1,4,Episode 04: Chapter 8,20241119,1411,1
4005,251,1,5,Episode 05: Chapter 9,20241126,1428,0
4006,251,1,6,Episode 06: Chapter 10,20241203,1445,0
4007,251,1,7,Episode 07: Chapter 11,20241210,1462,0
4008,251,1,8,Episode 08: Chapter 12,20241217,1479,0
4009,251,1,9,Episode 09: Chapter 13,20241224,1496,0
4010,251,1,10,Episode 10: Chapter 14,20241231,1513,0
4011,251,1,11,Episode 11: Chapter 15,20250107,1530,0
4012,251,1,12,Episode 12: Chapter 16,20250114,1547,0
4013,251,2,1,Episode 13: Chapter 17,20250121,1564,0
4014,251,2,2,Episode 14: Chapter 18,20250128,1581,0
4015,251,2,3,Episode 15: Chapter 19,20250204,1598,0
4016,251,2,4,Episode 16: Chapter 20,20250211,1615,0
4017,252,1,1,Episode 01: Chapter 6,20241115,1373,0
4018,252,1,2,Episode 02: Chapter 7,20241122,1390,0
4019,252,1,3,Episode 03: Chapter 8,20241129,1407,1
4020,252,1,4,Episode 04: Chapter 9,20241206,1424,0
4021,252,1,5,Episode 05: Chapter 10,20241213,1441,0
4022,252,1,6,Episode 06: Chapter 11,20241220,1458,0
4023,252,1,7,Episode 07: Chapter 12,20241227,1475,0
4024,252,1,8,Episode 08: Chapter 13,20250103,1492,0
4025,252,1,9,Episode 09: Chapter 14,20250110,1509,0
4026,252,1,10,Episode 10: Chapter 15,20250117,1526,0
4027,252,1,11,Episode 11: Chapter 16,20250124,1543,0
4028,252,1,12,Episode 12: Chapter 17,20250131,1560,0
4029,252,2,1,Episode 13: Chapter 18,20250207,1577,0
4030,252,2,2,Episode 14: Chapter 19,20250214,1594,0
4031,252,2,3,Episode 15: Chapter 20,20250221,1611,0
4032,252,2,4,Episode 16: Chapter 21,20250228,1628,0
4033,253,1,1,Episode 01: Chapter 7,20241202,1386,0
4034,253,1,2,Episode 02: Chapter 8,20241209,1403,1
4035,253,1,3,Episode 03: Chapter 9,20241216,1420,0
4036,253,1,4,Episode 04: Chapter 10,20241223,1437,0
4037,253,1,5,Episode 05: Chapter 11,20241230,1454,0
4038,253,1,6,Episode 06: Chapter 12,20250106,1471,0
4039,253,1,7,Episode 07: Chapter 13,20250113,1488,0
4040,253,1,8,Episode 08: Chapter 14,20250120,1505,0
4041,253,1,9,Episode 09: Chapter 15,20250127,1522,0
4042,253,1,10,Episode 10: Chapter 16,20250203,1539,0
4043,253,1,11,Episode 11: Chapter 17,20250210,1556,0
4044,253,1,12,Episode 12: Chapter 18,20250217,1573,0
4045,253,2,1,Episode 13: Chapter 19,20250224,1590,0
4046,253,2,2,Episode 14: Chapter 20,20250303,1607,0
4047,253,2,3,Episode 15: Chapter 21,20250310,1624,0
4048,253,2,4,Episode 16: Chapter 22,20250317,1641,0
4049,254,1,1,Episode 01: Chapter 8,20241219,1399,1
4050,254,1,2,Episode 02: Chapter 9,20241226,1416,0
4051,254,1,3,Episode 03: Chapter 10,20250102,1433,0
4052,254,1,4,Episode 04: Chapter 11,20250109,1450,0
4053,254,1,5,Episode 05: Chapter 12,20250116,1467,0
4054,254,1,6,Episode 06: Chapter 13,20250123,1484,0
4055,254,1,7,Episode 07: Chapter 14,20250130,1501,0
4056,254,1,8,Episode 08: Chapter 15,20250206,1518,0
4057,254,1,9,Episode 09: Chapter 16,20250213,1535,0
4058,254,1,10,Episode 10: Chapter 17,20250220,1552,0
4059,254,1,11,Episode 11: Chapter 18,20250227,1569,0
4060,254,1,12,Episode 12: Chapter 19,20250306,1586,0
4061,254,2,1,Episode 13: Chapter 20,20250313,1603,0
4062,254,2,2,Episode 14: Chapter 21,20250320,1620,0
4063,254,2,3,Episode 15: Chapter 22,20250327,1637,0
4064,254,2,4,Episode 16: Chapter 23,20250403,1654,0
4065,255,1,1,Episode 01: Chapter 9,20250105,1412,0
4066,255,1,2,Episode 02: Chapter 10,20250112,1429,0
4067,255,1,3,Episode 03: Chapter 11,20250119,1446,0
4068,255,1,4,Episode 04: Chapter 12,20250126,1463,0
4069,255,1,5,Episode 05: Chapter 13,20250202,1480,0
4070,255,1,6,Episode 06: Chapter 14,20250209,1497,0
4071,255,1,7,Episode 07: Chapter 15,20250216,1514,0
4072,255,1,8,Episode 08: Chapter 16,20250223,1531,0
4073,255,1,9,Episode 09: Chapter 17,20250302,1548,0
4074,255,1,10,Episode 10: Chapter 18,20250309,1565,0
4075,255,1,11,Episode 11: Chapter 19,20250316,1582,0
4076,255,1,12,Episode 12: Chapter 20,20250323,1599,0
4077,255,2,1,Episode 13: Chapter 21,20250330,1616,0
4078,255,2,2,Episode 14: Chapter 22,20250406,1633,0
4079,255,2,3,Episode 15: Chapter 23,20250413,1650,0
4080,255,2,4,Episode 16: Chapter 24,20250420,1667,0
4081,256,1,1,Episode 01: Chapter 10,20250122,1425,0
4082,256,1,2,Episode 02: Chapter 11,20250129,1442,0
4083,256,1,3,Episode 03: Chapter 12,20250205,1459,0
4084,256,1,4,Episode 04: Chapter 13,20250212,1476,0
4085,256,1,5,Episode 05: Chapter 14,20250219,1493,0
4086,256,1,6,Episode 06: Chapter 15,20250226,1510,0
4087,256,1,7,Episode 07: Chapter 16,20250305,1527,0
4088,256,1,8,Episode 08: Chapter 17,20250312,1544,0
4089,256,1,9,Episode 09: Chapter 18,20250319,1561,0
4090,256,1,10,Episode 10: Chapter 19,20250326,1578,0
4091,256,1,11,Episode 11: Chapter 20,20250402,1595,0
4092,256,1,12,Episode 12: Chapter 21,20250409,1612,0
4093,256,2,1,Episode 13: Chapter 22,20250416,1629,0
4094,256,2,2,Episode 14: Chapter 23,20250423,1646,0
4095,256,2,3,Episode 15: Chapter 24,20250430,1663,0
4096,256,2,4,Episode 16: Chapter 25,20250507,1320,1
4097,257,1,1,Episode 01: Chapter 11,20250208,1438,0
4098,257,1,2,Episode 02: Chapter 12,20250215,1455,0
4099,257,1,3,Episode 03: Chapter 13,20250222,1472,0
4100,257,1,4,Episode 04: Chapter 14,20250301,1489,0
4101,257,1,5,Episode 05: Chapter 15,20250308,1506,0
4102,257,1,6,Episode 06: Chapter 16,20250315,1523,0
4103,257,1,7,Episode 07: Chapter 17,20250322,1540,0
4104,257,1,8,Episode 08: Chapter 18,20250329,1557,0
4105,257,1,9,Episode 09: Chapter 19,20250405,1574,0
4106,257,1,10,Episode 10: Chapter 20,20250412,1591,0
4107,257,1,11,Episode 11: Chapter 21,20250419,1608,0
4108,257,1,12,Episode 12: Chapter 22,20250426,1625,0
4109,257,2,1,Episode 13: Chapter 23,20250503,1642,0
4110,257,2,2,Episode 14: Chapter 24,20250510,1659,0
4111,257,2,3,Episode 15: Chapter 25,20250517,1676,1
4112,257,2,4,Episode 16: Chapter 26,20250524,1333,0
4113,258,1,1,Episode 01: Chapter 12,20250225,1451,0
4114,258,1,2,Episode 02: Chapter 13,20250304,1468,0
4115,258,1,3,Episode 03: Chapter 14,20250311,1485,0
4116,258,1,4,Episode 04: Chapter 15,20250318,1502,0
4117,258,1,5,Episode 05: Chapter 16,20250325,1519,0
4118,258,1,6,Episode 06: Chapter 17,20250401,1536,0
4119,258,1,7,Episode 07: Chapter 18,20250408,1553,0
4120,258,1,8,Episode 08: Chapter 19,20250415,1570,0
4121,258,1,9,Episode 09: Chapter 20,20250422,1587,0
4122,258,1,10,Episode 10: Chapter 21,20250429,1604,0
4123,258,1,11,Episode 11: Chapter 22,20250506,1621,0
4124,258,1,12,Episode 12: Chapter 23,20250513,1638,0
4125,258,2,1,Episode 13: Chapter 24,20250520,1655,0
4126,258,2,2,Episode 14: Chapter 25,20250527,1672,1
4127,258,2,3,Episode 15: Chapter 26,20250603,1329,0
4128,258,2,4,Episode 16: Chapter 27,20250610,1346,0
4129,259,1,1,Episode 01: Chapter 13,20250314,1464,0
4130,259,1,2,Episode 02: Chapter 14,20250321,1481,0
4131,259,1,3,Episode 03: Chapter 15,20250328,1498,0
4132,259,1,4,Episode 04: Chapter 16,20250404,1515,0
4133,259,1,5,Episode 05: Chapter 17,20250411,1532,0
4134,259,1,6,Episode 06: Chapter 18,20250418,1549,0
4135,259,1,7,Episode 07: Chapter 19,20250425,1566,0
4136,259,1,8,Episode 08: Chapter 20,20250502,1583,0
4137,259,1,9,Episode 09: Chapter 21,20250509,1600,0
4138,259,1,10,Episode 10: Chapter 22,20250516,1617,0
4139,259,1,11,Episode 11: Chapter 23,20250523,1634,0
4140,259,1,12,Episode 12: Chapter 24,20250530,1651,0
4141,259,2,1,Episode 13: Chapter 25,20250606,1668,1
4142,259,2,2,Episode 14: Chapter 26,20250613,1325,0
4143,259,2,3,Episode 15: Chapter 27,20250620,1342,0
4144,259,2,4,Episode 16: Chapter 28,20250627,1359,0
4145,260,1,1,Episode 01: Chapter 14,20250331,1477,0
4146,260,1,2,Episode 02: Chapter 15,20250407,1494,0
4147,260,1,3,Episode 03: Chapter 16,20250414,1511,0
4148,260,1,4,Episode 04: Chapter 17,20250421,1528,0
4149,260,1,5,Episode 05: Chapter 18,20250428,1545,0
4150,260,1,6,Episode 06: Chapter 19,20250505,1562,0
4151,260,1,7,Episode 07: Chapter 20,20250512,1579,0
4152,260,1,8,Episode 08: Chapter 21,20250519,1596,0
4153,260,1,9,Episode 09: Chapter 22,20250526,1613,0
4154,260,1,10,Episode 10: Chapter 23,20250602,1630,0
4155,260,1,11,Episode 11: Chapter 24,20250609,1647,0
4156,260,1,12,Episode 12: Chapter 25,20250616,1664,1
4157,260,2,1,Episode 13: Chapter 26,20250623,1321,0
4158,260,2,2,Episode 14: Chapter 27,20250630,1338,0
4159,260,2,3,Episode 15: Chapter 28,20250707,1355,0
4160,260,2,4,Episode 16: Chapter 29,20250714,1372,0
4161,261,1,1,Episode 01: Chapter 15,20250417,1490,0
4162,261,1,2,Episode 02: Chapter 16,20250424,1507,0
4163,261,1,3,Episode 03: Chapter 17,20250501,1524,0
4164,261,1,4,Episode 04: Chapter 18,20250508,1541,0
4165,261,1,5,Episode 05: Chapter 19,20250515,1558,0
4166,261,1,6,Episode 06: Chapter 20,20250522,1575,0
4167,261,1,7,Episode 07: Chapter 21,20250529,1592,0
4168,261,1,8,Episode 08: Chapter 22,20250605,1609,0
4169,261,1,9,Episode 09: Chapter 23,20250612,1626,0
4170,261,1,10,Episode 10: Chapter 24,20250619,1643,0
4171,261,1,11,Episode 11: Chapter 25,20250626,1660,1
4172,261,1,12,Episode 12: Chapter 26,20250703,1677,0
4173,261,2,1,Episode 13: Chapter 27,20250710,1334,0
4174,261,2,2,Episode 14: Chapter 28,20250717,1351,0
4175,261,2,3,Episode 15: Chapter 29,20250724,1368,0
4176,261,2,4,Episode 16: Chapter 30,20250731,1385,0
4177,262,1,1,Episode 01: Chapter 16,20250504,1503,0
4178,262,1,2,Episode 02: Chapter 17,20250511,1520,0
4179,262,1,3,Episode 03: Chapter 18,20250518,1537,0
4180,262,1,4,Episode 04: Chapter 19,20250525,1554,0
4181,262,1,5,Episode 05: Chapter 20,20250601,1571,0
4182,262,1,6,Episode 06: Chapter 21,20250608,1588,0
4183,262,1,7,Episode 07: Chapter 22,20250615,1605,0
4184,262,1,8,Episode 08: Chapter 23,20250622,1622,0
4185,262,1,9,Episode 09: Chapter 24,20250629,1639,0
4186,262,1,10,Episode 10: Chapter 25,20250706,1656,1
4187,262,1,11,Episode 11: Chapter 26,20250713,1673,0
4188,262,1,12,Episode 12: Chapter 27,20250720,1330,0
4189,262,2,1,Episode 13: Chapter 28,20250727,1347,0
4190,262,2,2,Episode 14: Chapter 29,20250803,1364,0
4191,262,2,3,Episode 15: Chapter 30,20250810,1381,0
4192,262,2,4,Episode 16: Chapter 31,20250817,1398,0
4193,263,1,1,Episode 01: Chapter 17,20250521,1516,0
4194,263,1,2,Episode 02: Chapter 18,20250528,1533,0
4195,263,1,3,Episode 03: Chapter 19,20250604,1550,0
4196,263,1,4,Episode 04: Chapter 20,20250611,1567,0
4197,263,1,5,Episode 05: Chapter 21,20250618,1584,0
4198,263,1,6,Episode 06: Chapter 22,20250625,1601,0
4199,263,1,7,Episode 07: Chapter 23,20250702,1618,0
4200,263,1,8,Episode 08: Chapter 24,20250709,1635,0
4201,263,1,9,Episode 09: Chapter 25,20250716,1652,1
4202,263,1,10,Episode 10: Chapter 26,20250723,1669,0
4203,263,1,11,Episode 11: Chapter 27,20250730,1326,0
4204,263,1,12,Episode 12: Chapter 28,20250806,1343,0
4205,263,2,1,Episode 13: Chapter 29,20250813,1360,0
4206,263,2,2,Episode 14: Chapter 30,20250820,1377,0
4207,263,2,3,Episode 15: Chapter 31,20250827,1394,0
4208,263,2,4,Episode 16: Chapter 1,20250903,1411,0
4209,264,1,1,Episode 01: Chapter 18,20250607,1529,0
4210,264,1,2,Episode 02: Chapter 19,20250614,1546,0
4211,264,1,3,Episode 03: Chapter 20,20250621,1563,0
4212,264,1,4,Episode 04: Chapter 21,20250628,1580,0
4213,264,1,5,Episode 05: Chapter 22,20250705,1597,0
4214,264,1,6,Episode 06: Chapter 23,20250712,1614,0
4215,264,1,7,Episode 07: Chapter 24,20250719,1631,0
4216,264,1,8,Episode 08: Chapter 25,20250726,1648,1
4217,264,1,9,Episode 09: Chapter 26,20250802,1665,0
4218,264,1,10,Episode 10: Chapter 27,20250809,1322,0
4219,264,1,11,Episode 11: Chapter 28,20250816,1339,0
4220,264,1,12,Episode 12: Chapter 29,20250823,1356,0
4221,264,2,1,Episode 13: Chapter 30,20250830,1373,0
4222,264,2,2,Episode 14: Chapter 31,20250906,1390,0
4223,264,2,3,Episode 15: Chapter 1,20250913,1407,0
4224,264,2,4,Episode 16: Chapter 2,20250920,1424,0
4225,265,1,1,Episode 01: Chapter 19,20230106,1542,0
4226,265,1,2,Episode 02: Chapter 20,20230113,1559,0
4227,265,1,3,Episode 03: Chapter 21,20230120,1576,0
4228,265,1,4,Episode 04: Chapter 22,20230127,1593,0
4229,265,1,5,Episode 05: Chapter 23,20230203,1610,0
4230,265,1,6,Episode 06: Chapter 24,20230210,1627,0
4231,265,1,7,Episode 07: Chapter 25,20230217,1644,1
4232,265,1,8,Episode 08: Chapter 26,20230224,1661,0
4233,265,1,9,Episode 09: Chapter 27,20230303,1678,0
4234,265,1,10,Episode 10: Chapter 28,20230310,1335,0
4235,265,1,11,Episode 11: Chapter 29,20230317,1352,0
4236,265,1,12,Episode 12: Chapter 30,20230324,1369,0
4237,265,2,1,Episode 13: Chapter 31,20230331,1386,0
4238,265,2,2,Episode 14: Chapter 1,20230407,1403,0
4239,265,2,3,Episode 15: Chapter 2,20230414,1420,0
4240,265,2,4,Episode 16: Chapter 3,20230421,1437,0
4241,266,1,1,Episode 01: Chapter 20,20230123,1555,0
4242,266,1,2,Episode 02: Chapter 21,20230130,1572,0
4243,266,1,3,Episode 03: Chapter 22,20230206,1589,0
4244,266,1,4,Episode 04: Chapter 23,20230213,1606,0
4245,266,1,5,Episode 05: Chapter 24,20230220,1623,0
4246,266,1,6,Episode 06: Chapter 25,20230227,1640,1
4247,266,1,7,Episode 07: Chapter 26,20230306,1657,0
4248,266,1,8,Episode 08: Chapter 27,20230313,1674,0
4249,266,1,9,Episode 09: Chapter 28,20230320,1331,0
4250,266,1,10,Episode 10: Chapter 29,20230327,1348,0
4251,266,1,11,Episode 11: Chapter 30,20230403,1365,0
4252,266,1,12,Episode 12: Chapter 31,20230410,1382,0
4253,266,2,1,Episode 13: Chapter 1,20230417,1399,0
4254,266,2,2,Episode 14: Chapter 2,20230424,1416,0
4255,266,2,3,Episode 15: Chapter 3,20230501,1433,0
4256,266,2,4,Episode 16: Chapter 4,20230508,1450,0
4257,267,1,1,Episode 01: Chapter 21,20230209,1568,0
4258,267,1,2,Episode 02: Chapter 22,20230216,1585,0
4259,267,1,3,Episode 03: Chapter 23,20230223,1602,0
4260,267,1,4,Episode 04: Chapter 24,20230302,1619,0
4261,267,1,5,Episode 05: Chapter 25,20230309,1636,1
4262,267,1,6,Episode 06: Chapter 26,20230316,1653,0
4263,267,1,7,Episode 07: Chapter 27,20230323,1670,0
4264,267,1,8,Episode 08: Chapter 28,20230330,1327,0
4265,267,1,9,Episode 09: Chapter 29,20230406,1344,0
4266,267,1,10,Episode 10: Chapter 30,20230413,1361,0
4267,267,1,11,Episode 11: Chapter 31,20230420,1378,0
4268,267,1,12,Episode 12: Chapter 1,20230427,1395,0
4269,267,2,1,Episode 13: Chapter 2,20230504,1412,0
4270,267,2,2,Episode 14: Chapter 3,20230511,1429,0
4271,267,2,3,Episode 15: Chapter 4,20230518,1446,0
4272,267,2,4,Episode 16: Chapter 5,20230525,1463,0
4273,268,1,1,Episode 01: Chapter 22,20230226,1581,0
4274,268,1,2,Episode 02: Chapter 23,20230305,1598,0
4275,268,1,3,Episode 03: Chapter 24,20230312,1615,0
4276,268,1,4,Episode 04: Chapter 25,20230319,1632,1
4277,268,1,5,Episode 05: Chapter 26,20230326,1649,0
4278,268,1,6,Episode 06: Chapter 27,20230402,1666,0
4279,268,1,7,Episode 07: Chapter 28,20230409,1323,0
4280,268,1,8,Episode 08: Chapter 29,20230416,1340,0
4281,268,1,9,Episode 09: Chapter 30,20230423,1357,0
4282,268,1,10,Episode 10: Chapter 31,20230430,1374,0
4283,268,1,11,Episode 11: Chapter 1,20230507,1391,0
4284,268,1,12,Episode 12: Chapter 2,20230514,1408,0
4285,268,2,1,Episode 13: Chapter 3,20230521,1425,0
4286,268,2,2,Episode 14: Chapter 4,20230528,1442,0
4287,268,2,3,Episode 15: Chapter 5,20230604,1459,0
4288,268,2,4,Episode 16: Chapter 6,20230611,1476,0
4289,269,1,1,Episode 01: Chapter 23,20230315,1594,0
4290,269,1,2,Episode 02: Chapter 24,20230322,1611,0
4291,269,1,3,Episode 03: Chapter 25,20230329,1628,1
4292,269,1,4,Episode 04: Chapter 26,20230405,1645,0
4293,269,1,5,Episode 05: Chapter 27,20230412,1662,0
4294,269,1,6,Episode 06: Chapter 28,20230419,1679,0
4295,269,1,7,Episode 07: Chapter 29,20230426,1336,0
4296,269,1,8,Episode 08: Chapter 30,20230503,1353,0
4297,269,1,9,Episode 09: Chapter 31,20230510,1370,0
4298,269,1,10,Episode 10: Chapter 1,20230517,1387,0
4299,269,1,11,Episode 11: Chapter 2,20230524,1404,0
4300,269,1,12,Episode 12: Chapter 3,20230531,1421,0
4301,269,2,1,Episode 13: Chapter 4,20230607,1438,0
4302,269,2,2,Episode 14: Chapter 5,20230614,1455,0
4303,269,2,3,Episode 15: Chapter 6,20230621,1472,0
4304,269,2,4,Episode 16: Chapter 7,20230628,1489,0
4305,270,1,1,Episode 01: Chapter 24,20230401,1607,0
4306,270,1,2,Episode 02: Chapter 25,20230408,1624,1
4307,270,1,3,Episode 03: Chapter 26,20230415,1641,0
4308,270,1,4,Episode 04: Chapter 27,20230422,1658,0
4309,270,1,5,Episode 05: Chapter 28,20230429,1675,0
4310,270,1,6,Episode 06: Chapter 29,20230506,1332,0
4311,270,1,7,Episode 07: Chapter 30,20230513,1349,0
4312,270,1,8,Episode 08: Chapter 31,20230520,1366,0
4313,270,1,9,Episode 09: Chapter 1,20230527,1383,0
4314,270,1,10,Episode 10: Chapter 2,20230603,1400,0
4315,270,1,11,Episode 11: Chapter 3,20230610,1417,0
4316,270,1,12,Episode 12: Chapter 4,20230617,1434,0
4317,270,2,1,Episode 13: Chapter 5,20230624,1451,0
4318,270,2,2,Episode 14: Chapter 6,20230701,1468,0
4319,270,2,3,Episode 15: Chapter 7,20230708,1485,0
4320,270,2,4,Episode 16: Chapter 8,20230715,1502,0
4321,271,1,1,Episode 01: Chapter 25,20230418,1620,1
4322,271,1,2,Episode 02: Chapter 26,20230425,1637,0
4323,271,1,3,Episode 03: Chapter 27,20230502,1654,0
4324,271,1,4,Episode 04: Chapter 28,20230509,1671,0
4325,271,1,5,Episode 05: Chapter 29,20230516,1328,0
4326,271,1,6,Episode 06: Chapter 30,20230523,1345,0
4327,271,1,7,Episode 07: Chapter 31,20230530,1362,0
4328,271,1,8,Episode 08: Chapter 1,20230606,1379,0
4329,271,1,9,Episode 09: Chapter 2,20230613,1396,0
4330,271,1,10,Episode 10: Chapter 3,20230620,1413,0
4331,271,1,11,Episode 11: Chapter 4,20230627,1430,0
4332,271,1,12,Episode 12: Chapter 5,20230704,1447,0
4333,271,2,1,Episode 13: Chapter 6,20230711,1464,0
4334,271,2,2,Episode 14: Chapter 7,20230718,1481,0
4335,271,2,3,Episode 15: Chapter 8,20230725,1498,0
4336,271,2,4,Episode 16: Chapter 9,20230801,1515,0
4337,272,1,1,Episode 01: Chapter 26,20230505,1633,0
4338,272,1,2,Episode 02: Chapter 27,20230512,1650,0
4339,272,1,3,Episode 03: Chapter 28,20230519,1667,0
4340,272,1,4,Episode 04: Chapter 29,20230526,1324,0
4341,272,1,5,Episode 05: Chapter 30,20230602,1341,0
4342,272,1,6,Episode 06: Chapter 31,20230609,1358,0
4343,272,1,7,Episode 07: Chapter 1,20230616,1375,0
4344,272,1,8,Episode 08: Chapter 2,20230623,1392,0
4345,272,1,9,Episode 09: Chapter 3,20230630,1409,0
4346,272,1,10,Episode 10: Chapter 4,20230707,1426,0
4347,272,1,11,Episode 11: Chapter 5,20230714,1443,0
4348,272,1,12,Episode 12: Chapter 6,20230721,1460,0
4349,272,2,1,Episode 13: Chapter 7,20230728,1477,0
4350,272,2,2,Episode 14: Chapter 8,20230804,1494,0
4351,272,2,3,Episode 15: Chapter 9,20230811,1511,0
4352,272,2,4,Episode 16: Chapter 10,20230818,1528,0
4353,273,1,1,Episode 01: Chapter 27,20230522,1646,0
4354,273,1,2,Episode 02: Chapter 28,20230529,1663,0
4355,273,1,3,Episode 03: Chapter 29,20230605,1320,0
4356,273,1,4,Episode 04: Chapter 30,20230612,1337,0
4357,273,1,5,Episode 05: Chapter 31,20230619,1354,0
4358,273,1,6,Episode 06: Chapter 1,20230626,1371,0
4359,273,1,7,Episode 07: Chapter 2,20230703,1388,0
4360,273,1,8,Episode 08: Chapter 3,20230710,1405,0
4361,273,1,9,Episode 09: Chapter 4,20230717,1422,0
4362,273,1,10,Episode 10: Chapter 5,20230724,1439,0
4363,273,1,11,Episode 11: Chapter 6,20230731,1456,0
4364,273,1,12,Episode 12: Chapter 7,20230807,1473,0
4365,273,2,1,Episode 13: Chapter 8,20230814,1490,0
4366,273,2,2,Episode 14: Chapter 9,20230821,1507,0
4367,273,2,3,Episode 15: Chapter 10,20230828,1524,0
4368,273,2,4,Episode 16: Chapter 11,20230904,1541,1
4369,274,1,1,Episode 01: Chapter 28,20230608,1659,0
4370,274,1,2,Episode 02: Chapter 29,20230615,1676,0
4371,274,1,3,Episode 03: Chapter 30,20230622,1333,0
4372,274,1,4,Episode 04: Chapter 31,20230629,1350,0
4373,274,1,5,Episode 05: Chapter 1,20230706,1367,0
4374,274,1,6,Episode 06: Chapter 2,20230713,1384,0
4375,274,1,7,Episode 07: Chapter 3,20230720,1401,0
4376,274,1,8,Episode 08: Chapter 4,20230727,1418,0
4377,274,1,9,Episode 09: Chapter 5,20230803,1435,0
4378,274,1,10,Episode 10: Chapter 6,20230810,1452,0
4379,274,1,11,Episode 11: Chapter 7,20230817,1469,0
4380,274,1,12,Episode 12: Chapter 8,20230824,1486,0
4381,274,2,1,Episode 13: Chapter 9,20230831,1503,0
4382,274,2,2,Episode 14: Chapter 10,20230907,1520,0
4383,274,2,3,Episode 15: Chapter 11,20230914,1537,1
4384,274,2,4,Episode 16: Chapter 12,20230921,1554,0
4385,275,1,1,Episode 01: Chapter 29,20230625,1672,0
4386,275,1,2,Episode 02: Chapter 30,20230702,1329,0
4387,275,1,3,Episode 03: Chapter 31,20230709,1346,0
4388,275,1,4,Episode 04: Chapter 1,20230716,1363,0
4389,275,1,5,Episode 05: Chapter 2,20230723,1380,0
4390,275,1,6,Episode 06: Chapter 3,20230730,1397,0
4391,275,1,7,Episode 07: Chapter 4,20230806,1414,0
4392,275,1,8,Episode 08: Chapter 5,20230813,1431,0
4393,275,1,9,Episode 09: Chapter 6,20230820,1448,0
4394,275,1,10,Episode 10: Chapter 7,20230827,1465,0
4395,275,1,11,Episode 11: Chapter 8,20230903,1482,0
4396,275,1,12,Episode 12: Chapter 9,20230910,1499,0
4397,275,2,1,Episode 13: Chapter 10,20230917,1516,0
4398,275,2,2,Episode 14: Chapter 11,20230924,1533,1
4399,275,2,3,Episode 15: Chapter 12,20231001,1550,0
4400,275,2,4,Episode 16: Chapter 13,20231008,1567,0
4401,276,1,1,Episode 01: Chapter 30,20230712,1325,0
4402,276,1,2,Episode 02: Chapter 31,20230719,1342,0
4403,276,1,3,Episode 03: Chapter 1,20230726,1359,0
4404,276,1,4,Episode 04: Chapter 2,20230802,1376,0
4405,276,1,5,Episode 05: Chapter 3,20230809,1393,0
4406,276,1,6,Episode 06: Chapter 4,20230816,1410,0
4407,276,1,7,Episode 07: Chapter 5,20230823,1427,0
4408,276,1,8,Episode 08: Chapter 6,20230830,1444,0
4409,276,1,9,Episode 09: Chapter 7,20230906,1461,0
4410,276,1,10,Episode 10: Chapter 8,20230913,1478,0
4411,276,1,11,Episode 11: Chapter 9,20230920,1495,0
4412,276,1,12,Episode 12: Chapter 10,20230927,1512,0
4413,276,2,1,Episode 13: Chapter 11,20231004,1529,1
4414,276,2,2,Episode 14: Chapter 12,20231011,1546,0
4415,276,2,3,Episode 15: Chapter 13,20231018,1563,0
4416,276,2,4,Episode 16: Chapter 14,20231025,1580,0
4417,277,1,1,Episode 01: Chapter 31,20230729,1338,0
4418,277,1,2,Episode 02: Chapter 1,20230805,1355,0
4419,277,1,3,Episode 03: Chapter 2,20230812,1372,0
4420,277,1,4,Episode 04: Chapter 3,20230819,1389,0
4421,277,1,5,Episode 05: Chapter 4,20230826,1406,0
4422,277,1,6,Episode 06: Chapter 5,20230902,1423,0
4423,277,1,7,Episode 07: Chapter 6,20230909,1440,0
4424,277,1,8,Episode 08: Chapter 7,20230916,1457,0
4425,277,1,9,Episode 09: Chapter 8,20230923,1474,0
4426,277,1,10,Episode 10: Chapter 9,20230930,1491,0
4427,277,1,11,Episode 11: Chapter 10,20231007,1508,0
4428,277,1,12,Episode 12: Chapter 11,20231014,1525,1
4429,277,2,1,Episode 13: Chapter 12,20231021,1542,0
4430,277,2,2,Episode 14: Chapter 13,20231028,1559,0
4431,277,2,3,Episode 15: Chapter 14,20231104,1576,0
4432,277,2,4,Episode 16: Chapter 15,20231111,1593,0
4433,278,1,1,Episode 01: Chapter 1,20230815,1351,0
4434,278,1,2,Episode 02: Chapter 2,20230822,1368,0
4435,278,1,3,Episode 03: Chapter 3,20230829,1385,0
4436,278,1,4,Episode 04: Chapter 4,20230905,1402,0
4437,278,1,5,Episode 05: Chapter 5,20230912,1419,0
4438,278,1,6,Episode 06: Chapter 6,20230919,1436,0
4439,278,1,7,Episode 07: Chapter 7,20230926,1453,0
4440,278,1,8,Episode 08: Chapter 8,20231003,1470,0
4441,278,1,9,Episode 09: Chapter 9,20231010,1487,0
4442,278,1,10,Episode 10: Chapter 10,20231017,1504,0
4443,278,1,11,Episode 11: Chapter 11,20231024,1521,1
4444,278,1,12,Episode 12: Chapter 12,20231031,1538,0
4445,278,2,1,Episode 13: Chapter 13,20231107,1555,0
4446,278,2,2,Episode 14: Chapter 14,20231114,1572,0
4447,278,2,3,Episode 15: Chapter 15,20231121,1589,0
4448,278,2,4,Episode 16: Chapter 16,20231128,1606,0
4449,279,1,1,Episode 01: Chapter 2,20230901,1364,0
4450,279,1,2,Episode 02: Chapter 3,20230908,1381,0
4451,279,1,3,Episode 03: Chapter 4,20230915,1398,0
4452,279,1,4,Episode 04: Chapter 5,20230922,1415,0
4453,279,1,5,Episode 05: Chapter 6,20230929,1432,0
4454,279,1,6,Episode 06: Chapter 7,20231006,1449,0
4455,279,1,7,Episode 07: Chapter 8,20231013,1466,0
4456,279,1,8,Episode 08: Chapter 9,20231020,1483,0
4457,279,1,9,Episode 09: Chapter 10,20231027,1500,0
4458,279,1,10,Episode 10: Chapter 11,20231103,1517,1
4459,279,1,11,Episode 11: Chapter 12,20231110,1534,0
4460,279,1,12,Episode 12: Chapter 13,20231117,1551,0
4461,279,2,1,Episode 13: Chapter 14,20231124,1568,0
4462,279,2,2,Episode 14: Chapter 15,20231201,1585,0
4463,279,2,3,Episode 15: Chapter 16,20231208,1602,0
4464,279,2,4,Episode 16: Chapter 17,20231215,1619,0
4465,280,1,1,Episode 01: Chapter 3,20230918,1377,0
4466,280,1,2,Episode 02: Chapter 4,20230925,1394,0
4467,280,1,3,Episode 03: Chapter 5,20231002,1411,0
4468,280,1,4,Episode 04: Chapter 6,20231009,1428,0
4469,280,1,5,Episode 05: Chapter 7,20231016,1445,0
4470,280,1,6,Episode 06: Chapter 8,20231023,1462,0
4471,280,1,7,Episode 07: Chapter 9,20231030,1479,0
4472,280,1,8,Episode 08: Chapter 10,20231106,1496,0
4473,280,1,9,Episode 09: Chapter 11,20231113,1513,1
4474,280,1,10,Episode 10: Chapter 12,20231120,1530,0
4475,280,1,11,Episode 11: Chapter 13,20231127,1547,0
4476,280,1,12,Episode 12: Chapter 14,20231204,1564,0
4477,280,2,1,Episode 13: Chapter 15,20231211,1581,0
4478,280,2,2,Episode 14: Chapter 16,20231218,1598,0
4479,280,2,3,Episode 15: Chapter 17,20231225,1615,0
4480,280,2,4,Episode 16: Chapter 18,20240101,1632,0
4481,281,1,1,Episode 01: Chapter 4,20231005,1390,0
4482,281,1,2,Episode 02: Chapter 5,20231012,1407,0
4483,281,1,3,Episode 03: Chapter 6,20231019,1424,0
4484,281,1,4,Episode 04: Chapter 7,20231026,1441,0
4485,281,1,5,Episode 05: Chapter 8,20231102,1458,0
4486,281,1,6,Episode 06: Chapter 9,20231109,1475,0
4487,281,1,7,Episode 07: Chapter 10,20231116,1492,0
4488,281,1,8,Episode 08: Chapter 11,20231123,1509,1
4489,281,1,9,Episode 09: Chapter 12,20231130,1526,0
4490,281,1,10,Episode 10: Chapter 13,20231207,1543,0
4491,281,1,11,Episode 11: Chapter 14,20231214,1560,0
4492,281,1,12,Episode 12: Chapter 15,20231221,1577,0
4493,281,2,1,Episode 13: Chapter 16,20231228,1594,0
4494,281,2,2,Episode 14: Chapter 17,20240104,1611,0
4495,281,2,3,Episode 15: Chapter 18,20240111,1628,0
4496,281,2,4,Episode 16: Chapter 19,20240118,1645,0
4497,282,1,1,Episode 01: Chapter 5,20231022,1403,0
4498,282,1,2,Episode 02: Chapter 6,20231029,1420,0
4499,282,1,3,Episode 03: Chapter 7,20231105,1437,0
4500,282,1,4,Episode 04: Chapter 8,20231112,1454,0
4501,282,1,5,Episode 05: Chapter 9,20231119,1471,0
4502,282,1,6,Episode 06: Chapter 10,20231126,1488,0
4503,282,1,7,Episode 07: Chapter 11,20231203,1505,1
4504,282,1,8,Episode 08: Chapter 12,20231210,1522,0
4505,282,1,9,Episode 09: Chapter 13,20231217,1539,0
4506,282,1,10,Episode 10: Chapter 14,20231224,1556,0
4507,282,1,11,Episode 11: Chapter 15,20231231,1573,0
4508,282,1,12,Episode 12: Chapter 16,20240107,1590,0
4509,282,2,1,Episode 13: Chapter 17,20240114,1607,0
4510,282,2,2,Episode 14: Chapter 18,20240121,1624,0
4511,282,2,3,Episode 15: Chapter 19,20240128,1641,0
4512,282,2,4,Episode 16: Chapter 20,20240204,1658,0
4513,283,1,1,Episode 01: Chapter 6,20231108,1416,0
4514,283,1,2,Episode 02: Chapter 7,20231115,1433,0
4515,283,1,3,Episode 03: Chapter 8,20231122,1450,0
4516,283,1,4,Episode 04: Chapter 9,20231129,1467,0
4517,283,1,5,Episode 05: Chapter 10,20231206,1484,0
4518,283,1,6,Episode 06: Chapter 11,20231213,1501,1
4519,283,1,7,Episode 07: Chapter 12,20231220,1518,0
4520,283,1,8,Episode 08: Chapter 13,20231227,1535,0
4521,283,1,9,Episode 09: Chapter 14,20240103,1552,0
4522,283,1,10,Episode 10: Chapter 15,20240110,1569,0
4523,283,1,11,Episode 11: Chapter 16,20240117,1586,0
4524,283,1,12,Episode 12: Chapter 17,20240124,1603,0
4525,283,2,1,Episode 13: Chapter 18,20240131,1620,0
4526,283,2,2,Episode 14: Chapter 19,20240207,1637,0
4527,283,2,3,Episode 15: Chapter 20,20240214,1654,0
4528,283,2,4,Episode 16: Chapter 21,20240221,1671,0
4529,284,1,1,Episode 01: Chapter 7,20231125,1429,0
4530,284,1,2,Episode 02: Chapter 8,20231202,1446,0
4531,284,1,3,Episode 03: Chapter 9,20231209,1463,0
4532,284,1,4,Episode 04: Chapter 10,20231216,1480,0
4533,284,1,5,Episode 05: Chapter 11,20231223,1497,1
4534,284,1,6,Episode 06: Chapter 12,20231230,1514,0
4535,284,1,7,Episode 07: Chapter 13,20240106,1531,0
4536,284,1,8,Episode 08: Chapter 14,20240113,1548,0
4537,284,1,9,Episode 09: Chapter 15,20240120,1565,0
4538,284,1,10,Episode 10: Chapter 16,20240127,1582,0
4539,284,1,11,Episode 11: Chapter 17,20240203,1599,0
4540,284,1,12,Episode 12: Chapter 18,20240210,1616,0
4541,284,2,1,Episode 13: Chapter 19,20240217,1633,0
4542,284,2,2,Episode 14: Chapter 20,20240224,1650,0
4543,284,2,3,Episode 15: Chapter 21,20240302,1667,0
4544,284,2,4,Episode 16: Chapter 22,20240309,1324,0
4545,285,1,1,Episode 01: Chapter 8,20231212,1442,0
4546,285,1,2,Episode 02: Chapter 9,20231219,1459,0
4547,285,1,3,Episode 03: Chapter 10,20231226,1476,0
4548,285,1,4,Episode 04: Chapter 11,20240102,1493,1
4549,285,1,5,Episode 05: Chapter 12,20240109,1510,0
4550,285,1,6,Episode 06: Chapter 13,20240116,1527,0
4551,285,1,7,Episode 07: Chapter 14,20240123,1544,0
4552,285,1,8,Episode 08: Chapter 15,20240130,1561,0
4553,285,1,9,Episode 09: Chapter 16,20240206,1578,0
4554,285,1,10,Episode 10: Chapter 17,20240213,1595,0
4555,285,1,11,Episode 11: Chapter 18,20240220,1612,0
4556,285,1,12,Episode 12: Chapter 19,20240227,1629,0
4557,285,2,1,Episode 13: Chapter 20,20240305,1646,0
4558,285,2,2,Episode 14: Chapter 21,20240312,1663,0
4559,285,2,3,Episode 15: Chapter 22,20240319,1320,0
4560,285,2,4,Episode 16: Chapter 23,20240326,1337,0
4561,286,1,1,Episode 01: Chapter 9,20231229,1455,0
4562,286,1,2,Episode 02: Chapter 10,20240105,1472,0
4563,286,1,3,Episode 03: Chapter 11,20240112,1489,1
4564,286,1,4,Episode 04: Chapter 12,20240119,1506,0
4565,286,1,5,Episode 05: Chapter 13,20240126,1523,0
4566,286,1,6,Episode 06: Chapter 14,20240202,1540,0
4567,286,1,7,Episode 07: Chapter 15,20240209,1557,0
4568,286,1,8,Episode 08: Chapter 16,20240216,1574,0
4569,286,1,9,Episode 09: Chapter 17,20240223,1591,0
4570,286,1,10,Episode 10: Chapter 18,20240301,1608,0
4571,286,1,11,Episode 11: Chapter 19,20240308,1625,0
4572,286,1,12,Episode 12: Chapter 20,20240315,1642,0
4573,286,2,1,Episode 13: Chapter 21,20240322,1659,0
4574,286,2,2,Episode 14: Chapter 22,20240329,1676,0
4575,286,2,3,Episode 15: Chapter 23,20240405,1333,0
4576,286,2,4,Episode 16: Chapter 24,20240412,1350,0
4577,287,1,1,Episode 01: Chapter 10,20240115,1468,0
4578,287,1,2,Episode 02: Chapter 11,20240122,1485,1
4579,287,1,3,Episode 03: Chapter 12,20240129,1502,0
4580,287,1,4,Episode 04: Chapter 13,20240205,1519,0
4581,287,1,5,Episode 05: Chapter 14,20240212,1536,0
4582,287,1,6,Episode 06: Chapter 15,20240219,1553,0
4583,287,1,7,Episode 07: Chapter 16,20240226,1570,0
4584,287,1,8,Episode 08: Chapter 17,20240304,1587,0
4585,287,1,9,Episode 09: Chapter 18,20240311,1604,0
4586,287,1,10,Episode 10: Chapter 19,20240318,1621,0
4587,287,1,11,Episode 11: Chapter 20,20240325,1638,0
4588,287,1,12,Episode 12: Chapter 21,20240401,1655,0
4589,287,2,1,Episode 13: Chapter 22,20240408,1672,0
4590,287,2,2,Episode 14: Chapter 23,20240415,1329,0
4591,287,2,3,Episode 15: Chapter 24,20240422,1346,0
4592,287,2,4,Episode 16: Chapter 25,20240429,1363,0
4593,288,1,1,Episode 01: Chapter 11,20240201,1481,1
4594,288,1,2,Episode 02: Chapter 12,20240208,1498,0
4595,288,1,3,Episode 03: Chapter 13,20240215,1515,0
4596,288,1,4,Episode 04: Chapter 14,20240222,1532,0
4597,288,1,5,Episode 05: Chapter 15,20240229,1549,0
4598,288,1,6,Episode 06: Chapter 16,20240307,1566,0
4599,288,1,7,Episode 07: Chapter 17,20240314,1583,0
4600,288,1,8,Episode 08: Chapter 18,20240321,1600,0
4601,288,1,9,Episode 09: Chapter 19,20240328,1617,0
4602,288,1,10,Episode 10: Chapter 20,20240404,1634,0
4603,288,1,11,Episode 11: Chapter 21,20240411,1651,0
4604,288,1,12,Episode 12: Chapter 22,20240418,1668,0
4605,288,2,1,Episode 13: Chapter 23,20240425,1325,0
4606,288,2,2,Episode 14: Chapter 24,20240502,1342,0
4607,288,2,3,Episode 15: Chapter 25,20240509,1359,0
4608,288,2,4,Episode 16: Chapter 26,20240516,1376,0
4609,289,1,1,Episode 01: Chapter 12,20240218,1494,0
4610,289,1,2,Episode 02: Chapter 13,20240225,1511,0
4611,289,1,3,Episode 03: Chapter 14,20240303,1528,0
4612,289,1,4,Episode 04: Chapter 15,20240310,1545,0
4613,289,1,5,Episode 05: Chapter 16,20240317,1562,0
4614,289,1,6,Episode 06: Chapter 17,20240324,1579,0
4615,289,1,7,Episode 07: Chapter 18,20240331,1596,0
4616,289,1,8,Episode 08: Chapter 19,20240407,1613,0
4617,289,1,9,Episode 09: Chapter 20,20240414,1630,0
4618,289,1,10,Episode 10: Chapter 21,20240421,1647,0
4619,289,1,11,Episode 11: Chapter 22,20240428,1664,0
4620,289,1,12,Episode 12: Chapter 23,20240505,1321,0
4621,289,2,1,Episode 13: Chapter 24,20240512,1338,0
4622,289,2,2,Episode 14: Chapter 25,20240519,1355,0
4623,289,2,3,Episode 15: Chapter 26,20240526,1372,0
4624,289,2,4,Episode 16: Chapter 27,20240602,1389,0
4625,290,1,1,Episode 01: Chapter 13,20240306,1507,0
4626,290,1,2,Episode 02: Chapter 14,20240313,1524,0
4627,290,1,3,Episode 03: Chapter 15,20240320,1541,0
4628,290,1,4,Episode 04: Chapter 16,20240327,1558,0
4629,290,1,5,Episode 05: Chapter 17,20240403,1575,0
4630,290,1,6,Episode 06: Chapter 18,20240410,1592,0
4631,290,1,7,Episode 07: Chapter 19,20240417,1609,0
4632,290,1,8,Episode 08: Chapter 20,20240424,1626,0
4633,290,1,9,Episode 09: Chapter 21,20240501,1643,0
4634,290,1,10,Episode 10: Chapter 22,20240508,1660,0
4635,290,1,11,Episode 11: Chapter 23,20240515,1677,0
4636,290,1,12,Episode 12: Chapter 24,20240522,1334,0
4637,290,2,1,Episode 13: Chapter 25,20240529,1351,0
4638,290,2,2,Episode 14: Chapter 26,20240605,1368,0
4639,290,2,3,Episode 15: Chapter 27,20240612,1385,0
4640,290,2,4,Episode 16: Chapter 28,20240619,1402,1
4641,291,1,1,Episode 01: Chapter 14,20240323,1520,0
4642,291,1,2,Episode 02: Chapter 15,20240330,1537,0
4643,291,1,3,Episode 03: Chapter 16,20240406,1554,0
4644,291,1,4,Episode 04: Chapter 17,20240413,1571,0
4645,291,1,5,Episode 05: Chapter 18,20240420,1588,0
4646,291,1,6,Episode 06: Chapter 19,20240427,1605,0
4647,291,1,7,Episode 07: Chapter 20,20240504,1622,0
4648,291,1,8,Episode 08: Chapter 21,20240511,1639,0
4649,291,1,9,Episode 09: Chapter 22,20240518,1656,0
4650,291,1,10,Episode 10: Chapter 23,20240525,1673,0
4651,291,1,11,Episode 11: Chapter 24,20240601,1330,0
4652,291,1,12,Episode 12: Chapter 25,20240608,1347,0
4653,291,2,1,Episode 13: Chapter 26,20240615,1364,0
4654,291,2,2,Episode 14: Chapter 27,20240622,1381,0
4655,291,2,3,Episode 15: Chapter 28,20240629,1398,1
4656,291,2,4,Episode 16: Chapter 29,20240706,1415,0
4657,292,1,1,Episode 01: Chapter 15,20240409,1533,0
4658,292,1,2,Episode 02: Chapter 16,20240416,1550,0
4659,292,1,3,Episode 03: Chapter 17,20240423,1567,0
4660,292,1,4,Episode 04: Chapter 18,20240430,1584,0
4661,292,1,5,Episode 05: Chapter 19,20240507,1601,0
4662,292,1,6,Episode 06: Chapter 20,20240514,1618,0
4663,292,1,7,Episode 07: Chapter 21,20240521,1635,0
4664,292,1,8,Episode 08: Chapter 22,20240528,1652,0
4665,292,1,9,Episode 09: Chapter 23,20240604,1669,0
4666,292,1,10,Episode 10: Chapter 24,20240611,1326,0
4667,292,1,11,Episode 11: Chapter 25,20240618,1343,0
4668,292,1,12,Episode 12: Chapter 26,20240625,1360,0
4669,292,2,1,Episode 13: Chapter 27,20240702,1377,0
4670,292,2,2,Episode 14: Chapter 28,20240709,1394,1
4671,292,2,3,Episode 15: Chapter 29,20240716,1411,0
4672,292,2,4,Episode 16: Chapter 30,20240723,1428,0
4673,293,1,1,Episode 01: Chapter 16,20240426,1546,0
4674,293,1,2,Episode 02: Chapter 17,20240503,1563,0
4675,293,1,3,Episode 03: Chapter 18,20240510,1580,0
4676,293,1,4,Episode 04: Chapter 19,20240517,1597,0
4677,293,1,5,Episode 05: Chapter 20,20240524,1614,0
4678,293,1,6,Episode 06: Chapter 21,20240531,1631,0
4679,293,1,7,Episode 07: Chapter 22,20240607,1648,0
4680,293,1,8,Episode 08: Chapter 23,20240614,1665,0
4681,293,1,9,Episode 09: Chapter 24,20240621,1322,0
4682,293,1,10,Episode 10: Chapter 25,20240628,1339,0
4683,293,1,11,Episode 11: Chapter 26,20240705,1356,0
4684,293,1,12,Episode 12: Chapter 27,20240712,1373,0
4685,293,2,1,Episode 13: Chapter 28,20240719,1390,1
4686,293,2,2,Episode 14: Chapter 29,20240726,1407,0
4687,293,2,3,Episode 15: Chapter 30,20240802,1424,0
4688,293,2,4,Episode 16: Chapter 31,20240809,1441,0
4689,294,1,1,Episode 01: Chapter 17,20240513,1559,0
4690,294,1,2,Episode 02: Chapter 18,20240520,1576,0
4691,294,1,3,Episode 03: Chapter 19,20240527,1593,0
4692,294,1,4,Episode 04: Chapter 20,20240603,1610,0
4693,294,1,5,Episode 05: Chapter 21,20240610,1627,0
4694,294,1,6,Episode 06: Chapter 22,20240617,1644,0
4695,294,1,7,Episode 07: Chapter 23,20240624,1661,0
4696,294,1,8,Episode 08: Chapter 24,20240701,1678,0
4697,294,1,9,Episode 09: Chapter 25,20240708,1335,0
4698,294,1,10,Episode 10: Chapter 26,20240715,1352,0
4699,294,1,11,Episode 11: Chapter 27,20240722,1369,0
4700,294,1,12,Episode 12: Chapter 28,20240729,1386,1
4701,294,2,1,Episode 13: Chapter 29,20240805,1403,0
4702,294,2,2,Episode 14: Chapter 30,20240812,1420,0
4703,294,2,3,Episode 15: Chapter 31,20240819,1437,0
4704,294,2,4,Episode 16: Chapter 1,20240826,1454,0
4705,295,1,1,Episode 01: Chapter 18,20240530,1572,0
4706,295,1,2,Episode 02: Chapter 19,20240606,1589,0
4707,295,1,3,Episode 03: Chapter 20,20240613,1606,0
4708,295,1,4,Episode 04: Chapter 21,20240620,1623,0
4709,295,1,5,Episode 05: Chapter 22,20240627,1640,0
4710,295,1,6,Episode 06: Chapter 23,20240704,1657,0
4711,295,1,7,Episode 07: Chapter 24,20240711,1674,0
4712,295,1,8,Episode 08: Chapter 25,20240718,1331,0
4713,295,1,9,Episode 09: Chapter 26,20240725,1348,0
4714,295,1,10,Episode 10: Chapter 27,20240801,1365,0
4715,295,1,11,Episode 11: Chapter 28,20240808,1382,1
4716,295,1,12,Episode 12: Chapter 29,20240815,1399,0
4717,295,2,1,Episode 13: Chapter 30,20240822,1416,0
4718,295,2,2,Episode 14: Chapter 31,20240829,1433,0
4719,295,2,3,Episode 15: Chapter 1,20240905,1450,0
4720,295,2,4,Episode 16: Chapter 2,20240912,1467,0
4721,296,1,1,Episode 01: Chapter 19,20240616,1585,0
4722,296,1,2,Episode 02: Chapter 20,20240623,1602,0
4723,296,1,3,Episode 03: Chapter 21,20240630,1619,0
4724,296,1,4,Episode 04: Chapter 22,20240707,1636,0
4725,296,1,5,Episode 05: Chapter 23,20240714,1653,0
4726,296,1,6,Episode 06: Chapter 24,20240721,1670,0
4727,296,1,7,Episode 07: Chapter 25,20240728,1327,0
4728,296,1,8,Episode 08: Chapter 26,20240804,1344,0
4729,296,1,9,Episode 09: Chapter 27,20240811,1361,0
4730,296,1,10,Episode 10: Chapter 28,20240818,1378,1
4731,296,1,11,Episode 11: Chapter 29,20240825,1395,0
4732,296,1,12,Episode 12: Chapter 30,20240901,1412,0
4733,296,2,1,Episode 13: Chapter 31,20240908,1429,0
4734,296,2,2,Episode 14: Chapter 1,20240915,1446,0
4735,296,2,3,Episode 15: Chapter 2,20240922,1463,0
4736,296,2,4,Episode 16: Chapter 3,20240929,1480,0
4737,297,1,1,Episode 01: Chapter 20,20240703,1598,0
4738,297,1,2,Episode 02: Chapter 21,20240710,1615,0
4739,297,1,3,Episode 03: Chapter 22,20240717,1632,0
4740,297,1,4,Episode 04: Chapter 23,20240724,1649,0
4741,297,1,5,Episode 05: Chapter 24,20240731,1666,0
4742,297,1,6,Episode 06: Chapter 25,20240807,1323,0
4743,297,1,7,Episode 07: Chapter 26,20240814,1340,0
4744,297,1,8,Episode 08: Chapter 27,20240821,1357,0
4745,297,1,9,Episode 09: Chapter 28,20240828,1374,1
4746,297,1,10,Episode 10: Chapter 29,20240904,1391,0
4747,297,1,11,Episode 11: Chapter 30,20240911,1408,0
4748,297,1,12,Episode 12: Chapter 31,20240918,1425,0
4749,297,2,1,Episode 13: Chapter 1,20240925,1442,0
4750,297,2,2,Episode 14: Chapter 2,20241002,1459,0
4751,297,2,3,Episode 15: Chapter 3,20241009,1476,0
4752,297,2,4,Episode 16: Chapter 4,20241016,1493,0
4753,298,1,1,Episode 01: Chapter 21,20240720,1611,0
4754,298,1,2,Episode 02: Chapter 22,20240727,1628,0
4755,298,1,3,Episode 03: Chapter 23,20240803,1645,0
4756,298,1,4,Episode 04: Chapter 24,20240810,1662,0
4757,298,1,5,Episode 05: Chapter 25,20240817,1679,0
4758,298,1,6,Episode 06: Chapter 26,20240824,1336,0
4759,298,1,7,Episode 07: Chapter 27,20240831,1353,0
4760,298,1,8,Episode 08: Chapter 28,20240907,1370,1
4761,298,1,9,Episode 09: Chapter 29,20240914,1387,0
4762,298,1,10,Episode 10: Chapter 30,20240921,1404,0
4763,298,1,11,Episode 11: Chapter 31,20240928,1421,0
4764,298,1,12,Episode 12: Chapter 1,20241005,1438,0
4765,298,2,1,Episode 13: Chapter 2,20241012,1455,0
4766,298,2,2,Episode 14: Chapter 3,20241019,1472,0
4767,298,2,3,Episode 15: Chapter 4,20241026,1489,0
4768,298,2,4,Episode 16: Chapter 5,20241102,1506,0
4769,299,1,1,Episode 01: Chapter 22,20240806,1624,0
4770,299,1,2,Episode 02: Chapter 23,20240813,1641,0
4771,299,1,3,Episode 03: Chapter 24,20240820,1658,0
4772,299,1,4,Episode 04: Chapter 25,20240827,1675,0
4773,299,1,5,Episode 05: Chapter 26,20240903,1332,0
4774,299,1,6,Episode 06: Chapter 27,20240910,1349,0
4775,299,1,7,Episode 07: Chapter 28,20240917,1366,1
4776,299,1,8,Episode 08: Chapter 29,20240924,1383,0
4777,299,1,9,Episode 09: Chapter 30,20241001,1400,0
4778,299,1,10,Episode 10: Chapter 31,20241008,1417,0
4779,299,1,11,Episode 11: Chapter 1,20241015,1434,0
4780,299,1,12,Episode 12: Chapter 2,20241022,1451,0
4781,299,2,1,Episode 13: Chapter 3,20241029,1468,0
4782,299,2,2,Episode 14: Chapter 4,20241105,1485,0
4783,299,2,3,Episode 15: Chapter 5,20241112,1502,0
4784,299,2,4,Episode 16: Chapter 6,20241119,1519,0
4785,300,1,1,Episode 01: Chapter 23,20240823,1637,0
4786,300,1,2,Episode 02: Chapter 24,20240830,1654,0
4787,300,1,3,Episode 03: Chapter 25,20240906,1671,0
4788,300,1,4,Episode 04: Chapter 26,20240913,1328,0
4789,300,1,5,Episode 05: Chapter 27,20240920,1345,0
4790,300,1,6,Episode 06: Chapter 28,20240927,1362,1
4791,300,1,7,Episode 07: Chapter 29,20241004,1379,0
4792,300,1,8,Episode 08: Chapter 30,20241011,1396,0
4793,300,1,9,Episode 09: Chapter 31,20241018,1413,0
4794,300,1,10,Episode 10: Chapter 1,20241025,1430,0
4795,300,1,11,Episode 11: Chapter 2,20241101,1447,0
4796,300,1,12,Episode 12: Chapter 3,20241108,1464,0
4797,300,2,1,Episode 13: Chapter 4,20241115,1481,0
4798,300,2,2,Episode 14: Chapter 5,20241122,1498,0
4799,300,2,3,Episode 15: Chapter 6,20241129,1515,0
4800,300,2,4,Episode 16: Chapter 7,20241206,1532,0
4801,301,1,1,Episode 01: Chapter 24,20240909,1650,0
4802,301,1,2,Episode 02: Chapter 25,20240916,1667,0
4803,301,1,3,Episode 03: Chapter 26,20240923,1324,0
4804,301,1,4,Episode 04: Chapter 27,20240930,1341,0
4805,301,1,5,Episode 05: Chapter 28,20241007,1358,1
4806,301,1,6,Episode 06: Chapter 29,20241014,1375,0
4807,301,1,7,Episode 07: Chapter 30,20241021,1392,0
4808,301,1,8,Episode 08: Chapter 31,20241028,1409,0
4809,301,1,9,Episode 09: Chapter 1,20241104,1426,0
4810,301,1,10,Episode 10: Chapter 2,20241111,1443,0
4811,301,1,11,Episode 11: Chapter 3,20241118,1460,0
4812,301,1,12,Episode 12: Chapter 4,20241125,1477,0
4813,301,2,1,Episode 13: Chapter 5,20241202,1494,0
4814,301,2,2,Episode 14: Chapter 6,20241209,1511,0
4815,301,2,3,Episode 15: Chapter 7,20241216,1528,0
4816,301,2,4,Episode 16: Chapter 8,20241223,1545,0
4817,302,1,1,Episode 01: Chapter 25,20240926,1663,0
4818,302,1,2,Episode 02: Chapter 26,20241003,1320,0
4819,302,1,3,Episode 03: Chapter 27,20241010,1337,0
4820,302,1,4,Episode 04: Chapter 28,20241017,1354,1
4821,302,1,5,Episode 05: Chapter 29,20241024,1371,0
4822,302,1,6,Episode 06: Chapter 30,20241031,1388,0
4823,302,1,7,Episode 07: Chapter 31,20241107,1405,0
4824,302,1,8,Episode 08: Chapter 1,20241114,1422,0
4825,302,1,9,Episode 09: Chapter 2,20241121,1439,0
4826,302,1,10,Episode 10: Chapter 3,20241128,1456,0
4827,302,1,11,Episode 11: Chapter 4,20241205,1473,0
4828,302,1,12,Episode 12: Chapter 5,20241212,1490,0
4829,302,2,1,Episode 13: Chapter 6,20241219,1507,0
4830,302,2,2,Episode 14: Chapter 7,20241226,1524,0
4831,302,2,3,Episode 15: Chapter 8,20250102,1541,0
4832,302,2,4,Episode 16: Chapter 9,20250109,1558,0
4833,303,1,1,Episode 01: Chapter 26,20241013,1676,0
4834,303,1,2,Episode 02: Chapter 27,20241020,1333,0
4835,303,1,3,Episode 03: Chapter 28,20241027,1350,1
4836,303,1,4,Episode 04: Chapter 29,20241103,1367,0
4837,303,1,5,Episode 05: Chapter 30,20241110,1384,0
4838,303,1,6,Episode 06: Chapter 31,20241117,1401,0
4839,303,1,7,Episode 07: Chapter 1,20241124,1418,0
4840,303,1,8,Episode 08: Chapter 2,20241201,1435,0
4841,303,1,9,Episode 09: Chapter 3,20241208,1452,0
4842,303,1,10,Episode 10: Chapter 4,20241215,1469,0
4843,303,1,11,Episode 11: Chapter 5,20241222,1486,0
4844,303,1,12,Episode 12: Chapter 6,20241229,1503,0
4845,303,2,1,Episode 13: Chapter 7,20250105,1520,0
4846,303,2,2,Episode 14: Chapter 8,20250112,1537,0
4847,303,2,3,Episode 15: Chapter 9,20250119,1554,0
4848,303,2,4,Episode 16: Chapter 10,20250126,1571,0
4849,304,1,1,Episode 01: Chapter 27,20241030,1329,0
4850,304,1,2,Episode 02: Chapter 28,20241106,1346,1
4851,304,1,3,Episode 03: Chapter 29,20241113,1363,0
4852,304,1,4,Episode 04: Chapter 30,20241120,1380,0
4853,304,1,5,Episode 05: Chapter 31,20241127,1397,0
4854,304,1,6,Episode 06: Chapter 1,20241204,1414,0
4855,304,1,7,Episode 07: Chapter 2,20241211,1431,0
4856,304,1,8,Episode 08: Chapter 3,20241218,1448,0
4857,304,1,9,Episode 09: Chapter 4,20241225,1465,0
4858,304,1,10,Episode 10: Chapter 5,20250101,1482,0
4859,304,1,11,Episode 11: Chapter 6,20250108,1499,0
4860,304,1,12,Episode 12: Chapter 7,20250115,1516,0
4861,304,2,1,Episode 13: Chapter 8,20250122,1533,0
4862,304,2,2,Episode 14: Chapter 9,20250129,1550,0
4863,304,2,3,Episode 15: Chapter 10,20250205,1567,0
4864,304,2,4,Episode 16: Chapter 11,20250212,1584,0
4865,305,1,1,Episode 01: Chapter 28,20241116,1342,1
4866,305,1,2,Episode 02: Chapter 29,20241123,1359,0
4867,305,1,3,Episode 03: Chapter 30,20241130,1376,0
4868,305,1,4,Episode 04: Chapter 31,20241207,1393,0
4869,305,1,5,Episode 05: Chapter 1,20241214,1410,0
4870,305,1,6,Episode 06: Chapter 2,20241221,1427,0
4871,305,1,7,Episode 07: Chapter 3,20241228,1444,0
4872,305,1,8,Episode 08: Chapter 4,20250104,1461,0
4873,305,1,9,Episode 09: Chapter 5,20250111,1478,0
4874,305,1,10,Episode 10: Chapter 6,20250118,1495,0
4875,305,1,11,Episode 11: Chapter 7,20250125,1512,0
4876,305,1,12,Episode 12: Chapter 8,20250201,1529,0
4877,305,2,1,Episode 13: Chapter 9,20250208,1546,0
4878,305,2,2,Episode 14: Chapter 10,20250215,1563,0
4879,305,2,3,Episode 15: Chapter 11,20250222,1580,0
4880,305,2,4,Episode 16: Chapter 12,20250301,1597,0
4881,306,1,1,Episode 01: Chapter 29,20241203,1355,0
4882,306,1,2,Episode 02: Chapter 30,20241210,1372,0
4883,306,1,3,Episode 03: Chapter 31,20241217,1389,0
4884,306,1,4,Episode 04: Chapter 1,20241224,1406,0
4885,306,1,5,Episode 05: Chapter 2,20241231,1423,0
4886,306,1,6,Episode 06: Chapter 3,20250107,1440,0
4887,306,1,7,Episode 07: Chapter 4,20250114,1457,0
4888,306,1,8,Episode 08: Chapter 5,20250121,1474,0
4889,306,1,9,Episode 09: Chapter 6,20250128,1491,0
4890,306,1,10,Episode 10: Chapter 7,20250204,1508,0
4891,306,1,11,Episode 11: Chapter 8,20250211,1525,0
4892,306,1,12,Episode 12: Chapter 9,20250218,1542,0
4893,306,2,1,Episode 13: Chapter 10,20250225,1559,0
4894,306,2,2,Episode 14: Chapter 11,20250304,1576,0
4895,306,2,3,Episode 15: Chapter 12,20250311,1593,0
4896,306,2,4,Episode 16: Chapter 13,20250318,1610,0
4897,307,1,1,Episode 01: Chapter 30,20241220,1368,0
4898,307,1,2,Episode 02: Chapter 31,20241227,1385,0
4899,307,1,3,Episode 03: Chapter 1,20250103,1402,0
4900,307,1,4,Episode 04: Chapter 2,20250110,1419,0
4901,307,1,5,Episode 05: Chapter 3,20250117,1436,0
4902,307,1,6,Episode 06: Chapter 4,20250124,1453,0
4903,307,1,7,Episode 07: Chapter 5,20250131,1470,0
4904,307,1,8,Episode 08: Chapter 6,20250207,1487,0
4905,307,1,9,Episode 09: Chapter 7,20250214,1504,0
4906,307,1,10,Episode 10: Chapter 8,20250221,1521,0
4907,307,1,11,Episode 11: Chapter 9,20250228,1538,0
4908,307,1,12,Episode 12: Chapter 10,20250307,1555,0
4909,307,2,1,Episode 13: Chapter 11,20250314,1572,0
4910,307,2,2,Episode 14: Chapter 12,20250321,1589,0
4911,307,2,3,Episode 15: Chapter 13,20250328,1606,0
4912,307,2,4,Episode 16: Chapter 14,20250404,1623,1
4913,308,1,1,Episode 01: Chapter 31,20250106,1381,0
4914,308,1,2,Episode 02: Chapter 1,20250113,1398,0
4915,308,1,3,Episode 03: Chapter 2,20250120,1415,0
4916,308,1,4,Episode 04: Chapter 3,20250127,1432,0
4917,308,1,5,Episode 05: Chapter 4,20250203,1449,0
4918,308,1,6,Episode 06: Chapter 5,20250210,1466,0
4919,308,1,7,Episode 07: Chapter 6,20250217,1483,0
4920,308,1,8,Episode 08: Chapter 7,20250224,1500,0
4921,308,1,9,Episode 09: Chapter 8,20250303,1517,0
4922,308,1,10,Episode 10: Chapter 9,20250310,1534,0
4923,308,1,11,Episode 11: Chapter 10,20250317,1551,0
4924,308,1,12,Episode 12: Chapter 11,20250324,1568,0
4925,308,2,1,Episode 13: Chapter 12,20250331,1585,0
4926,308,2,2,Episode 14: Chapter 13,20250407,1602,0
4927,308,2,3,Episode 15: Chapter 14,20250414,1619,1
4928,308,2,4,Episode 16: Chapter 15,20250421,1636,0
4929,309,1,1,Episode 01: Chapter 1,20250123,1394,0
4930,309,1,2,Episode 02: Chapter 2,20250130,1411,0
4931,309,1,3,Episode 03: Chapter 3,20250206,1428,0
4932,309,1,4,Episode 04: Chapter 4,20250213,1445,0
4933,309,1,5,Episode 05: Chapter 5,20250220,1462,0
4934,309,1,6,Episode 06: Chapter 6,20250227,1479,0
4935,309,1,7,Episode 07: Chapter 7,20250306,1496,0
4936,309,1,8,Episode 08: Chapter 8,20250313,1513,0
4937,309,1,9,Episode 09: Chapter 9,20250320,1530,0
4938,309,1,10,Episode 10: Chapter 10,20250327,1547,0
4939,309,1,11,Episode 11: Chapter 11,20250403,1564,0
4940,309,1,12,Episode 12: Chapter 12,20250410,1581,0
4941,309,2,1,Episode 13: Chapter 13,20250417,1598,0
4942,309,2,2,Episode 14: Chapter 14,20250424,1615,1
4943,309,2,3,Episode 15: Chapter 15,20250501,1632,0
4944,309,2,4,Episode 16: Chapter 16,20250508,1649,0
4945,310,1,1,Episode 01: Chapter 2,20250209,1407,0
4946,310,1,2,Episode 02: Chapter 3,20250216,1424,0
4947,310,1,3,Episode 03: Chapter 4,20250223,1441,0
4948,310,1,4,Episode 04: Chapter 5,20250302,1458,0
4949,310,1,5,Episode 05: Chapter 6,20250309,1475,0
4950,310,1,6,Episode 06: Chapter 7,20250316,1492,0
4951,310,1,7,Episode 07: Chapter 8,20250323,1509,0
4952,310,1,8,Episode 08: Chapter 9,20250330,1526,0
4953,310,1,9,Episode 09: Chapter 10,20250406,1543,0
4954,310,1,10,Episode 10: Chapter 11,20250413,1560,0
4955,310,1,11,Episode 11: Chapter 12,20250420,1577,0
4956,310,1,12,Episode 12: Chapter 13,20250427,1594,0
4957,310,2,1,Episode 13: Chapter 14,20250504,1611,1
4958,310,2,2,Episode 14: Chapter 15,20250511,1628,0
4959,310,2,3,Episode 15: Chapter 16,20250518,1645,0
4960,310,2,4,Episode 16: Chapter 17,20250525,1662,0
4961,311,1,1,Episode 01: Chapter 3,20250226,1420,0
4962,311,1,2,Episode 02: Chapter 4,20250305,1437,0
4963,311,1,3,Episode 03: Chapter 5,20250312,1454,0
4964,311,1,4,Episode 04: Chapter 6,20250319,1471,0
4965,311,1,5,Episode 05: Chapter 7,20250326,1488,0
4966,311,1,6,Episode 06: Chapter 8,20250402,1505,0
4967,311,1,7,Episode 07: Chapter 9,20250409,1522,0
4968,311,1,8,Episode 08: Chapter 10,20250416,1539,0
4969,311,1,9,Episode 09: Chapter 11,20250423,1556,0
4970,311,1,10,Episode 10: Chapter 12,20250430,1573,0
4971,311,1,11,Episode 11: Chapter 13,20250507,1590,0
4972,311,1,12,Episode 12: Chapter 14,20250514,1607,1
4973,311,2,1,Episode 13: Chapter 15,20250521,1624,0
4974,311,2,2,Episode 14: Chapter 16,20250528,1641,0
4975,311,2,3,Episode 15: Chapter 17,20250604,1658,0
4976,311,2,4,Episode 16: Chapter 18,20250611,1675,0
4977,312,1,1,Episode 01: Chapter 4,20250315,1433,0
4978,312,1,2,Episode 02: Chapter 5,20250322,1450,0
4979,312,1,3,Episode 03: Chapter 6,20250329,1467,0
4980,312,1,4,Episode 04: Chapter 7,20250405,1484,0
4981,312,1,5,Episode 05: Chapter 8,20250412,1501,0
4982,312,1,6,Episode 06: Chapter 9,20250419,1518,0
4983,312,1,7,Episode 07: Chapter 10,20250426,1535,0
4984,312,1,8,Episode 08: Chapter 11,20250503,1552,0
4985,312,1,9,Episode 09: Chapter 12,20250510,1569,0
4986,312,1,10,Episode 10: Chapter 13,20250517,1586,0
4987,312,1,11,Episode 11: Chapter 14,20250524,1603,1
4988,312,1,12,Episode 12: Chapter 15,20250531,1620,0
4989,312,2,1,Episode 13: Chapter 16,20250607,1637,0
4990,312,2,2,Episode 14: Chapter 17,20250614,1654,0
4991,312,2,3,Episode 15: Chapter 18,20250621,1671,0
4992,312,2,4,Episode 16: Chapter 19,20250628,1328,0
4993,313,1,1,Episode 01: Chapter 5,20250401,1446,0
4994,313,1,2,Episode 02: Chapter 6,20250408,1463,0
4995,313,1,3,Episode 03: Chapter 7,20250415,1480,0
4996,313,1,4,Episode 04: Chapter 8,20250422,1497,0
4997,313,1,5,Episode 05: Chapter 9,20250429,1514,0
4998,313,1,6,Episode 06: Chapter 10,20250506,1531,0
4999,313,1,7,Episode 07: Chapter 11,20250513,1548,0
5000,313,1,8,Episode 08: Chapter 12,20250520,1565,0
5001,313,1,9,Episode 09: Chapter 13,20250527,1582,0
5002,313,1,10,Episode 10: Chapter 14,20250603,1599,1
5003,313,1,11,Episode 11: Chapter 15,20250610,1616,0
5004,313,1,12,Episode 12: Chapter 16,20250617,1633,0
5005,313,2,1,Episode 13: Chapter 17,20250624,1650,0
5006,313,2,2,Episode 14: Chapter 18,20250701,1667,0
5007,313,2,3,Episode 15: Chapter 19,20250708,1324,0
5008,313,2,4,Episode 16: Chapter 20,20250715,1341,0
5009,314,1,1,Episode 01: Chapter 6,20250418,1459,0
5010,314,1,2,Episode 02: Chapter 7,20250425,1476,0
5011,314,1,3,Episode 03: Chapter 8,20250502,1493,0
5012,314,1,4,Episode 04: Chapter 9,20250509,1510,0
5013,314,1,5,Episode 05: Chapter 10,20250516,1527,0
5014,314,1,6,Episode 06: Chapter 11,20250523,1544,0
5015,314,1,7,Episode 07: Chapter 12,20250530,1561,0
5016,314,1,8,Episode 08: Chapter 13,20250606,1578,0
5017,314,1,9,Episode 09: Chapter 14,20250613,1595,1
5018,314,1,10,Episode 10: Chapter 15,20250620,1612,0
5019,314,1,11,Episode 11: Chapter 16,20250627,1629,0
5020,314,1,12,Episode 12: Chapter 17,20250704,1646,0
5021,314,2,1,Episode 13: Chapter 18,20250711,1663,0
5022,314,2,2,Episode 14: Chapter 19,20250718,1320,0
5023,314,2,3,Episode 15: Chapter 20,20250725,1337,0
5024,314,2,4,Episode 16: Chapter 21,20250801,1354,0
5025,315,1,1,Episode 01: Chapter 7,20250505,1472,0
5026,315,1,2,Episode 02: Chapter 8,20250512,1489,0
5027,315,1,3,Episode 03: Chapter 9,20250519,1506,0
5028,315,1,4,Episode 04: Chapter 10,20250526,1523,0
5029,315,1,5,Episode 05: Chapter 11,20250602,1540,0
5030,315,1,6,Episode 06: Chapter 12,20250609,1557,0
5031,315,1,7,Episode 07: Chapter 13,20250616,1574,0
5032,315,1,8,Episode 08: Chapter 14,20250623,1591,1
5033,315,1,9,Episode 09: Chapter 15,20250630,1608,0
5034,315,1,10,Episode 10: Chapter 16,20250707,1625,0
5035,315,1,11,Episode 11: Chapter 17,20250714,1642,0
5036,315,1,12,Episode 12: Chapter 18,20250721,1659,0
5037,315,2,1,Episode 13: Chapter 19,20250728,1676,0
5038,315,2,2,Episode 14: Chapter 20,20250804,1333,0
5039,315,2,3,Episode 15: Chapter 21,20250811,1350,0
5040,315,2,4,Episode 16: Chapter 22,20250818,1367,0
5041,316,1,1,Episode 01: Chapter 8,20250522,1485,0
5042,316,1,2,Episode 02: Chapter 9,20250529,1502,0
5043,316,1,3,Episode 03: Chapter 10,20250605,1519,0
5044,316,1,4,Episode 04: Chapter 11,20250612,1536,0
5045,316,1,5,Episode 05: Chapter 12,20250619,1553,0
5046,316,1,6,Episode 06: Chapter 13,20250626,1570,0
5047,316,1,7,Episode 07: Chapter 14,20250703,1587,1
5048,316,1,8,Episode 08: Chapter 15,20250710,1604,0
5049,316,1,9,Episode 09: Chapter 16,20250717,1621,0
5050,316,1,10,Episode 10: Chapter 17,20250724,1638,0
5051,316,1,11,Episode 11: Chapter 18,20250731,1655,0
5052,316,1,12,Episode 12: Chapter 19,20250807,1672,0
5053,316,2,1,Episode 13: Chapter 20,20250814,1329,0
5054,316,2,2,Episode 14: Chapter 21,20250821,1346,0
5055,316,2,3,Episode 15: Chapter 22,20250828,1363,0
5056,316,2,4,Episode 16: Chapter 23,20250904,1380,0
5057,317,1,1,Episode 01: Chapter 9,20250608,1498,0
5058,317,1,2,Episode 02: Chapter 10,20250615,1515,0
5059,317,1,3,Episode 03: Chapter 11,20250622,1532,0
5060,317,1,4,Episode 04: Chapter 12,20250629,1549,0
5061,317,1,5,Episode 05: Chapter 13,20250706,1566,0
5062,317,1,6,Episode 06: Chapter 14,20250713,1583,1
5063,317,1,7,Episode 07: Chapter 15,20250720,1600,0
5064,317,1,8,Episode 08: Chapter 16,20250727,1617,0
5065,317,1,9,Episode 09: Chapter 17,20250803,1634,0
5066,317,1,10,Episode 10: Chapter 18,20250810,1651,0
5067,317,1,11,Episode 11: Chapter 19,20250817,1668,0
5068,317,1,12,Episode 12: Chapter 20,20250824,1325,0
5069,317,2,1,Episode 13: Chapter 21,20250831,1342,0
5070,317,2,2,Episode 14: Chapter 22,20250907,1359,0
5071,317,2,3,Episode 15: Chapter 23,20250914,1376,0
5072,317,2,4,Episode 16: Chapter 24,20250921,1393,0
5073,318,1,1,Episode 01: Chapter 10,20230107,1511,0
5074,318,1,2,Episode 02: Chapter 11,20230114,1528,0
5075,318,1,3,Episode 03: Chapter 12,20230121,1545,0
5076,318,1,4,Episode 04: Chapter 13,20230128,1562,0
5077,318,1,5,Episode 05: Chapter 14,20230204,1579,1
5078,318,1,6,Episode 06: Chapter 15,20230211,1596,0
5079,318,1,7,Episode 07: Chapter 16,20230218,1613,0
5080,318,1,8,Episode 08: Chapter 17,20230225,1630,0
5081,318,1,9,Episode 09: Chapter 18,20230304,1647,0
5082,318,1,10,Episode 10: Chapter 19,20230311,1664,0
5083,318,1,11,Episode 11: Chapter 20,20230318,1321,0
5084,318,1,12,Episode 12: Chapter 21,20230325,1338,0
5085,318,2,1,Episode 13: Chapter 22,20230401,1355,0
5086,318,2,2,Episode 14: Chapter 23,20230408,1372,0
5087,318,2,3,Episode 15: Chapter 24,20230415,1389,0
5088,318,2,4,Episode 16: Chapter 25,20230422,1406,0
5089,319,1,1,Episode 01: Chapter 11,20230124,1524,0
5090,319,1,2,Episode 02: Chapter 12,20230131,1541,0
5091,319,1,3,Episode 03: Chapter 13,20230207,1558,0
5092,319,1,4,Episode 04: Chapter 14,20230214,1575,1
5093,319,1,5,Episode 05: Chapter 15,20230221,1592,0
5094,319,1,6,Episode 06: Chapter 16,20230228,1609,0
5095,319,1,7,Episode 07: Chapter 17,20230307,1626,0
5096,319,1,8,Episode 08: Chapter 18,20230314,1643,0
5097,319,1,9,Episode 09: Chapter 19,20230321,1660,0
5098,319,1,10,Episode 10: Chapter 20,20230328,1677,0
5099,319,1,11,Episode 11: Chapter 21,20230404,1334,0
5100,319,1,12,Episode 12: Chapter 22,20230411,1351,0
5101,319,2,1,Episode 13: Chapter 23,20230418,1368,0
5102,319,2,2,Episode 14: Chapter 24,20230425,1385,0
5103,319,2,3,Episode 15: Chapter 25,20230502,1402,0
5104,319,2,4,Episode 16: Chapter 26,20230509,1419,0
5105,320,1,1,Episode 01: Chapter 12,20230210,1537,0
5106,320,1,2,Episode 02: Chapter 13,20230217,1554,0
5107,320,1,3,Episode 03: Chapter 14,20230224,1571,1
5108,320,1,4,Episode 04: Chapter 15,20230303,1588,0
5109,320,1,5,Episode 05: Chapter 16,20230310,1605,0
5110,320,1,6,Episode 06: Chapter 17,20230317,1622,0
5111,320,1,7,Episode 07: Chapter 18,20230324,1639,0
5112,320,1,8,Episode 08: Chapter 19,20230331,1656,0
5113,320,1,9,Episode 09: Chapter 20,20230407,1673,0
5114,320,1,10,Episode 10: Chapter 21,20230414,1330,0
5115,320,1,11,Episode 11: Chapter 22,20230421,1347,0
5116,320,1,12,Episode 12: Chapter 23,20230428,1364,0
5117,320,2,1,Episode 13: Chapter 24,20230505,1381,0
5118,320,2,2,Episode 14: Chapter 25,20230512,1398,0
5119,320,2,3,Episode 15: Chapter 26,20230519,1415,0
5120,320,2,4,Episode 16: Chapter 27,20230526,1432,0
5121,321,1,1,Episode 01: Chapter 13,20230227,1550,0
5122,321,1,2,Episode 02: Chapter 14,20230306,1567,1
5123,321,1,3,Episode 03: Chapter 15,20230313,1584,0
5124,321,1,4,Episode 04: Chapter 16,20230320,1601,0
5125,321,1,5,Episode 05: Chapter 17,20230327,1618,0
5126,321,1,6,Episode 06: Chapter 18,20230403,1635,0
5127,321,1,7,Episode 07: Chapter 19,20230410,1652,0
5128,321,1,8,Episode 08: Chapter 20,20230417,1669,0
5129,321,1,9,Episode 09: Chapter 21,20230424,1326,0
5130,321,1,10,Episode 10: Chapter 22,20230501,1343,0
5131,321,1,11,Episode 11: Chapter 23,20230508,1360,0
5132,321,1,12,Episode 12: Chapter 24,20230515,1377,0
5133,321,2,1,Episode 13: Chapter 25,20230522,1394,0
5134,321,2,2,Episode 14: Chapter 26,20230529,1411,0
5135,321,2,3,Episode 15: Chapter 27,20230605,1428,0
5136,321,2,4,Episode 16: Chapter 28,20230612,1445,0
5137,322,1,1,Episode 01: Chapter 14,20230316,1563,1
5138,322,1,2,Episode 02: Chapter 15,20230323,1580,0
5139,322,1,3,Episode 03: Chapter 16,20230330,1597,0
5140,322,1,4,Episode 04: Chapter 17,20230406,1614,0
5141,322,1,5,Episode 05: Chapter 18,20230413,1631,0
5142,322,1,6,Episode 06: Chapter 19,20230420,1648,0
5143,322,1,7,Episode 07: Chapter 20,20230427,1665,0
5144,322,1,8,Episode 08: Chapter 21,20230504,1322,0
5145,322,1,9,Episode 09: Chapter 22,20230511,1339,0
5146,322,1,10,Episode 10: Chapter 23,20230518,1356,0
5147,322,1,11,Episode 11: Chapter 24,20230525,1373,0
5148,322,1,12,Episode 12: Chapter 25,20230601,1390,0
5149,322,2,1,Episode 13: Chapter 26,20230608,1407,0
5150,322,2,2,Episode 14: Chapter 27,20230615,1424,0
5151,322,2,3,Episode 15: Chapter 28,20230622,1441,0
5152,322,2,4,Episode 16: Chapter 29,20230629,1458,0
5153,323,1,1,Episode 01: Chapter 15,20230402,1576,0
5154,323,1,2,Episode 02: Chapter 16,20230409,1593,0
5155,323,1,3,Episode 03: Chapter 17,20230416,1610,0
5156,323,1,4,Episode 04: Chapter 18,20230423,1627,0
5157,323,1,5,Episode 05: Chapter 19,20230430,1644,0
5158,323,1,6,Episode 06: Chapter 20,20230507,1661,0
5159,323,1,7,Episode 07: Chapter 21,20230514,1678,0
5160,323,1,8,Episode 08: Chapter 22,20230521,1335,0
5161,323,1,9,Episode 09: Chapter 23,20230528,1352,0
5162,323,1,10,Episode 10: Chapter 24,20230604,1369,0
5163,323,1,11,Episode 11: Chapter 25,20230611,1386,0
5164,323,1,12,Episode 12: Chapter 26,20230618,1403,0
5165,323,2,1,Episode 13: Chapter 27,20230625,1420,0
5166,323,2,2,Episode 14: Chapter 28,20230702,1437,0
5167,323,2,3,Episode 15: Chapter 29,20230709,1454,0
5168,323,2,4,Episode 16: Chapter 30,20230716,1471,0
5169,324,1,1,Episode 01: Chapter 16,20230419,1589,0
5170,324,1,2,Episode 02: Chapter 17,20230426,1606,0
5171,324,1,3,Episode 03: Chapter 18,20230503,1623,0
5172,324,1,4,Episode 04: Chapter 19,20230510,1640,0
5173,324,1,5,Episode 05: Chapter 20,20230517,1657,0
5174,324,1,6,Episode 06: Chapter 21,20230524,1674,0
5175,324,1,7,Episode 07: Chapter 22,20230531,1331,0
5176,324,1,8,Episode 08: Chapter 23,20230607,1348,0
5177,324,1,9,Episode 09: Chapter 24,20230614,1365,0
5178,324,1,10,Episode 10: Chapter 25,20230621,1382,0
5179,324,1,11,Episode 11: Chapter 26,20230628,1399,0
5180,324,1,12,Episode 12: Chapter 27,20230705,1416,0
5181,324,2,1,Episode 13: Chapter 28,20230712,1433,0
5182,324,2,2,Episode 14: Chapter 29,20230719,1450,0
5183,324,2,3,Episode 15: Chapter 30,20230726,1467,0
5184,324,2,4,Episode 16: Chapter 31,20230802,1484,1
5185,325,1,1,Episode 01: Chapter 17,20230506,1602,0
5186,325,1,2,Episode 02: Chapter 18,20230513,1619,0
5187,325,1,3,Episode 03: Chapter 19,20230520,1636,0
5188,325,1,4,Episode 04: Chapter 20,20230527,1653,0
5189,325,1,5,Episode 05: Chapter 21,20230603,1670,0
5190,325,1,6,Episode 06: Chapter 22,20230610,1327,0
5191,325,1,7,Episode 07: Chapter 23,20230617,1344,0
5192,325,1,8,Episode 08: Chapter 24,20230624,1361,0
5193,325,1,9,Episode 09: Chapter 25,20230701,1378,0
5194,325,1,10,Episode 10: Chapter 26,20230708,1395,0
5195,325,1,11,Episode 11: Chapter 27,20230715,1412,0
5196,325,1,12,Episode 12: Chapter 28,20230722,1429,0
5197,325,2,1,Episode 13: Chapter 29,20230729,1446,0
5198,325,2,2,Episode 14: Chapter 30,20230805,1463,0
5199,325,2,3,Episode 15: Chapter 31,20230812,1480,1
5200,325,2,4,Episode 16: Chapter 1,20230819,1497,0
5201,326,1,1,Episode 01: Chapter 18,20230523,1615,0
5202,326,1,2,Episode 02: Chapter 19,20230530,1632,0
5203,326,1,3,Episode 03: Chapter 20,20230606,1649,0
5204,326,1,4,Episode 04: Chapter 21,20230613,1666,0
5205,326,1,5,Episode 05: Chapter 22,20230620,1323,0
5206,326,1,6,Episode 06: Chapter 23,20230627,1340,0
5207,326,1,7,Episode 07: Chapter 24,20230704,1357,0
5208,326,1,8,Episode 08: Chapter 25,20230711,1374,0
5209,326,1,9,Episode 09: Chapter 26,20230718,1391,0
5210,326,1,10,Episode 10: Chapter 27,20230725,1408,0
5211,326,1,11,Episode 11: Chapter 28,20230801,1425,0
5212,326,1,12,Episode 12: Chapter 29,20230808,1442,0
5213,326,2,1,Episode 13: Chapter 30,20230815,1459,0
5214,326,2,2,Episode 14: Chapter 31,20230822,1476,1
5215,326,2,3,Episode 15: Chapter 1,20230829,1493,0
5216,326,2,4,Episode 16: Chapter 2,20230905,1510,0
5217,327,1,1,Episode 01: Chapter 19,20230609,1628,0
5218,327,1,2,Episode 02: Chapter 20,20230616,1645,0
5219,327,1,3,Episode 03: Chapter 21,20230623,1662,0
5220,327,1,4,Episode 04: Chapter 22,20230630,1679,0
5221,327,1,5,Episode 05: Chapter 23,20230707,1336,0
5222,327,1,6,Episode 06: Chapter 24,20230714,1353,0
5223,327,1,7,Episode 07: Chapter 25,20230721,1370,0
5224,327,1,8,Episode 08: Chapter 26,20230728,1387,0
5225,327,1,9,Episode 09: Chapter 27,20230804,1404,0
5226,327,1,10,Episode 10: Chapter 28,20230811,1421,0
5227,327,1,11,Episode 11: Chapter 29,20230818,1438,0
5228,327,1,12,Episode 12: Chapter 30,20230825,1455,0
5229,327,2,1,Episode 13: Chapter 31,20230901,1472,1
5230,327,2,2,Episode 14: Chapter 1,20230908,1489,0
5231,327,2,3,Episode 15: Chapter 2,20230915,1506,0
5232,327,2,4,Episode 16: Chapter 3,20230922,1523,0
5233,328,1,1,Episode 01: Chapter 20,20230626,1641,0
5234,328,1,2,Episode 02: Chapter 21,20230703,1658,0
5235,328,1,3,Episode 03: Chapter 22,20230710,1675,0
5236,328,1,4,Episode 04: Chapter 23,20230717,1332,0
5237,328,1,5,Episode 05: Chapter 24,20230724,1349,0
5238,328,1,6,Episode 06: Chapter 25,20230731,1366,0
5239,328,1,7,Episode 07: Chapter 26,20230807,1383,0
5240,328,1,8,Episode 08: Chapter 27,20230814,1400,0
5241,328,1,9,Episode 09: Chapter 28,20230821,1417,0
5242,328,1,10,Episode 10: Chapter 29,20230828,1434,0
5243,328,1,11,Episode 11: Chapter 30,20230904,1451,0
5244,328,1,12,Episode 12: Chapter 31,20230911,1468,1
5245,328,2,1,Episode 13: Chapter 1,20230918,1485,0
5246,328,2,2,Episode 14: Chapter 2,20230925,1502,0
5247,328,2,3,Episode 15: Chapter 3,20231002,1519,0
5248,328,2,4,Episode 16: Chapter 4,20231009,1536,0
5249,329,1,1,Episode 01: Chapter 21,20230713,1654,0
5250,329,1,2,Episode 02: Chapter 22,20230720,1671,0
5251,329,1,3,Episode 03: Chapter 23,20230727,1328,0
5252,329,1,4,Episode 04: Chapter 24,20230803,1345,0
5253,329,1,5,Episode 05: Chapter 25,20230810,1362,0
5254,329,1,6,Episode 06: Chapter 26,20230817,1379,0
5255,329,1,7,Episode 07: Chapter 27,20230824,1396,0
5256,329,1,8,Episode 08: Chapter 28,20230831,1413,0
5257,329,1,9,Episode 09: Chapter 29,20230907,1430,0
5258,329,1,10,Episode 10: Chapter 30,20230914,1447,0
5259,329,1,11,Episode 11: Chapter 31,20230921,1464,1
5260,329,1,12,Episode 12: Chapter 1,20230928,1481,0
5261,329,2,1,Episode 13: Chapter 2,20231005,1498,0
5262,329,2,2,Episode 14: Chapter 3,20231012,1515,0
5263,329,2,3,Episode 15: Chapter 4,20231019,1532,0
5264,329,2,4,Episode 16: Chapter 5,20231026,1549,0
5265,330,1,1,Episode 01: Chapter 22,20230730,1667,0
5266,330,1,2,Episode 02: Chapter 23,20230806,1324,0
5267,330,1,3,Episode 03: Chapter 24,20230813,1341,0
5268,330,1,4,Episode 04: Chapter 25,20230820,1358,0
5269,330,1,5,Episode 05: Chapter 26,20230827,1375,0
5270,330,1,6,Episode 06: Chapter 27,20230903,1392,0
5271,330,1,7,Episode 07: Chapter 28,20230910,1409,0
5272,330,1,8,Episode 08: Chapter 29,20230917,1426,0
5273,330,1,9,Episode 09: Chapter 30,20230924,1443,0
5274,330,1,10,Episode 10: Chapter 31,20231001,1460,1
5275,330,1,11,Episode 11: Chapter 1,20231008,1477,0
5276,330,1,12,Episode 12: Chapter 2,20231015,1494,0
5277,330,2,1,Episode 13: Chapter 3,20231022,1511,0
5278,330,2,2,Episode 14: Chapter 4,20231029,1528,0
5279,330,2,3,Episode 15: Chapter 5,20231105,1545,0
5280,330,2,4,Episode 16: Chapter 6,20231112,1562,0
5281,331,1,1,Episode 01: Chapter 23,20230816,1320,0
5282,331,1,2,Episode 02: Chapter 24,20230823,1337,0
5283,331,1,3,Episode 03: Chapter 25,20230830,1354,0
5284,331,1,4,Episode 04: Chapter 26,20230906,1371,0
5285,331,1,5,Episode 05: Chapter 27,20230913,1388,0
5286,331,1,6,Episode 06: Chapter 28,20230920,1405,0
5287,331,1,7,Episode 07: Chapter 29,20230927,1422,0
5288,331,1,8,Episode 08: Chapter 30,20231004,1439,0
5289,331,1,9,Episode 09: Chapter 31,20231011,1456,1
5290,331,1,10,Episode 10: Chapter 1,20231018,1473,0
5291,331,1,11,Episode 11: Chapter 2,20231025,1490,0
5292,331,1,12,Episode 12: Chapter 3,20231101,1507,0
5293,331,2,1,Episode 13: Chapter 4,20231108,1524,0
5294,331,2,2,Episode 14: Chapter 5,20231115,1541,0
5295,331,2,3,Episode 15: Chapter 6,20231122,1558,0
5296,331,2,4,Episode 16: Chapter 7,20231129,1575,0
5297,332,1,1,Episode 01: Chapter 24,20230902,1333,0
5298,332,1,2,Episode 02: Chapter 25,20230909,1350,0
5299,332,1,3,Episode 03: Chapter 26,20230916,1367,0
5300,332,1,4,Episode 04: Chapter 27,20230923,1384,0
5301,332,1,5,Episode 05: Chapter 28,20230930,1401,0
5302,332,1,6,Episode 06: Chapter 29,20231007,1418,0
5303,332,1,7,Episode 07: Chapter 30,20231014,1435,0
5304,332,1,8,Episode 08: Chapter 31,20231021,1452,1
5305,332,1,9,Episode 09: Chapter 1,20231028,1469,0
5306,332,1,10,Episode 10: Chapter 2,20231104,1486,0
5307,332,1,11,Episode 11: Chapter 3,20231111,1503,0
5308,332,1,12,Episode 12: Chapter 4,20231118,1520,0
5309,332,2,1,Episode 13: Chapter 5,20231125,1537,0
5310,332,2,2,Episode 14: Chapter 6,20231202,1554,0
5311,332,2,3,Episode 15: Chapter 7,20231209,1571,0
5312,332,2,4,Episode 16: Chapter 8,20231216,1588,0
5313,333,1,1,Episode 01: Chapter 25,20230919,1346,0
5314,333,1,2,Episode 02: Chapter 26,20230926,1363,0
5315,333,1,3,Episode 03: Chapter 27,20231003,1380,0
5316,333,1,4,Episode 04: Chapter 28,20231010,1397,0
5317,333,1,5,Episode 05: Chapter 29,20231017,1414,0
5318,333,1,6,Episode 06: Chapter 30,20231024,1431,0
5319,333,1,7,Episode 07: Chapter 31,20231031,1448,1
5320,333,1,8,Episode 08: Chapter 1,20231107,1465,0
5321,333,1,9,Episode 09: Chapter 2,20231114,1482,0
5322,333,1,10,Episode 10: Chapter 3,20231121,1499,0
5323,333,1,11,Episode 11: Chapter 4,20231128,1516,0
5324,333,1,12,Episode 12: Chapter 5,20231205,1533,0
5325,333,2,1,Episode 13: Chapter 6,20231212,1550,0
5326,333,2,2,Episode 14: Chapter 7,20231219,1567,0
5327,333,2,3,Episode 15: Chapter 8,20231226,1584,0
5328,333,2,4,Episode 16: Chapter 9,20240102,1601,0
5329,334,1,1,Episode 01: Chapter 26,20231006,1359,0
5330,334,1,2,Episode 02: Chapter 27,20231013,1376,0
5331,334,1,3,Episode 03: Chapter 28,20231020,1393,0
5332,334,1,4,Episode 04: Chapter 29,20231027,1410,0
5333,334,1,5,Episode 05: Chapter 30,20231103,1427,0
5334,334,1,6,Episode 06: Chapter 31,20231110,1444,1
5335,334,1,7,Episode 07: Chapter 1,20231117,1461,0
5336,334,1,8,Episode 08: Chapter 2,20231124,1478,0
5337,334,1,9,Episode 09: Chapter 3,20231201,1495,0
5338,334,1,10,Episode 10: Chapter 4,20231208,1512,0
5339,334,1,11,Episode 11: Chapter 5,20231215,1529,0
5340,334,1,12,Episode 12: Chapter 6,20231222,1546,0
5341,334,2,1,Episode 13: Chapter 7,20231229,1563,0
5342,334,2,2,Episode 14: Chapter 8,20240105,1580,0
5343,334,2,3,Episode 15: Chapter 9,20240112,1597,0
5344,334,2,4,Episode 16: Chapter 10,20240119,1614,0
5345,335,1,1,Episode 01: Chapter 27,20231023,1372,0
5346,335,1,2,Episode 02: Chapter 28,20231030,1389,0
5347,335,1,3,Episode 03: Chapter 29,20231106,1406,0
5348,335,1,4,Episode 04: Chapter 30,20231113,1423,0
5349,335,1,5,Episode 05: Chapter 31,20231120,1440,1
5350,335,1,6,Episode 06: Chapter 1,20231127,1457,0
5351,335,1,7,Episode 07: Chapter 2,20231204,1474,0
5352,335,1,8,Episode 08: Chapter 3,20231211,1491,0
5353,335,1,9,Episode 09: Chapter 4,20231218,1508,0
5354,335,1,10,Episode 10: Chapter 5,20231225,1525,0
5355,335,1,11,Episode 11: Chapter 6,20240101,1542,0
5356,335,1,12,Episode 12: Chapter 7,20240108,1559,0
5357,335,2,1,Episode 13: Chapter 8,20240115,1576,0
5358,335,2,2,Episode 14: Chapter 9,20240122,1593,0
5359,335,2,3,Episode 15: Chapter 10,20240129,1610,0
5360,335,2,4,Episode 16: Chapter 11,20240205,1627,0
5361,336,1,1,Episode 01: Chapter 28,20231109,1385,0
5362,336,1,2,Episode 02: Chapter 29,20231116,1402,0
5363,336,1,3,Episode 03: Chapter 30,20231123,1419,0
5364,336,1,4,Episode 04: Chapter 31,20231130,1436,1
5365,336,1,5,Episode 05: Chapter 1,20231207,1453,0
5366,336,1,6,Episode 06: Chapter 2,20231214,1470,0
5367,336,1,7,Episode 07: Chapter 3,20231221,1487,0
5368,336,1,8,Episode 08: Chapter 4,20231228,1504,0
5369,336,1,9,Episode 09: Chapter 5,20240104,1521,0
5370,336,1,10,Episode 10: Chapter 6,20240111,1538,0
5371,336,1,11,Episode 11: Chapter 7,20240118,1555,0
5372,336,1,12,Episode 12: Chapter 8,20240125,1572,0
5373,336,2,1,Episode 13: Chapter 9,20240201,1589,0
5374,336,2,2,Episode 14: Chapter 10,20240208,1606,0
5375,336,2,3,Episode 15: Chapter 11,20240215,1623,0
5376,336,2,4,Episode 16: Chapter 12,20240222,1640,0
5377,337,1,1,Episode 01: Chapter 29,20231126,1398,0
5378,337,1,2,Episode 02: Chapter 30,20231203,1415,0
5379,337,1,3,Episode 03: Chapter 31,20231210,1432,1
5380,337,1,4,Episode 04: Chapter 1,20231217,1449,0
5381,337,1,5,Episode 05: Chapter 2,20231224,1466,0
5382,337,1,6,Episode 06: Chapter 3,20231231,1483,0
5383,337,1,7,Episode 07: Chapter 4,20240107,1500,0
5384,337,1,8,Episode 08: Chapter 5,20240114,1517,0
5385,337,1,9,Episode 09: Chapter 6,20240121,1534,0
5386,337,1,10,Episode 10: Chapter 7,20240128,1551,0
5387,337,1,11,Episode 11: Chapter 8,20240204,1568,0
5388,337,1,12,Episode 12: Chapter 9,20240211,1585,0
5389,337,2,1,Episode 13: Chapter 10,20240218,1602,0
5390,337,2,2,Episode 14: Chapter 11,20240225,1619,0
5391,337,2,3,Episode 15: Chapter 12,20240303,1636,0
5392,337,2,4,Episode 16: Chapter 13,20240310,1653,0
5393,338,1,1,Episode 01: Chapter 30,20231213,1411,0
5394,338,1,2,Episode 02: Chapter 31,20231220,1428,1
5395,338,1,3,Episode 03: Chapter 1,20231227,1445,0
5396,338,1,4,Episode 04: Chapter 2,20240103,1462,0
5397,338,1,5,Episode 05: Chapter 3,20240110,1479,0
5398,338,1,6,Episode 06: Chapter 4,20240117,1496,0
5399,338,1,7,Episode 07: Chapter 5,20240124,1513,0
5400,338,1,8,Episode 08: Chapter 6,20240131,1530,0
5401,338,1,9,Episode 09: Chapter 7,20240207,1547,0
5402,338,1,10,Episode 10: Chapter 8,20240214,1564,0
5403,338,1,11,Episode 11: Chapter 9,20240221,1581,0
5404,338,1,12,Episode 12: Chapter 10,20240228,1598,0
5405,338,2,1,Episode 13: Chapter 11,20240306,1615,0
5406,338,2,2,Episode 14: Chapter 12,20240313,1632,0
5407,338,2,3,Episode 15: Chapter 13,20240320,1649,0
5408,338,2,4,Episode 16: Chapter 14,20240327,1666,0
5409,339,1,1,Episode 01: Chapter 31,20231230,1424,1
5410,339,1,2,Episode 02: Chapter 1,20240106,1441,0
5411,339,1,3,Episode 03: Chapter 2,20240113,1458,0
5412,339,1,4,Episode 04: Chapter 3,20240120,1475,0
5413,339,1,5,Episode 05: Chapter 4,20240127,1492,0
5414,339,1,6,Episode 06: Chapter 5,20240203,1509,0
5415,339,1,7,Episode 07: Chapter 6,20240210,1526,0
5416,339,1,8,Episode 08: Chapter 7,20240217,1543,0
5417,339,1,9,Episode 09: Chapter 8,20240224,1560,0
5418,339,1,10,Episode 10: Chapter 9,20240302,1577,0
5419,339,1,11,Episode 11: Chapter 10,20240309,1594,0
5420,339,1,12,Episode 12: Chapter 11,20240316,1611,0
5421,339,2,1,Episode 13: Chapter 12,20240323,1628,0
5422,339,2,2,Episode 14: Chapter 13,20240330,1645,0
5423,339,2,3,Episode 15: Chapter 14,20240406,1662,0
5424,339,2,4,Episode 16: Chapter 15,20240413,1679,0
5425,340,1,1,Episode 01: Chapter 1,20240116,1437,0
5426,340,1,2,Episode 02: Chapter 2,20240123,1454,0
5427,340,1,3,Episode 03: Chapter 3,20240130,1471,0
5428,340,1,4,Episode 04: Chapter 4,20240206,1488,0
5429,340,1,5,Episode 05: Chapter 5,20240213,1505,0
5430,340,1,6,Episode 06: Chapter 6,20240220,1522,0
5431,340,1,7,Episode 07: Chapter 7,20240227,1539,0
5432,340,1,8,Episode 08: Chapter 8,20240305,1556,0
5433,340,1,9,Episode 09: Chapter 9,20240312,1573,0
5434,340,1,10,Episode 10: Chapter 10,20240319,1590,0
5435,340,1,11,Episode 11: Chapter 11,20240326,1607,0
5436,340,1,12,Episode 12: Chapter 12,20240402,1624,0
5437,340,2,1,Episode 13: Chapter 13,20240409,1641,0
5438,340,2,2,Episode 14: Chapter 14,20240416,1658,0
5439,340,2,3,Episode 15: Chapter 15,20240423,1675,0
5440,340,2,4,Episode 16: Chapter 16,20240430,1332,0
5441,341,1,1,Episode 01: Chapter 2,20240202,1450,0
5442,341,1,2,Episode 02: Chapter 3,20240209,1467,0
5443,341,1,3,Episode 03: Chapter 4,20240216,1484,0
5444,341,1,4,Episode 04: Chapter 5,20240223,1501,0
5445,341,1,5,Episode 05: Chapter 6,20240301,1518,0
5446,341,1,6,Episode 06: Chapter 7,20240308,1535,0
5447,341,1,7,Episode 07: Chapter 8,20240315,1552,0
5448,341,1,8,Episode 08: Chapter 9,20240322,1569,0
5449,341,1,9,Episode 09: Chapter 10,20240329,1586,0
5450,341,1,10,Episode 10: Chapter 11,20240405,1603,0
5451,341,1,11,Episode 11: Chapter 12,20240412,1620,0
5452,341,1,12,Episode 12: Chapter 13,20240419,1637,0
5453,341,2,1,Episode 13: Chapter 14,20240426,1654,0
5454,341,2,2,Episode 14: Chapter 15,20240503,1671,0
5455,341,2,3,Episode 15: Chapter 16,20240510,1328,0
5456,341,2,4,Episode 16: Chapter 17,20240517,1345,1
5457,342,1,1,Episode 01: Chapter 3,20240219,1463,0
5458,342,1,2,Episode 02: Chapter 4,20240226,1480,0
5459,342,1,3,Episode 03: Chapter 5,20240304,1497,0
5460,342,1,4,Episode 04: Chapter 6,20240311,1514,0
5461,342,1,5,Episode 05: Chapter 7,20240318,1531,0
5462,342,1,6,Episode 06: Chapter 8,20240325,1548,0
5463,342,1,7,Episode 07: Chapter 9,20240401,1565,0
5464,342,1,8,Episode 08: Chapter 10,20240408,1582,0
5465,342,1,9,Episode 09: Chapter 11,20240415,1599,0
5466,342,1,10,Episode 10: Chapter 12,20240422,1616,0
5467,342,1,11,Episode 11: Chapter 13,20240429,1633,0
5468,342,1,12,Episode 12: Chapter 14,20240506,1650,0
5469,342,2,1,Episode 13: Chapter 15,20240513,1667,0
5470,342,2,2,Episode 14: Chapter 16,20240520,1324,0
5471,342,2,3,Episode 15: Chapter 17,20240527,1341,1
5472,342,2,4,Episode 16: Chapter 18,20240603,1358,0
5473,343,1,1,Episode 01: Chapter 4,20240307,1476,0
5474,343,1,2,Episode 02: Chapter 5,20240314,1493,0
5475,343,1,3,Episode 03: Chapter 6,20240321,1510,0
5476,343,1,4,Episode 04: Chapter 7,20240328,1527,0
5477,343,1,5,Episode 05: Chapter 8,20240404,1544,0
5478,343,1,6,Episode 06: Chapter 9,20240411,1561,0
5479,343,1,7,Episode 07: Chapter 10,20240418,1578,0
5480,343,1,8,Episode 08: Chapter 11,20240425,1595,0
5481,343,1,9,Episode 09: Chapter 12,20240502,1612,0
5482,343,1,10,Episode 10: Chapter 13,20240509,1629,0
5483,343,1,11,Episode 11: Chapter 14,20240516,1646,0
5484,343,1,12,Episode 12: Chapter 15,20240523,1663,0
5485,343,2,1,Episode 13: Chapter 16,20240530,1320,0
5486,343,2,2,Episode 14: Chapter 17,20240606,1337,1
5487,343,2,3,Episode 15: Chapter 18,20240613,1354,0
5488,343,2,4,Episode 16: Chapter 19,20240620,1371,0
5489,344,1,1,Episode 01: Chapter 5,20240324,1489,0
5490,344,1,2,Episode 02: Chapter 6,20240331,1506,0
5491,344,1,3,Episode 03: Chapter 7,20240407,1523,0
5492,344,1,4,Episode 04: Chapter 8,20240414,1540,0
5493,344,1,5,Episode 05: Chapter 9,20240421,1557,0
5494,344,1,6,Episode 06: Chapter 10,20240428,1574,0
5495,344,1,7,Episode 07: Chapter 11,20240505,1591,0
5496,344,1,8,Episode 08: Chapter 12,20240512,1608,0
5497,344,1,9,Episode 09: Chapter 13,20240519,1625,0
5498,344,1,10,Episode 10: Chapter 14,20240526,1642,0
5499,344,1,11,Episode 11: Chapter 15,20240602,1659,0
5500,344,1,12,Episode 12: Chapter 16,20240609,1676,0
5501,344,2,1,Episode 13: Chapter 17,20240616,1333,1
5502,344,2,2,Episode 14: Chapter 18,20240623,1350,0
5503,344,2,3,Episode 15: Chapter 19,20240630,1367,0
5504,344,2,4,Episode 16: Chapter 20,20240707,1384,0
5505,345,1,1,Episode 01: Chapter 6,20240410,1502,0
5506,345,1,2,Episode 02: Chapter 7,20240417,1519,0
5507,345,1,3,Episode 03: Chapter 8,20240424,1536,0
5508,345,1,4,Episode 04: Chapter 9,20240501,1553,0
5509,345,1,5,Episode 05: Chapter 10,20240508,1570,0
5510,345,1,6,Episode 06: Chapter 11,20240515,1587,0
5511,345,1,7,Episode 07: Chapter 12,20240522,1604,0
5512,345,1,8,Episode 08: Chapter 13,20240529,1621,0
5513,345,1,9,Episode 09: Chapter 14,20240605,1638,0
5514,345,1,10,Episode 10: Chapter 15,20240612,1655,0
5515,345,1,11,Episode 11: Chapter 16,20240619,1672,0
5516,345,1,12,Episode 12: Chapter 17,20240626,1329,1
5517,345,2,1,Episode 13: Chapter 18,20240703,1346,0
5518,345,2,2,Episode 14: Chapter 19,20240710,1363,0
5519,345,2,3,Episode 15: Chapter 20,20240717,1380,0
5520,345,2,4,Episode 16: Chapter 21,20240724,1397,0
5521,346,1,1,Episode 01: Chapter 7,20240427,1515,0
5522,346,1,2,Episode 02: Chapter 8,20240504,1532,0
5523,346,1,3,Episode 03: Chapter 9,20240511,1549,0
5524,346,1,4,Episode 04: Chapter 10,20240518,1566,0
5525,346,1,5,Episode 05: Chapter 11,20240525,1583,0
5526,346,1,6,Episode 06: Chapter 12,20240601,1600,0
5527,346,1,7,Episode 07: Chapter 13,20240608,1617,0
5528,346,1,8,Episode 08: Chapter 14,20240615,1634,0
5529,346,1,9,Episode 09: Chapter 15,20240622,1651,0
5530,346,1,10,Episode 10: Chapter 16,20240629,1668,0
5531,346,1,11,Episode 11: Chapter 17,20240706,1325,1
5532,346,1,12,Episode 12: Chapter 18,20240713,1342,0
5533,346,2,1,Episode 13: Chapter 19,20240720,1359,0
5534,346,2,2,Episode 14: Chapter 20,20240727,1376,0
5535,346,2,3,Episode 15: Chapter 21,20240803,1393,0
5536,346,2,4,Episode 16: Chapter 22,20240810,1410,0
5537,347,1,1,Episode 01: Chapter 8,20240514,1528,0
5538,347,1,2,Episode 02: Chapter 9,20240521,1545,0
5539,347,1,3,Episode 03: Chapter 10,20240528,1562,0
5540,347,1,4,Episode 04: Chapter 11,20240604,1579,0
5541,347,1,5,Episode 05: Chapter 12,20240611,1596,0
5542,347,1,6,Episode 06: Chapter 13,20240618,1613,0
5543,347,1,7,Episode 07: Chapter 14,20240625,1630,0
5544,347,1,8,Episode 08: Chapter 15,20240702,1647,0
5545,347,1,9,Episode 09: Chapter 16,20240709,1664,0
5546,347,1,10,Episode 10: Chapter 17,20240716,1321,1
5547,347,1,11,Episode 11: Chapter 18,20240723,1338,0
5548,347,1,12,Episode 12: Chapter 19,20240730,1355,0
5549,347,2,1,Episode 13: Chapter 20,20240806,1372,0
5550,347,2,2,Episode 14: Chapter 21,20240813,1389,0
5551,347,2,3,Episode 15: Chapter 22,20240820,1406,0
5552,347,2,4,Episode 16: Chapter 23,20240827,1423,0
5553,348,1,1,Episode 01: Chapter 9,20240531,1541,0
5554,348,1,2,Episode 02: Chapter 10,20240607,1558,0
5555,348,1,3,Episode 03: Chapter 11,20240614,1575,0
5556,348,1,4,Episode 04: Chapter 12,20240621,1592,0
5557,348,1,5,Episode 05: Chapter 13,20240628,1609,0
5558,348,1,6,Episode 06: Chapter 14,20240705,1626,0
5559,348,1,7,Episode 07: Chapter 15,20240712,1643,0
5560,348,1,8,Episode 08: Chapter 16,20240719,1660,0
5561,348,1,9,Episode 09: Chapter 17,20240726,1677,1
5562,348,1,10,Episode 10: Chapter 18,20240802,1334,0
5563,348,1,11,Episode 11: Chapter 19,20240809,1351,0
5564,348,1,12,Episode 12: Chapter 20,20240816,1368,0
5565,348,2,1,Episode 13: Chapter 21,20240823,1385,0
5566,348,2,2,Episode 14: Chapter 22,20240830,1402,0
5567,348,2,3,Episode 15: Chapter 23,20240906,1419,0
5568,348,2,4,Episode 16: Chapter 24,20240913,1436,0
5569,349,1,1,Episode 01: Chapter 10,20240617,1554,0
5570,349,1,2,Episode 02: Chapter 11,20240624,1571,0
5571,349,1,3,Episode 03: Chapter 12,20240701,1588,0
5572,349,1,4,Episode 04: Chapter 13,20240708,1605,0
5573,349,1,5,Episode 05: Chapter 14,20240715,1622,0
5574,349,1,6,Episode 06: Chapter 15,20240722,1639,0
5575,349,1,7,Episode 07: Chapter 16,20240729,1656,0
5576,349,1,8,Episode 08: Chapter 17,20240805,1673,1
5577,349,1,9,Episode 09: Chapter 18,20240812,1330,0
5578,349,1,10,Episode 10: Chapter 19,20240819,1347,0
5579,349,1,11,Episode 11: Chapter 20,20240826,1364,0
5580,349,1,12,Episode 12: Chapter 21,20240902,1381,0
5581,349,2,1,Episode 13: Chapter 22,20240909,1398,0
5582,349,2,2,Episode 14: Chapter 23,20240916,1415,0
5583,349,2,3,Episode 15: Chapter 24,20240923,1432,0
5584,349,2,4,Episode 16: Chapter 25,20240930,1449,0
5585,350,1,1,Episode 01: Chapter 11,20240704,1567,0
5586,350,1,2,Episode 02: Chapter 12,20240711,1584,0
5587,350,1,3,Episode 03: Chapter 13,20240718,1601,0
5588,350,1,4,Episode 04: Chapter 14,20240725,1618,0
5589,350,1,5,Episode 05: Chapter 15,20240801,1635,0
5590,350,1,6,Episode 06: Chapter 16,20240808,1652,0
5591,350,1,7,Episode 07: Chapter 17,20240815,1669,1
5592,350,1,8,Episode 08: Chapter 18,20240822,1326,0
5593,350,1,9,Episode 09: Chapter 19,20240829,1343,0
5594,350,1,10,Episode 10: Chapter 20,20240905,1360,0
5595,350,1,11,Episode 11: Chapter 21,20240912,1377,0
5596,350,1,12,Episode 12: Chapter 22,20240919,1394,0
5597,350,2,1,Episode 13: Chapter 23,20240926,1411,0
5598,350,2,2,Episode 14: Chapter 24,20241003,1428,0
5599,350,2,3,Episode 15: Chapter 25,20241010,1445,0
5600,350,2,4,Episode 16: Chapter 26,20241017,1462,0
5601,351,1,1,Episode 01: Chapter 12,20240721,1580,0
5602,351,1,2,Episode 02: Chapter 13,20240728,1597,0
5603,351,1,3,Episode 03: Chapter 14,20240804,1614,0
5604,351,1,4,Episode 04: Chapter 15,20240811,1631,0
5605,351,1,5,Episode 05: Chapter 16,20240818,1648,0
5606,351,1,6,Episode 06: Chapter 17,20240825,1665,1
5607,351,1,7,Episode 07: Chapter 18,20240901,1322,0
5608,351,1,8,Episode 08: Chapter 19,20240908,1339,0
5609,351,1,9,Episode 09: Chapter 20,20240915,1356,0
5610,351,1,10,Episode 10: Chapter 21,20240922,1373,0
5611,351,1,11,Episode 11: Chapter 22,20240929,1390,0
5612,351,1,12,Episode 12: Chapter 23,20241006,1407,0
5613,351,2,1,Episode 13: Chapter 24,20241013,1424,0
5614,351,2,2,Episode 14: Chapter 25,20241020,1441,0
5615,351,2,3,Episode 15: Chapter 26,20241027,1458,0
5616,351,2,4,Episode 16: Chapter 27,20241103,1475,0
5617,352,1,1,Episode 01: Chapter 13,20240807,1593,0
5618,352,1,2,Episode 02: Chapter 14,20240814,1610,0
5619,352,1,3,Episode 03: Chapter 15,20240821,1627,0
5620,352,1,4,Episode 04: Chapter 16,20240828,1644,0
5621,352,1,5,Episode 05: Chapter 17,20240904,1661,1
5622,352,1,6,Episode 06: Chapter 18,20240911,1678,0
5623,352,1,7,Episode 07: Chapter 19,20240918,1335,0
5624,352,1,8,Episode 08: Chapter 20,20240925,1352,0
5625,352,1,9,Episode 09: Chapter 21,20241002,1369,0
5626,352,1,10,Episode 10: Chapter 22,20241009,1386,0
5627,352,1,11,Episode 11: Chapter 23,20241016,1403,0
5628,352,1,12,Episode 12: Chapter 24,20241023,1420,0
5629,352,2,1,Episode 13: Chapter 25,20241030,1437,0
5630,352,2,2,Episode 14: Chapter 26,20241106,1454,0
5631,352,2,3,Episode 15: Chapter 27,20241113,1471,0
5632,352,2,4,Episode 16: Chapter 28,20241120,1488,0
5633,353,1,1,Episode 01: Chapter 14,20240824,1606,0
5634,353,1,2,Episode 02: Chapter 15,20240831,1623,0
5635,353,1,3,Episode 03: Chapter 16,20240907,1640,0
5636,353,1,4,Episode 04: Chapter 17,20240914,1657,1
5637,353,1,5,Episode 05: Chapter 18,20240921,1674,0
5638,353,1,6,Episode 06: Chapter 19,20240928,1331,0
5639,353,1,7,Episode 07: Chapter 20,20241005,1348,0
5640,353,1,8,Episode 08: Chapter 21,20241012,1365,0
5641,353,1,9,Episode 09: Chapter 22,20241019,1382,0
5642,353,1,10,Episode 10: Chapter 23,20241026,1399,0
5643,353,1,11,Episode 11: Chapter 24,20241102,1416,0
5644,353,1,12,Episode 12: Chapter 25,20241109,1433,0
5645,353,2,1,Episode 13: Chapter 26,20241116,1450,0
5646,353,2,2,Episode 14: Chapter 27,20241123,1467,0
5647,353,2,3,Episode 15: Chapter 28,20241130,1484,0
5648,353,2,4,Episode 16: Chapter 29,20241207,1501,0
5649,354,1,1,Episode 01: Chapter 15,20240910,1619,0
5650,354,1,2,Episode 02: Chapter 16,20240917,1636,0
5651,354,1,3,Episode 03: Chapter 17,20240924,1653,1
5652,354,1,4,Episode 04: Chapter 18,20241001,1670,0
5653,354,1,5,Episode 05: Chapter 19,20241008,1327,0
5654,354,1,6,Episode 06: Chapter 20,20241015,1344,0
5655,354,1,7,Episode 07: Chapter 21,20241022,1361,0
5656,354,1,8,Episode 08: Chapter 22,20241029,1378,0
5657,354,1,9,Episode 09: Chapter 23,20241105,1395,0
5658,354,1,10,Episode 10: Chapter 24,20241112,1412,0
5659,354,1,11,Episode 11: Chapter 25,20241119,1429,0
5660,354,1,12,Episode 12: Chapter 26,20241126,1446,0
5661,354,2,1,Episode 13: Chapter 27,20241203,1463,0
5662,354,2,2,Episode 14: Chapter 28,20241210,1480,0
5663,354,2,3,Episode 15: Chapter 29,20241217,1497,0
5664,354,2,4,Episode 16: Chapter 30,20241224,1514,0
5665,355,1,1,Episode 01: Chapter 16,20240927,1632,0
5666,355,1,2,Episode 02: Chapter 17,20241004,1649,1
5667,355,1,3,Episode 03: Chapter 18,20241011,1666,0
5668,355,1,4,Episode 04: Chapter 19,20241018,1323,0
5669,355,1,5,Episode 05: Chapter 20,20241025,1340,0
5670,355,1,6,Episode 06: Chapter 21,20241101,1357,0
5671,355,1,7,Episode 07: Chapter 22,20241108,1374,0
5672,355,1,8,Episode 08: Chapter 23,20241115,1391,0
5673,355,1,9,Episode 09: Chapter 24,20241122,1408,0
5674,355,1,10,Episode 10: Chapter 25,20241129,1425,0
5675,355,1,11,Episode 11: Chapter 26,20241206,1442,0
5676,355,1,12,Episode 12: Chapter 27,20241213,1459,0
5677,355,2,1,Episode 13: Chapter 28,20241220,1476,0
5678,355,2,2,Episode 14: Chapter 29,20241227,1493,0
5679,355,2,3,Episode 15: Chapter 30,20250103,1510,0
5680,355,2,4,Episode 16: Chapter 31,20250110,1527,0
5681,356,1,1,Episode 01: Chapter 17,20241014,1645,1
5682,356,1,2,Episode 02: Chapter 18,20241021,1662,0
5683,356,1,3,Episode 03: Chapter 19,20241028,1679,0
5684,356,1,4,Episode 04: Chapter 20,20241104,1336,0
5685,356,1,5,Episode 05: Chapter 21,20241111,1353,0
5686,356,1,6,Episode 06: Chapter 22,20241118,1370,0
5687,356,1,7,Episode 07: Chapter 23,20241125,1387,0
5688,356,1,8,Episode 08: Chapter 24,20241202,1404,0
5689,356,1,9,Episode 09: Chapter 25,20241209,1421,0
5690,356,1,10,Episode 10: Chapter 26,20241216,1438,0
5691,356,1,11,Episode 11: Chapter 27,20241223,1455,0
5692,356,1,12,Episode 12: Chapter 28,20241230,1472,0
5693,356,2,1,Episode 13: Chapter 29,20250106,1489,0
5694,356,2,2,Episode 14: Chapter 30,20250113,1506,0
5695,356,2,3,Episode 15: Chapter 31,20250120,1523,0
5696,356,2,4,Episode 16: Chapter 1,20250127,1540,0
5697,357,1,1,Episode 01: Chapter 18,20241031,1658,0
5698,357,1,2,Episode 02: Chapter 19,20241107,1675,0
5699,357,1,3,Episode 03: Chapter 20,20241114,1332,0
5700,357,1,4,Episode 04: Chapter 21,20241121,1349,0
5701,357,1,5,Episode 05: Chapter 22,20241128,1366,0
5702,357,1,6,Episode 06: Chapter 23,20241205,1383,0
5703,357,1,7,Episode 07: Chapter 24,20241212,1400,0
5704,357,1,8,Episode 08: Chapter 25,20241219,1417,0
5705,357,1,9,Episode 09: Chapter 26,20241226,1434,0
5706,357,1,10,Episode 10: Chapter 27,20250102,1451,0
5707,357,1,11,Episode 11: Chapter 28,20250109,1468,0
5708,357,1,12,Episode 12: Chapter 29,20250116,1485,0
5709,357,2,1,Episode 13: Chapter 30,20250123,1502,0
5710,357,2,2,Episode 14: Chapter 31,20250130,1519,0
5711,357,2,3,Episode 15: Chapter 1,20250206,1536,0
5712,357,2,4,Episode 16: Chapter 2,20250213,1553,0
5713,358,1,1,Episode 01: Chapter 19,20241117,1671,0
5714,358,1,2,Episode 02: Chapter 20,20241124,1328,0
5715,358,1,3,Episode 03: Chapter 21,20241201,1345,0
5716,358,1,4,Episode 04: Chapter 22,20241208,1362,0
5717,358,1,5,Episode 05: Chapter 23,20241215,1379,0
5718,358,1,6,Episode 06: Chapter 24,20241222,1396,0
5719,358,1,7,Episode 07: Chapter 25,20241229,1413,0
5720,358,1,8,Episode 08: Chapter 26,20250105,1430,0
5721,358,1,9,Episode 09: Chapter 27,20250112,1447,0
5722,358,1,10,Episode 10: Chapter 28,20250119,1464,0
5723,358,1,11,Episode 11: Chapter 29,20250126,1481,0
5724,358,1,12,Episode 12: Chapter 30,20250202,1498,0
5725,358,2,1,Episode 13: Chapter 31,20250209,1515,0
5726,358,2,2,Episode 14: Chapter 1,20250216,1532,0
5727,358,2,3,Episode 15: Chapter 2,20250223,1549,0
5728,358,2,4,Episode 16: Chapter 3,20250302,1566,1
5729,359,1,1,Episode 01: Chapter 20,20241204,1324,0
5730,359,1,2,Episode 02: Chapter 21,20241211,1341,0
5731,359,1,3,Episode 03: Chapter 22,20241218,1358,0
5732,359,1,4,Episode 04: Chapter 23,20241225,1375,0
5733,359,1,5,Episode 05: Chapter 24,20250101,1392,0
5734,359,1,6,Episode 06: Chapter 25,20250108,1409,0
5735,359,1,7,Episode 07: Chapter 26,20250115,1426,0
5736,359,1,8,Episode 08: Chapter 27,20250122,1443,0
5737,359,1,9,Episode 09: Chapter 28,20250129,1460,0
5738,359,1,10,Episode 10: Chapter 29,20250205,1477,0
5739,359,1,11,Episode 11: Chapter 30,20250212,1494,0
5740,359,1,12,Episode 12: Chapter 31,20250219,1511,0
5741,359,2,1,Episode 13: Chapter 1,20250226,1528,0
5742,359,2,2,Episode 14: Chapter 2,20250305,1545,0
5743,359,2,3,Episode 15: Chapter 3,20250312,1562,1
5744,359,2,4,Episode 16: Chapter 4,20250319,1579,0
5745,360,1,1,Episode 01: Chapter 21,20241221,1337,0
5746,360,1,2,Episode 02: Chapter 22,20241228,1354,0
5747,360,1,3,Episode 03: Chapter 23,20250104,1371,0
5748,360,1,4,Episode 04: Chapter 24,20250111,1388,0
5749,360,1,5,Episode 05: Chapter 25,20250118,1405,0
5750,360,1,6,Episode 06: Chapter 26,20250125,1422,0
5751,360,1,7,Episode 07: Chapter 27,20250201,1439,0
5752,360,1,8,Episode 08: Chapter 28,20250208,1456,0
5753,360,1,9,Episode 09: Chapter 29,20250215,1473,0
5754,360,1,10,Episode 10: Chapter 30,20250222,1490,0
5755,360,1,11,Episode 11: Chapter 31,20250301,1507,0
5756,360,1,12,Episode 12: Chapter 1,20250308,1524,0
5757,360,2,1,Episode 13: Chapter 2,20250315,1541,0
5758,360,2,2,Episode 14: Chapter 3,20250322,1558,1
5759,360,2,3,Episode 15: Chapter 4,20250329,1575,0
5760,360,2,4,Episode 16: Chapter 5,20250405,1592,0
