user_id,user_handle,email,referred_by_user_id,signup_date_key,country,region,age_band,acquisition_channel,preferred_language,marketing_opt_in
1,viewer_00001,viewer00001@example.invalid,,20230320,Canada,North America,35-44,Creator,French,1
2,viewer_00002,viewer00002@example.invalid,,20230806,Mexico,Latin America,18-24,Paid Social,German,1
3,viewer_00003,viewer00003@example.invalid,,20230417,Indonesia,APAC,45+,Search,Portuguese,0
4,viewer_00004,viewer00004@example.invalid,,20230915,France,Europe,25-34,Referral,Spanish,1
5,viewer_00005,viewer00005@example.invalid,,20230221,Germany,Europe,13-17,Organic,English,1
6,viewer_00006,viewer00006@example.invalid,,20230825,Brazil,Latin America,35-44,Creator,Japanese,0
7,viewer_00007,viewer00007@example.invalid,,20231023,United States,North America,18-24,Paid Social,French,1
8,viewer_00008,viewer00008@example.invalid,,20240318,Japan,APAC,45+,Search,German,1
9,viewer_00009,viewer00009@example.invalid,,20230203,Canada,North America,25-34,Referral,Portuguese,0
10,viewer_00010,viewer00010@example.invalid,,20250401,Mexico,Latin America,13-17,Organic,Spanish,1
11,viewer_00011,viewer00011@example.invalid,,20230422,Indonesia,APAC,35-44,Creator,English,1
12,viewer_00012,viewer00012@example.invalid,,20240605,France,Europe,18-24,Paid Social,Japanese,0
13,viewer_00013,viewer00013@example.invalid,,20250816,Germany,Europe,45+,Search,French,1
14,viewer_00014,viewer00014@example.invalid,,20230510,Brazil,Latin America,25-34,Referral,German,1
15,viewer_00015,viewer00015@example.invalid,,20230131,United States,North America,13-17,Organic,Portuguese,0
16,viewer_00016,viewer00016@example.invalid,,20240801,Japan,APAC,35-44,Creator,Spanish,1
17,viewer_00017,viewer00017@example.invalid,,20230820,Canada,North America,18-24,Paid Social,English,1
18,viewer_00018,viewer00018@example.invalid,,20240109,Mexico,Latin America,45+,Search,Japanese,0
19,viewer_00019,viewer00019@example.invalid,,20250121,Indonesia,APAC,25-34,Referral,French,1
20,viewer_00020,viewer00020@example.invalid,,20230810,France,Europe,13-17,Organic,German,1
21,viewer_00021,viewer00021@example.invalid,,20231105,Germany,Europe,35-44,Creator,Portuguese,0
22,viewer_00022,viewer00022@example.invalid,,20230508,Brazil,Latin America,18-24,Paid Social,Spanish,1
23,viewer_00023,viewer00023@example.invalid,,20240303,United States,North America,45+,Search,English,1
24,viewer_00024,viewer00024@example.invalid,,20230710,Japan,APAC,25-34,Referral,Japanese,0
25,viewer_00025,viewer00025@example.invalid,,20230612,Canada,North America,13-17,Organic,French,1
26,viewer_00026,viewer00026@example.invalid,,20240620,Mexico,Latin America,35-44,Creator,German,1
27,viewer_00027,viewer00027@example.invalid,,20240823,Indonesia,APAC,18-24,Paid Social,Portuguese,0
28,viewer_00028,viewer00028@example.invalid,,20230910,France,Europe,45+,Search,Spanish,1
29,viewer_00029,viewer00029@example.invalid,,20240502,Germany,Europe,25-34,Referral,English,1
30,viewer_00030,viewer00030@example.invalid,,20240406,Brazil,Latin America,13-17,Organic,Japanese,0
31,viewer_00031,viewer00031@example.invalid,,20230504,United States,North America,35-44,Creator,French,1
32,viewer_00032,viewer00032@example.invalid,,20230206,Japan,APAC,18-24,Paid Social,German,1
33,viewer_00033,viewer00033@example.invalid,,20251108,Canada,North America,45+,Search,Portuguese,0
34,viewer_00034,viewer00034@example.invalid,,20231106,Mexico,Latin America,25-34,Referral,Spanish,1
35,viewer_00035,viewer00035@example.invalid,,20231126,Indonesia,APAC,13-17,Organic,English,1
36,viewer_00036,viewer00036@example.invalid,,20250330,France,Europe,35-44,Creator,Japanese,0
37,viewer_00037,viewer00037@example.invalid,,20250808,Germany,Europe,18-24,Paid Social,French,1
38,viewer_00038,viewer00038@example.invalid,,20241205,Brazil,Latin America,45+,Search,German,1
39,viewer_00039,viewer00039@example.invalid,,20230608,United States,North America,25-34,Referral,Portuguese,0
40,viewer_00040,viewer00040@example.invalid,,20230731,Japan,APAC,13-17,Organic,Spanish,1
41,viewer_00041,viewer00041@example.invalid,,20240506,Canada,North America,35-44,Creator,English,1
42,viewer_00042,viewer00042@example.invalid,,20240131,Mexico,Latin America,18-24,Paid Social,Japanese,0
43,viewer_00043,viewer00043@example.invalid,,20240723,Indonesia,APAC,45+,Search,French,1
44,viewer_00044,viewer00044@example.invalid,,20230617,France,Europe,25-34,Referral,German,1
45,viewer_00045,viewer00045@example.invalid,,20240125,Germany,Europe,13-17,Organic,Portuguese,0
46,viewer_00046,viewer00046@example.invalid,,20240723,Brazil,Latin America,35-44,Creator,Spanish,1
47,viewer_00047,viewer00047@example.invalid,,20241126,United States,North America,18-24,Paid Social,English,1
48,viewer_00048,viewer00048@example.invalid,,20230119,Japan,APAC,45+,Search,Japanese,0
49,viewer_00049,viewer00049@example.invalid,,20250709,Canada,North America,25-34,Referral,French,1
50,viewer_00050,viewer00050@example.invalid,,20240928,Mexico,Latin America,13-17,Organic,German,1
51,viewer_00051,viewer00051@example.invalid,,20250406,Indonesia,APAC,35-44,Creator,Portuguese,0
52,viewer_00052,viewer00052@example.invalid,,20240131,France,Europe,18-24,Paid Social,Spanish,1
53,viewer_00053,viewer00053@example.invalid,,20230817,Germany,Europe,45+,Search,English,1
54,viewer_00054,viewer00054@example.invalid,,20240814,Brazil,Latin America,25-34,Referral,Japanese,0
55,viewer_00055,viewer00055@example.invalid,,20250322,United States,North America,13-17,Organic,French,1
56,viewer_00056,viewer00056@example.invalid,2,20230415,Japan,APAC,35-44,Creator,German,1
57,viewer_00057,viewer00057@example.invalid,,20231107,Canada,North America,18-24,Paid Social,Portuguese,0
58,viewer_00058,viewer00058@example.invalid,,20250812,Mexico,Latin America,45+,Search,Spanish,1
59,viewer_00059,viewer00059@example.invalid,,20230602,Indonesia,APAC,25-34,Referral,English,1
60,viewer_00060,viewer00060@example.invalid,,20230715,France,Europe,13-17,Organic,Japanese,0
61,viewer_00061,viewer00061@example.invalid,,20240713,Germany,Europe,35-44,Creator,French,1
62,viewer_00062,viewer00062@example.invalid,,20230907,Brazil,Latin America,18-24,Paid Social,German,1
63,viewer_00063,viewer00063@example.invalid,47,20230515,United States,North America,45+,Search,Portuguese,0
64,viewer_00064,viewer00064@example.invalid,,20250613,Japan,APAC,25-34,Referral,Spanish,1
65,viewer_00065,viewer00065@example.invalid,,20251217,Canada,North America,13-17,Organic,English,1
66,viewer_00066,viewer00066@example.invalid,,20251127,Mexico,Latin America,35-44,Creator,Japanese,0
67,viewer_00067,viewer00067@example.invalid,,20230420,Indonesia,APAC,18-24,Paid Social,French,1
68,viewer_00068,viewer00068@example.invalid,,20231014,France,Europe,45+,Search,German,1
69,viewer_00069,viewer00069@example.invalid,,20250421,Germany,Europe,25-34,Referral,Portuguese,0
70,viewer_00070,viewer00070@example.invalid,9,20251123,Brazil,Latin America,13-17,Organic,Spanish,1
71,viewer_00071,viewer00071@example.invalid,,20250821,United States,North America,35-44,Creator,English,1
72,viewer_00072,viewer00072@example.invalid,,20240114,Japan,APAC,18-24,Paid Social,Japanese,0
73,viewer_00073,viewer00073@example.invalid,,20231026,Canada,North America,45+,Search,French,1
74,viewer_00074,viewer00074@example.invalid,,20250314,Mexico,Latin America,25-34,Referral,German,1
75,viewer_00075,viewer00075@example.invalid,,20231009,Indonesia,APAC,13-17,Organic,Portuguese,0
76,viewer_00076,viewer00076@example.invalid,,20240415,France,Europe,35-44,Creator,Spanish,1
77,viewer_00077,viewer00077@example.invalid,43,20250629,Germany,Europe,18-24,Paid Social,English,1
78,viewer_00078,viewer00078@example.invalid,,20230826,Brazil,Latin America,45+,Search,Japanese,0
79,viewer_00079,viewer00079@example.invalid,,20250708,United States,North America,25-34,Referral,French,1
80,viewer_00080,viewer00080@example.invalid,,20230221,Japan,APAC,13-17,Organic,German,1
81,viewer_00081,viewer00081@example.invalid,,20250119,Canada,North America,35-44,Creator,Portuguese,0
82,viewer_00082,viewer00082@example.invalid,,20240227,Mexico,Latin America,18-24,Paid Social,Spanish,1
83,viewer_00083,viewer00083@example.invalid,,20240809,Indonesia,APAC,45+,Search,English,1
84,viewer_00084,viewer00084@example.invalid,1,20240327,France,Europe,25-34,Referral,Japanese,0
85,viewer_00085,viewer00085@example.invalid,,20241003,Germany,Europe,13-17,Organic,French,1
86,viewer_00086,viewer00086@example.invalid,,20240216,Brazil,Latin America,35-44,Creator,German,1
87,viewer_00087,viewer00087@example.invalid,,20230813,United States,North America,18-24,Paid Social,Portuguese,0
88,viewer_00088,viewer00088@example.invalid,,20240315,Japan,APAC,45+,Search,Spanish,1
89,viewer_00089,viewer00089@example.invalid,,20240822,Canada,North America,25-34,Referral,English,1
90,viewer_00090,viewer00090@example.invalid,,20231028,Mexico,Latin America,13-17,Organic,Japanese,0
91,viewer_00091,viewer00091@example.invalid,45,20231124,Indonesia,APAC,35-44,Creator,French,1
92,viewer_00092,viewer00092@example.invalid,,20230722,France,Europe,18-24,Paid Social,German,1
93,viewer_00093,viewer00093@example.invalid,,20251116,Germany,Europe,45+,Search,Portuguese,0
94,viewer_00094,viewer00094@example.invalid,,20241114,Brazil,Latin America,25-34,Referral,Spanish,1
95,viewer_00095,viewer00095@example.invalid,,20240916,United States,North America,13-17,Organic,English,1
96,viewer_00096,viewer00096@example.invalid,,20230515,Japan,APAC,35-44,Creator,Japanese,0
97,viewer_00097,viewer00097@example.invalid,,20240325,Canada,North America,18-24,Paid Social,French,1
98,viewer_00098,viewer00098@example.invalid,55,20240506,Mexico,Latin America,45+,Search,German,1
99,viewer_00099,viewer00099@example.invalid,,20250810,Indonesia,APAC,25-34,Referral,Portuguese,0
100,viewer_00100,viewer00100@example.invalid,,20240825,France,Europe,13-17,Organic,Spanish,1
101,viewer_00101,viewer00101@example.invalid,,20230224,Germany,Europe,35-44,Creator,English,1
102,viewer_00102,viewer00102@example.invalid,,20250807,Brazil,Latin America,18-24,Paid Social,Japanese,0
103,viewer_00103,viewer00103@example.invalid,,20240129,United States,North America,45+,Search,French,1
104,viewer_00104,viewer00104@example.invalid,,20240512,Japan,APAC,25-34,Referral,German,1
105,viewer_00105,viewer00105@example.invalid,92,20250908,Canada,North America,13-17,Organic,Portuguese,0
106,viewer_00106,viewer00106@example.invalid,,20240229,Mexico,Latin America,35-44,Creator,Spanish,1
107,viewer_00107,viewer00107@example.invalid,,20231011,Indonesia,APAC,18-24,Paid Social,English,1
108,viewer_00108,viewer00108@example.invalid,,20241020,France,Europe,45+,Search,Japanese,0
109,viewer_00109,viewer00109@example.invalid,,20230214,Germany,Europe,25-34,Referral,French,1
110,viewer_00110,viewer00110@example.invalid,,20240123,Brazil,Latin America,13-17,Organic,German,1
111,viewer_00111,viewer00111@example.invalid,,20230707,United States,North America,35-44,Creator,Portuguese,0
112,viewer_00112,viewer00112@example.invalid,57,20240110,Japan,APAC,18-24,Paid Social,Spanish,1
113,viewer_00113,viewer00113@example.invalid,,20251225,Canada,North America,45+,Search,English,1
114,viewer_00114,viewer00114@example.invalid,,20241124,Mexico,Latin America,25-34,Referral,Japanese,0
115,viewer_00115,viewer00115@example.invalid,,20240515,Indonesia,APAC,13-17,Organic,French,1
116,viewer_00116,viewer00116@example.invalid,,20240131,France,Europe,35-44,Creator,German,1
117,viewer_00117,viewer00117@example.invalid,,20231205,Germany,Europe,18-24,Paid Social,Portuguese,0
118,viewer_00118,viewer00118@example.invalid,,20230904,Brazil,Latin America,45+,Search,Spanish,1
119,viewer_00119,viewer00119@example.invalid,44,20240413,United States,North America,25-34,Referral,English,1
120,viewer_00120,viewer00120@example.invalid,,20241110,Japan,APAC,13-17,Organic,Japanese,0
121,viewer_00121,viewer00121@example.invalid,,20250719,Canada,North America,35-44,Creator,French,1
122,viewer_00122,viewer00122@example.invalid,,20251122,Mexico,Latin America,18-24,Paid Social,German,1
123,viewer_00123,viewer00123@example.invalid,,20230927,Indonesia,APAC,45+,Search,Portuguese,0
124,viewer_00124,viewer00124@example.invalid,,20251130,France,Europe,25-34,Referral,Spanish,1
125,viewer_00125,viewer00125@example.invalid,,20240508,Germany,Europe,13-17,Organic,English,1
126,viewer_00126,viewer00126@example.invalid,13,20250727,Brazil,Latin America,35-44,Creator,Japanese,0
127,viewer_00127,viewer00127@example.invalid,,20240113,United States,North America,18-24,Paid Social,French,1
128,viewer_00128,viewer00128@example.invalid,,20240302,Japan,APAC,45+,Search,German,1
129,viewer_00129,viewer00129@example.invalid,,20251031,Canada,North America,25-34,Referral,Portuguese,0
130,viewer_00130,viewer00130@example.invalid,,20251031,Mexico,Latin America,13-17,Organic,Spanish,1
131,viewer_00131,viewer00131@example.invalid,,20250310,Indonesia,APAC,35-44,Creator,English,1
132,viewer_00132,viewer00132@example.invalid,,20240514,France,Europe,18-24,Paid Social,Japanese,0
133,viewer_00133,viewer00133@example.invalid,119,20241212,Germany,Europe,45+,Search,French,1
134,viewer_00134,viewer00134@example.invalid,,20241128,Brazil,Latin America,25-34,Referral,German,1
135,viewer_00135,viewer00135@example.invalid,,20230812,United States,North America,13-17,Organic,Portuguese,0
136,viewer_00136,viewer00136@example.invalid,,20231029,Japan,APAC,35-44,Creator,Spanish,1
137,viewer_00137,viewer00137@example.invalid,,20240728,Canada,North America,18-24,Paid Social,English,1
138,viewer_00138,viewer00138@example.invalid,,20230908,Mexico,Latin America,45+,Search,Japanese,0
139,viewer_00139,viewer00139@example.invalid,,20241008,Indonesia,APAC,25-34,Referral,French,1
140,viewer_00140,viewer00140@example.invalid,37,20251019,France,Europe,13-17,Organic,German,1
141,viewer_00141,viewer00141@example.invalid,,20231020,Germany,Europe,35-44,Creator,Portuguese,0
142,viewer_00142,viewer00142@example.invalid,,20250116,Brazil,Latin America,18-24,Paid Social,Spanish,1
143,viewer_00143,viewer00143@example.invalid,,20240620,United States,North America,45+,Search,English,1
144,viewer_00144,viewer00144@example.invalid,,20240317,Japan,APAC,25-34,Referral,Japanese,0
145,viewer_00145,viewer00145@example.invalid,,20230310,Canada,North America,13-17,Organic,French,1
146,viewer_00146,viewer00146@example.invalid,,20231002,Mexico,Latin America,35-44,Creator,German,1
147,viewer_00147,viewer00147@example.invalid,146,20250623,Indonesia,APAC,18-24,Paid Social,Portuguese,0
148,viewer_00148,viewer00148@example.invalid,,20251107,France,Europe,45+,Search,Spanish,1
149,viewer_00149,viewer00149@example.invalid,,20240709,Germany,Europe,25-34,Referral,English,1
150,viewer_00150,viewer00150@example.invalid,,20250907,Brazil,Latin America,13-17,Organic,Japanese,0
151,viewer_00151,viewer00151@example.invalid,,20230120,United States,North America,35-44,Creator,French,1
152,viewer_00152,viewer00152@example.invalid,,20230209,Japan,APAC,18-24,Paid Social,German,1
153,viewer_00153,viewer00153@example.invalid,,20250423,Canada,North America,45+,Search,Portuguese,0
154,viewer_00154,viewer00154@example.invalid,117,20250401,Mexico,Latin America,25-34,Referral,Spanish,1
155,viewer_00155,viewer00155@example.invalid,,20230916,Indonesia,APAC,13-17,Organic,English,1
156,viewer_00156,viewer00156@example.invalid,,20250909,France,Europe,35-44,Creator,Japanese,0
157,viewer_00157,viewer00157@example.invalid,,20230825,Germany,Europe,18-24,Paid Social,French,1
158,viewer_00158,viewer00158@example.invalid,,20250205,Brazil,Latin America,45+,Search,German,1
159,viewer_00159,viewer00159@example.invalid,,20240617,United States,North America,25-34,Referral,Portuguese,0
160,viewer_00160,viewer00160@example.invalid,,20240824,Japan,APAC,13-17,Organic,Spanish,1
161,viewer_00161,viewer00161@example.invalid,43,20240925,Canada,North America,35-44,Creator,English,1
162,viewer_00162,viewer00162@example.invalid,,20230806,Mexico,Latin America,18-24,Paid Social,Japanese,0
163,viewer_00163,viewer00163@example.invalid,,20250710,Indonesia,APAC,45+,Search,French,1
164,viewer_00164,viewer00164@example.invalid,,20251226,France,Europe,25-34,Referral,German,1
165,viewer_00165,viewer00165@example.invalid,,20240404,Germany,Europe,13-17,Organic,Portuguese,0
166,viewer_00166,viewer00166@example.invalid,,20241129,Brazil,Latin America,35-44,Creator,Spanish,1
167,viewer_00167,viewer00167@example.invalid,,20250924,United States,North America,18-24,Paid Social,English,1
168,viewer_00168,viewer00168@example.invalid,61,20240120,Japan,APAC,45+,Search,Japanese,0
169,viewer_00169,viewer00169@example.invalid,,20240319,Canada,North America,25-34,Referral,French,1
170,viewer_00170,viewer00170@example.invalid,,20250917,Mexico,Latin America,13-17,Organic,German,1
171,viewer_00171,viewer00171@example.invalid,,20240914,Indonesia,APAC,35-44,Creator,Portuguese,0
172,viewer_00172,viewer00172@example.invalid,,20241128,France,Europe,18-24,Paid Social,Spanish,1
173,viewer_00173,viewer00173@example.invalid,,20250816,Germany,Europe,45+,Search,English,1
174,viewer_00174,viewer00174@example.invalid,,20250711,Brazil,Latin America,25-34,Referral,Japanese,0
175,viewer_00175,viewer00175@example.invalid,91,20231228,United States,North America,13-17,Organic,French,1
176,viewer_00176,viewer00176@example.invalid,,20241215,Japan,APAC,35-44,Creator,German,1
177,viewer_00177,viewer00177@example.invalid,,20240225,Canada,North America,18-24,Paid Social,Portuguese,0
178,viewer_00178,viewer00178@example.invalid,,20241201,Mexico,Latin America,45+,Search,Spanish,1
179,viewer_00179,viewer00179@example.invalid,,20240425,Indonesia,APAC,25-34,Referral,English,1
180,viewer_00180,viewer00180@example.invalid,,20230215,France,Europe,13-17,Organic,Japanese,0
181,viewer_00181,viewer00181@example.invalid,,20251012,Germany,Europe,35-44,Creator,French,1
182,viewer_00182,viewer00182@example.invalid,43,20230310,Brazil,Latin America,18-24,Paid Social,German,1
183,viewer_00183,viewer00183@example.invalid,,20250108,United States,North America,45+,Search,Portuguese,0
184,viewer_00184,viewer00184@example.invalid,,20240929,Japan,APAC,25-34,Referral,Spanish,1
185,viewer_00185,viewer00185@example.invalid,,20240207,Canada,North America,13-17,Organic,English,1
186,viewer_00186,viewer00186@example.invalid,,20250119,Mexico,Latin America,35-44,Creator,Japanese,0
187,viewer_00187,viewer00187@example.invalid,,20231215,Indonesia,APAC,18-24,Paid Social,French,1
188,viewer_00188,viewer00188@example.invalid,,20240316,France,Europe,45+,Search,German,1
189,viewer_00189,viewer00189@example.invalid,139,20230904,Germany,Europe,25-34,Referral,Portuguese,0
190,viewer_00190,viewer00190@example.invalid,,20250126,Brazil,Latin America,13-17,Organic,Spanish,1
191,viewer_00191,viewer00191@example.invalid,,20230802,United States,North America,35-44,Creator,English,1
192,viewer_00192,viewer00192@example.invalid,,20231226,Japan,APAC,18-24,Paid Social,Japanese,0
193,viewer_00193,viewer00193@example.invalid,,20231230,Canada,North America,45+,Search,French,1
194,viewer_00194,viewer00194@example.invalid,,20251204,Mexico,Latin America,25-34,Referral,German,1
195,viewer_00195,viewer00195@example.invalid,,20250429,Indonesia,APAC,13-17,Organic,Portuguese,0
196,viewer_00196,viewer00196@example.invalid,18,20230128,France,Europe,35-44,Creator,Spanish,1
197,viewer_00197,viewer00197@example.invalid,,20251025,Germany,Europe,18-24,Paid Social,English,1
198,viewer_00198,viewer00198@example.invalid,,20230217,Brazil,Latin America,45+,Search,Japanese,0
199,viewer_00199,viewer00199@example.invalid,,20231016,United States,North America,25-34,Referral,French,1
200,viewer_00200,viewer00200@example.invalid,,20251115,Japan,APAC,13-17,Organic,German,1
201,viewer_00201,viewer00201@example.invalid,,20240405,Canada,North America,35-44,Creator,Portuguese,0
202,viewer_00202,viewer00202@example.invalid,,20241117,Mexico,Latin America,18-24,Paid Social,Spanish,1
203,viewer_00203,viewer00203@example.invalid,58,20231029,Indonesia,APAC,45+,Search,English,1
204,viewer_00204,viewer00204@example.invalid,,20250126,France,Europe,25-34,Referral,Japanese,0
205,viewer_00205,viewer00205@example.invalid,,20251005,Germany,Europe,13-17,Organic,French,1
206,viewer_00206,viewer00206@example.invalid,,20230114,Brazil,Latin America,35-44,Creator,German,1
207,viewer_00207,viewer00207@example.invalid,,20250814,United States,North America,18-24,Paid Social,Portuguese,0
208,viewer_00208,viewer00208@example.invalid,,20250905,Japan,APAC,45+,Search,Spanish,1
209,viewer_00209,viewer00209@example.invalid,,20230817,Canada,North America,25-34,Referral,English,1
210,viewer_00210,viewer00210@example.invalid,107,20250202,Mexico,Latin America,13-17,Organic,Japanese,0
211,viewer_00211,viewer00211@example.invalid,,20230729,Indonesia,APAC,35-44,Creator,French,1
212,viewer_00212,viewer00212@example.invalid,,20240320,France,Europe,18-24,Paid Social,German,1
213,viewer_00213,viewer00213@example.invalid,,20240218,Germany,Europe,45+,Search,Portuguese,0
214,viewer_00214,viewer00214@example.invalid,,20230826,Brazil,Latin America,25-34,Referral,Spanish,1
215,viewer_00215,viewer00215@example.invalid,,20230329,United States,North America,13-17,Organic,English,1
216,viewer_00216,viewer00216@example.invalid,,20251124,Japan,APAC,35-44,Creator,Japanese,0
217,viewer_00217,viewer00217@example.invalid,136,20231029,Canada,North America,18-24,Paid Social,French,1
218,viewer_00218,viewer00218@example.invalid,,20230721,Mexico,Latin America,45+,Search,German,1
219,viewer_00219,viewer00219@example.invalid,,20240518,Indonesia,APAC,25-34,Referral,Portuguese,0
220,viewer_00220,viewer00220@example.invalid,,20230910,France,Europe,13-17,Organic,Spanish,1
221,viewer_00221,viewer00221@example.invalid,,20241025,Germany,Europe,35-44,Creator,English,1
222,viewer_00222,viewer00222@example.invalid,,20250128,Brazil,Latin America,18-24,Paid Social,Japanese,0
223,viewer_00223,viewer00223@example.invalid,,20241229,United States,North America,45+,Search,French,1
224,viewer_00224,viewer00224@example.invalid,122,20241122,Japan,APAC,25-34,Referral,German,1
225,viewer_00225,viewer00225@example.invalid,,20230824,Canada,North America,13-17,Organic,Portuguese,0
226,viewer_00226,viewer00226@example.invalid,,20230327,Mexico,Latin America,35-44,Creator,Spanish,1
227,viewer_00227,viewer00227@example.invalid,,20251220,Indonesia,APAC,18-24,Paid Social,English,1
228,viewer_00228,viewer00228@example.invalid,,20240629,France,Europe,45+,Search,Japanese,0
229,viewer_00229,viewer00229@example.invalid,,20250111,Germany,Europe,25-34,Referral,French,1
230,viewer_00230,viewer00230@example.invalid,,20240617,Brazil,Latin America,13-17,Organic,German,1
231,viewer_00231,viewer00231@example.invalid,199,20240119,United States,North America,35-44,Creator,Portuguese,0
232,viewer_00232,viewer00232@example.invalid,,20230621,Japan,APAC,18-24,Paid Social,Spanish,1
233,viewer_00233,viewer00233@example.invalid,,20230523,Canada,North America,45+,Search,English,1
234,viewer_00234,viewer00234@example.invalid,,20250501,Mexico,Latin America,25-34,Referral,Japanese,0
235,viewer_00235,viewer00235@example.invalid,,20250127,Indonesia,APAC,13-17,Organic,French,1
236,viewer_00236,viewer00236@example.invalid,,20251022,France,Europe,35-44,Creator,German,1
237,viewer_00237,viewer00237@example.invalid,,20230328,Germany,Europe,18-24,Paid Social,Portuguese,0
238,viewer_00238,viewer00238@example.invalid,31,20251027,Brazil,Latin America,45+,Search,Spanish,1
239,viewer_00239,viewer00239@example.invalid,,20250131,United States,North America,25-34,Referral,English,1
240,viewer_00240,viewer00240@example.invalid,,20230716,Japan,APAC,13-17,Organic,Japanese,0
241,viewer_00241,viewer00241@example.invalid,,20230330,Canada,North America,35-44,Creator,French,1
242,viewer_00242,viewer00242@example.invalid,,20240917,Mexico,Latin America,18-24,Paid Social,German,1
243,viewer_00243,viewer00243@example.invalid,,20250826,Indonesia,APAC,45+,Search,Portuguese,0
244,viewer_00244,viewer00244@example.invalid,,20230915,France,Europe,25-34,Referral,Spanish,1
245,viewer_00245,viewer00245@example.invalid,223,20250203,Germany,Europe,13-17,Organic,English,1
246,viewer_00246,viewer00246@example.invalid,,20230203,Brazil,Latin America,35-44,Creator,Japanese,0
247,viewer_00247,viewer00247@example.invalid,,20250310,United States,North America,18-24,Paid Social,French,1
248,viewer_00248,viewer00248@example.invalid,,20250822,Japan,APAC,45+,Search,German,1
249,viewer_00249,viewer00249@example.invalid,,20230723,Canada,North America,25-34,Referral,Portuguese,0
250,viewer_00250,viewer00250@example.invalid,,20250221,Mexico,Latin America,13-17,Organic,Spanish,1
251,viewer_00251,viewer00251@example.invalid,,20250909,Indonesia,APAC,35-44,Creator,English,1
252,viewer_00252,viewer00252@example.invalid,238,20230322,France,Europe,18-24,Paid Social,Japanese,0
253,viewer_00253,viewer00253@example.invalid,,20240212,Germany,Europe,45+,Search,French,1
254,viewer_00254,viewer00254@example.invalid,,20240605,Brazil,Latin America,25-34,Referral,German,1
255,viewer_00255,viewer00255@example.invalid,,20240323,United States,North America,13-17,Organic,Portuguese,0
256,viewer_00256,viewer00256@example.invalid,,20231228,Japan,APAC,35-44,Creator,Spanish,1
257,viewer_00257,viewer00257@example.invalid,,20240426,Canada,North America,18-24,Paid Social,English,1
258,viewer_00258,viewer00258@example.invalid,,20241231,Mexico,Latin America,45+,Search,Japanese,0
259,viewer_00259,viewer00259@example.invalid,159,20250508,Indonesia,APAC,25-34,Referral,French,1
260,viewer_00260,viewer00260@example.invalid,,20251119,France,Europe,13-17,Organic,German,1
261,viewer_00261,viewer00261@example.invalid,,20240725,Germany,Europe,35-44,Creator,Portuguese,0
262,viewer_00262,viewer00262@example.invalid,,20250908,Brazil,Latin America,18-24,Paid Social,Spanish,1
263,viewer_00263,viewer00263@example.invalid,,20230916,United States,North America,45+,Search,English,1
264,viewer_00264,viewer00264@example.invalid,,20250819,Japan,APAC,25-34,Referral,Japanese,0
265,viewer_00265,viewer00265@example.invalid,,20250911,Canada,North America,13-17,Organic,French,1
266,viewer_00266,viewer00266@example.invalid,93,20240516,Mexico,Latin America,35-44,Creator,German,1
267,viewer_00267,viewer00267@example.invalid,,20250925,Indonesia,APAC,18-24,Paid Social,Portuguese,0
268,viewer_00268,viewer00268@example.invalid,,20251121,France,Europe,45+,Search,Spanish,1
269,viewer_00269,viewer00269@example.invalid,,20240613,Germany,Europe,25-34,Referral,English,1
270,viewer_00270,viewer00270@example.invalid,,20230705,Brazil,Latin America,13-17,Organic,Japanese,0
271,viewer_00271,viewer00271@example.invalid,,20250116,United States,North America,35-44,Creator,French,1
272,viewer_00272,viewer00272@example.invalid,,20240828,Japan,APAC,18-24,Paid Social,German,1
273,viewer_00273,viewer00273@example.invalid,164,20230521,Canada,North America,45+,Search,Portuguese,0
274,viewer_00274,viewer00274@example.invalid,,20240312,Mexico,Latin America,25-34,Referral,Spanish,1
275,viewer_00275,viewer00275@example.invalid,,20250113,Indonesia,APAC,13-17,Organic,English,1
276,viewer_00276,viewer00276@example.invalid,,20240325,France,Europe,35-44,Creator,Japanese,0
277,viewer_00277,viewer00277@example.invalid,,20250315,Germany,Europe,18-24,Paid Social,French,1
278,viewer_00278,viewer00278@example.invalid,,20230603,Brazil,Latin America,45+,Search,German,1
279,viewer_00279,viewer00279@example.invalid,,20230206,United States,North America,25-34,Referral,Portuguese,0
280,viewer_00280,viewer00280@example.invalid,146,20250804,Japan,APAC,13-17,Organic,Spanish,1
281,viewer_00281,viewer00281@example.invalid,,20250724,Canada,North America,35-44,Creator,English,1
282,viewer_00282,viewer00282@example.invalid,,20240330,Mexico,Latin America,18-24,Paid Social,Japanese,0
283,viewer_00283,viewer00283@example.invalid,,20250514,Indonesia,APAC,45+,Search,French,1
284,viewer_00284,viewer00284@example.invalid,,20230316,France,Europe,25-34,Referral,German,1
285,viewer_00285,viewer00285@example.invalid,,20250310,Germany,Europe,13-17,Organic,Portuguese,0
286,viewer_00286,viewer00286@example.invalid,,20240710,Brazil,Latin America,35-44,Creator,Spanish,1
287,viewer_00287,viewer00287@example.invalid,173,20240807,United States,North America,18-24,Paid Social,English,1
288,viewer_00288,viewer00288@example.invalid,,20231230,Japan,APAC,45+,Search,Japanese,0
289,viewer_00289,viewer00289@example.invalid,,20250618,Canada,North America,25-34,Referral,French,1
290,viewer_00290,viewer00290@example.invalid,,20240701,Mexico,Latin America,13-17,Organic,German,1
291,viewer_00291,viewer00291@example.invalid,,20230813,Indonesia,APAC,35-44,Creator,Portuguese,0
292,viewer_00292,viewer00292@example.invalid,,20240930,France,Europe,18-24,Paid Social,Spanish,1
293,viewer_00293,viewer00293@example.invalid,,20250404,Germany,Europe,45+,Search,English,1
294,viewer_00294,viewer00294@example.invalid,73,20230626,Brazil,Latin America,25-34,Referral,Japanese,0
295,viewer_00295,viewer00295@example.invalid,,20231121,United States,North America,13-17,Organic,French,1
296,viewer_00296,viewer00296@example.invalid,,20230530,Japan,APAC,35-44,Creator,German,1
297,viewer_00297,viewer00297@example.invalid,,20240815,Canada,North America,18-24,Paid Social,Portuguese,0
298,viewer_00298,viewer00298@example.invalid,,20240303,Mexico,Latin America,45+,Search,Spanish,1
299,viewer_00299,viewer00299@example.invalid,,20230204,Indonesia,APAC,25-34,Referral,English,1
300,viewer_00300,viewer00300@example.invalid,,20250504,France,Europe,13-17,Organic,Japanese,0
301,viewer_00301,viewer00301@example.invalid,140,20240525,Germany,Europe,35-44,Creator,French,1
302,viewer_00302,viewer00302@example.invalid,,20230604,Brazil,Latin America,18-24,Paid Social,German,1
303,viewer_00303,viewer00303@example.invalid,,20230204,United States,North America,45+,Search,Portuguese,0
304,viewer_00304,viewer00304@example.invalid,,20241213,Japan,APAC,25-34,Referral,Spanish,1
305,viewer_00305,viewer00305@example.invalid,,20240320,Canada,North America,13-17,Organic,English,1
306,viewer_00306,viewer00306@example.invalid,,20250130,Mexico,Latin America,35-44,Creator,Japanese,0
307,viewer_00307,viewer00307@example.invalid,,20251016,Indonesia,APAC,18-24,Paid Social,French,1
308,viewer_00308,viewer00308@example.invalid,180,20240514,France,Europe,45+,Search,German,1
309,viewer_00309,viewer00309@example.invalid,,20230113,Germany,Europe,25-34,Referral,Portuguese,0
310,viewer_00310,viewer00310@example.invalid,,20250827,Brazil,Latin America,13-17,Organic,Spanish,1
311,viewer_00311,viewer00311@example.invalid,,20230210,United States,North America,35-44,Creator,English,1
312,viewer_00312,viewer00312@example.invalid,,20230621,Japan,APAC,18-24,Paid Social,Japanese,0
313,viewer_00313,viewer00313@example.invalid,,20230322,Canada,North America,45+,Search,French,1
314,viewer_00314,viewer00314@example.invalid,,20240528,Mexico,Latin America,25-34,Referral,German,1
315,viewer_00315,viewer00315@example.invalid,249,20250716,Indonesia,APAC,13-17,Organic,Portuguese,0
316,viewer_00316,viewer00316@example.invalid,,20230608,France,Europe,35-44,Creator,Spanish,1
317,viewer_00317,viewer00317@example.invalid,,20231206,Germany,Europe,18-24,Paid Social,English,1
318,viewer_00318,viewer00318@example.invalid,,20241001,Brazil,Latin America,45+,Search,Japanese,0
319,viewer_00319,viewer00319@example.invalid,,20230502,United States,North America,25-34,Referral,French,1
320,viewer_00320,viewer00320@example.invalid,,20250916,Japan,APAC,13-17,Organic,German,1
321,viewer_00321,viewer00321@example.invalid,,20251208,Canada,North America,35-44,Creator,Portuguese,0
322,viewer_00322,viewer00322@example.invalid,146,20250406,Mexico,Latin America,18-24,Paid Social,Spanish,1
323,viewer_00323,viewer00323@example.invalid,,20231012,Indonesia,APAC,45+,Search,English,1
324,viewer_00324,viewer00324@example.invalid,,20231230,France,Europe,25-34,Referral,Japanese,0
325,viewer_00325,viewer00325@example.invalid,,20250206,Germany,Europe,13-17,Organic,French,1
326,viewer_00326,viewer00326@example.invalid,,20241225,Brazil,Latin America,35-44,Creator,German,1
327,viewer_00327,viewer00327@example.invalid,,20230331,United States,North America,18-24,Paid Social,Portuguese,0
328,viewer_00328,viewer00328@example.invalid,,20230803,Japan,APAC,45+,Search,Spanish,1
329,viewer_00329,viewer00329@example.invalid,155,20250505,Canada,North America,25-34,Referral,English,1
330,viewer_00330,viewer00330@example.invalid,,20250718,Mexico,Latin America,13-17,Organic,Japanese,0
331,viewer_00331,viewer00331@example.invalid,,20241127,Indonesia,APAC,35-44,Creator,French,1
332,viewer_00332,viewer00332@example.invalid,,20250104,France,Europe,18-24,Paid Social,German,1
333,viewer_00333,viewer00333@example.invalid,,20241012,Germany,Europe,45+,Search,Portuguese,0
334,viewer_00334,viewer00334@example.invalid,,20250923,Brazil,Latin America,25-34,Referral,Spanish,1
335,viewer_00335,viewer00335@example.invalid,,20241008,United States,North America,13-17,Organic,English,1
336,viewer_00336,viewer00336@example.invalid,219,20250312,Japan,APAC,35-44,Creator,Japanese,0
337,viewer_00337,viewer00337@example.invalid,,20240131,Canada,North America,18-24,Paid Social,French,1
338,viewer_00338,viewer00338@example.invalid,,20250521,Mexico,Latin America,45+,Search,German,1
339,viewer_00339,viewer00339@example.invalid,,20230912,Indonesia,APAC,25-34,Referral,Portuguese,0
340,viewer_00340,viewer00340@example.invalid,,20230505,France,Europe,13-17,Organic,Spanish,1
341,viewer_00341,viewer00341@example.invalid,,20230127,Germany,Europe,35-44,Creator,English,1
342,viewer_00342,viewer00342@example.invalid,,20241216,Brazil,Latin America,18-24,Paid Social,Japanese,0
343,viewer_00343,viewer00343@example.invalid,251,20250831,United States,North America,45+,Search,French,1
344,viewer_00344,viewer00344@example.invalid,,20230208,Japan,APAC,25-34,Referral,German,1
345,viewer_00345,viewer00345@example.invalid,,20250707,Canada,North America,13-17,Organic,Portuguese,0
346,viewer_00346,viewer00346@example.invalid,,20240614,Mexico,Latin America,35-44,Creator,Spanish,1
347,viewer_00347,viewer00347@example.invalid,,20230403,Indonesia,APAC,18-24,Paid Social,English,1
348,viewer_00348,viewer00348@example.invalid,,20250417,France,Europe,45+,Search,Japanese,0
349,viewer_00349,viewer00349@example.invalid,,20241008,Germany,Europe,25-34,Referral,French,1
350,viewer_00350,viewer00350@example.invalid,65,20231011,Brazil,Latin America,13-17,Organic,German,1
351,viewer_00351,viewer00351@example.invalid,,20250320,United States,North America,35-44,Creator,Portuguese,0
352,viewer_00352,viewer00352@example.invalid,,20241112,Japan,APAC,18-24,Paid Social,Spanish,1
353,viewer_00353,viewer00353@example.invalid,,20241218,Canada,North America,45+,Search,English,1
354,viewer_00354,viewer00354@example.invalid,,20250402,Mexico,Latin America,25-34,Referral,Japanese,0
355,viewer_00355,viewer00355@example.invalid,,20231013,Indonesia,APAC,13-17,Organic,French,1
356,viewer_00356,viewer00356@example.invalid,,20240809,France,Europe,35-44,Creator,German,1
357,viewer_00357,viewer00357@example.invalid,127,20230716,Germany,Europe,18-24,Paid Social,Portuguese,0
358,viewer_00358,viewer00358@example.invalid,,20250113,Brazil,Latin America,45+,Search,Spanish,1
359,viewer_00359,viewer00359@example.invalid,,20240428,United States,North America,25-34,Referral,English,1
360,viewer_00360,viewer00360@example.invalid,,20231022,Japan,APAC,13-17,Organic,Japanese,0
361,viewer_00361,viewer00361@example.invalid,,20231110,Canada,North America,35-44,Creator,French,1
362,viewer_00362,viewer00362@example.invalid,,20240531,Mexico,Latin America,18-24,Paid Social,German,1
363,viewer_00363,viewer00363@example.invalid,,20250402,Indonesia,APAC,45+,Search,Portuguese,0
364,viewer_00364,viewer00364@example.invalid,42,20230316,France,Europe,25-34,Referral,Spanish,1
365,viewer_00365,viewer00365@example.invalid,,20250912,Germany,Europe,13-17,Organic,English,1
366,viewer_00366,viewer00366@example.invalid,,20240905,Brazil,Latin America,35-44,Creator,Japanese,0
367,viewer_00367,viewer00367@example.invalid,,20231222,United States,North America,18-24,Paid Social,French,1
368,viewer_00368,viewer00368@example.invalid,,20250918,Japan,APAC,45+,Search,German,1
369,viewer_00369,viewer00369@example.invalid,,20230804,Canada,North America,25-34,Referral,Portuguese,0
370,viewer_00370,viewer00370@example.invalid,,20230313,Mexico,Latin America,13-17,Organic,Spanish,1
371,viewer_00371,viewer00371@example.invalid,317,20231016,Indonesia,APAC,35-44,Creator,English,1
372,viewer_00372,viewer00372@example.invalid,,20250804,France,Europe,18-24,Paid Social,Japanese,0
373,viewer_00373,viewer00373@example.invalid,,20250223,Germany,Europe,45+,Search,French,1
374,viewer_00374,viewer00374@example.invalid,,20250227,Brazil,Latin America,25-34,Referral,German,1
375,viewer_00375,viewer00375@example.invalid,,20250106,United States,North America,13-17,Organic,Portuguese,0
376,viewer_00376,viewer00376@example.invalid,,20240625,Japan,APAC,35-44,Creator,Spanish,1
377,viewer_00377,viewer00377@example.invalid,,20230220,Canada,North America,18-24,Paid Social,English,1
378,viewer_00378,viewer00378@example.invalid,347,20240525,Mexico,Latin America,45+,Search,Japanese,0
379,viewer_00379,viewer00379@example.invalid,,20250705,Indonesia,APAC,25-34,Referral,French,1
380,viewer_00380,viewer00380@example.invalid,,20230527,France,Europe,13-17,Organic,German,1
381,viewer_00381,viewer00381@example.invalid,,20251217,Germany,Europe,35-44,Creator,Portuguese,0
382,viewer_00382,viewer00382@example.invalid,,20230227,Brazil,Latin America,18-24,Paid Social,Spanish,1
383,viewer_00383,viewer00383@example.invalid,,20250529,United States,North America,45+,Search,English,1
384,viewer_00384,viewer00384@example.invalid,,20241123,Japan,APAC,25-34,Referral,Japanese,0
385,viewer_00385,viewer00385@example.invalid,36,20250324,Canada,North America,13-17,Organic,French,1
386,viewer_00386,viewer00386@example.invalid,,20230805,Mexico,Latin America,35-44,Creator,German,1
387,viewer_00387,viewer00387@example.invalid,,20231222,Indonesia,APAC,18-24,Paid Social,Portuguese,0
388,viewer_00388,viewer00388@example.invalid,,20250201,France,Europe,45+,Search,Spanish,1
389,viewer_00389,viewer00389@example.invalid,,20250722,Germany,Europe,25-34,Referral,English,1
390,viewer_00390,viewer00390@example.invalid,,20240925,Brazil,Latin America,13-17,Organic,Japanese,0
391,viewer_00391,viewer00391@example.invalid,,20231004,United States,North America,35-44,Creator,French,1
392,viewer_00392,viewer00392@example.invalid,33,20240222,Japan,APAC,18-24,Paid Social,German,1
393,viewer_00393,viewer00393@example.invalid,,20251126,Canada,North America,45+,Search,Portuguese,0
394,viewer_00394,viewer00394@example.invalid,,20231216,Mexico,Latin America,25-34,Referral,Spanish,1
395,viewer_00395,viewer00395@example.invalid,,20230224,Indonesia,APAC,13-17,Organic,English,1
396,viewer_00396,viewer00396@example.invalid,,20230504,France,Europe,35-44,Creator,Japanese,0
397,viewer_00397,viewer00397@example.invalid,,20240221,Germany,Europe,18-24,Paid Social,French,1
398,viewer_00398,viewer00398@example.invalid,,20250824,Brazil,Latin America,45+,Search,German,1
399,viewer_00399,viewer00399@example.invalid,259,20230825,United States,North America,25-34,Referral,Portuguese,0
400,viewer_00400,viewer00400@example.invalid,,20230826,Japan,APAC,13-17,Organic,Spanish,1
401,viewer_00401,viewer00401@example.invalid,,20250418,Canada,North America,35-44,Creator,English,1
402,viewer_00402,viewer00402@example.invalid,,20231028,Mexico,Latin America,18-24,Paid Social,Japanese,0
403,viewer_00403,viewer00403@example.invalid,,20240612,Indonesia,APAC,45+,Search,French,1
404,viewer_00404,viewer00404@example.invalid,,20250324,France,Europe,25-34,Referral,German,1
405,viewer_00405,viewer00405@example.invalid,,20240330,Germany,Europe,13-17,Organic,Portuguese,0
406,viewer_00406,viewer00406@example.invalid,398,20251219,Brazil,Latin America,35-44,Creator,Spanish,1
407,viewer_00407,viewer00407@example.invalid,,20250627,United States,North America,18-24,Paid Social,English,1
408,viewer_00408,viewer00408@example.invalid,,20240302,Japan,APAC,45+,Search,Japanese,0
409,viewer_00409,viewer00409@example.invalid,,20251220,Canada,North America,25-34,Referral,French,1
410,viewer_00410,viewer00410@example.invalid,,20230525,Mexico,Latin America,13-17,Organic,German,1
411,viewer_00411,viewer00411@example.invalid,,20241230,Indonesia,APAC,35-44,Creator,Portuguese,0
412,viewer_00412,viewer00412@example.invalid,,20251230,France,Europe,18-24,Paid Social,Spanish,1
413,viewer_00413,viewer00413@example.invalid,215,20250610,Germany,Europe,45+,Search,English,1
414,viewer_00414,viewer00414@example.invalid,,20250910,Brazil,Latin America,25-34,Referral,Japanese,0
415,viewer_00415,viewer00415@example.invalid,,20251211,United States,North America,13-17,Organic,French,1
416,viewer_00416,viewer00416@example.invalid,,20251125,Japan,APAC,35-44,Creator,German,1
417,viewer_00417,viewer00417@example.invalid,,20240911,Canada,North America,18-24,Paid Social,Portuguese,0
418,viewer_00418,viewer00418@example.invalid,,20241022,Mexico,Latin America,45+,Search,Spanish,1
419,viewer_00419,viewer00419@example.invalid,,20230524,Indonesia,APAC,25-34,Referral,English,1
420,viewer_00420,viewer00420@example.invalid,74,20230406,France,Europe,13-17,Organic,Japanese,0
421,viewer_00421,viewer00421@example.invalid,,20230107,Germany,Europe,35-44,Creator,French,1
422,viewer_00422,viewer00422@example.invalid,,20251026,Brazil,Latin America,18-24,Paid Social,German,1
423,viewer_00423,viewer00423@example.invalid,,20230701,United States,North America,45+,Search,Portuguese,0
424,viewer_00424,viewer00424@example.invalid,,20250627,Japan,APAC,25-34,Referral,Spanish,1
425,viewer_00425,viewer00425@example.invalid,,20250703,Canada,North America,13-17,Organic,English,1
426,viewer_00426,viewer00426@example.invalid,,20230120,Mexico,Latin America,35-44,Creator,Japanese,0
427,viewer_00427,viewer00427@example.invalid,157,20250629,Indonesia,APAC,18-24,Paid Social,French,1
428,viewer_00428,viewer00428@example.invalid,,20241023,France,Europe,45+,Search,German,1
429,viewer_00429,viewer00429@example.invalid,,20240403,Germany,Europe,25-34,Referral,Portuguese,0
430,viewer_00430,viewer00430@example.invalid,,20240109,Brazil,Latin America,13-17,Organic,Spanish,1
431,viewer_00431,viewer00431@example.invalid,,20250828,United States,North America,35-44,Creator,English,1
432,viewer_00432,viewer00432@example.invalid,,20250826,Japan,APAC,18-24,Paid Social,Japanese,0
433,viewer_00433,viewer00433@example.invalid,,20230901,Canada,North America,45+,Search,French,1
434,viewer_00434,viewer00434@example.invalid,158,20230823,Mexico,Latin America,25-34,Referral,German,1
435,viewer_00435,viewer00435@example.invalid,,20240702,Indonesia,APAC,13-17,Organic,Portuguese,0
436,viewer_00436,viewer00436@example.invalid,,20240904,France,Europe,35-44,Creator,Spanish,1
437,viewer_00437,viewer00437@example.invalid,,20250404,Germany,Europe,18-24,Paid Social,English,1
438,viewer_00438,viewer00438@example.invalid,,20250401,Brazil,Latin America,45+,Search,Japanese,0
439,viewer_00439,viewer00439@example.invalid,,20250406,United States,North America,25-34,Referral,French,1
440,viewer_00440,viewer00440@example.invalid,,20240530,Japan,APAC,13-17,Organic,German,1
441,viewer_00441,viewer00441@example.invalid,267,20231118,Canada,North America,35-44,Creator,Portuguese,0
442,viewer_00442,viewer00442@example.invalid,,20230304,Mexico,Latin America,18-24,Paid Social,Spanish,1
443,viewer_00443,viewer00443@example.invalid,,20250301,Indonesia,APAC,45+,Search,English,1
444,viewer_00444,viewer00444@example.invalid,,20230611,France,Europe,25-34,Referral,Japanese,0
445,viewer_00445,viewer00445@example.invalid,,20231223,Germany,Europe,13-17,Organic,French,1
446,viewer_00446,viewer00446@example.invalid,,20230101,Brazil,Latin America,35-44,Creator,German,1
447,viewer_00447,viewer00447@example.invalid,,20251007,United States,North America,18-24,Paid Social,Portuguese,0
448,viewer_00448,viewer00448@example.invalid,343,20231223,Japan,APAC,45+,Search,Spanish,1
449,viewer_00449,viewer00449@example.invalid,,20251013,Canada,North America,25-34,Referral,English,1
450,viewer_00450,viewer00450@example.invalid,,20250513,Mexico,Latin America,13-17,Organic,Japanese,0
451,viewer_00451,viewer00451@example.invalid,,20230816,Indonesia,APAC,35-44,Creator,French,1
452,viewer_00452,viewer00452@example.invalid,,20231111,France,Europe,18-24,Paid Social,German,1
453,viewer_00453,viewer00453@example.invalid,,20250304,Germany,Europe,45+,Search,Portuguese,0
454,viewer_00454,viewer00454@example.invalid,,20231209,Brazil,Latin America,25-34,Referral,Spanish,1
455,viewer_00455,viewer00455@example.invalid,328,20251202,United States,North America,13-17,Organic,English,1
456,viewer_00456,viewer00456@example.invalid,,20230522,Japan,APAC,35-44,Creator,Japanese,0
457,viewer_00457,viewer00457@example.invalid,,20230305,Canada,North America,18-24,Paid Social,French,1
458,viewer_00458,viewer00458@example.invalid,,20251103,Mexico,Latin America,45+,Search,German,1
459,viewer_00459,viewer00459@example.invalid,,20241027,Indonesia,APAC,25-34,Referral,Portuguese,0
460,viewer_00460,viewer00460@example.invalid,,20230813,France,Europe,13-17,Organic,Spanish,1
461,viewer_00461,viewer00461@example.invalid,,20250408,Germany,Europe,35-44,Creator,English,1
462,viewer_00462,viewer00462@example.invalid,289,20250429,Brazil,Latin America,18-24,Paid Social,Japanese,0
463,viewer_00463,viewer00463@example.invalid,,20230325,United States,North America,45+,Search,French,1
464,viewer_00464,viewer00464@example.invalid,,20230204,Japan,APAC,25-34,Referral,German,1
465,viewer_00465,viewer00465@example.invalid,,20240715,Canada,North America,13-17,Organic,Portuguese,0
466,viewer_00466,viewer00466@example.invalid,,20240213,Mexico,Latin America,35-44,Creator,Spanish,1
467,viewer_00467,viewer00467@example.invalid,,20230507,Indonesia,APAC,18-24,Paid Social,English,1
468,viewer_00468,viewer00468@example.invalid,,20251014,France,Europe,45+,Search,Japanese,0
469,viewer_00469,viewer00469@example.invalid,102,20250628,Germany,Europe,25-34,Referral,French,1
470,viewer_00470,viewer00470@example.invalid,,20230920,Brazil,Latin America,13-17,Organic,German,1
471,viewer_00471,viewer00471@example.invalid,,20240705,United States,North America,35-44,Creator,Portuguese,0
472,viewer_00472,viewer00472@example.invalid,,20240417,Japan,APAC,18-24,Paid Social,Spanish,1
473,viewer_00473,viewer00473@example.invalid,,20250428,Canada,North America,45+,Search,English,1
474,viewer_00474,viewer00474@example.invalid,,20250811,Mexico,Latin America,25-34,Referral,Japanese,0
475,viewer_00475,viewer00475@example.invalid,,20240810,Indonesia,APAC,13-17,Organic,French,1
476,viewer_00476,viewer00476@example.invalid,324,20250629,France,Europe,35-44,Creator,German,1
477,viewer_00477,viewer00477@example.invalid,,20250421,Germany,Europe,18-24,Paid Social,Portuguese,0
478,viewer_00478,viewer00478@example.invalid,,20230806,Brazil,Latin America,45+,Search,Spanish,1
479,viewer_00479,viewer00479@example.invalid,,20240911,United States,North America,25-34,Referral,English,1
480,viewer_00480,viewer00480@example.invalid,,20251124,Japan,APAC,13-17,Organic,Japanese,0
481,viewer_00481,viewer00481@example.invalid,,20240619,Canada,North America,35-44,Creator,French,1
482,viewer_00482,viewer00482@example.invalid,,20240730,Mexico,Latin America,18-24,Paid Social,German,1
483,viewer_00483,viewer00483@example.invalid,339,20251001,Indonesia,APAC,45+,Search,Portuguese,0
484,viewer_00484,viewer00484@example.invalid,,20250910,France,Europe,25-34,Referral,Spanish,1
485,viewer_00485,viewer00485@example.invalid,,20240414,Germany,Europe,13-17,Organic,English,1
486,viewer_00486,viewer00486@example.invalid,,20230814,Brazil,Latin America,35-44,Creator,Japanese,0
487,viewer_00487,viewer00487@example.invalid,,20230416,United States,North America,18-24,Paid Social,French,1
488,viewer_00488,viewer00488@example.invalid,,20250214,Japan,APAC,45+,Search,German,1
489,viewer_00489,viewer00489@example.invalid,,20241108,Canada,North America,25-34,Referral,Portuguese,0
490,viewer_00490,viewer00490@example.invalid,382,20230527,Mexico,Latin America,13-17,Organic,Spanish,1
491,viewer_00491,viewer00491@example.invalid,,20230111,Indonesia,APAC,35-44,Creator,English,1
492,viewer_00492,viewer00492@example.invalid,,20230728,France,Europe,18-24,Paid Social,Japanese,0
493,viewer_00493,viewer00493@example.invalid,,20240911,Germany,Europe,45+,Search,French,1
494,viewer_00494,viewer00494@example.invalid,,20250725,Brazil,Latin America,25-34,Referral,German,1
495,viewer_00495,viewer00495@example.invalid,,20231127,United States,North America,13-17,Organic,Portuguese,0
496,viewer_00496,viewer00496@example.invalid,,20230808,Japan,APAC,35-44,Creator,Spanish,1
497,viewer_00497,viewer00497@example.invalid,292,20250704,Canada,North America,18-24,Paid Social,English,1
498,viewer_00498,viewer00498@example.invalid,,20241215,Mexico,Latin America,45+,Search,Japanese,0
499,viewer_00499,viewer00499@example.invalid,,20250115,Indonesia,APAC,25-34,Referral,French,1
500,viewer_00500,viewer00500@example.invalid,,20230501,France,Europe,13-17,Organic,German,1
501,viewer_00501,viewer00501@example.invalid,,20240124,Germany,Europe,35-44,Creator,Portuguese,0
502,viewer_00502,viewer00502@example.invalid,,20250711,Brazil,Latin America,18-24,Paid Social,Spanish,1
503,viewer_00503,viewer00503@example.invalid,,20250517,United States,North America,45+,Search,English,1
504,viewer_00504,viewer00504@example.invalid,318,20240818,Japan,APAC,25-34,Referral,Japanese,0
505,viewer_00505,viewer00505@example.invalid,,20230405,Canada,North America,13-17,Organic,French,1
506,viewer_00506,viewer00506@example.invalid,,20240531,Mexico,Latin America,35-44,Creator,German,1
507,viewer_00507,viewer00507@example.invalid,,20240922,Indonesia,APAC,18-24,Paid Social,Portuguese,0
508,viewer_00508,viewer00508@example.invalid,,20250826,France,Europe,45+,Search,Spanish,1
509,viewer_00509,viewer00509@example.invalid,,20251204,Germany,Europe,25-34,Referral,English,1
510,viewer_00510,viewer00510@example.invalid,,20240315,Brazil,Latin America,13-17,Organic,Japanese,0
511,viewer_00511,viewer00511@example.invalid,273,20251006,United States,North America,35-44,Creator,French,1
512,viewer_00512,viewer00512@example.invalid,,20231127,Japan,APAC,18-24,Paid Social,German,1
513,viewer_00513,viewer00513@example.invalid,,20240223,Canada,North America,45+,Search,Portuguese,0
514,viewer_00514,viewer00514@example.invalid,,20231202,Mexico,Latin America,25-34,Referral,Spanish,1
515,viewer_00515,viewer00515@example.invalid,,20250208,Indonesia,APAC,13-17,Organic,English,1
516,viewer_00516,viewer00516@example.invalid,,20240219,France,Europe,35-44,Creator,Japanese,0
517,viewer_00517,viewer00517@example.invalid,,20230115,Germany,Europe,18-24,Paid Social,French,1
518,viewer_00518,viewer00518@example.invalid,486,20250930,Brazil,Latin America,45+,Search,German,1
519,viewer_00519,viewer00519@example.invalid,,20231126,United States,North America,25-34,Referral,Portuguese,0
520,viewer_00520,viewer00520@example.invalid,,20241128,Japan,APAC,13-17,Organic,Spanish,1
521,viewer_00521,viewer00521@example.invalid,,20250317,Canada,North America,35-44,Creator,English,1
522,viewer_00522,viewer00522@example.invalid,,20250725,Mexico,Latin America,18-24,Paid Social,Japanese,0
523,viewer_00523,viewer00523@example.invalid,,20241003,Indonesia,APAC,45+,Search,French,1
524,viewer_00524,viewer00524@example.invalid,,20250914,France,Europe,25-34,Referral,German,1
525,viewer_00525,viewer00525@example.invalid,160,20230407,Germany,Europe,13-17,Organic,Portuguese,0
526,viewer_00526,viewer00526@example.invalid,,20250916,Brazil,Latin America,35-44,Creator,Spanish,1
527,viewer_00527,viewer00527@example.invalid,,20250411,United States,North America,18-24,Paid Social,English,1
528,viewer_00528,viewer00528@example.invalid,,20250219,Japan,APAC,45+,Search,Japanese,0
529,viewer_00529,viewer00529@example.invalid,,20240501,Canada,North America,25-34,Referral,French,1
530,viewer_00530,viewer00530@example.invalid,,20230818,Mexico,Latin America,13-17,Organic,German,1
531,viewer_00531,viewer00531@example.invalid,,20240410,Indonesia,APAC,35-44,Creator,Portuguese,0
532,viewer_00532,viewer00532@example.invalid,155,20230128,France,Europe,18-24,Paid Social,Spanish,1
533,viewer_00533,viewer00533@example.invalid,,20240917,Germany,Europe,45+,Search,English,1
534,viewer_00534,viewer00534@example.invalid,,20240729,Brazil,Latin America,25-34,Referral,Japanese,0
535,viewer_00535,viewer00535@example.invalid,,20231126,United States,North America,13-17,Organic,French,1
536,viewer_00536,viewer00536@example.invalid,,20250527,Japan,APAC,35-44,Creator,German,1
537,viewer_00537,viewer00537@example.invalid,,20250521,Canada,North America,18-24,Paid Social,Portuguese,0
538,viewer_00538,viewer00538@example.invalid,,20240724,Mexico,Latin America,45+,Search,Spanish,1
539,viewer_00539,viewer00539@example.invalid,221,20250106,Indonesia,APAC,25-34,Referral,English,1
540,viewer_00540,viewer00540@example.invalid,,20230717,France,Europe,13-17,Organic,Japanese,0
541,viewer_00541,viewer00541@example.invalid,,20231004,Germany,Europe,35-44,Creator,French,1
542,viewer_00542,viewer00542@example.invalid,,20250813,Brazil,Latin America,18-24,Paid Social,German,1
543,viewer_00543,viewer00543@example.invalid,,20240808,United States,North America,45+,Search,Portuguese,0
544,viewer_00544,viewer00544@example.invalid,,20230527,Japan,APAC,25-34,Referral,Spanish,1
545,viewer_00545,viewer00545@example.invalid,,20250319,Canada,North America,13-17,Organic,English,1
546,viewer_00546,viewer00546@example.invalid,503,20240815,Mexico,Latin America,35-44,Creator,Japanese,0
547,viewer_00547,viewer00547@example.invalid,,20250808,Indonesia,APAC,18-24,Paid Social,French,1
548,viewer_00548,viewer00548@example.invalid,,20230925,France,Europe,45+,Search,German,1
549,viewer_00549,viewer00549@example.invalid,,20230813,Germany,Europe,25-34,Referral,Portuguese,0
550,viewer_00550,viewer00550@example.invalid,,20230112,Brazil,Latin America,13-17,Organic,Spanish,1
551,viewer_00551,viewer00551@example.invalid,,20240806,United States,North America,35-44,Creator,English,1
552,viewer_00552,viewer00552@example.invalid,,20250906,Japan,APAC,18-24,Paid Social,Japanese,0
553,viewer_00553,viewer00553@example.invalid,119,20240416,Canada,North America,45+,Search,French,1
554,viewer_00554,viewer00554@example.invalid,,20240529,Mexico,Latin America,25-34,Referral,German,1
555,viewer_00555,viewer00555@example.invalid,,20240517,Indonesia,APAC,13-17,Organic,Portuguese,0
556,viewer_00556,viewer00556@example.invalid,,20250209,France,Europe,35-44,Creator,Spanish,1
557,viewer_00557,viewer00557@example.invalid,,20240312,Germany,Europe,18-24,Paid Social,English,1
558,viewer_00558,viewer00558@example.invalid,,20251204,Brazil,Latin America,45+,Search,Japanese,0
559,viewer_00559,viewer00559@example.invalid,,20240111,United States,North America,25-34,Referral,French,1
560,viewer_00560,viewer00560@example.invalid,185,20230906,Japan,APAC,13-17,Organic,German,1
561,viewer_00561,viewer00561@example.invalid,,20240501,Canada,North America,35-44,Creator,Portuguese,0
562,viewer_00562,viewer00562@example.invalid,,20230812,Mexico,Latin America,18-24,Paid Social,Spanish,1
563,viewer_00563,viewer00563@example.invalid,,20240816,Indonesia,APAC,45+,Search,English,1
564,viewer_00564,viewer00564@example.invalid,,20230927,France,Europe,25-34,Referral,Japanese,0
565,viewer_00565,viewer00565@example.invalid,,20240129,Germany,Europe,13-17,Organic,French,1
566,viewer_00566,viewer00566@example.invalid,,20230329,Brazil,Latin America,35-44,Creator,German,1
567,viewer_00567,viewer00567@example.invalid,505,20230417,United States,North America,18-24,Paid Social,Portuguese,0
568,viewer_00568,viewer00568@example.invalid,,20240502,Japan,APAC,45+,Search,Spanish,1
569,viewer_00569,viewer00569@example.invalid,,20250910,Canada,North America,25-34,Referral,English,1
570,viewer_00570,viewer00570@example.invalid,,20230921,Mexico,Latin America,13-17,Organic,Japanese,0
571,viewer_00571,viewer00571@example.invalid,,20251129,Indonesia,APAC,35-44,Creator,French,1
572,viewer_00572,viewer00572@example.invalid,,20230406,France,Europe,18-24,Paid Social,German,1
573,viewer_00573,viewer00573@example.invalid,,20250714,Germany,Europe,45+,Search,Portuguese,0
574,viewer_00574,viewer00574@example.invalid,462,20240320,Brazil,Latin America,25-34,Referral,Spanish,1
575,viewer_00575,viewer00575@example.invalid,,20251011,United States,North America,13-17,Organic,English,1
576,viewer_00576,viewer00576@example.invalid,,20250510,Japan,APAC,35-44,Creator,Japanese,0
577,viewer_00577,viewer00577@example.invalid,,20231009,Canada,North America,18-24,Paid Social,French,1
578,viewer_00578,viewer00578@example.invalid,,20250520,Mexico,Latin America,45+,Search,German,1
579,viewer_00579,viewer00579@example.invalid,,20231110,Indonesia,APAC,25-34,Referral,Portuguese,0
580,viewer_00580,viewer00580@example.invalid,,20240301,France,Europe,13-17,Organic,Spanish,1
581,viewer_00581,viewer00581@example.invalid,477,20240714,Germany,Europe,35-44,Creator,English,1
582,viewer_00582,viewer00582@example.invalid,,20230312,Brazil,Latin America,18-24,Paid Social,Japanese,0
583,viewer_00583,viewer00583@example.invalid,,20230410,United States,North America,45+,Search,French,1
584,viewer_00584,viewer00584@example.invalid,,20240603,Japan,APAC,25-34,Referral,German,1
585,viewer_00585,viewer00585@example.invalid,,20240128,Canada,North America,13-17,Organic,Portuguese,0
586,viewer_00586,viewer00586@example.invalid,,20251230,Mexico,Latin America,35-44,Creator,Spanish,1
587,viewer_00587,viewer00587@example.invalid,,20240123,Indonesia,APAC,18-24,Paid Social,English,1
588,viewer_00588,viewer00588@example.invalid,296,20230521,France,Europe,45+,Search,Japanese,0
589,viewer_00589,viewer00589@example.invalid,,20240421,Germany,Europe,25-34,Referral,French,1
590,viewer_00590,viewer00590@example.invalid,,20240916,Brazil,Latin America,13-17,Organic,German,1
591,viewer_00591,viewer00591@example.invalid,,20231027,United States,North America,35-44,Creator,Portuguese,0
592,viewer_00592,viewer00592@example.invalid,,20251213,Japan,APAC,18-24,Paid Social,Spanish,1
593,viewer_00593,viewer00593@example.invalid,,20231026,Canada,North America,45+,Search,English,1
594,viewer_00594,viewer00594@example.invalid,,20240528,Mexico,Latin America,25-34,Referral,Japanese,0
595,viewer_00595,viewer00595@example.invalid,567,20250319,Indonesia,APAC,13-17,Organic,French,1
596,viewer_00596,viewer00596@example.invalid,,20251221,France,Europe,35-44,Creator,German,1
597,viewer_00597,viewer00597@example.invalid,,20230123,Germany,Europe,18-24,Paid Social,Portuguese,0
598,viewer_00598,viewer00598@example.invalid,,20230917,Brazil,Latin America,45+,Search,Spanish,1
599,viewer_00599,viewer00599@example.invalid,,20240901,United States,North America,25-34,Referral,English,1
600,viewer_00600,viewer00600@example.invalid,,20240609,Japan,APAC,13-17,Organic,Japanese,0
601,viewer_00601,viewer00601@example.invalid,,20230506,Canada,North America,35-44,Creator,French,1
602,viewer_00602,viewer00602@example.invalid,516,20251203,Mexico,Latin America,18-24,Paid Social,German,1
603,viewer_00603,viewer00603@example.invalid,,20250527,Indonesia,APAC,45+,Search,Portuguese,0
604,viewer_00604,viewer00604@example.invalid,,20230901,France,Europe,25-34,Referral,Spanish,1
605,viewer_00605,viewer00605@example.invalid,,20250427,Germany,Europe,13-17,Organic,English,1
606,viewer_00606,viewer00606@example.invalid,,20231223,Brazil,Latin America,35-44,Creator,Japanese,0
607,viewer_00607,viewer00607@example.invalid,,20230630,United States,North America,18-24,Paid Social,French,1
608,viewer_00608,viewer00608@example.invalid,,20250123,Japan,APAC,45+,Search,German,1
609,viewer_00609,viewer00609@example.invalid,148,20230801,Canada,North America,25-34,Referral,Portuguese,0
610,viewer_00610,viewer00610@example.invalid,,20241124,Mexico,Latin America,13-17,Organic,Spanish,1
611,viewer_00611,viewer00611@example.invalid,,20250221,Indonesia,APAC,35-44,Creator,English,1
612,viewer_00612,viewer00612@example.invalid,,20230419,France,Europe,18-24,Paid Social,Japanese,0
613,viewer_00613,viewer00613@example.invalid,,20250604,Germany,Europe,45+,Search,French,1
614,viewer_00614,viewer00614@example.invalid,,20231005,Brazil,Latin America,25-34,Referral,German,1
615,viewer_00615,viewer00615@example.invalid,,20230220,United States,North America,13-17,Organic,Portuguese,0
616,viewer_00616,viewer00616@example.invalid,76,20240315,Japan,APAC,35-44,Creator,Spanish,1
617,viewer_00617,viewer00617@example.invalid,,20240821,Canada,North America,18-24,Paid Social,English,1
618,viewer_00618,viewer00618@example.invalid,,20250814,Mexico,Latin America,45+,Search,Japanese,0
619,viewer_00619,viewer00619@example.invalid,,20250930,Indonesia,APAC,25-34,Referral,French,1
620,viewer_00620,viewer00620@example.invalid,,20230415,France,Europe,13-17,Organic,German,1
621,viewer_00621,viewer00621@example.invalid,,20251229,Germany,Europe,35-44,Creator,Portuguese,0
622,viewer_00622,viewer00622@example.invalid,,20240409,Brazil,Latin America,18-24,Paid Social,Spanish,1
623,viewer_00623,viewer00623@example.invalid,135,20250721,United States,North America,45+,Search,English,1
624,viewer_00624,viewer00624@example.invalid,,20240116,Japan,APAC,25-34,Referral,Japanese,0
625,viewer_00625,viewer00625@example.invalid,,20240106,Canada,North America,13-17,Organic,French,1
626,viewer_00626,viewer00626@example.invalid,,20230709,Mexico,Latin America,35-44,Creator,German,1
627,viewer_00627,viewer00627@example.invalid,,20250406,Indonesia,APAC,18-24,Paid Social,Portuguese,0
628,viewer_00628,viewer00628@example.invalid,,20251230,France,Europe,45+,Search,Spanish,1
629,viewer_00629,viewer00629@example.invalid,,20251214,Germany,Europe,25-34,Referral,English,1
630,viewer_00630,viewer00630@example.invalid,475,20240902,Brazil,Latin America,13-17,Organic,Japanese,0
631,viewer_00631,viewer00631@example.invalid,,20250516,United States,North America,35-44,Creator,French,1
632,viewer_00632,viewer00632@example.invalid,,20251019,Japan,APAC,18-24,Paid Social,German,1
633,viewer_00633,viewer00633@example.invalid,,20250717,Canada,North America,45+,Search,Portuguese,0
634,viewer_00634,viewer00634@example.invalid,,20231102,Mexico,Latin America,25-34,Referral,Spanish,1
635,viewer_00635,viewer00635@example.invalid,,20231109,Indonesia,APAC,13-17,Organic,English,1
636,viewer_00636,viewer00636@example.invalid,,20250305,France,Europe,35-44,Creator,Japanese,0
637,viewer_00637,viewer00637@example.invalid,201,20250609,Germany,Europe,18-24,Paid Social,French,1
638,viewer_00638,viewer00638@example.invalid,,20250113,Brazil,Latin America,45+,Search,German,1
639,viewer_00639,viewer00639@example.invalid,,20231130,United States,North America,25-34,Referral,Portuguese,0
640,viewer_00640,viewer00640@example.invalid,,20250308,Japan,APAC,13-17,Organic,Spanish,1
641,viewer_00641,viewer00641@example.invalid,,20230303,Canada,North America,35-44,Creator,English,1
642,viewer_00642,viewer00642@example.invalid,,20230928,Mexico,Latin America,18-24,Paid Social,Japanese,0
643,viewer_00643,viewer00643@example.invalid,,20240209,Indonesia,APAC,45+,Search,French,1
644,viewer_00644,viewer00644@example.invalid,53,20240523,France,Europe,25-34,Referral,German,1
645,viewer_00645,viewer00645@example.invalid,,20240411,Germany,Europe,13-17,Organic,Portuguese,0
646,viewer_00646,viewer00646@example.invalid,,20240712,Brazil,Latin America,35-44,Creator,Spanish,1
647,viewer_00647,viewer00647@example.invalid,,20251228,United States,North America,18-24,Paid Social,English,1
648,viewer_00648,viewer00648@example.invalid,,20231202,Japan,APAC,45+,Search,Japanese,0
649,viewer_00649,viewer00649@example.invalid,,20250519,Canada,North America,25-34,Referral,French,1
650,viewer_00650,viewer00650@example.invalid,,20230330,Mexico,Latin America,13-17,Organic,German,1
651,viewer_00651,viewer00651@example.invalid,324,20230514,Indonesia,APAC,35-44,Creator,Portuguese,0
652,viewer_00652,viewer00652@example.invalid,,20250116,France,Europe,18-24,Paid Social,Spanish,1
653,viewer_00653,viewer00653@example.invalid,,20251102,Germany,Europe,45+,Search,English,1
654,viewer_00654,viewer00654@example.invalid,,20250908,Brazil,Latin America,25-34,Referral,Japanese,0
655,viewer_00655,viewer00655@example.invalid,,20250321,United States,North America,13-17,Organic,French,1
656,viewer_00656,viewer00656@example.invalid,,20240821,Japan,APAC,35-44,Creator,German,1
657,viewer_00657,viewer00657@example.invalid,,20251120,Canada,North America,18-24,Paid Social,Portuguese,0
658,viewer_00658,viewer00658@example.invalid,9,20250201,Mexico,Latin America,45+,Search,Spanish,1
659,viewer_00659,viewer00659@example.invalid,,20250128,Indonesia,APAC,25-34,Referral,English,1
660,viewer_00660,viewer00660@example.invalid,,20251221,France,Europe,13-17,Organic,Japanese,0
661,viewer_00661,viewer00661@example.invalid,,20240316,Germany,Europe,35-44,Creator,French,1
662,viewer_00662,viewer00662@example.invalid,,20240714,Brazil,Latin America,18-24,Paid Social,German,1
663,viewer_00663,viewer00663@example.invalid,,20231213,United States,North America,45+,Search,Portuguese,0
664,viewer_00664,viewer00664@example.invalid,,20241123,Japan,APAC,25-34,Referral,Spanish,1
665,viewer_00665,viewer00665@example.invalid,145,20231002,Canada,North America,13-17,Organic,English,1
666,viewer_00666,viewer00666@example.invalid,,20241212,Mexico,Latin America,35-44,Creator,Japanese,0
667,viewer_00667,viewer00667@example.invalid,,20251207,Indonesia,APAC,18-24,Paid Social,French,1
668,viewer_00668,viewer00668@example.invalid,,20240331,France,Europe,45+,Search,German,1
669,viewer_00669,viewer00669@example.invalid,,20250624,Germany,Europe,25-34,Referral,Portuguese,0
670,viewer_00670,viewer00670@example.invalid,,20230319,Brazil,Latin America,13-17,Organic,Spanish,1
671,viewer_00671,viewer00671@example.invalid,,20251114,United States,North America,35-44,Creator,English,1
672,viewer_00672,viewer00672@example.invalid,185,20250402,Japan,APAC,18-24,Paid Social,Japanese,0
673,viewer_00673,viewer00673@example.invalid,,20240221,Canada,North America,45+,Search,French,1
674,viewer_00674,viewer00674@example.invalid,,20250204,Mexico,Latin America,25-34,Referral,German,1
675,viewer_00675,viewer00675@example.invalid,,20250305,Indonesia,APAC,13-17,Organic,Portuguese,0
676,viewer_00676,viewer00676@example.invalid,,20251129,France,Europe,35-44,Creator,Spanish,1
677,viewer_00677,viewer00677@example.invalid,,20230329,Germany,Europe,18-24,Paid Social,English,1
678,viewer_00678,viewer00678@example.invalid,,20230706,Brazil,Latin America,45+,Search,Japanese,0
679,viewer_00679,viewer00679@example.invalid,202,20241013,United States,North America,25-34,Referral,French,1
680,viewer_00680,viewer00680@example.invalid,,20230412,Japan,APAC,13-17,Organic,German,1
681,viewer_00681,viewer00681@example.invalid,,20240303,Canada,North America,35-44,Creator,Portuguese,0
682,viewer_00682,viewer00682@example.invalid,,20230301,Mexico,Latin America,18-24,Paid Social,Spanish,1
683,viewer_00683,viewer00683@example.invalid,,20251012,Indonesia,APAC,45+,Search,English,1
684,viewer_00684,viewer00684@example.invalid,,20250124,France,Europe,25-34,Referral,Japanese,0
685,viewer_00685,viewer00685@example.invalid,,20240404,Germany,Europe,13-17,Organic,French,1
686,viewer_00686,viewer00686@example.invalid,143,20250924,Brazil,Latin America,35-44,Creator,German,1
687,viewer_00687,viewer00687@example.invalid,,20231128,United States,North America,18-24,Paid Social,Portuguese,0
688,viewer_00688,viewer00688@example.invalid,,20241130,Japan,APAC,45+,Search,Spanish,1
689,viewer_00689,viewer00689@example.invalid,,20241130,Canada,North America,25-34,Referral,English,1
690,viewer_00690,viewer00690@example.invalid,,20250115,Mexico,Latin America,13-17,Organic,Japanese,0
691,viewer_00691,viewer00691@example.invalid,,20230424,Indonesia,APAC,35-44,Creator,French,1
692,viewer_00692,viewer00692@example.invalid,,20240304,France,Europe,18-24,Paid Social,German,1
693,viewer_00693,viewer00693@example.invalid,581,20250530,Germany,Europe,45+,Search,Portuguese,0
694,viewer_00694,viewer00694@example.invalid,,20230605,Brazil,Latin America,25-34,Referral,Spanish,1
695,viewer_00695,viewer00695@example.invalid,,20251118,United States,North America,13-17,Organic,English,1
696,viewer_00696,viewer00696@example.invalid,,20240403,Japan,APAC,35-44,Creator,Japanese,0
697,viewer_00697,viewer00697@example.invalid,,20230524,Canada,North America,18-24,Paid Social,French,1
698,viewer_00698,viewer00698@example.invalid,,20230628,Mexico,Latin America,45+,Search,German,1
699,viewer_00699,viewer00699@example.invalid,,20240310,Indonesia,APAC,25-34,Referral,Portuguese,0
700,viewer_00700,viewer00700@example.invalid,138,20240628,France,Europe,13-17,Organic,Spanish,1
701,viewer_00701,viewer00701@example.invalid,,20251003,Germany,Europe,35-44,Creator,English,1
702,viewer_00702,viewer00702@example.invalid,,20240810,Brazil,Latin America,18-24,Paid Social,Japanese,0
703,viewer_00703,viewer00703@example.invalid,,20240612,United States,North America,45+,Search,French,1
704,viewer_00704,viewer00704@example.invalid,,20241213,Japan,APAC,25-34,Referral,German,1
705,viewer_00705,viewer00705@example.invalid,,20250912,Canada,North America,13-17,Organic,Portuguese,0
706,viewer_00706,viewer00706@example.invalid,,20230218,Mexico,Latin America,35-44,Creator,Spanish,1
707,viewer_00707,viewer00707@example.invalid,306,20251015,Indonesia,APAC,18-24,Paid Social,English,1
708,viewer_00708,viewer00708@example.invalid,,20231022,France,Europe,45+,Search,Japanese,0
709,viewer_00709,viewer00709@example.invalid,,20240119,Germany,Europe,25-34,Referral,French,1
710,viewer_00710,viewer00710@example.invalid,,20251130,Brazil,Latin America,13-17,Organic,German,1
711,viewer_00711,viewer00711@example.invalid,,20250625,United States,North America,35-44,Creator,Portuguese,0
712,viewer_00712,viewer00712@example.invalid,,20251005,Japan,APAC,18-24,Paid Social,Spanish,1
713,viewer_00713,viewer00713@example.invalid,,20230716,Canada,North America,45+,Search,English,1
714,viewer_00714,viewer00714@example.invalid,16,20230322,Mexico,Latin America,25-34,Referral,Japanese,0
715,viewer_00715,viewer00715@example.invalid,,20240325,Indonesia,APAC,13-17,Organic,French,1
716,viewer_00716,viewer00716@example.invalid,,20230317,France,Europe,35-44,Creator,German,1
717,viewer_00717,viewer00717@example.invalid,,20251028,Germany,Europe,18-24,Paid Social,Portuguese,0
718,viewer_00718,viewer00718@example.invalid,,20231001,Brazil,Latin America,45+,Search,Spanish,1
719,viewer_00719,viewer00719@example.invalid,,20250107,United States,North America,25-34,Referral,English,1
720,viewer_00720,viewer00720@example.invalid,,20230224,Japan,APAC,13-17,Organic,Japanese,0
721,viewer_00721,viewer00721@example.invalid,196,20230623,Canada,North America,35-44,Creator,French,1
722,viewer_00722,viewer00722@example.invalid,,20230714,Mexico,Latin America,18-24,Paid Social,German,1
723,viewer_00723,viewer00723@example.invalid,,20230304,Indonesia,APAC,45+,Search,Portuguese,0
724,viewer_00724,viewer00724@example.invalid,,20230819,France,Europe,25-34,Referral,Spanish,1
725,viewer_00725,viewer00725@example.invalid,,20250813,Germany,Europe,13-17,Organic,English,1
726,viewer_00726,viewer00726@example.invalid,,20241016,Brazil,Latin America,35-44,Creator,Japanese,0
727,viewer_00727,viewer00727@example.invalid,,20240925,United States,North America,18-24,Paid Social,French,1
728,viewer_00728,viewer00728@example.invalid,585,20240717,Japan,APAC,45+,Search,German,1
729,viewer_00729,viewer00729@example.invalid,,20250221,Canada,North America,25-34,Referral,Portuguese,0
730,viewer_00730,viewer00730@example.invalid,,20230212,Mexico,Latin America,13-17,Organic,Spanish,1
731,viewer_00731,viewer00731@example.invalid,,20250525,Indonesia,APAC,35-44,Creator,English,1
732,viewer_00732,viewer00732@example.invalid,,20240313,France,Europe,18-24,Paid Social,Japanese,0
733,viewer_00733,viewer00733@example.invalid,,20250511,Germany,Europe,45+,Search,French,1
734,viewer_00734,viewer00734@example.invalid,,20241117,Brazil,Latin America,25-34,Referral,German,1
735,viewer_00735,viewer00735@example.invalid,320,20230124,United States,North America,13-17,Organic,Portuguese,0
736,viewer_00736,viewer00736@example.invalid,,20230523,Japan,APAC,35-44,Creator,Spanish,1
737,viewer_00737,viewer00737@example.invalid,,20240302,Canada,North America,18-24,Paid Social,English,1
738,viewer_00738,viewer00738@example.invalid,,20240107,Mexico,Latin America,45+,Search,Japanese,0
739,viewer_00739,viewer00739@example.invalid,,20240513,Indonesia,APAC,25-34,Referral,French,1
740,viewer_00740,viewer00740@example.invalid,,20240321,France,Europe,13-17,Organic,German,1
741,viewer_00741,viewer00741@example.invalid,,20231005,Germany,Europe,35-44,Creator,Portuguese,0
742,viewer_00742,viewer00742@example.invalid,646,20250207,Brazil,Latin America,18-24,Paid Social,Spanish,1
743,viewer_00743,viewer00743@example.invalid,,20250824,United States,North America,45+,Search,English,1
744,viewer_00744,viewer00744@example.invalid,,20230219,Japan,APAC,25-34,Referral,Japanese,0
745,viewer_00745,viewer00745@example.invalid,,20230904,Canada,North America,13-17,Organic,French,1
746,viewer_00746,viewer00746@example.invalid,,20231031,Mexico,Latin America,35-44,Creator,German,1
747,viewer_00747,viewer00747@example.invalid,,20240925,Indonesia,APAC,18-24,Paid Social,Portuguese,0
748,viewer_00748,viewer00748@example.invalid,,20251114,France,Europe,45+,Search,Spanish,1
749,viewer_00749,viewer00749@example.invalid,66,20230412,Germany,Europe,25-34,Referral,English,1
750,viewer_00750,viewer00750@example.invalid,,20250324,Brazil,Latin America,13-17,Organic,Japanese,0
751,viewer_00751,viewer00751@example.invalid,,20251231,United States,North America,35-44,Creator,French,1
752,viewer_00752,viewer00752@example.invalid,,20240407,Japan,APAC,18-24,Paid Social,German,1
753,viewer_00753,viewer00753@example.invalid,,20240813,Canada,North America,45+,Search,Portuguese,0
754,viewer_00754,viewer00754@example.invalid,,20240131,Mexico,Latin America,25-34,Referral,Spanish,1
755,viewer_00755,viewer00755@example.invalid,,20241222,Indonesia,APAC,13-17,Organic,English,1
756,viewer_00756,viewer00756@example.invalid,419,20240828,France,Europe,35-44,Creator,Japanese,0
757,viewer_00757,viewer00757@example.invalid,,20230602,Germany,Europe,18-24,Paid Social,French,1
758,viewer_00758,viewer00758@example.invalid,,20241006,Brazil,Latin America,45+,Search,German,1
759,viewer_00759,viewer00759@example.invalid,,20250327,United States,North America,25-34,Referral,Portuguese,0
760,viewer_00760,viewer00760@example.invalid,,20240423,Japan,APAC,13-17,Organic,Spanish,1
761,viewer_00761,viewer00761@example.invalid,,20240319,Canada,North America,35-44,Creator,English,1
762,viewer_00762,viewer00762@example.invalid,,20240207,Mexico,Latin America,18-24,Paid Social,Japanese,0
763,viewer_00763,viewer00763@example.invalid,226,20240427,Indonesia,APAC,45+,Search,French,1
764,viewer_00764,viewer00764@example.invalid,,20230119,France,Europe,25-34,Referral,German,1
765,viewer_00765,viewer00765@example.invalid,,20240127,Germany,Europe,13-17,Organic,Portuguese,0
766,viewer_00766,viewer00766@example.invalid,,20230908,Brazil,Latin America,35-44,Creator,Spanish,1
767,viewer_00767,viewer00767@example.invalid,,20250103,United States,North America,18-24,Paid Social,English,1
768,viewer_00768,viewer00768@example.invalid,,20240227,Japan,APAC,45+,Search,Japanese,0
769,viewer_00769,viewer00769@example.invalid,,20240630,Canada,North America,25-34,Referral,French,1
770,viewer_00770,viewer00770@example.invalid,575,20240127,Mexico,Latin America,13-17,Organic,German,1
771,viewer_00771,viewer00771@example.invalid,,20240509,Indonesia,APAC,35-44,Creator,Portuguese,0
772,viewer_00772,viewer00772@example.invalid,,20230228,France,Europe,18-24,Paid Social,Spanish,1
773,viewer_00773,viewer00773@example.invalid,,20230926,Germany,Europe,45+,Search,English,1
774,viewer_00774,viewer00774@example.invalid,,20230221,Brazil,Latin America,25-34,Referral,Japanese,0
775,viewer_00775,viewer00775@example.invalid,,20240321,United States,North America,13-17,Organic,French,1
776,viewer_00776,viewer00776@example.invalid,,20240112,Japan,APAC,35-44,Creator,German,1
777,viewer_00777,viewer00777@example.invalid,441,20240602,Canada,North America,18-24,Paid Social,Portuguese,0
778,viewer_00778,viewer00778@example.invalid,,20240126,Mexico,Latin America,45+,Search,Spanish,1
779,viewer_00779,viewer00779@example.invalid,,20230516,Indonesia,APAC,25-34,Referral,English,1
780,viewer_00780,viewer00780@example.invalid,,20231222,France,Europe,13-17,Organic,Japanese,0
781,viewer_00781,viewer00781@example.invalid,,20230626,Germany,Europe,35-44,Creator,French,1
782,viewer_00782,viewer00782@example.invalid,,20251229,Brazil,Latin America,18-24,Paid Social,German,1
783,viewer_00783,viewer00783@example.invalid,,20230806,United States,North America,45+,Search,Portuguese,0
784,viewer_00784,viewer00784@example.invalid,58,20240327,Japan,APAC,25-34,Referral,Spanish,1
785,viewer_00785,viewer00785@example.invalid,,20230101,Canada,North America,13-17,Organic,English,1
786,viewer_00786,viewer00786@example.invalid,,20231115,Mexico,Latin America,35-44,Creator,Japanese,0
787,viewer_00787,viewer00787@example.invalid,,20230224,Indonesia,APAC,18-24,Paid Social,French,1
788,viewer_00788,viewer00788@example.invalid,,20240527,France,Europe,45+,Search,German,1
789,viewer_00789,viewer00789@example.invalid,,20250414,Germany,Europe,25-34,Referral,Portuguese,0
790,viewer_00790,viewer00790@example.invalid,,20250212,Brazil,Latin America,13-17,Organic,Spanish,1
791,viewer_00791,viewer00791@example.invalid,536,20240302,United States,North America,35-44,Creator,English,1
792,viewer_00792,viewer00792@example.invalid,,20231014,Japan,APAC,18-24,Paid Social,Japanese,0
793,viewer_00793,viewer00793@example.invalid,,20230711,Canada,North America,45+,Search,French,1
794,viewer_00794,viewer00794@example.invalid,,20250524,Mexico,Latin America,25-34,Referral,German,1
795,viewer_00795,viewer00795@example.invalid,,20250409,Indonesia,APAC,13-17,Organic,Portuguese,0
796,viewer_00796,viewer00796@example.invalid,,20241027,France,Europe,35-44,Creator,Spanish,1
797,viewer_00797,viewer00797@example.invalid,,20250718,Germany,Europe,18-24,Paid Social,English,1
798,viewer_00798,viewer00798@example.invalid,689,20240505,Brazil,Latin America,45+,Search,Japanese,0
799,viewer_00799,viewer00799@example.invalid,,20231212,United States,North America,25-34,Referral,French,1
800,viewer_00800,viewer00800@example.invalid,,20230907,Japan,APAC,13-17,Organic,German,1
801,viewer_00801,viewer00801@example.invalid,,20240812,Canada,North America,35-44,Creator,Portuguese,0
802,viewer_00802,viewer00802@example.invalid,,20250227,Mexico,Latin America,18-24,Paid Social,Spanish,1
803,viewer_00803,viewer00803@example.invalid,,20250318,Indonesia,APAC,45+,Search,English,1
804,viewer_00804,viewer00804@example.invalid,,20241008,France,Europe,25-34,Referral,Japanese,0
805,viewer_00805,viewer00805@example.invalid,649,20251029,Germany,Europe,13-17,Organic,French,1
806,viewer_00806,viewer00806@example.invalid,,20241006,Brazil,Latin America,35-44,Creator,German,1
807,viewer_00807,viewer00807@example.invalid,,20230513,United States,North America,18-24,Paid Social,Portuguese,0
808,viewer_00808,viewer00808@example.invalid,,20251030,Japan,APAC,45+,Search,Spanish,1
809,viewer_00809,viewer00809@example.invalid,,20241230,Canada,North America,25-34,Referral,English,1
810,viewer_00810,viewer00810@example.invalid,,20230610,Mexico,Latin America,13-17,Organic,Japanese,0
811,viewer_00811,viewer00811@example.invalid,,20230420,Indonesia,APAC,35-44,Creator,French,1
812,viewer_00812,viewer00812@example.invalid,615,20241231,France,Europe,18-24,Paid Social,German,1
813,viewer_00813,viewer00813@example.invalid,,20240715,Germany,Europe,45+,Search,Portuguese,0
814,viewer_00814,viewer00814@example.invalid,,20251222,Brazil,Latin America,25-34,Referral,Spanish,1
815,viewer_00815,viewer00815@example.invalid,,20241115,United States,North America,13-17,Organic,English,1
816,viewer_00816,viewer00816@example.invalid,,20241102,Japan,APAC,35-44,Creator,Japanese,0
817,viewer_00817,viewer00817@example.invalid,,20230303,Canada,North America,18-24,Paid Social,French,1
818,viewer_00818,viewer00818@example.invalid,,20240924,Mexico,Latin America,45+,Search,German,1
819,viewer_00819,viewer00819@example.invalid,581,20240630,Indonesia,APAC,25-34,Referral,Portuguese,0
820,viewer_00820,viewer00820@example.invalid,,20230908,France,Europe,13-17,Organic,Spanish,1
821,viewer_00821,viewer00821@example.invalid,,20230502,Germany,Europe,35-44,Creator,English,1
822,viewer_00822,viewer00822@example.invalid,,20250321,Brazil,Latin America,18-24,Paid Social,Japanese,0
823,viewer_00823,viewer00823@example.invalid,,20251211,United States,North America,45+,Search,French,1
824,viewer_00824,viewer00824@example.invalid,,20240109,Japan,APAC,25-34,Referral,German,1
825,viewer_00825,viewer00825@example.invalid,,20250312,Canada,North America,13-17,Organic,Portuguese,0
826,viewer_00826,viewer00826@example.invalid,188,20240529,Mexico,Latin America,35-44,Creator,Spanish,1
827,viewer_00827,viewer00827@example.invalid,,20250212,Indonesia,APAC,18-24,Paid Social,English,1
828,viewer_00828,viewer00828@example.invalid,,20251114,France,Europe,45+,Search,Japanese,0
829,viewer_00829,viewer00829@example.invalid,,20240124,Germany,Europe,25-34,Referral,French,1
830,viewer_00830,viewer00830@example.invalid,,20230419,Brazil,Latin America,13-17,Organic,German,1
831,viewer_00831,viewer00831@example.invalid,,20240720,United States,North America,35-44,Creator,Portuguese,0
832,viewer_00832,viewer00832@example.invalid,,20231116,Japan,APAC,18-24,Paid Social,Spanish,1
833,viewer_00833,viewer00833@example.invalid,448,20240207,Canada,North America,45+,Search,English,1
834,viewer_00834,viewer00834@example.invalid,,20250528,Mexico,Latin America,25-34,Referral,Japanese,0
835,viewer_00835,viewer00835@example.invalid,,20241108,Indonesia,APAC,13-17,Organic,French,1
836,viewer_00836,viewer00836@example.invalid,,20231101,France,Europe,35-44,Creator,German,1
837,viewer_00837,viewer00837@example.invalid,,20231115,Germany,Europe,18-24,Paid Social,Portuguese,0
838,viewer_00838,viewer00838@example.invalid,,20250712,Brazil,Latin America,45+,Search,Spanish,1
839,viewer_00839,viewer00839@example.invalid,,20230210,United States,North America,25-34,Referral,English,1
840,viewer_00840,viewer00840@example.invalid,194,20240704,Japan,APAC,13-17,Organic,Japanese,0
841,viewer_00841,viewer00841@example.invalid,,20241007,Canada,North America,35-44,Creator,French,1
842,viewer_00842,viewer00842@example.invalid,,20251027,Mexico,Latin America,18-24,Paid Social,German,1
843,viewer_00843,viewer00843@example.invalid,,20251201,Indonesia,APAC,45+,Search,Portuguese,0
844,viewer_00844,viewer00844@example.invalid,,20230902,France,Europe,25-34,Referral,Spanish,1
845,viewer_00845,viewer00845@example.invalid,,20230617,Germany,Europe,13-17,Organic,English,1
846,viewer_00846,viewer00846@example.invalid,,20241221,Brazil,Latin America,35-44,Creator,Japanese,0
847,viewer_00847,viewer00847@example.invalid,571,20240705,United States,North America,18-24,Paid Social,French,1
848,viewer_00848,viewer00848@example.invalid,,20250110,Japan,APAC,45+,Search,German,1
849,viewer_00849,viewer00849@example.invalid,,20241119,Canada,North America,25-34,Referral,Portuguese,0
850,viewer_00850,viewer00850@example.invalid,,20250106,Mexico,Latin America,13-17,Organic,Spanish,1
851,viewer_00851,viewer00851@example.invalid,,20240213,Indonesia,APAC,35-44,Creator,English,1
852,viewer_00852,viewer00852@example.invalid,,20240511,France,Europe,18-24,Paid Social,Japanese,0
853,viewer_00853,viewer00853@example.invalid,,20230314,Germany,Europe,45+,Search,French,1
854,viewer_00854,viewer00854@example.invalid,777,20241206,Brazil,Latin America,25-34,Referral,German,1
855,viewer_00855,viewer00855@example.invalid,,20231209,United States,North America,13-17,Organic,Portuguese,0
856,viewer_00856,viewer00856@example.invalid,,20240828,Japan,APAC,35-44,Creator,Spanish,1
857,viewer_00857,viewer00857@example.invalid,,20230905,Canada,North America,18-24,Paid Social,English,1
858,viewer_00858,viewer00858@example.invalid,,20251001,Mexico,Latin America,45+,Search,Japanese,0
859,viewer_00859,viewer00859@example.invalid,,20240726,Indonesia,APAC,25-34,Referral,French,1
860,viewer_00860,viewer00860@example.invalid,,20250119,France,Europe,13-17,Organic,German,1
861,viewer_00861,viewer00861@example.invalid,699,20250226,Germany,Europe,35-44,Creator,Portuguese,0
862,viewer_00862,viewer00862@example.invalid,,20250318,Brazil,Latin America,18-24,Paid Social,Spanish,1
863,viewer_00863,viewer00863@example.invalid,,20230312,United States,North America,45+,Search,English,1
864,viewer_00864,viewer00864@example.invalid,,20230407,Japan,APAC,25-34,Referral,Japanese,0
865,viewer_00865,viewer00865@example.invalid,,20240901,Canada,North America,13-17,Organic,French,1
866,viewer_00866,viewer00866@example.invalid,,20241217,Mexico,Latin America,35-44,Creator,German,1
867,viewer_00867,viewer00867@example.invalid,,20231207,Indonesia,APAC,18-24,Paid Social,Portuguese,0
868,viewer_00868,viewer00868@example.invalid,817,20230311,France,Europe,45+,Search,Spanish,1
869,viewer_00869,viewer00869@example.invalid,,20250313,Germany,Europe,25-34,Referral,English,1
870,viewer_00870,viewer00870@example.invalid,,20250622,Brazil,Latin America,13-17,Organic,Japanese,0
871,viewer_00871,viewer00871@example.invalid,,20240822,United States,North America,35-44,Creator,French,1
872,viewer_00872,viewer00872@example.invalid,,20250506,Japan,APAC,18-24,Paid Social,German,1
873,viewer_00873,viewer00873@example.invalid,,20250808,Canada,North America,45+,Search,Portuguese,0
874,viewer_00874,viewer00874@example.invalid,,20230618,Mexico,Latin America,25-34,Referral,Spanish,1
875,viewer_00875,viewer00875@example.invalid,867,20230906,Indonesia,APAC,13-17,Organic,English,1
876,viewer_00876,viewer00876@example.invalid,,20231101,France,Europe,35-44,Creator,Japanese,0
877,viewer_00877,viewer00877@example.invalid,,20230425,Germany,Europe,18-24,Paid Social,French,1
878,viewer_00878,viewer00878@example.invalid,,20230920,Brazil,Latin America,45+,Search,German,1
879,viewer_00879,viewer00879@example.invalid,,20231226,United States,North America,25-34,Referral,Portuguese,0
880,viewer_00880,viewer00880@example.invalid,,20241212,Japan,APAC,13-17,Organic,Spanish,1
881,viewer_00881,viewer00881@example.invalid,,20230713,Canada,North America,35-44,Creator,English,1
882,viewer_00882,viewer00882@example.invalid,666,20240306,Mexico,Latin America,18-24,Paid Social,Japanese,0
883,viewer_00883,viewer00883@example.invalid,,20251020,Indonesia,APAC,45+,Search,French,1
884,viewer_00884,viewer00884@example.invalid,,20230919,France,Europe,25-34,Referral,German,1
885,viewer_00885,viewer00885@example.invalid,,20240522,Germany,Europe,13-17,Organic,Portuguese,0
886,viewer_00886,viewer00886@example.invalid,,20250317,Brazil,Latin America,35-44,Creator,Spanish,1
887,viewer_00887,viewer00887@example.invalid,,20240410,United States,North America,18-24,Paid Social,English,1
888,viewer_00888,viewer00888@example.invalid,,20230314,Japan,APAC,45+,Search,Japanese,0
889,viewer_00889,viewer00889@example.invalid,264,20230111,Canada,North America,25-34,Referral,French,1
890,viewer_00890,viewer00890@example.invalid,,20241212,Mexico,Latin America,13-17,Organic,German,1
891,viewer_00891,viewer00891@example.invalid,,20240709,Indonesia,APAC,35-44,Creator,Portuguese,0
892,viewer_00892,viewer00892@example.invalid,,20240204,France,Europe,18-24,Paid Social,Spanish,1
893,viewer_00893,viewer00893@example.invalid,,20231116,Germany,Europe,45+,Search,English,1
894,viewer_00894,viewer00894@example.invalid,,20250328,Brazil,Latin America,25-34,Referral,Japanese,0
895,viewer_00895,viewer00895@example.invalid,,20230829,United States,North America,13-17,Organic,French,1
896,viewer_00896,viewer00896@example.invalid,515,20250928,Japan,APAC,35-44,Creator,German,1
897,viewer_00897,viewer00897@example.invalid,,20230330,Canada,North America,18-24,Paid Social,Portuguese,0
898,viewer_00898,viewer00898@example.invalid,,20230720,Mexico,Latin America,45+,Search,Spanish,1
899,viewer_00899,viewer00899@example.invalid,,20240802,Indonesia,APAC,25-34,Referral,English,1
900,viewer_00900,viewer00900@example.invalid,,20251229,France,Europe,13-17,Organic,Japanese,0
901,viewer_00901,viewer00901@example.invalid,,20241119,Germany,Europe,35-44,Creator,French,1
902,viewer_00902,viewer00902@example.invalid,,20230719,Brazil,Latin America,18-24,Paid Social,German,1
903,viewer_00903,viewer00903@example.invalid,409,20231022,United States,North America,45+,Search,Portuguese,0
904,viewer_00904,viewer00904@example.invalid,,20240706,Japan,APAC,25-34,Referral,Spanish,1
905,viewer_00905,viewer00905@example.invalid,,20250425,Canada,North America,13-17,Organic,English,1
906,viewer_00906,viewer00906@example.invalid,,20240304,Mexico,Latin America,35-44,Creator,Japanese,0
907,viewer_00907,viewer00907@example.invalid,,20241206,Indonesia,APAC,18-24,Paid Social,French,1
908,viewer_00908,viewer00908@example.invalid,,20240803,France,Europe,45+,Search,German,1
909,viewer_00909,viewer00909@example.invalid,,20251213,Germany,Europe,25-34,Referral,Portuguese,0
910,viewer_00910,viewer00910@example.invalid,207,20241015,Brazil,Latin America,13-17,Organic,Spanish,1
911,viewer_00911,viewer00911@example.invalid,,20250822,United States,North America,35-44,Creator,English,1
912,viewer_00912,viewer00912@example.invalid,,20240311,Japan,APAC,18-24,Paid Social,Japanese,0
913,viewer_00913,viewer00913@example.invalid,,20250703,Canada,North America,45+,Search,French,1
914,viewer_00914,viewer00914@example.invalid,,20250326,Mexico,Latin America,25-34,Referral,German,1
915,viewer_00915,viewer00915@example.invalid,,20230321,Indonesia,APAC,13-17,Organic,Portuguese,0
916,viewer_00916,viewer00916@example.invalid,,20250425,France,Europe,35-44,Creator,Spanish,1
917,viewer_00917,viewer00917@example.invalid,137,20230607,Germany,Europe,18-24,Paid Social,English,1
918,viewer_00918,viewer00918@example.invalid,,20250209,Brazil,Latin America,45+,Search,Japanese,0
919,viewer_00919,viewer00919@example.invalid,,20240523,United States,North America,25-34,Referral,French,1
920,viewer_00920,viewer00920@example.invalid,,20250213,Japan,APAC,13-17,Organic,German,1
921,viewer_00921,viewer00921@example.invalid,,20250723,Canada,North America,35-44,Creator,Portuguese,0
922,viewer_00922,viewer00922@example.invalid,,20251024,Mexico,Latin America,18-24,Paid Social,Spanish,1
923,viewer_00923,viewer00923@example.invalid,,20250301,Indonesia,APAC,45+,Search,English,1
924,viewer_00924,viewer00924@example.invalid,127,20230103,France,Europe,25-34,Referral,Japanese,0
925,viewer_00925,viewer00925@example.invalid,,20240920,Germany,Europe,13-17,Organic,French,1
926,viewer_00926,viewer00926@example.invalid,,20250130,Brazil,Latin America,35-44,Creator,German,1
927,viewer_00927,viewer00927@example.invalid,,20231121,United States,North America,18-24,Paid Social,Portuguese,0
928,viewer_00928,viewer00928@example.invalid,,20240118,Japan,APAC,45+,Search,Spanish,1
929,viewer_00929,viewer00929@example.invalid,,20240509,Canada,North America,25-34,Referral,English,1
930,viewer_00930,viewer00930@example.invalid,,20230723,Mexico,Latin America,13-17,Organic,Japanese,0
931,viewer_00931,viewer00931@example.invalid,771,20240120,Indonesia,APAC,35-44,Creator,French,1
932,viewer_00932,viewer00932@example.invalid,,20251218,France,Europe,18-24,Paid Social,German,1
933,viewer_00933,viewer00933@example.invalid,,20250323,Germany,Europe,45+,Search,Portuguese,0
934,viewer_00934,viewer00934@example.invalid,,20250915,Brazil,Latin America,25-34,Referral,Spanish,1
935,viewer_00935,viewer00935@example.invalid,,20230727,United States,North America,13-17,Organic,English,1
936,viewer_00936,viewer00936@example.invalid,,20250323,Japan,APAC,35-44,Creator,Japanese,0
937,viewer_00937,viewer00937@example.invalid,,20230628,Canada,North America,18-24,Paid Social,French,1
938,viewer_00938,viewer00938@example.invalid,570,20230216,Mexico,Latin America,45+,Search,German,1
939,viewer_00939,viewer00939@example.invalid,,20240101,Indonesia,APAC,25-34,Referral,Portuguese,0
940,viewer_00940,viewer00940@example.invalid,,20250305,France,Europe,13-17,Organic,Spanish,1
941,viewer_00941,viewer00941@example.invalid,,20241205,Germany,Europe,35-44,Creator,English,1
942,viewer_00942,viewer00942@example.invalid,,20241228,Brazil,Latin America,18-24,Paid Social,Japanese,0
943,viewer_00943,viewer00943@example.invalid,,20240116,United States,North America,45+,Search,French,1
944,viewer_00944,viewer00944@example.invalid,,20250202,Japan,APAC,25-34,Referral,German,1
945,viewer_00945,viewer00945@example.invalid,253,20251004,Canada,North America,13-17,Organic,Portuguese,0
946,viewer_00946,viewer00946@example.invalid,,20250217,Mexico,Latin America,35-44,Creator,Spanish,1
947,viewer_00947,viewer00947@example.invalid,,20251206,Indonesia,APAC,18-24,Paid Social,English,1
948,viewer_00948,viewer00948@example.invalid,,20250402,France,Europe,45+,Search,Japanese,0
949,viewer_00949,viewer00949@example.invalid,,20240727,Germany,Europe,25-34,Referral,French,1
950,viewer_00950,viewer00950@example.invalid,,20240328,Brazil,Latin America,13-17,Organic,German,1
951,viewer_00951,viewer00951@example.invalid,,20231110,United States,North America,35-44,Creator,Portuguese,0
952,viewer_00952,viewer00952@example.invalid,197,20240212,Japan,APAC,18-24,Paid Social,Spanish,1
953,viewer_00953,viewer00953@example.invalid,,20240707,Canada,North America,45+,Search,English,1
954,viewer_00954,viewer00954@example.invalid,,20231016,Mexico,Latin America,25-34,Referral,Japanese,0
955,viewer_00955,viewer00955@example.invalid,,20250416,Indonesia,APAC,13-17,Organic,French,1
956,viewer_00956,viewer00956@example.invalid,,20230819,France,Europe,35-44,Creator,German,1
957,viewer_00957,viewer00957@example.invalid,,20240222,Germany,Europe,18-24,Paid Social,Portuguese,0
958,viewer_00958,viewer00958@example.invalid,,20241225,Brazil,Latin America,45+,Search,Spanish,1
959,viewer_00959,viewer00959@example.invalid,835,20231221,United States,North America,25-34,Referral,English,1
960,viewer_00960,viewer00960@example.invalid,,20250822,Japan,APAC,13-17,Organic,Japanese,0
961,viewer_00961,viewer00961@example.invalid,,20230810,Canada,North America,35-44,Creator,French,1
962,viewer_00962,viewer00962@example.invalid,,20250414,Mexico,Latin America,18-24,Paid Social,German,1
963,viewer_00963,viewer00963@example.invalid,,20230714,Indonesia,APAC,45+,Search,Portuguese,0
964,viewer_00964,viewer00964@example.invalid,,20230911,France,Europe,25-34,Referral,Spanish,1
965,viewer_00965,viewer00965@example.invalid,,20250705,Germany,Europe,13-17,Organic,English,1
966,viewer_00966,viewer00966@example.invalid,350,20250903,Brazil,Latin America,35-44,Creator,Japanese,0
967,viewer_00967,viewer00967@example.invalid,,20230823,United States,North America,18-24,Paid Social,French,1
968,viewer_00968,viewer00968@example.invalid,,20240619,Japan,APAC,45+,Search,German,1
969,viewer_00969,viewer00969@example.invalid,,20250722,Canada,North America,25-34,Referral,Portuguese,0
970,viewer_00970,viewer00970@example.invalid,,20241105,Mexico,Latin America,13-17,Organic,Spanish,1
971,viewer_00971,viewer00971@example.invalid,,20240802,Indonesia,APAC,35-44,Creator,English,1
972,viewer_00972,viewer00972@example.invalid,,20250115,France,Europe,18-24,Paid Social,Japanese,0
973,viewer_00973,viewer00973@example.invalid,393,20250503,Germany,Europe,45+,Search,French,1
974,viewer_00974,viewer00974@example.invalid,,20250817,Brazil,Latin America,25-34,Referral,German,1
975,viewer_00975,viewer00975@example.invalid,,20241011,United States,North America,13-17,Organic,Portuguese,0
976,viewer_00976,viewer00976@example.invalid,,20230112,Japan,APAC,35-44,Creator,Spanish,1
977,viewer_00977,viewer00977@example.invalid,,20230109,Canada,North America,18-24,Paid Social,English,1
978,viewer_00978,viewer00978@example.invalid,,20250901,Mexico,Latin America,45+,Search,Japanese,0
979,viewer_00979,viewer00979@example.invalid,,20250203,Indonesia,APAC,25-34,Referral,French,1
980,viewer_00980,viewer00980@example.invalid,822,20230425,France,Europe,13-17,Organic,German,1
981,viewer_00981,viewer00981@example.invalid,,20251230,Germany,Europe,35-44,Creator,Portuguese,0
982,viewer_00982,viewer00982@example.invalid,,20240825,Brazil,Latin America,18-24,Paid Social,Spanish,1
983,viewer_00983,viewer00983@example.invalid,,20250602,United States,North America,45+,Search,English,1
984,viewer_00984,viewer00984@example.invalid,,20250618,Japan,APAC,25-34,Referral,Japanese,0
985,viewer_00985,viewer00985@example.invalid,,20231201,Canada,North America,13-17,Organic,French,1
986,viewer_00986,viewer00986@example.invalid,,20250114,Mexico,Latin America,35-44,Creator,German,1
987,viewer_00987,viewer00987@example.invalid,830,20240318,Indonesia,APAC,18-24,Paid Social,Portuguese,0
988,viewer_00988,viewer00988@example.invalid,,20241031,France,Europe,45+,Search,Spanish,1
989,viewer_00989,viewer00989@example.invalid,,20250911,Germany,Europe,25-34,Referral,English,1
990,viewer_00990,viewer00990@example.invalid,,20241109,Brazil,Latin America,13-17,Organic,Japanese,0
991,viewer_00991,viewer00991@example.invalid,,20241217,United States,North America,35-44,Creator,French,1
992,viewer_00992,viewer00992@example.invalid,,20241221,Japan,APAC,18-24,Paid Social,German,1
993,viewer_00993,viewer00993@example.invalid,,20230209,Canada,North America,45+,Search,Portuguese,0
994,viewer_00994,viewer00994@example.invalid,781,20240213,Mexico,Latin America,25-34,Referral,Spanish,1
995,viewer_00995,viewer00995@example.invalid,,20240502,Indonesia,APAC,13-17,Organic,English,1
996,viewer_00996,viewer00996@example.invalid,,20230710,France,Europe,35-44,Creator,Japanese,0
997,viewer_00997,viewer00997@example.invalid,,20250904,Germany,Europe,18-24,Paid Social,French,1
998,viewer_00998,viewer00998@example.invalid,,20250908,Brazil,Latin America,45+,Search,German,1
999,viewer_00999,viewer00999@example.invalid,,20240801,United States,North America,25-34,Referral,Portuguese,0
1000,viewer_01000,viewer01000@example.invalid,,20251202,Japan,APAC,13-17,Organic,Spanish,1
1001,viewer_01001,viewer01001@example.invalid,534,20240604,Canada,North America,35-44,Creator,English,1
1002,viewer_01002,viewer01002@example.invalid,,20230331,Mexico,Latin America,18-24,Paid Social,Japanese,0
1003,viewer_01003,viewer01003@example.invalid,,20231118,Indonesia,APAC,45+,Search,French,1
1004,viewer_01004,viewer01004@example.invalid,,20251116,France,Europe,25-34,Referral,German,1
1005,viewer_01005,viewer01005@example.invalid,,20230803,Germany,Europe,13-17,Organic,Portuguese,0
1006,viewer_01006,viewer01006@example.invalid,,20250301,Brazil,Latin America,35-44,Creator,Spanish,1
1007,viewer_01007,viewer01007@example.invalid,,20250214,United States,North America,18-24,Paid Social,English,1
1008,viewer_01008,viewer01008@example.invalid,394,20230817,Japan,APAC,45+,Search,Japanese,0
1009,viewer_01009,viewer01009@example.invalid,,20250704,Canada,North America,25-34,Referral,French,1
1010,viewer_01010,viewer01010@example.invalid,,20230620,Mexico,Latin America,13-17,Organic,German,1
1011,viewer_01011,viewer01011@example.invalid,,20231008,Indonesia,APAC,35-44,Creator,Portuguese,0
1012,viewer_01012,viewer01012@example.invalid,,20250409,France,Europe,18-24,Paid Social,Spanish,1
1013,viewer_01013,viewer01013@example.invalid,,20240722,Germany,Europe,45+,Search,English,1
1014,viewer_01014,viewer01014@example.invalid,,20250323,Brazil,Latin America,25-34,Referral,Japanese,0
1015,viewer_01015,viewer01015@example.invalid,986,20251023,United States,North America,13-17,Organic,French,1
1016,viewer_01016,viewer01016@example.invalid,,20240801,Japan,APAC,35-44,Creator,German,1
1017,viewer_01017,viewer01017@example.invalid,,20240215,Canada,North America,18-24,Paid Social,Portuguese,0
1018,viewer_01018,viewer01018@example.invalid,,20231018,Mexico,Latin America,45+,Search,Spanish,1
1019,viewer_01019,viewer01019@example.invalid,,20241029,Indonesia,APAC,25-34,Referral,English,1
1020,viewer_01020,viewer01020@example.invalid,,20240414,France,Europe,13-17,Organic,Japanese,0
1021,viewer_01021,viewer01021@example.invalid,,20230630,Germany,Europe,35-44,Creator,French,1
1022,viewer_01022,viewer01022@example.invalid,490,20250923,Brazil,Latin America,18-24,Paid Social,German,1
1023,viewer_01023,viewer01023@example.invalid,,20231114,United States,North America,45+,Search,Portuguese,0
1024,viewer_01024,viewer01024@example.invalid,,20231108,Japan,APAC,25-34,Referral,Spanish,1
1025,viewer_01025,viewer01025@example.invalid,,20240407,Canada,North America,13-17,Organic,English,1
1026,viewer_01026,viewer01026@example.invalid,,20240822,Mexico,Latin America,35-44,Creator,Japanese,0
1027,viewer_01027,viewer01027@example.invalid,,20230518,Indonesia,APAC,18-24,Paid Social,French,1
1028,viewer_01028,viewer01028@example.invalid,,20240228,France,Europe,45+,Search,German,1
1029,viewer_01029,viewer01029@example.invalid,875,20240928,Germany,Europe,25-34,Referral,Portuguese,0
1030,viewer_01030,viewer01030@example.invalid,,20250517,Brazil,Latin America,13-17,Organic,Spanish,1
1031,viewer_01031,viewer01031@example.invalid,,20240821,United States,North America,35-44,Creator,English,1
1032,viewer_01032,viewer01032@example.invalid,,20250131,Japan,APAC,18-24,Paid Social,Japanese,0
1033,viewer_01033,viewer01033@example.invalid,,20250302,Canada,North America,45+,Search,French,1
1034,viewer_01034,viewer01034@example.invalid,,20230528,Mexico,Latin America,25-34,Referral,German,1
1035,viewer_01035,viewer01035@example.invalid,,20241121,Indonesia,APAC,13-17,Organic,Portuguese,0
1036,viewer_01036,viewer01036@example.invalid,328,20240212,France,Europe,35-44,Creator,Spanish,1
1037,viewer_01037,viewer01037@example.invalid,,20240706,Germany,Europe,18-24,Paid Social,English,1
1038,viewer_01038,viewer01038@example.invalid,,20240720,Brazil,Latin America,45+,Search,Japanese,0
1039,viewer_01039,viewer01039@example.invalid,,20251226,United States,North America,25-34,Referral,French,1
1040,viewer_01040,viewer01040@example.invalid,,20241218,Japan,APAC,13-17,Organic,German,1
1041,viewer_01041,viewer01041@example.invalid,,20230401,Canada,North America,35-44,Creator,Portuguese,0
1042,viewer_01042,viewer01042@example.invalid,,20240317,Mexico,Latin America,18-24,Paid Social,Spanish,1
1043,viewer_01043,viewer01043@example.invalid,28,20240505,Indonesia,APAC,45+,Search,English,1
1044,viewer_01044,viewer01044@example.invalid,,20250608,France,Europe,25-34,Referral,Japanese,0
1045,viewer_01045,viewer01045@example.invalid,,20240506,Germany,Europe,13-17,Organic,French,1
1046,viewer_01046,viewer01046@example.invalid,,20231027,Brazil,Latin America,35-44,Creator,German,1
1047,viewer_01047,viewer01047@example.invalid,,20230627,United States,North America,18-24,Paid Social,Portuguese,0
1048,viewer_01048,viewer01048@example.invalid,,20240801,Japan,APAC,45+,Search,Spanish,1
1049,viewer_01049,viewer01049@example.invalid,,20230117,Canada,North America,25-34,Referral,English,1
1050,viewer_01050,viewer01050@example.invalid,290,20251004,Mexico,Latin America,13-17,Organic,Japanese,0
1051,viewer_01051,viewer01051@example.invalid,,20230910,Indonesia,APAC,35-44,Creator,French,1
1052,viewer_01052,viewer01052@example.invalid,,20251108,France,Europe,18-24,Paid Social,German,1
1053,viewer_01053,viewer01053@example.invalid,,20230206,Germany,Europe,45+,Search,Portuguese,0
1054,viewer_01054,viewer01054@example.invalid,,20250812,Brazil,Latin America,25-34,Referral,Spanish,1
1055,viewer_01055,viewer01055@example.invalid,,20251023,United States,North America,13-17,Organic,English,1
1056,viewer_01056,viewer01056@example.invalid,,20230527,Japan,APAC,35-44,Creator,Japanese,0
1057,viewer_01057,viewer01057@example.invalid,153,20241029,Canada,North America,18-24,Paid Social,French,1
1058,viewer_01058,viewer01058@example.invalid,,20230724,Mexico,Latin America,45+,Search,German,1
1059,viewer_01059,viewer01059@example.invalid,,20240220,Indonesia,APAC,25-34,Referral,Portuguese,0
1060,viewer_01060,viewer01060@example.invalid,,20230729,France,Europe,13-17,Organic,Spanish,1
1061,viewer_01061,viewer01061@example.invalid,,20240805,Germany,Europe,35-44,Creator,English,1
1062,viewer_01062,viewer01062@example.invalid,,20240619,Brazil,Latin America,18-24,Paid Social,Japanese,0
1063,viewer_01063,viewer01063@example.invalid,,20230815,United States,North America,45+,Search,French,1
1064,viewer_01064,viewer01064@example.invalid,769,20240121,Japan,APAC,25-34,Referral,German,1
1065,viewer_01065,viewer01065@example.invalid,,20230122,Canada,North America,13-17,Organic,Portuguese,0
1066,viewer_01066,viewer01066@example.invalid,,20230424,Mexico,Latin America,35-44,Creator,Spanish,1
1067,viewer_01067,viewer01067@example.invalid,,20240301,Indonesia,APAC,18-24,Paid Social,English,1
1068,viewer_01068,viewer01068@example.invalid,,20250406,France,Europe,45+,Search,Japanese,0
1069,viewer_01069,viewer01069@example.invalid,,20230503,Germany,Europe,25-34,Referral,French,1
1070,viewer_01070,viewer01070@example.invalid,,20230216,Brazil,Latin America,13-17,Organic,German,1
1071,viewer_01071,viewer01071@example.invalid,76,20240806,United States,North America,35-44,Creator,Portuguese,0
1072,viewer_01072,viewer01072@example.invalid,,20250209,Japan,APAC,18-24,Paid Social,Spanish,1
1073,viewer_01073,viewer01073@example.invalid,,20250423,Canada,North America,45+,Search,English,1
1074,viewer_01074,viewer01074@example.invalid,,20240211,Mexico,Latin America,25-34,Referral,Japanese,0
1075,viewer_01075,viewer01075@example.invalid,,20251212,Indonesia,APAC,13-17,Organic,French,1
1076,viewer_01076,viewer01076@example.invalid,,20240517,France,Europe,35-44,Creator,German,1
1077,viewer_01077,viewer01077@example.invalid,,20250108,Germany,Europe,18-24,Paid Social,Portuguese,0
1078,viewer_01078,viewer01078@example.invalid,163,20231005,Brazil,Latin America,45+,Search,Spanish,1
1079,viewer_01079,viewer01079@example.invalid,,20240207,United States,North America,25-34,Referral,English,1
1080,viewer_01080,viewer01080@example.invalid,,20231015,Japan,APAC,13-17,Organic,Japanese,0
1081,viewer_01081,viewer01081@example.invalid,,20241005,Canada,North America,35-44,Creator,French,1
1082,viewer_01082,viewer01082@example.invalid,,20250630,Mexico,Latin America,18-24,Paid Social,German,1
1083,viewer_01083,viewer01083@example.invalid,,20230517,Indonesia,APAC,45+,Search,Portuguese,0
1084,viewer_01084,viewer01084@example.invalid,,20250507,France,Europe,25-34,Referral,Spanish,1
1085,viewer_01085,viewer01085@example.invalid,176,20231011,Germany,Europe,13-17,Organic,English,1
1086,viewer_01086,viewer01086@example.invalid,,20250809,Brazil,Latin America,35-44,Creator,Japanese,0
1087,viewer_01087,viewer01087@example.invalid,,20251209,United States,North America,18-24,Paid Social,French,1
1088,viewer_01088,viewer01088@example.invalid,,20231109,Japan,APAC,45+,Search,German,1
1089,viewer_01089,viewer01089@example.invalid,,20231006,Canada,North America,25-34,Referral,Portuguese,0
1090,viewer_01090,viewer01090@example.invalid,,20241102,Mexico,Latin America,13-17,Organic,Spanish,1
1091,viewer_01091,viewer01091@example.invalid,,20230427,Indonesia,APAC,35-44,Creator,English,1
1092,viewer_01092,viewer01092@example.invalid,752,20230708,France,Europe,18-24,Paid Social,Japanese,0
1093,viewer_01093,viewer01093@example.invalid,,20230622,Germany,Europe,45+,Search,French,1
1094,viewer_01094,viewer01094@example.invalid,,20240106,Brazil,Latin America,25-34,Referral,German,1
1095,viewer_01095,viewer01095@example.invalid,,20240704,United States,North America,13-17,Organic,Portuguese,0
1096,viewer_01096,viewer01096@example.invalid,,20230511,Japan,APAC,35-44,Creator,Spanish,1
1097,viewer_01097,viewer01097@example.invalid,,20251212,Canada,North America,18-24,Paid Social,English,1
1098,viewer_01098,viewer01098@example.invalid,,20250712,Mexico,Latin America,45+,Search,Japanese,0
1099,viewer_01099,viewer01099@example.invalid,1036,20240605,Indonesia,APAC,25-34,Referral,French,1
1100,viewer_01100,viewer01100@example.invalid,,20240210,France,Europe,13-17,Organic,German,1
1101,viewer_01101,viewer01101@example.invalid,,20240214,Germany,Europe,35-44,Creator,Portuguese,0
1102,viewer_01102,viewer01102@example.invalid,,20250612,Brazil,Latin America,18-24,Paid Social,Spanish,1
1103,viewer_01103,viewer01103@example.invalid,,20240823,United States,North America,45+,Search,English,1
1104,viewer_01104,viewer01104@example.invalid,,20240215,Japan,APAC,25-34,Referral,Japanese,0
1105,viewer_01105,viewer01105@example.invalid,,20250825,Canada,North America,13-17,Organic,French,1
1106,viewer_01106,viewer01106@example.invalid,81,20230115,Mexico,Latin America,35-44,Creator,German,1
1107,viewer_01107,viewer01107@example.invalid,,20230203,Indonesia,APAC,18-24,Paid Social,Portuguese,0
1108,viewer_01108,viewer01108@example.invalid,,20240522,France,Europe,45+,Search,Spanish,1
1109,viewer_01109,viewer01109@example.invalid,,20240722,Germany,Europe,25-34,Referral,English,1
1110,viewer_01110,viewer01110@example.invalid,,20250906,Brazil,Latin America,13-17,Organic,Japanese,0
1111,viewer_01111,viewer01111@example.invalid,,20240127,United States,North America,35-44,Creator,French,1
1112,viewer_01112,viewer01112@example.invalid,,20251009,Japan,APAC,18-24,Paid Social,German,1
1113,viewer_01113,viewer01113@example.invalid,640,20250819,Canada,North America,45+,Search,Portuguese,0
1114,viewer_01114,viewer01114@example.invalid,,20240824,Mexico,Latin America,25-34,Referral,Spanish,1
1115,viewer_01115,viewer01115@example.invalid,,20240428,Indonesia,APAC,13-17,Organic,English,1
1116,viewer_01116,viewer01116@example.invalid,,20251012,France,Europe,35-44,Creator,Japanese,0
1117,viewer_01117,viewer01117@example.invalid,,20251011,Germany,Europe,18-24,Paid Social,French,1
1118,viewer_01118,viewer01118@example.invalid,,20250517,Brazil,Latin America,45+,Search,German,1
1119,viewer_01119,viewer01119@example.invalid,,20230501,United States,North America,25-34,Referral,Portuguese,0
1120,viewer_01120,viewer01120@example.invalid,690,20240329,Japan,APAC,13-17,Organic,Spanish,1
1121,viewer_01121,viewer01121@example.invalid,,20240805,Canada,North America,35-44,Creator,English,1
1122,viewer_01122,viewer01122@example.invalid,,20250513,Mexico,Latin America,18-24,Paid Social,Japanese,0
1123,viewer_01123,viewer01123@example.invalid,,20230918,Indonesia,APAC,45+,Search,French,1
1124,viewer_01124,viewer01124@example.invalid,,20230807,France,Europe,25-34,Referral,German,1
1125,viewer_01125,viewer01125@example.invalid,,20251115,Germany,Europe,13-17,Organic,Portuguese,0
1126,viewer_01126,viewer01126@example.invalid,,20240412,Brazil,Latin America,35-44,Creator,Spanish,1
1127,viewer_01127,viewer01127@example.invalid,704,20240828,United States,North America,18-24,Paid Social,English,1
1128,viewer_01128,viewer01128@example.invalid,,20230915,Japan,APAC,45+,Search,Japanese,0
1129,viewer_01129,viewer01129@example.invalid,,20230919,Canada,North America,25-34,Referral,French,1
1130,viewer_01130,viewer01130@example.invalid,,20240717,Mexico,Latin America,13-17,Organic,German,1
1131,viewer_01131,viewer01131@example.invalid,,20230519,Indonesia,APAC,35-44,Creator,Portuguese,0
1132,viewer_01132,viewer01132@example.invalid,,20240124,France,Europe,18-24,Paid Social,Spanish,1
1133,viewer_01133,viewer01133@example.invalid,,20240827,Germany,Europe,45+,Search,English,1
1134,viewer_01134,viewer01134@example.invalid,963,20241218,Brazil,Latin America,25-34,Referral,Japanese,0
1135,viewer_01135,viewer01135@example.invalid,,20250826,United States,North America,13-17,Organic,French,1
1136,viewer_01136,viewer01136@example.invalid,,20241218,Japan,APAC,35-44,Creator,German,1
1137,viewer_01137,viewer01137@example.invalid,,20250714,Canada,North America,18-24,Paid Social,Portuguese,0
1138,viewer_01138,viewer01138@example.invalid,,20231107,Mexico,Latin America,45+,Search,Spanish,1
1139,viewer_01139,viewer01139@example.invalid,,20250902,Indonesia,APAC,25-34,Referral,English,1
1140,viewer_01140,viewer01140@example.invalid,,20240111,France,Europe,13-17,Organic,Japanese,0
1141,viewer_01141,viewer01141@example.invalid,713,20240501,Germany,Europe,35-44,Creator,French,1
1142,viewer_01142,viewer01142@example.invalid,,20241003,Brazil,Latin America,18-24,Paid Social,German,1
1143,viewer_01143,viewer01143@example.invalid,,20240601,United States,North America,45+,Search,Portuguese,0
1144,viewer_01144,viewer01144@example.invalid,,20250110,Japan,APAC,25-34,Referral,Spanish,1
1145,viewer_01145,viewer01145@example.invalid,,20241220,Canada,North America,13-17,Organic,English,1
1146,viewer_01146,viewer01146@example.invalid,,20230129,Mexico,Latin America,35-44,Creator,Japanese,0
1147,viewer_01147,viewer01147@example.invalid,,20241218,Indonesia,APAC,18-24,Paid Social,French,1
1148,viewer_01148,viewer01148@example.invalid,419,20240502,France,Europe,45+,Search,German,1
1149,viewer_01149,viewer01149@example.invalid,,20230914,Germany,Europe,25-34,Referral,Portuguese,0
1150,viewer_01150,viewer01150@example.invalid,,20231013,Brazil,Latin America,13-17,Organic,Spanish,1
1151,viewer_01151,viewer01151@example.invalid,,20250605,United States,North America,35-44,Creator,English,1
1152,viewer_01152,viewer01152@example.invalid,,20240305,Japan,APAC,18-24,Paid Social,Japanese,0
1153,viewer_01153,viewer01153@example.invalid,,20230814,Canada,North America,45+,Search,French,1
1154,viewer_01154,viewer01154@example.invalid,,20230723,Mexico,Latin America,25-34,Referral,German,1
1155,viewer_01155,viewer01155@example.invalid,633,20250715,Indonesia,APAC,13-17,Organic,Portuguese,0
1156,viewer_01156,viewer01156@example.invalid,,20230605,France,Europe,35-44,Creator,Spanish,1
1157,viewer_01157,viewer01157@example.invalid,,20241017,Germany,Europe,18-24,Paid Social,English,1
1158,viewer_01158,viewer01158@example.invalid,,20241018,Brazil,Latin America,45+,Search,Japanese,0
1159,viewer_01159,viewer01159@example.invalid,,20250828,United States,North America,25-34,Referral,French,1
1160,viewer_01160,viewer01160@example.invalid,,20250725,Japan,APAC,13-17,Organic,German,1
1161,viewer_01161,viewer01161@example.invalid,,20250318,Canada,North America,35-44,Creator,Portuguese,0
1162,viewer_01162,viewer01162@example.invalid,1034,20241202,Mexico,Latin America,18-24,Paid Social,Spanish,1
1163,viewer_01163,viewer01163@example.invalid,,20230422,Indonesia,APAC,45+,Search,English,1
1164,viewer_01164,viewer01164@example.invalid,,20250429,France,Europe,25-34,Referral,Japanese,0
1165,viewer_01165,viewer01165@example.invalid,,20231124,Germany,Europe,13-17,Organic,French,1
1166,viewer_01166,viewer01166@example.invalid,,20241123,Brazil,Latin America,35-44,Creator,German,1
1167,viewer_01167,viewer01167@example.invalid,,20241208,United States,North America,18-24,Paid Social,Portuguese,0
1168,viewer_01168,viewer01168@example.invalid,,20240802,Japan,APAC,45+,Search,Spanish,1
1169,viewer_01169,viewer01169@example.invalid,802,20240530,Canada,North America,25-34,Referral,English,1
1170,viewer_01170,viewer01170@example.invalid,,20241125,Mexico,Latin America,13-17,Organic,Japanese,0
1171,viewer_01171,viewer01171@example.invalid,,20241024,Indonesia,APAC,35-44,Creator,French,1
1172,viewer_01172,viewer01172@example.invalid,,20250105,France,Europe,18-24,Paid Social,German,1
1173,viewer_01173,viewer01173@example.invalid,,20240619,Germany,Europe,45+,Search,Portuguese,0
1174,viewer_01174,viewer01174@example.invalid,,20230921,Brazil,Latin America,25-34,Referral,Spanish,1
1175,viewer_01175,viewer01175@example.invalid,,20230519,United States,North America,13-17,Organic,English,1
1176,viewer_01176,viewer01176@example.invalid,1116,20251128,Japan,APAC,35-44,Creator,Japanese,0
1177,viewer_01177,viewer01177@example.invalid,,20250919,Canada,North America,18-24,Paid Social,French,1
1178,viewer_01178,viewer01178@example.invalid,,20240826,Mexico,Latin America,45+,Search,German,1
1179,viewer_01179,viewer01179@example.invalid,,20240907,Indonesia,APAC,25-34,Referral,Portuguese,0
1180,viewer_01180,viewer01180@example.invalid,,20251113,France,Europe,13-17,Organic,Spanish,1
1181,viewer_01181,viewer01181@example.invalid,,20230603,Germany,Europe,35-44,Creator,English,1
1182,viewer_01182,viewer01182@example.invalid,,20231015,Brazil,Latin America,18-24,Paid Social,Japanese,0
1183,viewer_01183,viewer01183@example.invalid,1082,20240306,United States,North America,45+,Search,French,1
1184,viewer_01184,viewer01184@example.invalid,,20240813,Japan,APAC,25-34,Referral,German,1
1185,viewer_01185,viewer01185@example.invalid,,20250320,Canada,North America,13-17,Organic,Portuguese,0
1186,viewer_01186,viewer01186@example.invalid,,20240720,Mexico,Latin America,35-44,Creator,Spanish,1
1187,viewer_01187,viewer01187@example.invalid,,20250113,Indonesia,APAC,18-24,Paid Social,English,1
1188,viewer_01188,viewer01188@example.invalid,,20250208,France,Europe,45+,Search,Japanese,0
1189,viewer_01189,viewer01189@example.invalid,,20230923,Germany,Europe,25-34,Referral,French,1
1190,viewer_01190,viewer01190@example.invalid,780,20230802,Brazil,Latin America,13-17,Organic,German,1
1191,viewer_01191,viewer01191@example.invalid,,20251229,United States,North America,35-44,Creator,Portuguese,0
1192,viewer_01192,viewer01192@example.invalid,,20240424,Japan,APAC,18-24,Paid Social,Spanish,1
1193,viewer_01193,viewer01193@example.invalid,,20230121,Canada,North America,45+,Search,English,1
1194,viewer_01194,viewer01194@example.invalid,,20240920,Mexico,Latin America,25-34,Referral,Japanese,0
1195,viewer_01195,viewer01195@example.invalid,,20231014,Indonesia,APAC,13-17,Organic,French,1
1196,viewer_01196,viewer01196@example.invalid,,20240219,France,Europe,35-44,Creator,German,1
1197,viewer_01197,viewer01197@example.invalid,338,20230308,Germany,Europe,18-24,Paid Social,Portuguese,0
1198,viewer_01198,viewer01198@example.invalid,,20250703,Brazil,Latin America,45+,Search,Spanish,1
1199,viewer_01199,viewer01199@example.invalid,,20230916,United States,North America,25-34,Referral,English,1
1200,viewer_01200,viewer01200@example.invalid,,20230130,Japan,APAC,13-17,Organic,Japanese,0
1201,viewer_01201,viewer01201@example.invalid,,20230311,Canada,North America,35-44,Creator,French,1
1202,viewer_01202,viewer01202@example.invalid,,20240729,Mexico,Latin America,18-24,Paid Social,German,1
1203,viewer_01203,viewer01203@example.invalid,,20251005,Indonesia,APAC,45+,Search,Portuguese,0
1204,viewer_01204,viewer01204@example.invalid,624,20250812,France,Europe,25-34,Referral,Spanish,1
1205,viewer_01205,viewer01205@example.invalid,,20251003,Germany,Europe,13-17,Organic,English,1
1206,viewer_01206,viewer01206@example.invalid,,20251123,Brazil,Latin America,35-44,Creator,Japanese,0
1207,viewer_01207,viewer01207@example.invalid,,20230217,United States,North America,18-24,Paid Social,French,1
1208,viewer_01208,viewer01208@example.invalid,,20231019,Japan,APAC,45+,Search,German,1
1209,viewer_01209,viewer01209@example.invalid,,20241209,Canada,North America,25-34,Referral,Portuguese,0
1210,viewer_01210,viewer01210@example.invalid,,20231220,Mexico,Latin America,13-17,Organic,Spanish,1
1211,viewer_01211,viewer01211@example.invalid,875,20240508,Indonesia,APAC,35-44,Creator,English,1
1212,viewer_01212,viewer01212@example.invalid,,20230620,France,Europe,18-24,Paid Social,Japanese,0
1213,viewer_01213,viewer01213@example.invalid,,20240225,Germany,Europe,45+,Search,French,1
1214,viewer_01214,viewer01214@example.invalid,,20250916,Brazil,Latin America,25-34,Referral,German,1
1215,viewer_01215,viewer01215@example.invalid,,20251015,United States,North America,13-17,Organic,Portuguese,0
1216,viewer_01216,viewer01216@example.invalid,,20250630,Japan,APAC,35-44,Creator,Spanish,1
1217,viewer_01217,viewer01217@example.invalid,,20240525,Canada,North America,18-24,Paid Social,English,1
1218,viewer_01218,viewer01218@example.invalid,953,20251126,Mexico,Latin America,45+,Search,Japanese,0
1219,viewer_01219,viewer01219@example.invalid,,20250810,Indonesia,APAC,25-34,Referral,French,1
1220,viewer_01220,viewer01220@example.invalid,,20241011,France,Europe,13-17,Organic,German,1
1221,viewer_01221,viewer01221@example.invalid,,20250501,Germany,Europe,35-44,Creator,Portuguese,0
1222,viewer_01222,viewer01222@example.invalid,,20240721,Brazil,Latin America,18-24,Paid Social,Spanish,1
1223,viewer_01223,viewer01223@example.invalid,,20230612,United States,North America,45+,Search,English,1
1224,viewer_01224,viewer01224@example.invalid,,20241102,Japan,APAC,25-34,Referral,Japanese,0
1225,viewer_01225,viewer01225@example.invalid,871,20240307,Canada,North America,13-17,Organic,French,1
1226,viewer_01226,viewer01226@example.invalid,,20250414,Mexico,Latin America,35-44,Creator,German,1
1227,viewer_01227,viewer01227@example.invalid,,20240902,Indonesia,APAC,18-24,Paid Social,Portuguese,0
1228,viewer_01228,viewer01228@example.invalid,,20241018,France,Europe,45+,Search,Spanish,1
1229,viewer_01229,viewer01229@example.invalid,,20251029,Germany,Europe,25-34,Referral,English,1
1230,viewer_01230,viewer01230@example.invalid,,20241111,Brazil,Latin America,13-17,Organic,Japanese,0
1231,viewer_01231,viewer01231@example.invalid,,20250402,United States,North America,35-44,Creator,French,1
1232,viewer_01232,viewer01232@example.invalid,299,20250113,Japan,APAC,18-24,Paid Social,German,1
1233,viewer_01233,viewer01233@example.invalid,,20240108,Canada,North America,45+,Search,Portuguese,0
1234,viewer_01234,viewer01234@example.invalid,,20240324,Mexico,Latin America,25-34,Referral,Spanish,1
1235,viewer_01235,viewer01235@example.invalid,,20240427,Indonesia,APAC,13-17,Organic,English,1
1236,viewer_01236,viewer01236@example.invalid,,20250923,France,Europe,35-44,Creator,Japanese,0
1237,viewer_01237,viewer01237@example.invalid,,20230716,Germany,Europe,18-24,Paid Social,French,1
1238,viewer_01238,viewer01238@example.invalid,,20250525,Brazil,Latin America,45+,Search,German,1
1239,viewer_01239,viewer01239@example.invalid,948,20231231,United States,North America,25-34,Referral,Portuguese,0
1240,viewer_01240,viewer01240@example.invalid,,20251207,Japan,APAC,13-17,Organic,Spanish,1
1241,viewer_01241,viewer01241@example.invalid,,20241224,Canada,North America,35-44,Creator,English,1
1242,viewer_01242,viewer01242@example.invalid,,20230108,Mexico,Latin America,18-24,Paid Social,Japanese,0
1243,viewer_01243,viewer01243@example.invalid,,20250718,Indonesia,APAC,45+,Search,French,1
1244,viewer_01244,viewer01244@example.invalid,,20250503,France,Europe,25-34,Referral,German,1
1245,viewer_01245,viewer01245@example.invalid,,20250622,Germany,Europe,13-17,Organic,Portuguese,0
1246,viewer_01246,viewer01246@example.invalid,745,20251028,Brazil,Latin America,35-44,Creator,Spanish,1
1247,viewer_01247,viewer01247@example.invalid,,20251102,United States,North America,18-24,Paid Social,English,1
1248,viewer_01248,viewer01248@example.invalid,,20231107,Japan,APAC,45+,Search,Japanese,0
1249,viewer_01249,viewer01249@example.invalid,,20240511,Canada,North America,25-34,Referral,French,1
1250,viewer_01250,viewer01250@example.invalid,,20230426,Mexico,Latin America,13-17,Organic,German,1
1251,viewer_01251,viewer01251@example.invalid,,20250903,Indonesia,APAC,35-44,Creator,Portuguese,0
1252,viewer_01252,viewer01252@example.invalid,,20251016,France,Europe,18-24,Paid Social,Spanish,1
1253,viewer_01253,viewer01253@example.invalid,1115,20230817,Germany,Europe,45+,Search,English,1
1254,viewer_01254,viewer01254@example.invalid,,20251126,Brazil,Latin America,25-34,Referral,Japanese,0
1255,viewer_01255,viewer01255@example.invalid,,20250926,United States,North America,13-17,Organic,French,1
1256,viewer_01256,viewer01256@example.invalid,,20240115,Japan,APAC,35-44,Creator,German,1
1257,viewer_01257,viewer01257@example.invalid,,20231231,Canada,North America,18-24,Paid Social,Portuguese,0
1258,viewer_01258,viewer01258@example.invalid,,20250922,Mexico,Latin America,45+,Search,Spanish,1
1259,viewer_01259,viewer01259@example.invalid,,20250510,Indonesia,APAC,25-34,Referral,English,1
1260,viewer_01260,viewer01260@example.invalid,327,20230306,France,Europe,13-17,Organic,Japanese,0
1261,viewer_01261,viewer01261@example.invalid,,20250203,Germany,Europe,35-44,Creator,French,1
1262,viewer_01262,viewer01262@example.invalid,,20250923,Brazil,Latin America,18-24,Paid Social,German,1
1263,viewer_01263,viewer01263@example.invalid,,20241112,United States,North America,45+,Search,Portuguese,0
1264,viewer_01264,viewer01264@example.invalid,,20240723,Japan,APAC,25-34,Referral,Spanish,1
1265,viewer_01265,viewer01265@example.invalid,,20241022,Canada,North America,13-17,Organic,English,1
1266,viewer_01266,viewer01266@example.invalid,,20240920,Mexico,Latin America,35-44,Creator,Japanese,0
1267,viewer_01267,viewer01267@example.invalid,293,20250220,Indonesia,APAC,18-24,Paid Social,French,1
1268,viewer_01268,viewer01268@example.invalid,,20250420,France,Europe,45+,Search,German,1
1269,viewer_01269,viewer01269@example.invalid,,20230626,Germany,Europe,25-34,Referral,Portuguese,0
1270,viewer_01270,viewer01270@example.invalid,,20250327,Brazil,Latin America,13-17,Organic,Spanish,1
1271,viewer_01271,viewer01271@example.invalid,,20240206,United States,North America,35-44,Creator,English,1
1272,viewer_01272,viewer01272@example.invalid,,20231027,Japan,APAC,18-24,Paid Social,Japanese,0
1273,viewer_01273,viewer01273@example.invalid,,20230922,Canada,North America,45+,Search,French,1
1274,viewer_01274,viewer01274@example.invalid,482,20240325,Mexico,Latin America,25-34,Referral,German,1
1275,viewer_01275,viewer01275@example.invalid,,20251001,Indonesia,APAC,13-17,Organic,Portuguese,0
1276,viewer_01276,viewer01276@example.invalid,,20250605,France,Europe,35-44,Creator,Spanish,1
1277,viewer_01277,viewer01277@example.invalid,,20250422,Germany,Europe,18-24,Paid Social,English,1
1278,viewer_01278,viewer01278@example.invalid,,20240319,Brazil,Latin America,45+,Search,Japanese,0
1279,viewer_01279,viewer01279@example.invalid,,20230423,United States,North America,25-34,Referral,French,1
1280,viewer_01280,viewer01280@example.invalid,,20231118,Japan,APAC,13-17,Organic,German,1
1281,viewer_01281,viewer01281@example.invalid,816,20250531,Canada,North America,35-44,Creator,Portuguese,0
1282,viewer_01282,viewer01282@example.invalid,,20230103,Mexico,Latin America,18-24,Paid Social,Spanish,1
1283,viewer_01283,viewer01283@example.invalid,,20240402,Indonesia,APAC,45+,Search,English,1
1284,viewer_01284,viewer01284@example.invalid,,20250604,France,Europe,25-34,Referral,Japanese,0
1285,viewer_01285,viewer01285@example.invalid,,20230724,Germany,Europe,13-17,Organic,French,1
1286,viewer_01286,viewer01286@example.invalid,,20230422,Brazil,Latin America,35-44,Creator,German,1
1287,viewer_01287,viewer01287@example.invalid,,20250130,United States,North America,18-24,Paid Social,Portuguese,0
1288,viewer_01288,viewer01288@example.invalid,967,20230607,Japan,APAC,45+,Search,Spanish,1
1289,viewer_01289,viewer01289@example.invalid,,20250803,Canada,North America,25-34,Referral,English,1
1290,viewer_01290,viewer01290@example.invalid,,20231031,Mexico,Latin America,13-17,Organic,Japanese,0
1291,viewer_01291,viewer01291@example.invalid,,20230731,Indonesia,APAC,35-44,Creator,French,1
1292,viewer_01292,viewer01292@example.invalid,,20240420,France,Europe,18-24,Paid Social,German,1
1293,viewer_01293,viewer01293@example.invalid,,20250221,Germany,Europe,45+,Search,Portuguese,0
1294,viewer_01294,viewer01294@example.invalid,,20230304,Brazil,Latin America,25-34,Referral,Spanish,1
1295,viewer_01295,viewer01295@example.invalid,1098,20241120,United States,North America,13-17,Organic,English,1
1296,viewer_01296,viewer01296@example.invalid,,20230724,Japan,APAC,35-44,Creator,Japanese,0
1297,viewer_01297,viewer01297@example.invalid,,20230925,Canada,North America,18-24,Paid Social,French,1
1298,viewer_01298,viewer01298@example.invalid,,20240209,Mexico,Latin America,45+,Search,German,1
1299,viewer_01299,viewer01299@example.invalid,,20230201,Indonesia,APAC,25-34,Referral,Portuguese,0
1300,viewer_01300,viewer01300@example.invalid,,20230818,France,Europe,13-17,Organic,Spanish,1
1301,viewer_01301,viewer01301@example.invalid,,20230819,Germany,Europe,35-44,Creator,English,1
1302,viewer_01302,viewer01302@example.invalid,382,20230305,Brazil,Latin America,18-24,Paid Social,Japanese,0
1303,viewer_01303,viewer01303@example.invalid,,20230904,United States,North America,45+,Search,French,1
1304,viewer_01304,viewer01304@example.invalid,,20240402,Japan,APAC,25-34,Referral,German,1
1305,viewer_01305,viewer01305@example.invalid,,20241219,Canada,North America,13-17,Organic,Portuguese,0
1306,viewer_01306,viewer01306@example.invalid,,20231022,Mexico,Latin America,35-44,Creator,Spanish,1
1307,viewer_01307,viewer01307@example.invalid,,20231230,Indonesia,APAC,18-24,Paid Social,English,1
1308,viewer_01308,viewer01308@example.invalid,,20240825,France,Europe,45+,Search,Japanese,0
1309,viewer_01309,viewer01309@example.invalid,292,20251109,Germany,Europe,25-34,Referral,French,1
1310,viewer_01310,viewer01310@example.invalid,,20250522,Brazil,Latin America,13-17,Organic,German,1
1311,viewer_01311,viewer01311@example.invalid,,20230318,United States,North America,35-44,Creator,Portuguese,0
1312,viewer_01312,viewer01312@example.invalid,,20230315,Japan,APAC,18-24,Paid Social,Spanish,1
1313,viewer_01313,viewer01313@example.invalid,,20240505,Canada,North America,45+,Search,English,1
1314,viewer_01314,viewer01314@example.invalid,,20230212,Mexico,Latin America,25-34,Referral,Japanese,0
1315,viewer_01315,viewer01315@example.invalid,,20241125,Indonesia,APAC,13-17,Organic,French,1
1316,viewer_01316,viewer01316@example.invalid,1231,20230217,France,Europe,35-44,Creator,German,1
1317,viewer_01317,viewer01317@example.invalid,,20230424,Germany,Europe,18-24,Paid Social,Portuguese,0
1318,viewer_01318,viewer01318@example.invalid,,20250209,Brazil,Latin America,45+,Search,Spanish,1
1319,viewer_01319,viewer01319@example.invalid,,20230606,United States,North America,25-34,Referral,English,1
1320,viewer_01320,viewer01320@example.invalid,,20250214,Japan,APAC,13-17,Organic,Japanese,0
1321,viewer_01321,viewer01321@example.invalid,,20241005,Canada,North America,35-44,Creator,French,1
1322,viewer_01322,viewer01322@example.invalid,,20250213,Mexico,Latin America,18-24,Paid Social,German,1
1323,viewer_01323,viewer01323@example.invalid,510,20250405,Indonesia,APAC,45+,Search,Portuguese,0
1324,viewer_01324,viewer01324@example.invalid,,20250801,France,Europe,25-34,Referral,Spanish,1
1325,viewer_01325,viewer01325@example.invalid,,20250730,Germany,Europe,13-17,Organic,English,1
1326,viewer_01326,viewer01326@example.invalid,,20241225,Brazil,Latin America,35-44,Creator,Japanese,0
1327,viewer_01327,viewer01327@example.invalid,,20240903,United States,North America,18-24,Paid Social,French,1
1328,viewer_01328,viewer01328@example.invalid,,20230527,Japan,APAC,45+,Search,German,1
1329,viewer_01329,viewer01329@example.invalid,,20250228,Canada,North America,25-34,Referral,Portuguese,0
1330,viewer_01330,viewer01330@example.invalid,764,20250412,Mexico,Latin America,13-17,Organic,Spanish,1
1331,viewer_01331,viewer01331@example.invalid,,20230501,Indonesia,APAC,35-44,Creator,English,1
1332,viewer_01332,viewer01332@example.invalid,,20230814,France,Europe,18-24,Paid Social,Japanese,0
1333,viewer_01333,viewer01333@example.invalid,,20240108,Germany,Europe,45+,Search,French,1
1334,viewer_01334,viewer01334@example.invalid,,20240915,Brazil,Latin America,25-34,Referral,German,1
1335,viewer_01335,viewer01335@example.invalid,,20231209,United States,North America,13-17,Organic,Portuguese,0
1336,viewer_01336,viewer01336@example.invalid,,20240107,Japan,APAC,35-44,Creator,Spanish,1
1337,viewer_01337,viewer01337@example.invalid,559,20240520,Canada,North America,18-24,Paid Social,English,1
1338,viewer_01338,viewer01338@example.invalid,,20250101,Mexico,Latin America,45+,Search,Japanese,0
1339,viewer_01339,viewer01339@example.invalid,,20230811,Indonesia,APAC,25-34,Referral,French,1
1340,viewer_01340,viewer01340@example.invalid,,20231221,France,Europe,13-17,Organic,German,1
1341,viewer_01341,viewer01341@example.invalid,,20230114,Germany,Europe,35-44,Creator,Portuguese,0
1342,viewer_01342,viewer01342@example.invalid,,20230928,Brazil,Latin America,18-24,Paid Social,Spanish,1
1343,viewer_01343,viewer01343@example.invalid,,20240928,United States,North America,45+,Search,English,1
1344,viewer_01344,viewer01344@example.invalid,1212,20240714,Japan,APAC,25-34,Referral,Japanese,0
1345,viewer_01345,viewer01345@example.invalid,,20230125,Canada,North America,13-17,Organic,French,1
1346,viewer_01346,viewer01346@example.invalid,,20231031,Mexico,Latin America,35-44,Creator,German,1
1347,viewer_01347,viewer01347@example.invalid,,20230328,Indonesia,APAC,18-24,Paid Social,Portuguese,0
1348,viewer_01348,viewer01348@example.invalid,,20250221,France,Europe,45+,Search,Spanish,1
1349,viewer_01349,viewer01349@example.invalid,,20251230,Germany,Europe,25-34,Referral,English,1
1350,viewer_01350,viewer01350@example.invalid,,20251115,Brazil,Latin America,13-17,Organic,Japanese,0
1351,viewer_01351,viewer01351@example.invalid,580,20251019,United States,North America,35-44,Creator,French,1
1352,viewer_01352,viewer01352@example.invalid,,20241112,Japan,APAC,18-24,Paid Social,German,1
1353,viewer_01353,viewer01353@example.invalid,,20250913,Canada,North America,45+,Search,Portuguese,0
1354,viewer_01354,viewer01354@example.invalid,,20231209,Mexico,Latin America,25-34,Referral,Spanish,1
1355,viewer_01355,viewer01355@example.invalid,,20240317,Indonesia,APAC,13-17,Organic,English,1
1356,viewer_01356,viewer01356@example.invalid,,20251007,France,Europe,35-44,Creator,Japanese,0
1357,viewer_01357,viewer01357@example.invalid,,20230104,Germany,Europe,18-24,Paid Social,French,1
1358,viewer_01358,viewer01358@example.invalid,252,20230415,Brazil,Latin America,45+,Search,German,1
1359,viewer_01359,viewer01359@example.invalid,,20230914,United States,North America,25-34,Referral,Portuguese,0
1360,viewer_01360,viewer01360@example.invalid,,20230729,Japan,APAC,13-17,Organic,Spanish,1
1361,viewer_01361,viewer01361@example.invalid,,20251110,Canada,North America,35-44,Creator,English,1
1362,viewer_01362,viewer01362@example.invalid,,20240217,Mexico,Latin America,18-24,Paid Social,Japanese,0
1363,viewer_01363,viewer01363@example.invalid,,20250128,Indonesia,APAC,45+,Search,French,1
1364,viewer_01364,viewer01364@example.invalid,,20240324,France,Europe,25-34,Referral,German,1
1365,viewer_01365,viewer01365@example.invalid,887,20240220,Germany,Europe,13-17,Organic,Portuguese,0
1366,viewer_01366,viewer01366@example.invalid,,20231003,Brazil,Latin America,35-44,Creator,Spanish,1
1367,viewer_01367,viewer01367@example.invalid,,20230813,United States,North America,18-24,Paid Social,English,1
1368,viewer_01368,viewer01368@example.invalid,,20230602,Japan,APAC,45+,Search,Japanese,0
1369,viewer_01369,viewer01369@example.invalid,,20230825,Canada,North America,25-34,Referral,French,1
1370,viewer_01370,viewer01370@example.invalid,,20230822,Mexico,Latin America,13-17,Organic,German,1
1371,viewer_01371,viewer01371@example.invalid,,20240522,Indonesia,APAC,35-44,Creator,Portuguese,0
1372,viewer_01372,viewer01372@example.invalid,10,20250717,France,Europe,18-24,Paid Social,Spanish,1
1373,viewer_01373,viewer01373@example.invalid,,20230807,Germany,Europe,45+,Search,English,1
1374,viewer_01374,viewer01374@example.invalid,,20231215,Brazil,Latin America,25-34,Referral,Japanese,0
1375,viewer_01375,viewer01375@example.invalid,,20240104,United States,North America,13-17,Organic,French,1
1376,viewer_01376,viewer01376@example.invalid,,20231224,Japan,APAC,35-44,Creator,German,1
1377,viewer_01377,viewer01377@example.invalid,,20251229,Canada,North America,18-24,Paid Social,Portuguese,0
1378,viewer_01378,viewer01378@example.invalid,,20240526,Mexico,Latin America,45+,Search,Spanish,1
1379,viewer_01379,viewer01379@example.invalid,1153,20240724,Indonesia,APAC,25-34,Referral,English,1
1380,viewer_01380,viewer01380@example.invalid,,20241127,France,Europe,13-17,Organic,Japanese,0
1381,viewer_01381,viewer01381@example.invalid,,20241204,Germany,Europe,35-44,Creator,French,1
1382,viewer_01382,viewer01382@example.invalid,,20241207,Brazil,Latin America,18-24,Paid Social,German,1
1383,viewer_01383,viewer01383@example.invalid,,20251116,United States,North America,45+,Search,Portuguese,0
1384,viewer_01384,viewer01384@example.invalid,,20250927,Japan,APAC,25-34,Referral,Spanish,1
1385,viewer_01385,viewer01385@example.invalid,,20250102,Canada,North America,13-17,Organic,English,1
1386,viewer_01386,viewer01386@example.invalid,769,20251219,Mexico,Latin America,35-44,Creator,Japanese,0
1387,viewer_01387,viewer01387@example.invalid,,20240810,Indonesia,APAC,18-24,Paid Social,French,1
1388,viewer_01388,viewer01388@example.invalid,,20240908,France,Europe,45+,Search,German,1
1389,viewer_01389,viewer01389@example.invalid,,20250601,Germany,Europe,25-34,Referral,Portuguese,0
1390,viewer_01390,viewer01390@example.invalid,,20230611,Brazil,Latin America,13-17,Organic,Spanish,1
1391,viewer_01391,viewer01391@example.invalid,,20240724,United States,North America,35-44,Creator,English,1
1392,viewer_01392,viewer01392@example.invalid,,20240902,Japan,APAC,18-24,Paid Social,Japanese,0
1393,viewer_01393,viewer01393@example.invalid,219,20250615,Canada,North America,45+,Search,French,1
1394,viewer_01394,viewer01394@example.invalid,,20230214,Mexico,Latin America,25-34,Referral,German,1
1395,viewer_01395,viewer01395@example.invalid,,20250708,Indonesia,APAC,13-17,Organic,Portuguese,0
1396,viewer_01396,viewer01396@example.invalid,,20250225,France,Europe,35-44,Creator,Spanish,1
1397,viewer_01397,viewer01397@example.invalid,,20250125,Germany,Europe,18-24,Paid Social,English,1
1398,viewer_01398,viewer01398@example.invalid,,20240419,Brazil,Latin America,45+,Search,Japanese,0
1399,viewer_01399,viewer01399@example.invalid,,20231028,United States,North America,25-34,Referral,French,1
1400,viewer_01400,viewer01400@example.invalid,256,20251101,Japan,APAC,13-17,Organic,German,1
1401,viewer_01401,viewer01401@example.invalid,,20230916,Canada,North America,35-44,Creator,Portuguese,0
1402,viewer_01402,viewer01402@example.invalid,,20230905,Mexico,Latin America,18-24,Paid Social,Spanish,1
1403,viewer_01403,viewer01403@example.invalid,,20251213,Indonesia,APAC,45+,Search,English,1
1404,viewer_01404,viewer01404@example.invalid,,20230914,France,Europe,25-34,Referral,Japanese,0
1405,viewer_01405,viewer01405@example.invalid,,20231226,Germany,Europe,13-17,Organic,French,1
1406,viewer_01406,viewer01406@example.invalid,,20250311,Brazil,Latin America,35-44,Creator,German,1
1407,viewer_01407,viewer01407@example.invalid,1009,20231224,United States,North America,18-24,Paid Social,Portuguese,0
1408,viewer_01408,viewer01408@example.invalid,,20250812,Japan,APAC,45+,Search,Spanish,1
1409,viewer_01409,viewer01409@example.invalid,,20240716,Canada,North America,25-34,Referral,English,1
1410,viewer_01410,viewer01410@example.invalid,,20230806,Mexico,Latin America,13-17,Organic,Japanese,0
1411,viewer_01411,viewer01411@example.invalid,,20230417,Indonesia,APAC,35-44,Creator,French,1
1412,viewer_01412,viewer01412@example.invalid,,20250102,France,Europe,18-24,Paid Social,German,1
1413,viewer_01413,viewer01413@example.invalid,,20231028,Germany,Europe,45+,Search,Portuguese,0
1414,viewer_01414,viewer01414@example.invalid,18,20231004,Brazil,Latin America,25-34,Referral,Spanish,1
1415,viewer_01415,viewer01415@example.invalid,,20230607,United States,North America,13-17,Organic,English,1
1416,viewer_01416,viewer01416@example.invalid,,20230312,Japan,APAC,35-44,Creator,Japanese,0
1417,viewer_01417,viewer01417@example.invalid,,20240114,Canada,North America,18-24,Paid Social,French,1
1418,viewer_01418,viewer01418@example.invalid,,20250823,Mexico,Latin America,45+,Search,German,1
1419,viewer_01419,viewer01419@example.invalid,,20240717,Indonesia,APAC,25-34,Referral,Portuguese,0
1420,viewer_01420,viewer01420@example.invalid,,20231230,France,Europe,13-17,Organic,Spanish,1
1421,viewer_01421,viewer01421@example.invalid,1093,20251025,Germany,Europe,35-44,Creator,English,1
1422,viewer_01422,viewer01422@example.invalid,,20240308,Brazil,Latin America,18-24,Paid Social,Japanese,0
1423,viewer_01423,viewer01423@example.invalid,,20230702,United States,North America,45+,Search,French,1
1424,viewer_01424,viewer01424@example.invalid,,20240728,Japan,APAC,25-34,Referral,German,1
1425,viewer_01425,viewer01425@example.invalid,,20240228,Canada,North America,13-17,Organic,Portuguese,0
1426,viewer_01426,viewer01426@example.invalid,,20250219,Mexico,Latin America,35-44,Creator,Spanish,1
1427,viewer_01427,viewer01427@example.invalid,,20230210,Indonesia,APAC,18-24,Paid Social,English,1
1428,viewer_01428,viewer01428@example.invalid,915,20250808,France,Europe,45+,Search,Japanese,0
1429,viewer_01429,viewer01429@example.invalid,,20231206,Germany,Europe,25-34,Referral,French,1
1430,viewer_01430,viewer01430@example.invalid,,20230913,Brazil,Latin America,13-17,Organic,German,1
1431,viewer_01431,viewer01431@example.invalid,,20240127,United States,North America,35-44,Creator,Portuguese,0
1432,viewer_01432,viewer01432@example.invalid,,20230903,Japan,APAC,18-24,Paid Social,Spanish,1
1433,viewer_01433,viewer01433@example.invalid,,20250317,Canada,North America,45+,Search,English,1
1434,viewer_01434,viewer01434@example.invalid,,20240610,Mexico,Latin America,25-34,Referral,Japanese,0
1435,viewer_01435,viewer01435@example.invalid,277,20230614,Indonesia,APAC,13-17,Organic,French,1
1436,viewer_01436,viewer01436@example.invalid,,20241219,France,Europe,35-44,Creator,German,1
1437,viewer_01437,viewer01437@example.invalid,,20240411,Germany,Europe,18-24,Paid Social,Portuguese,0
1438,viewer_01438,viewer01438@example.invalid,,20231106,Brazil,Latin America,45+,Search,Spanish,1
1439,viewer_01439,viewer01439@example.invalid,,20230206,United States,North America,25-34,Referral,English,1
1440,viewer_01440,viewer01440@example.invalid,,20230313,Japan,APAC,13-17,Organic,Japanese,0
1441,viewer_01441,viewer01441@example.invalid,,20240405,Canada,North America,35-44,Creator,French,1
1442,viewer_01442,viewer01442@example.invalid,1355,20241120,Mexico,Latin America,18-24,Paid Social,German,1
1443,viewer_01443,viewer01443@example.invalid,,20230228,Indonesia,APAC,45+,Search,Portuguese,0
1444,viewer_01444,viewer01444@example.invalid,,20230727,France,Europe,25-34,Referral,Spanish,1
1445,viewer_01445,viewer01445@example.invalid,,20250604,Germany,Europe,13-17,Organic,English,1
1446,viewer_01446,viewer01446@example.invalid,,20240112,Brazil,Latin America,35-44,Creator,Japanese,0
1447,viewer_01447,viewer01447@example.invalid,,20230413,United States,North America,18-24,Paid Social,French,1
1448,viewer_01448,viewer01448@example.invalid,,20250625,Japan,APAC,45+,Search,German,1
1449,viewer_01449,viewer01449@example.invalid,905,20251008,Canada,North America,25-34,Referral,Portuguese,0
1450,viewer_01450,viewer01450@example.invalid,,20230506,Mexico,Latin America,13-17,Organic,Spanish,1
1451,viewer_01451,viewer01451@example.invalid,,20240519,Indonesia,APAC,35-44,Creator,English,1
1452,viewer_01452,viewer01452@example.invalid,,20240310,France,Europe,18-24,Paid Social,Japanese,0
1453,viewer_01453,viewer01453@example.invalid,,20240109,Germany,Europe,45+,Search,French,1
1454,viewer_01454,viewer01454@example.invalid,,20250826,Brazil,Latin America,25-34,Referral,German,1
1455,viewer_01455,viewer01455@example.invalid,,20240121,United States,North America,13-17,Organic,Portuguese,0
1456,viewer_01456,viewer01456@example.invalid,424,20230303,Japan,APAC,35-44,Creator,Spanish,1
1457,viewer_01457,viewer01457@example.invalid,,20240427,Canada,North America,18-24,Paid Social,English,1
1458,viewer_01458,viewer01458@example.invalid,,20231010,Mexico,Latin America,45+,Search,Japanese,0
1459,viewer_01459,viewer01459@example.invalid,,20230730,Indonesia,APAC,25-34,Referral,French,1
1460,viewer_01460,viewer01460@example.invalid,,20250216,France,Europe,13-17,Organic,German,1
1461,viewer_01461,viewer01461@example.invalid,,20230115,Germany,Europe,35-44,Creator,Portuguese,0
1462,viewer_01462,viewer01462@example.invalid,,20250523,Brazil,Latin America,18-24,Paid Social,Spanish,1
1463,viewer_01463,viewer01463@example.invalid,550,20230404,United States,North America,45+,Search,English,1
1464,viewer_01464,viewer01464@example.invalid,,20240221,Japan,APAC,25-34,Referral,Japanese,0
1465,viewer_01465,viewer01465@example.invalid,,20231226,Canada,North America,13-17,Organic,French,1
1466,viewer_01466,viewer01466@example.invalid,,20241002,Mexico,Latin America,35-44,Creator,German,1
1467,viewer_01467,viewer01467@example.invalid,,20250610,Indonesia,APAC,18-24,Paid Social,Portuguese,0
1468,viewer_01468,viewer01468@example.invalid,,20241105,France,Europe,45+,Search,Spanish,1
1469,viewer_01469,viewer01469@example.invalid,,20240724,Germany,Europe,25-34,Referral,English,1
1470,viewer_01470,viewer01470@example.invalid,344,20250705,Brazil,Latin America,13-17,Organic,Japanese,0
1471,viewer_01471,viewer01471@example.invalid,,20250204,United States,North America,35-44,Creator,French,1
1472,viewer_01472,viewer01472@example.invalid,,20250602,Japan,APAC,18-24,Paid Social,German,1
1473,viewer_01473,viewer01473@example.invalid,,20240706,Canada,North America,45+,Search,Portuguese,0
1474,viewer_01474,viewer01474@example.invalid,,20251201,Mexico,Latin America,25-34,Referral,Spanish,1
1475,viewer_01475,viewer01475@example.invalid,,20251128,Indonesia,APAC,13-17,Organic,English,1
1476,viewer_01476,viewer01476@example.invalid,,20231010,France,Europe,35-44,Creator,Japanese,0
1477,viewer_01477,viewer01477@example.invalid,831,20251011,Germany,Europe,18-24,Paid Social,French,1
1478,viewer_01478,viewer01478@example.invalid,,20250123,Brazil,Latin America,45+,Search,German,1
1479,viewer_01479,viewer01479@example.invalid,,20230103,United States,North America,25-34,Referral,Portuguese,0
1480,viewer_01480,viewer01480@example.invalid,,20230523,Japan,APAC,13-17,Organic,Spanish,1
1481,viewer_01481,viewer01481@example.invalid,,20240430,Canada,North America,35-44,Creator,English,1
1482,viewer_01482,viewer01482@example.invalid,,20231029,Mexico,Latin America,18-24,Paid Social,Japanese,0
1483,viewer_01483,viewer01483@example.invalid,,20251117,Indonesia,APAC,45+,Search,French,1
1484,viewer_01484,viewer01484@example.invalid,760,20250501,France,Europe,25-34,Referral,German,1
1485,viewer_01485,viewer01485@example.invalid,,20230726,Germany,Europe,13-17,Organic,Portuguese,0
1486,viewer_01486,viewer01486@example.invalid,,20230108,Brazil,Latin America,35-44,Creator,Spanish,1
1487,viewer_01487,viewer01487@example.invalid,,20250220,United States,North America,18-24,Paid Social,English,1
1488,viewer_01488,viewer01488@example.invalid,,20251101,Japan,APAC,45+,Search,Japanese,0
1489,viewer_01489,viewer01489@example.invalid,,20250716,Canada,North America,25-34,Referral,French,1
1490,viewer_01490,viewer01490@example.invalid,,20230907,Mexico,Latin America,13-17,Organic,German,1
1491,viewer_01491,viewer01491@example.invalid,1370,20251225,Indonesia,APAC,35-44,Creator,Portuguese,0
1492,viewer_01492,viewer01492@example.invalid,,20231220,France,Europe,18-24,Paid Social,Spanish,1
1493,viewer_01493,viewer01493@example.invalid,,20250626,Germany,Europe,45+,Search,English,1
1494,viewer_01494,viewer01494@example.invalid,,20230829,Brazil,Latin America,25-34,Referral,Japanese,0
1495,viewer_01495,viewer01495@example.invalid,,20251018,United States,North America,13-17,Organic,French,1
1496,viewer_01496,viewer01496@example.invalid,,20230812,Japan,APAC,35-44,Creator,German,1
1497,viewer_01497,viewer01497@example.invalid,,20241118,Canada,North America,18-24,Paid Social,Portuguese,0
1498,viewer_01498,viewer01498@example.invalid,327,20230609,Mexico,Latin America,45+,Search,Spanish,1
1499,viewer_01499,viewer01499@example.invalid,,20240530,Indonesia,APAC,25-34,Referral,English,1
1500,viewer_01500,viewer01500@example.invalid,,20250402,France,Europe,13-17,Organic,Japanese,0
1501,viewer_01501,viewer01501@example.invalid,,20231106,Germany,Europe,35-44,Creator,French,1
1502,viewer_01502,viewer01502@example.invalid,,20240623,Brazil,Latin America,18-24,Paid Social,German,1
1503,viewer_01503,viewer01503@example.invalid,,20240601,United States,North America,45+,Search,Portuguese,0
1504,viewer_01504,viewer01504@example.invalid,,20250825,Japan,APAC,25-34,Referral,Spanish,1
1505,viewer_01505,viewer01505@example.invalid,1408,20250928,Canada,North America,13-17,Organic,English,1
1506,viewer_01506,viewer01506@example.invalid,,20230529,Mexico,Latin America,35-44,Creator,Japanese,0
1507,viewer_01507,viewer01507@example.invalid,,20230101,Indonesia,APAC,18-24,Paid Social,French,1
1508,viewer_01508,viewer01508@example.invalid,,20251230,France,Europe,45+,Search,German,1
1509,viewer_01509,viewer01509@example.invalid,,20240601,Germany,Europe,25-34,Referral,Portuguese,0
1510,viewer_01510,viewer01510@example.invalid,,20240926,Brazil,Latin America,13-17,Organic,Spanish,1
1511,viewer_01511,viewer01511@example.invalid,,20240108,United States,North America,35-44,Creator,English,1
1512,viewer_01512,viewer01512@example.invalid,993,20231215,Japan,APAC,18-24,Paid Social,Japanese,0
1513,viewer_01513,viewer01513@example.invalid,,20230712,Canada,North America,45+,Search,French,1
1514,viewer_01514,viewer01514@example.invalid,,20240629,Mexico,Latin America,25-34,Referral,German,1
1515,viewer_01515,viewer01515@example.invalid,,20241211,Indonesia,APAC,13-17,Organic,Portuguese,0
1516,viewer_01516,viewer01516@example.invalid,,20250928,France,Europe,35-44,Creator,Spanish,1
1517,viewer_01517,viewer01517@example.invalid,,20240214,Germany,Europe,18-24,Paid Social,English,1
1518,viewer_01518,viewer01518@example.invalid,,20230510,Brazil,Latin America,45+,Search,Japanese,0
1519,viewer_01519,viewer01519@example.invalid,102,20241103,United States,North America,25-34,Referral,French,1
1520,viewer_01520,viewer01520@example.invalid,,20230930,Japan,APAC,13-17,Organic,German,1
1521,viewer_01521,viewer01521@example.invalid,,20240714,Canada,North America,35-44,Creator,Portuguese,0
1522,viewer_01522,viewer01522@example.invalid,,20241108,Mexico,Latin America,18-24,Paid Social,Spanish,1
1523,viewer_01523,viewer01523@example.invalid,,20240504,Indonesia,APAC,45+,Search,English,1
1524,viewer_01524,viewer01524@example.invalid,,20240826,France,Europe,25-34,Referral,Japanese,0
1525,viewer_01525,viewer01525@example.invalid,,20241118,Germany,Europe,13-17,Organic,French,1
1526,viewer_01526,viewer01526@example.invalid,149,20230401,Brazil,Latin America,35-44,Creator,German,1
1527,viewer_01527,viewer01527@example.invalid,,20250219,United States,North America,18-24,Paid Social,Portuguese,0
1528,viewer_01528,viewer01528@example.invalid,,20241221,Japan,APAC,45+,Search,Spanish,1
1529,viewer_01529,viewer01529@example.invalid,,20250529,Canada,North America,25-34,Referral,English,1
1530,viewer_01530,viewer01530@example.invalid,,20230508,Mexico,Latin America,13-17,Organic,Japanese,0
1531,viewer_01531,viewer01531@example.invalid,,20250131,Indonesia,APAC,35-44,Creator,French,1
1532,viewer_01532,viewer01532@example.invalid,,20250119,France,Europe,18-24,Paid Social,German,1
1533,viewer_01533,viewer01533@example.invalid,1028,20250422,Germany,Europe,45+,Search,Portuguese,0
1534,viewer_01534,viewer01534@example.invalid,,20250717,Brazil,Latin America,25-34,Referral,Spanish,1
1535,viewer_01535,viewer01535@example.invalid,,20241104,United States,North America,13-17,Organic,English,1
1536,viewer_01536,viewer01536@example.invalid,,20230201,Japan,APAC,35-44,Creator,Japanese,0
1537,viewer_01537,viewer01537@example.invalid,,20250426,Canada,North America,18-24,Paid Social,French,1
1538,viewer_01538,viewer01538@example.invalid,,20250823,Mexico,Latin America,45+,Search,German,1
1539,viewer_01539,viewer01539@example.invalid,,20250225,Indonesia,APAC,25-34,Referral,Portuguese,0
1540,viewer_01540,viewer01540@example.invalid,1187,20250109,France,Europe,13-17,Organic,Spanish,1
1541,viewer_01541,viewer01541@example.invalid,,20230619,Germany,Europe,35-44,Creator,English,1
1542,viewer_01542,viewer01542@example.invalid,,20240614,Brazil,Latin America,18-24,Paid Social,Japanese,0
1543,viewer_01543,viewer01543@example.invalid,,20250503,United States,North America,45+,Search,French,1
1544,viewer_01544,viewer01544@example.invalid,,20250709,Japan,APAC,25-34,Referral,German,1
1545,viewer_01545,viewer01545@example.invalid,,20241216,Canada,North America,13-17,Organic,Portuguese,0
1546,viewer_01546,viewer01546@example.invalid,,20240109,Mexico,Latin America,35-44,Creator,Spanish,1
1547,viewer_01547,viewer01547@example.invalid,760,20240606,Indonesia,APAC,18-24,Paid Social,English,1
1548,viewer_01548,viewer01548@example.invalid,,20240724,France,Europe,45+,Search,Japanese,0
1549,viewer_01549,viewer01549@example.invalid,,20241222,Germany,Europe,25-34,Referral,French,1
1550,viewer_01550,viewer01550@example.invalid,,20251020,Brazil,Latin America,13-17,Organic,German,1
1551,viewer_01551,viewer01551@example.invalid,,20250221,United States,North America,35-44,Creator,Portuguese,0
1552,viewer_01552,viewer01552@example.invalid,,20250107,Japan,APAC,18-24,Paid Social,Spanish,1
1553,viewer_01553,viewer01553@example.invalid,,20230913,Canada,North America,45+,Search,English,1
1554,viewer_01554,viewer01554@example.invalid,58,20240913,Mexico,Latin America,25-34,Referral,Japanese,0
1555,viewer_01555,viewer01555@example.invalid,,20230914,Indonesia,APAC,13-17,Organic,French,1
1556,viewer_01556,viewer01556@example.invalid,,20250902,France,Europe,35-44,Creator,German,1
1557,viewer_01557,viewer01557@example.invalid,,20241129,Germany,Europe,18-24,Paid Social,Portuguese,0
1558,viewer_01558,viewer01558@example.invalid,,20230517,Brazil,Latin America,45+,Search,Spanish,1
1559,viewer_01559,viewer01559@example.invalid,,20230528,United States,North America,25-34,Referral,English,1
1560,viewer_01560,viewer01560@example.invalid,,20230224,Japan,APAC,13-17,Organic,Japanese,0
1561,viewer_01561,viewer01561@example.invalid,1518,20250703,Canada,North America,35-44,Creator,French,1
1562,viewer_01562,viewer01562@example.invalid,,20230925,Mexico,Latin America,18-24,Paid Social,German,1
1563,viewer_01563,viewer01563@example.invalid,,20250908,Indonesia,APAC,45+,Search,Portuguese,0
1564,viewer_01564,viewer01564@example.invalid,,20240516,France,Europe,25-34,Referral,Spanish,1
1565,viewer_01565,viewer01565@example.invalid,,20251214,Germany,Europe,13-17,Organic,English,1
1566,viewer_01566,viewer01566@example.invalid,,20230331,Brazil,Latin America,35-44,Creator,Japanese,0
1567,viewer_01567,viewer01567@example.invalid,,20240705,United States,North America,18-24,Paid Social,French,1
1568,viewer_01568,viewer01568@example.invalid,1419,20250609,Japan,APAC,45+,Search,German,1
1569,viewer_01569,viewer01569@example.invalid,,20230710,Canada,North America,25-34,Referral,Portuguese,0
1570,viewer_01570,viewer01570@example.invalid,,20241127,Mexico,Latin America,13-17,Organic,Spanish,1
1571,viewer_01571,viewer01571@example.invalid,,20240812,Indonesia,APAC,35-44,Creator,English,1
1572,viewer_01572,viewer01572@example.invalid,,20230208,France,Europe,18-24,Paid Social,Japanese,0
1573,viewer_01573,viewer01573@example.invalid,,20251123,Germany,Europe,45+,Search,French,1
1574,viewer_01574,viewer01574@example.invalid,,20231116,Brazil,Latin America,25-34,Referral,German,1
1575,viewer_01575,viewer01575@example.invalid,116,20250216,United States,North America,13-17,Organic,Portuguese,0
1576,viewer_01576,viewer01576@example.invalid,,20250413,Japan,APAC,35-44,Creator,Spanish,1
1577,viewer_01577,viewer01577@example.invalid,,20251027,Canada,North America,18-24,Paid Social,English,1
1578,viewer_01578,viewer01578@example.invalid,,20251118,Mexico,Latin America,45+,Search,Japanese,0
1579,viewer_01579,viewer01579@example.invalid,,20230516,Indonesia,APAC,25-34,Referral,French,1
1580,viewer_01580,viewer01580@example.invalid,,20250722,France,Europe,13-17,Organic,German,1
1581,viewer_01581,viewer01581@example.invalid,,20251223,Germany,Europe,35-44,Creator,Portuguese,0
1582,viewer_01582,viewer01582@example.invalid,1447,20240921,Brazil,Latin America,18-24,Paid Social,Spanish,1
1583,viewer_01583,viewer01583@example.invalid,,20231124,United States,North America,45+,Search,English,1
1584,viewer_01584,viewer01584@example.invalid,,20231109,Japan,APAC,25-34,Referral,Japanese,0
1585,viewer_01585,viewer01585@example.invalid,,20250929,Canada,North America,13-17,Organic,French,1
1586,viewer_01586,viewer01586@example.invalid,,20230717,Mexico,Latin America,35-44,Creator,German,1
1587,viewer_01587,viewer01587@example.invalid,,20241219,Indonesia,APAC,18-24,Paid Social,Portuguese,0
1588,viewer_01588,viewer01588@example.invalid,,20231110,France,Europe,45+,Search,Spanish,1
1589,viewer_01589,viewer01589@example.invalid,1370,20240215,Germany,Europe,25-34,Referral,English,1
1590,viewer_01590,viewer01590@example.invalid,,20250105,Brazil,Latin America,13-17,Organic,Japanese,0
1591,viewer_01591,viewer01591@example.invalid,,20240919,United States,North America,35-44,Creator,French,1
1592,viewer_01592,viewer01592@example.invalid,,20250728,Japan,APAC,18-24,Paid Social,German,1
1593,viewer_01593,viewer01593@example.invalid,,20250716,Canada,North America,45+,Search,Portuguese,0
1594,viewer_01594,viewer01594@example.invalid,,20230708,Mexico,Latin America,25-34,Referral,Spanish,1
1595,viewer_01595,viewer01595@example.invalid,,20240517,Indonesia,APAC,13-17,Organic,English,1
1596,viewer_01596,viewer01596@example.invalid,1259,20240303,France,Europe,35-44,Creator,Japanese,0
1597,viewer_01597,viewer01597@example.invalid,,20250316,Germany,Europe,18-24,Paid Social,French,1
1598,viewer_01598,viewer01598@example.invalid,,20250716,Brazil,Latin America,45+,Search,German,1
1599,viewer_01599,viewer01599@example.invalid,,20250518,United States,North America,25-34,Referral,Portuguese,0
1600,viewer_01600,viewer01600@example.invalid,,20240216,Japan,APAC,13-17,Organic,Spanish,1
1601,viewer_01601,viewer01601@example.invalid,,20250318,Canada,North America,35-44,Creator,English,1
1602,viewer_01602,viewer01602@example.invalid,,20240801,Mexico,Latin America,18-24,Paid Social,Japanese,0
1603,viewer_01603,viewer01603@example.invalid,304,20250501,Indonesia,APAC,45+,Search,French,1
1604,viewer_01604,viewer01604@example.invalid,,20241025,France,Europe,25-34,Referral,German,1
1605,viewer_01605,viewer01605@example.invalid,,20230225,Germany,Europe,13-17,Organic,Portuguese,0
1606,viewer_01606,viewer01606@example.invalid,,20240405,Brazil,Latin America,35-44,Creator,Spanish,1
1607,viewer_01607,viewer01607@example.invalid,,20250202,United States,North America,18-24,Paid Social,English,1
1608,viewer_01608,viewer01608@example.invalid,,20230428,Japan,APAC,45+,Search,Japanese,0
1609,viewer_01609,viewer01609@example.invalid,,20240327,Canada,North America,25-34,Referral,French,1
1610,viewer_01610,viewer01610@example.invalid,671,20231101,Mexico,Latin America,13-17,Organic,German,1
1611,viewer_01611,viewer01611@example.invalid,,20230215,Indonesia,APAC,35-44,Creator,Portuguese,0
1612,viewer_01612,viewer01612@example.invalid,,20240129,France,Europe,18-24,Paid Social,Spanish,1
1613,viewer_01613,viewer01613@example.invalid,,20250730,Germany,Europe,45+,Search,English,1
1614,viewer_01614,viewer01614@example.invalid,,20250411,Brazil,Latin America,25-34,Referral,Japanese,0
1615,viewer_01615,viewer01615@example.invalid,,20241003,United States,North America,13-17,Organic,French,1
1616,viewer_01616,viewer01616@example.invalid,,20240515,Japan,APAC,35-44,Creator,German,1
1617,viewer_01617,viewer01617@example.invalid,162,20230319,Canada,North America,18-24,Paid Social,Portuguese,0
1618,viewer_01618,viewer01618@example.invalid,,20240403,Mexico,Latin America,45+,Search,Spanish,1
1619,viewer_01619,viewer01619@example.invalid,,20240912,Indonesia,APAC,25-34,Referral,English,1
1620,viewer_01620,viewer01620@example.invalid,,20241022,France,Europe,13-17,Organic,Japanese,0
1621,viewer_01621,viewer01621@example.invalid,,20240123,Germany,Europe,35-44,Creator,French,1
1622,viewer_01622,viewer01622@example.invalid,,20240427,Brazil,Latin America,18-24,Paid Social,German,1
1623,viewer_01623,viewer01623@example.invalid,,20230910,United States,North America,45+,Search,Portuguese,0
1624,viewer_01624,viewer01624@example.invalid,1570,20230710,Japan,APAC,25-34,Referral,Spanish,1
1625,viewer_01625,viewer01625@example.invalid,,20250720,Canada,North America,13-17,Organic,English,1
1626,viewer_01626,viewer01626@example.invalid,,20231122,Mexico,Latin America,35-44,Creator,Japanese,0
1627,viewer_01627,viewer01627@example.invalid,,20231107,Indonesia,APAC,18-24,Paid Social,French,1
1628,viewer_01628,viewer01628@example.invalid,,20250905,France,Europe,45+,Search,German,1
1629,viewer_01629,viewer01629@example.invalid,,20231102,Germany,Europe,25-34,Referral,Portuguese,0
1630,viewer_01630,viewer01630@example.invalid,,20230607,Brazil,Latin America,13-17,Organic,Spanish,1
1631,viewer_01631,viewer01631@example.invalid,187,20231021,United States,North America,35-44,Creator,English,1
1632,viewer_01632,viewer01632@example.invalid,,20230718,Japan,APAC,18-24,Paid Social,Japanese,0
1633,viewer_01633,viewer01633@example.invalid,,20230415,Canada,North America,45+,Search,French,1
1634,viewer_01634,viewer01634@example.invalid,,20241109,Mexico,Latin America,25-34,Referral,German,1
1635,viewer_01635,viewer01635@example.invalid,,20250725,Indonesia,APAC,13-17,Organic,Portuguese,0
1636,viewer_01636,viewer01636@example.invalid,,20240404,France,Europe,35-44,Creator,Spanish,1
1637,viewer_01637,viewer01637@example.invalid,,20230507,Germany,Europe,18-24,Paid Social,English,1
1638,viewer_01638,viewer01638@example.invalid,400,20241130,Brazil,Latin America,45+,Search,Japanese,0
1639,viewer_01639,viewer01639@example.invalid,,20241229,United States,North America,25-34,Referral,French,1
1640,viewer_01640,viewer01640@example.invalid,,20250725,Japan,APAC,13-17,Organic,German,1
1641,viewer_01641,viewer01641@example.invalid,,20251123,Canada,North America,35-44,Creator,Portuguese,0
1642,viewer_01642,viewer01642@example.invalid,,20231029,Mexico,Latin America,18-24,Paid Social,Spanish,1
1643,viewer_01643,viewer01643@example.invalid,,20230203,Indonesia,APAC,45+,Search,English,1
1644,viewer_01644,viewer01644@example.invalid,,20230425,France,Europe,25-34,Referral,Japanese,0
1645,viewer_01645,viewer01645@example.invalid,439,20240102,Germany,Europe,13-17,Organic,French,1
1646,viewer_01646,viewer01646@example.invalid,,20240105,Brazil,Latin America,35-44,Creator,German,1
1647,viewer_01647,viewer01647@example.invalid,,20250106,United States,North America,18-24,Paid Social,Portuguese,0
1648,viewer_01648,viewer01648@example.invalid,,20231014,Japan,APAC,45+,Search,Spanish,1
1649,viewer_01649,viewer01649@example.invalid,,20250619,Canada,North America,25-34,Referral,English,1
1650,viewer_01650,viewer01650@example.invalid,,20250601,Mexico,Latin America,13-17,Organic,Japanese,0
1651,viewer_01651,viewer01651@example.invalid,,20230316,Indonesia,APAC,35-44,Creator,French,1
1652,viewer_01652,viewer01652@example.invalid,185,20240911,France,Europe,18-24,Paid Social,German,1
1653,viewer_01653,viewer01653@example.invalid,,20251109,Germany,Europe,45+,Search,Portuguese,0
1654,viewer_01654,viewer01654@example.invalid,,20240714,Brazil,Latin America,25-34,Referral,Spanish,1
1655,viewer_01655,viewer01655@example.invalid,,20240620,United States,North America,13-17,Organic,English,1
1656,viewer_01656,viewer01656@example.invalid,,20250412,Japan,APAC,35-44,Creator,Japanese,0
1657,viewer_01657,viewer01657@example.invalid,,20240704,Canada,North America,18-24,Paid Social,French,1
1658,viewer_01658,viewer01658@example.invalid,,20230128,Mexico,Latin America,45+,Search,German,1
1659,viewer_01659,viewer01659@example.invalid,24,20250405,Indonesia,APAC,25-34,Referral,Portuguese,0
1660,viewer_01660,viewer01660@example.invalid,,20240215,France,Europe,13-17,Organic,Spanish,1
1661,viewer_01661,viewer01661@example.invalid,,20230219,Germany,Europe,35-44,Creator,English,1
1662,viewer_01662,viewer01662@example.invalid,,20241212,Brazil,Latin America,18-24,Paid Social,Japanese,0
1663,viewer_01663,viewer01663@example.invalid,,20241222,United States,North America,45+,Search,French,1
1664,viewer_01664,viewer01664@example.invalid,,20250812,Japan,APAC,25-34,Referral,German,1
1665,viewer_01665,viewer01665@example.invalid,,20230113,Canada,North America,13-17,Organic,Portuguese,0
1666,viewer_01666,viewer01666@example.invalid,632,20230927,Mexico,Latin America,35-44,Creator,Spanish,1
1667,viewer_01667,viewer01667@example.invalid,,20231008,Indonesia,APAC,18-24,Paid Social,English,1
1668,viewer_01668,viewer01668@example.invalid,,20251209,France,Europe,45+,Search,Japanese,0
1669,viewer_01669,viewer01669@example.invalid,,20250702,Germany,Europe,25-34,Referral,French,1
1670,viewer_01670,viewer01670@example.invalid,,20231129,Brazil,Latin America,13-17,Organic,German,1
1671,viewer_01671,viewer01671@example.invalid,,20240202,United States,North America,35-44,Creator,Portuguese,0
1672,viewer_01672,viewer01672@example.invalid,,20241013,Japan,APAC,18-24,Paid Social,Spanish,1
1673,viewer_01673,viewer01673@example.invalid,912,20250430,Canada,North America,45+,Search,English,1
1674,viewer_01674,viewer01674@example.invalid,,20241217,Mexico,Latin America,25-34,Referral,Japanese,0
1675,viewer_01675,viewer01675@example.invalid,,20230621,Indonesia,APAC,13-17,Organic,French,1
1676,viewer_01676,viewer01676@example.invalid,,20250521,France,Europe,35-44,Creator,German,1
1677,viewer_01677,viewer01677@example.invalid,,20250130,Germany,Europe,18-24,Paid Social,Portuguese,0
1678,viewer_01678,viewer01678@example.invalid,,20240709,Brazil,Latin America,45+,Search,Spanish,1
1679,viewer_01679,viewer01679@example.invalid,,20231215,United States,North America,25-34,Referral,English,1
1680,viewer_01680,viewer01680@example.invalid,1566,20230125,Japan,APAC,13-17,Organic,Japanese,0
1681,viewer_01681,viewer01681@example.invalid,,20240702,Canada,North America,35-44,Creator,French,1
1682,viewer_01682,viewer01682@example.invalid,,20251001,Mexico,Latin America,18-24,Paid Social,German,1
1683,viewer_01683,viewer01683@example.invalid,,20250815,Indonesia,APAC,45+,Search,Portuguese,0
1684,viewer_01684,viewer01684@example.invalid,,20230112,France,Europe,25-34,Referral,Spanish,1
1685,viewer_01685,viewer01685@example.invalid,,20240311,Germany,Europe,13-17,Organic,English,1
1686,viewer_01686,viewer01686@example.invalid,,20231221,Brazil,Latin America,35-44,Creator,Japanese,0
1687,viewer_01687,viewer01687@example.invalid,1210,20241103,United States,North America,18-24,Paid Social,French,1
1688,viewer_01688,viewer01688@example.invalid,,20231014,Japan,APAC,45+,Search,German,1
1689,viewer_01689,viewer01689@example.invalid,,20241101,Canada,North America,25-34,Referral,Portuguese,0
1690,viewer_01690,viewer01690@example.invalid,,20230416,Mexico,Latin America,13-17,Organic,Spanish,1
1691,viewer_01691,viewer01691@example.invalid,,20230905,Indonesia,APAC,35-44,Creator,English,1
1692,viewer_01692,viewer01692@example.invalid,,20230603,France,Europe,18-24,Paid Social,Japanese,0
1693,viewer_01693,viewer01693@example.invalid,,20230215,Germany,Europe,45+,Search,French,1
1694,viewer_01694,viewer01694@example.invalid,1226,20230912,Brazil,Latin America,25-34,Referral,German,1
1695,viewer_01695,viewer01695@example.invalid,,20240810,United States,North America,13-17,Organic,Portuguese,0
1696,viewer_01696,viewer01696@example.invalid,,20230415,Japan,APAC,35-44,Creator,Spanish,1
1697,viewer_01697,viewer01697@example.invalid,,20230403,Canada,North America,18-24,Paid Social,English,1
1698,viewer_01698,viewer01698@example.invalid,,20240413,Mexico,Latin America,45+,Search,Japanese,0
1699,viewer_01699,viewer01699@example.invalid,,20240602,Indonesia,APAC,25-34,Referral,French,1
1700,viewer_01700,viewer01700@example.invalid,,20230329,France,Europe,13-17,Organic,German,1
1701,viewer_01701,viewer01701@example.invalid,1225,20230914,Germany,Europe,35-44,Creator,Portuguese,0
1702,viewer_01702,viewer01702@example.invalid,,20240917,Brazil,Latin America,18-24,Paid Social,Spanish,1
1703,viewer_01703,viewer01703@example.invalid,,20230510,United States,North America,45+,Search,English,1
1704,viewer_01704,viewer01704@example.invalid,,20231118,Japan,APAC,25-34,Referral,Japanese,0
1705,viewer_01705,viewer01705@example.invalid,,20250415,Canada,North America,13-17,Organic,French,1
1706,viewer_01706,viewer01706@example.invalid,,20241024,Mexico,Latin America,35-44,Creator,German,1
1707,viewer_01707,viewer01707@example.invalid,,20250215,Indonesia,APAC,18-24,Paid Social,Portuguese,0
1708,viewer_01708,viewer01708@example.invalid,1578,20240722,France,Europe,45+,Search,Spanish,1
1709,viewer_01709,viewer01709@example.invalid,,20241222,Germany,Europe,25-34,Referral,English,1
1710,viewer_01710,viewer01710@example.invalid,,20230718,Brazil,Latin America,13-17,Organic,Japanese,0
1711,viewer_01711,viewer01711@example.invalid,,20250127,United States,North America,35-44,Creator,French,1
1712,viewer_01712,viewer01712@example.invalid,,20230701,Japan,APAC,18-24,Paid Social,German,1
1713,viewer_01713,viewer01713@example.invalid,,20230620,Canada,North America,45+,Search,Portuguese,0
1714,viewer_01714,viewer01714@example.invalid,,20231018,Mexico,Latin America,25-34,Referral,Spanish,1
1715,viewer_01715,viewer01715@example.invalid,581,20240103,Indonesia,APAC,13-17,Organic,English,1
1716,viewer_01716,viewer01716@example.invalid,,20240122,France,Europe,35-44,Creator,Japanese,0
1717,viewer_01717,viewer01717@example.invalid,,20250909,Germany,Europe,18-24,Paid Social,French,1
1718,viewer_01718,viewer01718@example.invalid,,20250505,Brazil,Latin America,45+,Search,German,1
1719,viewer_01719,viewer01719@example.invalid,,20230905,United States,North America,25-34,Referral,Portuguese,0
1720,viewer_01720,viewer01720@example.invalid,,20241210,Japan,APAC,13-17,Organic,Spanish,1
1721,viewer_01721,viewer01721@example.invalid,,20240826,Canada,North America,35-44,Creator,English,1
1722,viewer_01722,viewer01722@example.invalid,1007,20240923,Mexico,Latin America,18-24,Paid Social,Japanese,0
1723,viewer_01723,viewer01723@example.invalid,,20230420,Indonesia,APAC,45+,Search,French,1
1724,viewer_01724,viewer01724@example.invalid,,20250602,France,Europe,25-34,Referral,German,1
1725,viewer_01725,viewer01725@example.invalid,,20230404,Germany,Europe,13-17,Organic,Portuguese,0
1726,viewer_01726,viewer01726@example.invalid,,20250216,Brazil,Latin America,35-44,Creator,Spanish,1
1727,viewer_01727,viewer01727@example.invalid,,20230717,United States,North America,18-24,Paid Social,English,1
1728,viewer_01728,viewer01728@example.invalid,,20230402,Japan,APAC,45+,Search,Japanese,0
1729,viewer_01729,viewer01729@example.invalid,490,20250209,Canada,North America,25-34,Referral,French,1
1730,viewer_01730,viewer01730@example.invalid,,20240602,Mexico,Latin America,13-17,Organic,German,1
1731,viewer_01731,viewer01731@example.invalid,,20230212,Indonesia,APAC,35-44,Creator,Portuguese,0
1732,viewer_01732,viewer01732@example.invalid,,20250321,France,Europe,18-24,Paid Social,Spanish,1
1733,viewer_01733,viewer01733@example.invalid,,20241015,Germany,Europe,45+,Search,English,1
1734,viewer_01734,viewer01734@example.invalid,,20251222,Brazil,Latin America,25-34,Referral,Japanese,0
1735,viewer_01735,viewer01735@example.invalid,,20230822,United States,North America,13-17,Organic,French,1
1736,viewer_01736,viewer01736@example.invalid,400,20241022,Japan,APAC,35-44,Creator,German,1
1737,viewer_01737,viewer01737@example.invalid,,20250809,Canada,North America,18-24,Paid Social,Portuguese,0
1738,viewer_01738,viewer01738@example.invalid,,20251028,Mexico,Latin America,45+,Search,Spanish,1
1739,viewer_01739,viewer01739@example.invalid,,20230403,Indonesia,APAC,25-34,Referral,English,1
1740,viewer_01740,viewer01740@example.invalid,,20250405,France,Europe,13-17,Organic,Japanese,0
1741,viewer_01741,viewer01741@example.invalid,,20231016,Germany,Europe,35-44,Creator,French,1
1742,viewer_01742,viewer01742@example.invalid,,20250712,Brazil,Latin America,18-24,Paid Social,German,1
1743,viewer_01743,viewer01743@example.invalid,669,20251116,United States,North America,45+,Search,Portuguese,0
1744,viewer_01744,viewer01744@example.invalid,,20230612,Japan,APAC,25-34,Referral,Spanish,1
1745,viewer_01745,viewer01745@example.invalid,,20250314,Canada,North America,13-17,Organic,English,1
1746,viewer_01746,viewer01746@example.invalid,,20240425,Mexico,Latin America,35-44,Creator,Japanese,0
1747,viewer_01747,viewer01747@example.invalid,,20230728,Indonesia,APAC,18-24,Paid Social,French,1
1748,viewer_01748,viewer01748@example.invalid,,20240721,France,Europe,45+,Search,German,1
1749,viewer_01749,viewer01749@example.invalid,,20231010,Germany,Europe,25-34,Referral,Portuguese,0
1750,viewer_01750,viewer01750@example.invalid,1158,20240801,Brazil,Latin America,13-17,Organic,Spanish,1
1751,viewer_01751,viewer01751@example.invalid,,20251013,United States,North America,35-44,Creator,English,1
1752,viewer_01752,viewer01752@example.invalid,,20250911,Japan,APAC,18-24,Paid Social,Japanese,0
1753,viewer_01753,viewer01753@example.invalid,,20230115,Canada,North America,45+,Search,French,1
1754,viewer_01754,viewer01754@example.invalid,,20250208,Mexico,Latin America,25-34,Referral,German,1
1755,viewer_01755,viewer01755@example.invalid,,20240816,Indonesia,APAC,13-17,Organic,Portuguese,0
1756,viewer_01756,viewer01756@example.invalid,,20240928,France,Europe,35-44,Creator,Spanish,1
1757,viewer_01757,viewer01757@example.invalid,800,20241004,Germany,Europe,18-24,Paid Social,English,1
1758,viewer_01758,viewer01758@example.invalid,,20250706,Brazil,Latin America,45+,Search,Japanese,0
1759,viewer_01759,viewer01759@example.invalid,,20230513,United States,North America,25-34,Referral,French,1
1760,viewer_01760,viewer01760@example.invalid,,20240927,Japan,APAC,13-17,Organic,German,1
1761,viewer_01761,viewer01761@example.invalid,,20250414,Canada,North America,35-44,Creator,Portuguese,0
1762,viewer_01762,viewer01762@example.invalid,,20230611,Mexico,Latin America,18-24,Paid Social,Spanish,1
1763,viewer_01763,viewer01763@example.invalid,,20250817,Indonesia,APAC,45+,Search,English,1
1764,viewer_01764,viewer01764@example.invalid,796,20230613,France,Europe,25-34,Referral,Japanese,0
1765,viewer_01765,viewer01765@example.invalid,,20240131,Germany,Europe,13-17,Organic,French,1
1766,viewer_01766,viewer01766@example.invalid,,20250920,Brazil,Latin America,35-44,Creator,German,1
1767,viewer_01767,viewer01767@example.invalid,,20251222,United States,North America,18-24,Paid Social,Portuguese,0
1768,viewer_01768,viewer01768@example.invalid,,20231021,Japan,APAC,45+,Search,Spanish,1
1769,viewer_01769,viewer01769@example.invalid,,20240818,Canada,North America,25-34,Referral,English,1
1770,viewer_01770,viewer01770@example.invalid,,20230324,Mexico,Latin America,13-17,Organic,Japanese,0
1771,viewer_01771,viewer01771@example.invalid,1107,20241013,Indonesia,APAC,35-44,Creator,French,1
1772,viewer_01772,viewer01772@example.invalid,,20230510,France,Europe,18-24,Paid Social,German,1
1773,viewer_01773,viewer01773@example.invalid,,20250203,Germany,Europe,45+,Search,Portuguese,0
1774,viewer_01774,viewer01774@example.invalid,,20251003,Brazil,Latin America,25-34,Referral,Spanish,1
1775,viewer_01775,viewer01775@example.invalid,,20250524,United States,North America,13-17,Organic,English,1
1776,viewer_01776,viewer01776@example.invalid,,20241020,Japan,APAC,35-44,Creator,Japanese,0
1777,viewer_01777,viewer01777@example.invalid,,20251129,Canada,North America,18-24,Paid Social,French,1
1778,viewer_01778,viewer01778@example.invalid,1404,20240424,Mexico,Latin America,45+,Search,German,1
1779,viewer_01779,viewer01779@example.invalid,,20231220,Indonesia,APAC,25-34,Referral,Portuguese,0
1780,viewer_01780,viewer01780@example.invalid,,20230923,France,Europe,13-17,Organic,Spanish,1
1781,viewer_01781,viewer01781@example.invalid,,20240222,Germany,Europe,35-44,Creator,English,1
1782,viewer_01782,viewer01782@example.invalid,,20250611,Brazil,Latin America,18-24,Paid Social,Japanese,0
1783,viewer_01783,viewer01783@example.invalid,,20250611,United States,North America,45+,Search,French,1
1784,viewer_01784,viewer01784@example.invalid,,20230313,Japan,APAC,25-34,Referral,German,1
1785,viewer_01785,viewer01785@example.invalid,147,20240923,Canada,North America,13-17,Organic,Portuguese,0
1786,viewer_01786,viewer01786@example.invalid,,20240717,Mexico,Latin America,35-44,Creator,Spanish,1
1787,viewer_01787,viewer01787@example.invalid,,20240625,Indonesia,APAC,18-24,Paid Social,English,1
1788,viewer_01788,viewer01788@example.invalid,,20231028,France,Europe,45+,Search,Japanese,0
1789,viewer_01789,viewer01789@example.invalid,,20251105,Germany,Europe,25-34,Referral,French,1
1790,viewer_01790,viewer01790@example.invalid,,20240207,Brazil,Latin America,13-17,Organic,German,1
1791,viewer_01791,viewer01791@example.invalid,,20250605,United States,North America,35-44,Creator,Portuguese,0
1792,viewer_01792,viewer01792@example.invalid,753,20250924,Japan,APAC,18-24,Paid Social,Spanish,1
1793,viewer_01793,viewer01793@example.invalid,,20230722,Canada,North America,45+,Search,English,1
1794,viewer_01794,viewer01794@example.invalid,,20230115,Mexico,Latin America,25-34,Referral,Japanese,0
1795,viewer_01795,viewer01795@example.invalid,,20241120,Indonesia,APAC,13-17,Organic,French,1
1796,viewer_01796,viewer01796@example.invalid,,20240415,France,Europe,35-44,Creator,German,1
1797,viewer_01797,viewer01797@example.invalid,,20231008,Germany,Europe,18-24,Paid Social,Portuguese,0
1798,viewer_01798,viewer01798@example.invalid,,20251206,Brazil,Latin America,45+,Search,Spanish,1
1799,viewer_01799,viewer01799@example.invalid,1495,20240216,United States,North America,25-34,Referral,English,1
1800,viewer_01800,viewer01800@example.invalid,,20240404,Japan,APAC,13-17,Organic,Japanese,0
1801,viewer_01801,viewer01801@example.invalid,,20250129,Canada,North America,35-44,Creator,French,1
1802,viewer_01802,viewer01802@example.invalid,,20231121,Mexico,Latin America,18-24,Paid Social,German,1
1803,viewer_01803,viewer01803@example.invalid,,20250515,Indonesia,APAC,45+,Search,Portuguese,0
1804,viewer_01804,viewer01804@example.invalid,,20230619,France,Europe,25-34,Referral,Spanish,1
1805,viewer_01805,viewer01805@example.invalid,,20250305,Germany,Europe,13-17,Organic,English,1
1806,viewer_01806,viewer01806@example.invalid,135,20250811,Brazil,Latin America,35-44,Creator,Japanese,0
1807,viewer_01807,viewer01807@example.invalid,,20230301,United States,North America,18-24,Paid Social,French,1
1808,viewer_01808,viewer01808@example.invalid,,20250509,Japan,APAC,45+,Search,German,1
1809,viewer_01809,viewer01809@example.invalid,,20230212,Canada,North America,25-34,Referral,Portuguese,0
1810,viewer_01810,viewer01810@example.invalid,,20230311,Mexico,Latin America,13-17,Organic,Spanish,1
1811,viewer_01811,viewer01811@example.invalid,,20240811,Indonesia,APAC,35-44,Creator,English,1
1812,viewer_01812,viewer01812@example.invalid,,20230819,France,Europe,18-24,Paid Social,Japanese,0
1813,viewer_01813,viewer01813@example.invalid,66,20230812,Germany,Europe,45+,Search,French,1
1814,viewer_01814,viewer01814@example.invalid,,20250814,Brazil,Latin America,25-34,Referral,German,1
1815,viewer_01815,viewer01815@example.invalid,,20250419,United States,North America,13-17,Organic,Portuguese,0
1816,viewer_01816,viewer01816@example.invalid,,20250701,Japan,APAC,35-44,Creator,Spanish,1
1817,viewer_01817,viewer01817@example.invalid,,20241130,Canada,North America,18-24,Paid Social,English,1
1818,viewer_01818,viewer01818@example.invalid,,20240204,Mexico,Latin America,45+,Search,Japanese,0
1819,viewer_01819,viewer01819@example.invalid,,20230303,Indonesia,APAC,25-34,Referral,French,1
1820,viewer_01820,viewer01820@example.invalid,321,20231015,France,Europe,13-17,Organic,German,1
1821,viewer_01821,viewer01821@example.invalid,,20241218,Germany,Europe,35-44,Creator,Portuguese,0
1822,viewer_01822,viewer01822@example.invalid,,20250105,Brazil,Latin America,18-24,Paid Social,Spanish,1
1823,viewer_01823,viewer01823@example.invalid,,20240103,United States,North America,45+,Search,English,1
1824,viewer_01824,viewer01824@example.invalid,,20240312,Japan,APAC,25-34,Referral,Japanese,0
1825,viewer_01825,viewer01825@example.invalid,,20230910,Canada,North America,13-17,Organic,French,1
1826,viewer_01826,viewer01826@example.invalid,,20241007,Mexico,Latin America,35-44,Creator,German,1
1827,viewer_01827,viewer01827@example.invalid,1290,20250130,Indonesia,APAC,18-24,Paid Social,Portuguese,0
1828,viewer_01828,viewer01828@example.invalid,,20241024,France,Europe,45+,Search,Spanish,1
1829,viewer_01829,viewer01829@example.invalid,,20241217,Germany,Europe,25-34,Referral,English,1
1830,viewer_01830,viewer01830@example.invalid,,20250901,Brazil,Latin America,13-17,Organic,Japanese,0
1831,viewer_01831,viewer01831@example.invalid,,20250306,United States,North America,35-44,Creator,French,1
1832,viewer_01832,viewer01832@example.invalid,,20230211,Japan,APAC,18-24,Paid Social,German,1
1833,viewer_01833,viewer01833@example.invalid,,20240524,Canada,North America,45+,Search,Portuguese,0
1834,viewer_01834,viewer01834@example.invalid,168,20251121,Mexico,Latin America,25-34,Referral,Spanish,1
1835,viewer_01835,viewer01835@example.invalid,,20241124,Indonesia,APAC,13-17,Organic,English,1
1836,viewer_01836,viewer01836@example.invalid,,20241005,France,Europe,35-44,Creator,Japanese,0
1837,viewer_01837,viewer01837@example.invalid,,20241121,Germany,Europe,18-24,Paid Social,French,1
1838,viewer_01838,viewer01838@example.invalid,,20251227,Brazil,Latin America,45+,Search,German,1
1839,viewer_01839,viewer01839@example.invalid,,20241228,United States,North America,25-34,Referral,Portuguese,0
1840,viewer_01840,viewer01840@example.invalid,,20230424,Japan,APAC,13-17,Organic,Spanish,1
1841,viewer_01841,viewer01841@example.invalid,1041,20240624,Canada,North America,35-44,Creator,English,1
1842,viewer_01842,viewer01842@example.invalid,,20250527,Mexico,Latin America,18-24,Paid Social,Japanese,0
1843,viewer_01843,viewer01843@example.invalid,,20231012,Indonesia,APAC,45+,Search,French,1
1844,viewer_01844,viewer01844@example.invalid,,20231227,France,Europe,25-34,Referral,German,1
1845,viewer_01845,viewer01845@example.invalid,,20231230,Germany,Europe,13-17,Organic,Portuguese,0
1846,viewer_01846,viewer01846@example.invalid,,20250211,Brazil,Latin America,35-44,Creator,Spanish,1
1847,viewer_01847,viewer01847@example.invalid,,20250206,United States,North America,18-24,Paid Social,English,1
1848,viewer_01848,viewer01848@example.invalid,605,20250807,Japan,APAC,45+,Search,Japanese,0
1849,viewer_01849,viewer01849@example.invalid,,20240316,Canada,North America,25-34,Referral,French,1
1850,viewer_01850,viewer01850@example.invalid,,20240213,Mexico,Latin America,13-17,Organic,German,1
1851,viewer_01851,viewer01851@example.invalid,,20240406,Indonesia,APAC,35-44,Creator,Portuguese,0
1852,viewer_01852,viewer01852@example.invalid,,20231031,France,Europe,18-24,Paid Social,Spanish,1
1853,viewer_01853,viewer01853@example.invalid,,20230321,Germany,Europe,45+,Search,English,1
1854,viewer_01854,viewer01854@example.invalid,,20251006,Brazil,Latin America,25-34,Referral,Japanese,0
1855,viewer_01855,viewer01855@example.invalid,620,20230807,United States,North America,13-17,Organic,French,1
1856,viewer_01856,viewer01856@example.invalid,,20241123,Japan,APAC,35-44,Creator,German,1
1857,viewer_01857,viewer01857@example.invalid,,20250808,Canada,North America,18-24,Paid Social,Portuguese,0
1858,viewer_01858,viewer01858@example.invalid,,20230309,Mexico,Latin America,45+,Search,Spanish,1
1859,viewer_01859,viewer01859@example.invalid,,20240421,Indonesia,APAC,25-34,Referral,English,1
1860,viewer_01860,viewer01860@example.invalid,,20250724,France,Europe,13-17,Organic,Japanese,0
1861,viewer_01861,viewer01861@example.invalid,,20251114,Germany,Europe,35-44,Creator,French,1
1862,viewer_01862,viewer01862@example.invalid,1591,20231117,Brazil,Latin America,18-24,Paid Social,German,1
1863,viewer_01863,viewer01863@example.invalid,,20240101,United States,North America,45+,Search,Portuguese,0
1864,viewer_01864,viewer01864@example.invalid,,20250526,Japan,APAC,25-34,Referral,Spanish,1
1865,viewer_01865,viewer01865@example.invalid,,20250908,Canada,North America,13-17,Organic,English,1
1866,viewer_01866,viewer01866@example.invalid,,20241022,Mexico,Latin America,35-44,Creator,Japanese,0
1867,viewer_01867,viewer01867@example.invalid,,20241013,Indonesia,APAC,18-24,Paid Social,French,1
1868,viewer_01868,viewer01868@example.invalid,,20250207,France,Europe,45+,Search,German,1
1869,viewer_01869,viewer01869@example.invalid,1822,20241230,Germany,Europe,25-34,Referral,Portuguese,0
1870,viewer_01870,viewer01870@example.invalid,,20230707,Brazil,Latin America,13-17,Organic,Spanish,1
1871,viewer_01871,viewer01871@example.invalid,,20241219,United States,North America,35-44,Creator,English,1
1872,viewer_01872,viewer01872@example.invalid,,20231121,Japan,APAC,18-24,Paid Social,Japanese,0
1873,viewer_01873,viewer01873@example.invalid,,20250119,Canada,North America,45+,Search,French,1
1874,viewer_01874,viewer01874@example.invalid,,20231015,Mexico,Latin America,25-34,Referral,German,1
1875,viewer_01875,viewer01875@example.invalid,,20230409,Indonesia,APAC,13-17,Organic,Portuguese,0
1876,viewer_01876,viewer01876@example.invalid,1844,20250111,France,Europe,35-44,Creator,Spanish,1
1877,viewer_01877,viewer01877@example.invalid,,20250607,Germany,Europe,18-24,Paid Social,English,1
1878,viewer_01878,viewer01878@example.invalid,,20231116,Brazil,Latin America,45+,Search,Japanese,0
1879,viewer_01879,viewer01879@example.invalid,,20231003,United States,North America,25-34,Referral,French,1
1880,viewer_01880,viewer01880@example.invalid,,20240509,Japan,APAC,13-17,Organic,German,1
1881,viewer_01881,viewer01881@example.invalid,,20241119,Canada,North America,35-44,Creator,Portuguese,0
1882,viewer_01882,viewer01882@example.invalid,,20240528,Mexico,Latin America,18-24,Paid Social,Spanish,1
1883,viewer_01883,viewer01883@example.invalid,897,20250618,Indonesia,APAC,45+,Search,English,1
1884,viewer_01884,viewer01884@example.invalid,,20240220,France,Europe,25-34,Referral,Japanese,0
1885,viewer_01885,viewer01885@example.invalid,,20230627,Germany,Europe,13-17,Organic,French,1
1886,viewer_01886,viewer01886@example.invalid,,20230418,Brazil,Latin America,35-44,Creator,German,1
1887,viewer_01887,viewer01887@example.invalid,,20230803,United States,North America,18-24,Paid Social,Portuguese,0
1888,viewer_01888,viewer01888@example.invalid,,20250531,Japan,APAC,45+,Search,Spanish,1
1889,viewer_01889,viewer01889@example.invalid,,20230511,Canada,North America,25-34,Referral,English,1
1890,viewer_01890,viewer01890@example.invalid,311,20230728,Mexico,Latin America,13-17,Organic,Japanese,0
1891,viewer_01891,viewer01891@example.invalid,,20250601,Indonesia,APAC,35-44,Creator,French,1
1892,viewer_01892,viewer01892@example.invalid,,20240604,France,Europe,18-24,Paid Social,German,1
1893,viewer_01893,viewer01893@example.invalid,,20230610,Germany,Europe,45+,Search,Portuguese,0
1894,viewer_01894,viewer01894@example.invalid,,20241005,Brazil,Latin America,25-34,Referral,Spanish,1
1895,viewer_01895,viewer01895@example.invalid,,20250715,United States,North America,13-17,Organic,English,1
1896,viewer_01896,viewer01896@example.invalid,,20250409,Japan,APAC,35-44,Creator,Japanese,0
1897,viewer_01897,viewer01897@example.invalid,1129,20230910,Canada,North America,18-24,Paid Social,French,1
1898,viewer_01898,viewer01898@example.invalid,,20230204,Mexico,Latin America,45+,Search,German,1
1899,viewer_01899,viewer01899@example.invalid,,20250103,Indonesia,APAC,25-34,Referral,Portuguese,0
1900,viewer_01900,viewer01900@example.invalid,,20230408,France,Europe,13-17,Organic,Spanish,1
1901,viewer_01901,viewer01901@example.invalid,,20230116,Germany,Europe,35-44,Creator,English,1
1902,viewer_01902,viewer01902@example.invalid,,20241202,Brazil,Latin America,18-24,Paid Social,Japanese,0
1903,viewer_01903,viewer01903@example.invalid,,20230119,United States,North America,45+,Search,French,1
1904,viewer_01904,viewer01904@example.invalid,1902,20250108,Japan,APAC,25-34,Referral,German,1
1905,viewer_01905,viewer01905@example.invalid,,20240513,Canada,North America,13-17,Organic,Portuguese,0
1906,viewer_01906,viewer01906@example.invalid,,20230109,Mexico,Latin America,35-44,Creator,Spanish,1
1907,viewer_01907,viewer01907@example.invalid,,20241224,Indonesia,APAC,18-24,Paid Social,English,1
1908,viewer_01908,viewer01908@example.invalid,,20230404,France,Europe,45+,Search,Japanese,0
1909,viewer_01909,viewer01909@example.invalid,,20231129,Germany,Europe,25-34,Referral,French,1
1910,viewer_01910,viewer01910@example.invalid,,20250331,Brazil,Latin America,13-17,Organic,German,1
1911,viewer_01911,viewer01911@example.invalid,1848,20241027,United States,North America,35-44,Creator,Portuguese,0
1912,viewer_01912,viewer01912@example.invalid,,20240806,Japan,APAC,18-24,Paid Social,Spanish,1
1913,viewer_01913,viewer01913@example.invalid,,20240717,Canada,North America,45+,Search,English,1
1914,viewer_01914,viewer01914@example.invalid,,20230422,Mexico,Latin America,25-34,Referral,Japanese,0
1915,viewer_01915,viewer01915@example.invalid,,20250708,Indonesia,APAC,13-17,Organic,French,1
1916,viewer_01916,viewer01916@example.invalid,,20241122,France,Europe,35-44,Creator,German,1
1917,viewer_01917,viewer01917@example.invalid,,20250211,Germany,Europe,18-24,Paid Social,Portuguese,0
1918,viewer_01918,viewer01918@example.invalid,146,20230823,Brazil,Latin America,45+,Search,Spanish,1
1919,viewer_01919,viewer01919@example.invalid,,20241127,United States,North America,25-34,Referral,English,1
1920,viewer_01920,viewer01920@example.invalid,,20240402,Japan,APAC,13-17,Organic,Japanese,0
1921,viewer_01921,viewer01921@example.invalid,,20250507,Canada,North America,35-44,Creator,French,1
1922,viewer_01922,viewer01922@example.invalid,,20241031,Mexico,Latin America,18-24,Paid Social,German,1
1923,viewer_01923,viewer01923@example.invalid,,20250207,Indonesia,APAC,45+,Search,Portuguese,0
1924,viewer_01924,viewer01924@example.invalid,,20230415,France,Europe,25-34,Referral,Spanish,1
1925,viewer_01925,viewer01925@example.invalid,758,20240221,Germany,Europe,13-17,Organic,English,1
1926,viewer_01926,viewer01926@example.invalid,,20240110,Brazil,Latin America,35-44,Creator,Japanese,0
1927,viewer_01927,viewer01927@example.invalid,,20240517,United States,North America,18-24,Paid Social,French,1
1928,viewer_01928,viewer01928@example.invalid,,20230526,Japan,APAC,45+,Search,German,1
1929,viewer_01929,viewer01929@example.invalid,,20230630,Canada,North America,25-34,Referral,Portuguese,0
1930,viewer_01930,viewer01930@example.invalid,,20230408,Mexico,Latin America,13-17,Organic,Spanish,1
1931,viewer_01931,viewer01931@example.invalid,,20241227,Indonesia,APAC,35-44,Creator,English,1
1932,viewer_01932,viewer01932@example.invalid,1249,20240126,France,Europe,18-24,Paid Social,Japanese,0
1933,viewer_01933,viewer01933@example.invalid,,20240309,Germany,Europe,45+,Search,French,1
1934,viewer_01934,viewer01934@example.invalid,,20230723,Brazil,Latin America,25-34,Referral,German,1
1935,viewer_01935,viewer01935@example.invalid,,20240106,United States,North America,13-17,Organic,Portuguese,0
1936,viewer_01936,viewer01936@example.invalid,,20251223,Japan,APAC,35-44,Creator,Spanish,1
1937,viewer_01937,viewer01937@example.invalid,,20251110,Canada,North America,18-24,Paid Social,English,1
1938,viewer_01938,viewer01938@example.invalid,,20230120,Mexico,Latin America,45+,Search,Japanese,0
1939,viewer_01939,viewer01939@example.invalid,437,20240220,Indonesia,APAC,25-34,Referral,French,1
1940,viewer_01940,viewer01940@example.invalid,,20240805,France,Europe,13-17,Organic,German,1
1941,viewer_01941,viewer01941@example.invalid,,20250911,Germany,Europe,35-44,Creator,Portuguese,0
1942,viewer_01942,viewer01942@example.invalid,,20250211,Brazil,Latin America,18-24,Paid Social,Spanish,1
1943,viewer_01943,viewer01943@example.invalid,,20240513,United States,North America,45+,Search,English,1
1944,viewer_01944,viewer01944@example.invalid,,20230726,Japan,APAC,25-34,Referral,Japanese,0
1945,viewer_01945,viewer01945@example.invalid,,20230130,Canada,North America,13-17,Organic,French,1
1946,viewer_01946,viewer01946@example.invalid,379,20241109,Mexico,Latin America,35-44,Creator,German,1
1947,viewer_01947,viewer01947@example.invalid,,20240320,Indonesia,APAC,18-24,Paid Social,Portuguese,0
1948,viewer_01948,viewer01948@example.invalid,,20240911,France,Europe,45+,Search,Spanish,1
1949,viewer_01949,viewer01949@example.invalid,,20231201,Germany,Europe,25-34,Referral,English,1
1950,viewer_01950,viewer01950@example.invalid,,20251227,Brazil,Latin America,13-17,Organic,Japanese,0
1951,viewer_01951,viewer01951@example.invalid,,20230115,United States,North America,35-44,Creator,French,1
1952,viewer_01952,viewer01952@example.invalid,,20240520,Japan,APAC,18-24,Paid Social,German,1
1953,viewer_01953,viewer01953@example.invalid,982,20231126,Canada,North America,45+,Search,Portuguese,0
1954,viewer_01954,viewer01954@example.invalid,,20250630,Mexico,Latin America,25-34,Referral,Spanish,1
1955,viewer_01955,viewer01955@example.invalid,,20250726,Indonesia,APAC,13-17,Organic,English,1
1956,viewer_01956,viewer01956@example.invalid,,20250515,France,Europe,35-44,Creator,Japanese,0
1957,viewer_01957,viewer01957@example.invalid,,20231027,Germany,Europe,18-24,Paid Social,French,1
1958,viewer_01958,viewer01958@example.invalid,,20230830,Brazil,Latin America,45+,Search,German,1
1959,viewer_01959,viewer01959@example.invalid,,20240402,United States,North America,25-34,Referral,Portuguese,0
1960,viewer_01960,viewer01960@example.invalid,1813,20240314,Japan,APAC,13-17,Organic,Spanish,1
1961,viewer_01961,viewer01961@example.invalid,,20240718,Canada,North America,35-44,Creator,English,1
1962,viewer_01962,viewer01962@example.invalid,,20250713,Mexico,Latin America,18-24,Paid Social,Japanese,0
1963,viewer_01963,viewer01963@example.invalid,,20240415,Indonesia,APAC,45+,Search,French,1
1964,viewer_01964,viewer01964@example.invalid,,20240424,France,Europe,25-34,Referral,German,1
1965,viewer_01965,viewer01965@example.invalid,,20251102,Germany,Europe,13-17,Organic,Portuguese,0
1966,viewer_01966,viewer01966@example.invalid,,20240319,Brazil,Latin America,35-44,Creator,Spanish,1
1967,viewer_01967,viewer01967@example.invalid,1153,20230127,United States,North America,18-24,Paid Social,English,1
1968,viewer_01968,viewer01968@example.invalid,,20230716,Japan,APAC,45+,Search,Japanese,0
1969,viewer_01969,viewer01969@example.invalid,,20231105,Canada,North America,25-34,Referral,French,1
1970,viewer_01970,viewer01970@example.invalid,,20240125,Mexico,Latin America,13-17,Organic,German,1
1971,viewer_01971,viewer01971@example.invalid,,20240203,Indonesia,APAC,35-44,Creator,Portuguese,0
1972,viewer_01972,viewer01972@example.invalid,,20230906,France,Europe,18-24,Paid Social,Spanish,1
1973,viewer_01973,viewer01973@example.invalid,,20240707,Germany,Europe,45+,Search,English,1
1974,viewer_01974,viewer01974@example.invalid,490,20230907,Brazil,Latin America,25-34,Referral,Japanese,0
1975,viewer_01975,viewer01975@example.invalid,,20230212,United States,North America,13-17,Organic,French,1
1976,viewer_01976,viewer01976@example.invalid,,20250902,Japan,APAC,35-44,Creator,German,1
1977,viewer_01977,viewer01977@example.invalid,,20230204,Canada,North America,18-24,Paid Social,Portuguese,0
1978,viewer_01978,viewer01978@example.invalid,,20240927,Mexico,Latin America,45+,Search,Spanish,1
1979,viewer_01979,viewer01979@example.invalid,,20251120,Indonesia,APAC,25-34,Referral,English,1
1980,viewer_01980,viewer01980@example.invalid,,20230728,France,Europe,13-17,Organic,Japanese,0
1981,viewer_01981,viewer01981@example.invalid,418,20240925,Germany,Europe,35-44,Creator,French,1
1982,viewer_01982,viewer01982@example.invalid,,20240729,Brazil,Latin America,18-24,Paid Social,German,1
1983,viewer_01983,viewer01983@example.invalid,,20240116,United States,North America,45+,Search,Portuguese,0
1984,viewer_01984,viewer01984@example.invalid,,20240130,Japan,APAC,25-34,Referral,Spanish,1
1985,viewer_01985,viewer01985@example.invalid,,20250113,Canada,North America,13-17,Organic,English,1
1986,viewer_01986,viewer01986@example.invalid,,20240908,Mexico,Latin America,35-44,Creator,Japanese,0
1987,viewer_01987,viewer01987@example.invalid,,20230109,Indonesia,APAC,18-24,Paid Social,French,1
1988,viewer_01988,viewer01988@example.invalid,47,20241114,France,Europe,45+,Search,German,1
1989,viewer_01989,viewer01989@example.invalid,,20250810,Germany,Europe,25-34,Referral,Portuguese,0
1990,viewer_01990,viewer01990@example.invalid,,20250812,Brazil,Latin America,13-17,Organic,Spanish,1
1991,viewer_01991,viewer01991@example.invalid,,20230301,United States,North America,35-44,Creator,English,1
1992,viewer_01992,viewer01992@example.invalid,,20230709,Japan,APAC,18-24,Paid Social,Japanese,0
1993,viewer_01993,viewer01993@example.invalid,,20240606,Canada,North America,45+,Search,French,1
1994,viewer_01994,viewer01994@example.invalid,,20230920,Mexico,Latin America,25-34,Referral,German,1
1995,viewer_01995,viewer01995@example.invalid,1372,20240820,Indonesia,APAC,13-17,Organic,Portuguese,0
1996,viewer_01996,viewer01996@example.invalid,,20240817,France,Europe,35-44,Creator,Spanish,1
1997,viewer_01997,viewer01997@example.invalid,,20230413,Germany,Europe,18-24,Paid Social,English,1
1998,viewer_01998,viewer01998@example.invalid,,20241219,Brazil,Latin America,45+,Search,Japanese,0
1999,viewer_01999,viewer01999@example.invalid,,20250428,United States,North America,25-34,Referral,French,1
2000,viewer_02000,viewer02000@example.invalid,,20250312,Japan,APAC,13-17,Organic,German,1
2001,viewer_02001,viewer02001@example.invalid,,20250915,Canada,North America,35-44,Creator,Portuguese,0
2002,viewer_02002,viewer02002@example.invalid,1778,20240630,Mexico,Latin America,18-24,Paid Social,Spanish,1
2003,viewer_02003,viewer02003@example.invalid,,20250817,Indonesia,APAC,45+,Search,English,1
2004,viewer_02004,viewer02004@example.invalid,,20250307,France,Europe,25-34,Referral,Japanese,0
2005,viewer_02005,viewer02005@example.invalid,,20241217,Germany,Europe,13-17,Organic,French,1
2006,viewer_02006,viewer02006@example.invalid,,20250709,Brazil,Latin America,35-44,Creator,German,1
2007,viewer_02007,viewer02007@example.invalid,,20250813,United States,North America,18-24,Paid Social,Portuguese,0
2008,viewer_02008,viewer02008@example.invalid,,20251225,Japan,APAC,45+,Search,Spanish,1
2009,viewer_02009,viewer02009@example.invalid,76,20241024,Canada,North America,25-34,Referral,English,1
2010,viewer_02010,viewer02010@example.invalid,,20251022,Mexico,Latin America,13-17,Organic,Japanese,0
2011,viewer_02011,viewer02011@example.invalid,,20250404,Indonesia,APAC,35-44,Creator,French,1
2012,viewer_02012,viewer02012@example.invalid,,20230812,France,Europe,18-24,Paid Social,German,1
2013,viewer_02013,viewer02013@example.invalid,,20230627,Germany,Europe,45+,Search,Portuguese,0
2014,viewer_02014,viewer02014@example.invalid,,20241125,Brazil,Latin America,25-34,Referral,Spanish,1
2015,viewer_02015,viewer02015@example.invalid,,20230619,United States,North America,13-17,Organic,English,1
2016,viewer_02016,viewer02016@example.invalid,486,20240218,Japan,APAC,35-44,Creator,Japanese,0
2017,viewer_02017,viewer02017@example.invalid,,20251105,Canada,North America,18-24,Paid Social,French,1
2018,viewer_02018,viewer02018@example.invalid,,20240828,Mexico,Latin America,45+,Search,German,1
2019,viewer_02019,viewer02019@example.invalid,,20230716,Indonesia,APAC,25-34,Referral,Portuguese,0
2020,viewer_02020,viewer02020@example.invalid,,20240802,France,Europe,13-17,Organic,Spanish,1
2021,viewer_02021,viewer02021@example.invalid,,20250123,Germany,Europe,35-44,Creator,English,1
2022,viewer_02022,viewer02022@example.invalid,,20230904,Brazil,Latin America,18-24,Paid Social,Japanese,0
2023,viewer_02023,viewer02023@example.invalid,1925,20240409,United States,North America,45+,Search,French,1
2024,viewer_02024,viewer02024@example.invalid,,20241118,Japan,APAC,25-34,Referral,German,1
2025,viewer_02025,viewer02025@example.invalid,,20230327,Canada,North America,13-17,Organic,Portuguese,0
2026,viewer_02026,viewer02026@example.invalid,,20230203,Mexico,Latin America,35-44,Creator,Spanish,1
2027,viewer_02027,viewer02027@example.invalid,,20250728,Indonesia,APAC,18-24,Paid Social,English,1
2028,viewer_02028,viewer02028@example.invalid,,20240619,France,Europe,45+,Search,Japanese,0
2029,viewer_02029,viewer02029@example.invalid,,20230811,Germany,Europe,25-34,Referral,French,1
2030,viewer_02030,viewer02030@example.invalid,702,20240318,Brazil,Latin America,13-17,Organic,German,1
2031,viewer_02031,viewer02031@example.invalid,,20250703,United States,North America,35-44,Creator,Portuguese,0
2032,viewer_02032,viewer02032@example.invalid,,20230305,Japan,APAC,18-24,Paid Social,Spanish,1
2033,viewer_02033,viewer02033@example.invalid,,20230215,Canada,North America,45+,Search,English,1
2034,viewer_02034,viewer02034@example.invalid,,20240623,Mexico,Latin America,25-34,Referral,Japanese,0
2035,viewer_02035,viewer02035@example.invalid,,20250122,Indonesia,APAC,13-17,Organic,French,1
2036,viewer_02036,viewer02036@example.invalid,,20250516,France,Europe,35-44,Creator,German,1
2037,viewer_02037,viewer02037@example.invalid,515,20240417,Germany,Europe,18-24,Paid Social,Portuguese,0
2038,viewer_02038,viewer02038@example.invalid,,20251119,Brazil,Latin America,45+,Search,Spanish,1
2039,viewer_02039,viewer02039@example.invalid,,20230626,United States,North America,25-34,Referral,English,1
2040,viewer_02040,viewer02040@example.invalid,,20230525,Japan,APAC,13-17,Organic,Japanese,0
2041,viewer_02041,viewer02041@example.invalid,,20230810,Canada,North America,35-44,Creator,French,1
2042,viewer_02042,viewer02042@example.invalid,,20230303,Mexico,Latin America,18-24,Paid Social,German,1
2043,viewer_02043,viewer02043@example.invalid,,20241220,Indonesia,APAC,45+,Search,Portuguese,0
2044,viewer_02044,viewer02044@example.invalid,31,20250119,France,Europe,25-34,Referral,Spanish,1
2045,viewer_02045,viewer02045@example.invalid,,20240712,Germany,Europe,13-17,Organic,English,1
2046,viewer_02046,viewer02046@example.invalid,,20250514,Brazil,Latin America,35-44,Creator,Japanese,0
2047,viewer_02047,viewer02047@example.invalid,,20230104,United States,North America,18-24,Paid Social,French,1
2048,viewer_02048,viewer02048@example.invalid,,20250223,Japan,APAC,45+,Search,German,1
2049,viewer_02049,viewer02049@example.invalid,,20251024,Canada,North America,25-34,Referral,Portuguese,0
2050,viewer_02050,viewer02050@example.invalid,,20251031,Mexico,Latin America,13-17,Organic,Spanish,1
2051,viewer_02051,viewer02051@example.invalid,866,20241126,Indonesia,APAC,35-44,Creator,English,1
2052,viewer_02052,viewer02052@example.invalid,,20230628,France,Europe,18-24,Paid Social,Japanese,0
2053,viewer_02053,viewer02053@example.invalid,,20241214,Germany,Europe,45+,Search,French,1
2054,viewer_02054,viewer02054@example.invalid,,20241209,Brazil,Latin America,25-34,Referral,German,1
2055,viewer_02055,viewer02055@example.invalid,,20250317,United States,North America,13-17,Organic,Portuguese,0
2056,viewer_02056,viewer02056@example.invalid,,20250609,Japan,APAC,35-44,Creator,Spanish,1
2057,viewer_02057,viewer02057@example.invalid,,20230925,Canada,North America,18-24,Paid Social,English,1
2058,viewer_02058,viewer02058@example.invalid,1377,20230221,Mexico,Latin America,45+,Search,Japanese,0
2059,viewer_02059,viewer02059@example.invalid,,20251125,Indonesia,APAC,25-34,Referral,French,1
2060,viewer_02060,viewer02060@example.invalid,,20230411,France,Europe,13-17,Organic,German,1
2061,viewer_02061,viewer02061@example.invalid,,20250903,Germany,Europe,35-44,Creator,Portuguese,0
2062,viewer_02062,viewer02062@example.invalid,,20230617,Brazil,Latin America,18-24,Paid Social,Spanish,1
2063,viewer_02063,viewer02063@example.invalid,,20230228,United States,North America,45+,Search,English,1
2064,viewer_02064,viewer02064@example.invalid,,20250317,Japan,APAC,25-34,Referral,Japanese,0
2065,viewer_02065,viewer02065@example.invalid,1142,20240501,Canada,North America,13-17,Organic,French,1
2066,viewer_02066,viewer02066@example.invalid,,20240809,Mexico,Latin America,35-44,Creator,German,1
2067,viewer_02067,viewer02067@example.invalid,,20250820,Indonesia,APAC,18-24,Paid Social,Portuguese,0
2068,viewer_02068,viewer02068@example.invalid,,20240325,France,Europe,45+,Search,Spanish,1
2069,viewer_02069,viewer02069@example.invalid,,20251117,Germany,Europe,25-34,Referral,English,1
2070,viewer_02070,viewer02070@example.invalid,,20240612,Brazil,Latin America,13-17,Organic,Japanese,0
2071,viewer_02071,viewer02071@example.invalid,,20230806,United States,North America,35-44,Creator,French,1
2072,viewer_02072,viewer02072@example.invalid,1898,20240826,Japan,APAC,18-24,Paid Social,German,1
2073,viewer_02073,viewer02073@example.invalid,,20230407,Canada,North America,45+,Search,Portuguese,0
2074,viewer_02074,viewer02074@example.invalid,,20240713,Mexico,Latin America,25-34,Referral,Spanish,1
2075,viewer_02075,viewer02075@example.invalid,,20250103,Indonesia,APAC,13-17,Organic,English,1
2076,viewer_02076,viewer02076@example.invalid,,20230919,France,Europe,35-44,Creator,Japanese,0
2077,viewer_02077,viewer02077@example.invalid,,20251220,Germany,Europe,18-24,Paid Social,French,1
2078,viewer_02078,viewer02078@example.invalid,,20240712,Brazil,Latin America,45+,Search,German,1
2079,viewer_02079,viewer02079@example.invalid,1482,20250601,United States,North America,25-34,Referral,Portuguese,0
2080,viewer_02080,viewer02080@example.invalid,,20230514,Japan,APAC,13-17,Organic,Spanish,1
2081,viewer_02081,viewer02081@example.invalid,,20230223,Canada,North America,35-44,Creator,English,1
2082,viewer_02082,viewer02082@example.invalid,,20230227,Mexico,Latin America,18-24,Paid Social,Japanese,0
2083,viewer_02083,viewer02083@example.invalid,,20240129,Indonesia,APAC,45+,Search,French,1
2084,viewer_02084,viewer02084@example.invalid,,20240615,France,Europe,25-34,Referral,German,1
2085,viewer_02085,viewer02085@example.invalid,,20231106,Germany,Europe,13-17,Organic,Portuguese,0
2086,viewer_02086,viewer02086@example.invalid,1312,20250707,Brazil,Latin America,35-44,Creator,Spanish,1
2087,viewer_02087,viewer02087@example.invalid,,20250420,United States,North America,18-24,Paid Social,English,1
2088,viewer_02088,viewer02088@example.invalid,,20241106,Japan,APAC,45+,Search,Japanese,0
2089,viewer_02089,viewer02089@example.invalid,,20240924,Canada,North America,25-34,Referral,French,1
2090,viewer_02090,viewer02090@example.invalid,,20230121,Mexico,Latin America,13-17,Organic,German,1
2091,viewer_02091,viewer02091@example.invalid,,20250724,Indonesia,APAC,35-44,Creator,Portuguese,0
2092,viewer_02092,viewer02092@example.invalid,,20230922,France,Europe,18-24,Paid Social,Spanish,1
2093,viewer_02093,viewer02093@example.invalid,1826,20250729,Germany,Europe,45+,Search,English,1
2094,viewer_02094,viewer02094@example.invalid,,20240217,Brazil,Latin America,25-34,Referral,Japanese,0
2095,viewer_02095,viewer02095@example.invalid,,20230725,United States,North America,13-17,Organic,French,1
2096,viewer_02096,viewer02096@example.invalid,,20250901,Japan,APAC,35-44,Creator,German,1
2097,viewer_02097,viewer02097@example.invalid,,20250707,Canada,North America,18-24,Paid Social,Portuguese,0
2098,viewer_02098,viewer02098@example.invalid,,20240629,Mexico,Latin America,45+,Search,Spanish,1
2099,viewer_02099,viewer02099@example.invalid,,20230622,Indonesia,APAC,25-34,Referral,English,1
2100,viewer_02100,viewer02100@example.invalid,877,20240710,France,Europe,13-17,Organic,Japanese,0
2101,viewer_02101,viewer02101@example.invalid,,20230415,Germany,Europe,35-44,Creator,French,1
2102,viewer_02102,viewer02102@example.invalid,,20230615,Brazil,Latin America,18-24,Paid Social,German,1
2103,viewer_02103,viewer02103@example.invalid,,20250416,United States,North America,45+,Search,Portuguese,0
2104,viewer_02104,viewer02104@example.invalid,,20250519,Japan,APAC,25-34,Referral,Spanish,1
2105,viewer_02105,viewer02105@example.invalid,,20230415,Canada,North America,13-17,Organic,English,1
2106,viewer_02106,viewer02106@example.invalid,,20250603,Mexico,Latin America,35-44,Creator,Japanese,0
2107,viewer_02107,viewer02107@example.invalid,132,20240319,Indonesia,APAC,18-24,Paid Social,French,1
2108,viewer_02108,viewer02108@example.invalid,,20250705,France,Europe,45+,Search,German,1
2109,viewer_02109,viewer02109@example.invalid,,20250617,Germany,Europe,25-34,Referral,Portuguese,0
2110,viewer_02110,viewer02110@example.invalid,,20250603,Brazil,Latin America,13-17,Organic,Spanish,1
2111,viewer_02111,viewer02111@example.invalid,,20230613,United States,North America,35-44,Creator,English,1
2112,viewer_02112,viewer02112@example.invalid,,20250912,Japan,APAC,18-24,Paid Social,Japanese,0
2113,viewer_02113,viewer02113@example.invalid,,20240110,Canada,North America,45+,Search,French,1
2114,viewer_02114,viewer02114@example.invalid,896,20251202,Mexico,Latin America,25-34,Referral,German,1
2115,viewer_02115,viewer02115@example.invalid,,20231204,Indonesia,APAC,13-17,Organic,Portuguese,0
2116,viewer_02116,viewer02116@example.invalid,,20230820,France,Europe,35-44,Creator,Spanish,1
2117,viewer_02117,viewer02117@example.invalid,,20251021,Germany,Europe,18-24,Paid Social,English,1
2118,viewer_02118,viewer02118@example.invalid,,20250719,Brazil,Latin America,45+,Search,Japanese,0
2119,viewer_02119,viewer02119@example.invalid,,20240629,United States,North America,25-34,Referral,French,1
2120,viewer_02120,viewer02120@example.invalid,,20230305,Japan,APAC,13-17,Organic,German,1
2121,viewer_02121,viewer02121@example.invalid,895,20250315,Canada,North America,35-44,Creator,Portuguese,0
2122,viewer_02122,viewer02122@example.invalid,,20250825,Mexico,Latin America,18-24,Paid Social,Spanish,1
2123,viewer_02123,viewer02123@example.invalid,,20231218,Indonesia,APAC,45+,Search,English,1
2124,viewer_02124,viewer02124@example.invalid,,20241017,France,Europe,25-34,Referral,Japanese,0
2125,viewer_02125,viewer02125@example.invalid,,20241221,Germany,Europe,13-17,Organic,French,1
2126,viewer_02126,viewer02126@example.invalid,,20240428,Brazil,Latin America,35-44,Creator,German,1
2127,viewer_02127,viewer02127@example.invalid,,20230812,United States,North America,18-24,Paid Social,Portuguese,0
2128,viewer_02128,viewer02128@example.invalid,83,20250605,Japan,APAC,45+,Search,Spanish,1
2129,viewer_02129,viewer02129@example.invalid,,20241104,Canada,North America,25-34,Referral,English,1
2130,viewer_02130,viewer02130@example.invalid,,20230613,Mexico,Latin America,13-17,Organic,Japanese,0
2131,viewer_02131,viewer02131@example.invalid,,20240331,Indonesia,APAC,35-44,Creator,French,1
2132,viewer_02132,viewer02132@example.invalid,,20250120,France,Europe,18-24,Paid Social,German,1
2133,viewer_02133,viewer02133@example.invalid,,20230216,Germany,Europe,45+,Search,Portuguese,0
2134,viewer_02134,viewer02134@example.invalid,,20230611,Brazil,Latin America,25-34,Referral,Spanish,1
2135,viewer_02135,viewer02135@example.invalid,350,20230201,United States,North America,13-17,Organic,English,1
2136,viewer_02136,viewer02136@example.invalid,,20250213,Japan,APAC,35-44,Creator,Japanese,0
2137,viewer_02137,viewer02137@example.invalid,,20241005,Canada,North America,18-24,Paid Social,French,1
2138,viewer_02138,viewer02138@example.invalid,,20251114,Mexico,Latin America,45+,Search,German,1
2139,viewer_02139,viewer02139@example.invalid,,20240213,Indonesia,APAC,25-34,Referral,Portuguese,0
2140,viewer_02140,viewer02140@example.invalid,,20240401,France,Europe,13-17,Organic,Spanish,1
2141,viewer_02141,viewer02141@example.invalid,,20240329,Germany,Europe,35-44,Creator,English,1
2142,viewer_02142,viewer02142@example.invalid,572,20250923,Brazil,Latin America,18-24,Paid Social,Japanese,0
2143,viewer_02143,viewer02143@example.invalid,,20250219,United States,North America,45+,Search,French,1
2144,viewer_02144,viewer02144@example.invalid,,20250516,Japan,APAC,25-34,Referral,German,1
2145,viewer_02145,viewer02145@example.invalid,,20250107,Canada,North America,13-17,Organic,Portuguese,0
2146,viewer_02146,viewer02146@example.invalid,,20231115,Mexico,Latin America,35-44,Creator,Spanish,1
2147,viewer_02147,viewer02147@example.invalid,,20240529,Indonesia,APAC,18-24,Paid Social,English,1
2148,viewer_02148,viewer02148@example.invalid,,20230124,France,Europe,45+,Search,Japanese,0
2149,viewer_02149,viewer02149@example.invalid,1802,20241231,Germany,Europe,25-34,Referral,French,1
2150,viewer_02150,viewer02150@example.invalid,,20250319,Brazil,Latin America,13-17,Organic,German,1
2151,viewer_02151,viewer02151@example.invalid,,20250208,United States,North America,35-44,Creator,Portuguese,0
2152,viewer_02152,viewer02152@example.invalid,,20240409,Japan,APAC,18-24,Paid Social,Spanish,1
2153,viewer_02153,viewer02153@example.invalid,,20240426,Canada,North America,45+,Search,English,1
2154,viewer_02154,viewer02154@example.invalid,,20251201,Mexico,Latin America,25-34,Referral,Japanese,0
2155,viewer_02155,viewer02155@example.invalid,,20241121,Indonesia,APAC,13-17,Organic,French,1
2156,viewer_02156,viewer02156@example.invalid,1373,20250708,France,Europe,35-44,Creator,German,1
2157,viewer_02157,viewer02157@example.invalid,,20250401,Germany,Europe,18-24,Paid Social,Portuguese,0
2158,viewer_02158,viewer02158@example.invalid,,20231120,Brazil,Latin America,45+,Search,Spanish,1
2159,viewer_02159,viewer02159@example.invalid,,20250908,United States,North America,25-34,Referral,English,1
2160,viewer_02160,viewer02160@example.invalid,,20240423,Japan,APAC,13-17,Organic,Japanese,0
2161,viewer_02161,viewer02161@example.invalid,,20250920,Canada,North America,35-44,Creator,French,1
2162,viewer_02162,viewer02162@example.invalid,,20240110,Mexico,Latin America,18-24,Paid Social,German,1
2163,viewer_02163,viewer02163@example.invalid,598,20251109,Indonesia,APAC,45+,Search,Portuguese,0
2164,viewer_02164,viewer02164@example.invalid,,20231128,France,Europe,25-34,Referral,Spanish,1
2165,viewer_02165,viewer02165@example.invalid,,20240721,Germany,Europe,13-17,Organic,English,1
2166,viewer_02166,viewer02166@example.invalid,,20250925,Brazil,Latin America,35-44,Creator,Japanese,0
2167,viewer_02167,viewer02167@example.invalid,,20250228,United States,North America,18-24,Paid Social,French,1
2168,viewer_02168,viewer02168@example.invalid,,20240612,Japan,APAC,45+,Search,German,1
2169,viewer_02169,viewer02169@example.invalid,,20240630,Canada,North America,25-34,Referral,Portuguese,0
2170,viewer_02170,viewer02170@example.invalid,297,20231211,Mexico,Latin America,13-17,Organic,Spanish,1
2171,viewer_02171,viewer02171@example.invalid,,20250306,Indonesia,APAC,35-44,Creator,English,1
2172,viewer_02172,viewer02172@example.invalid,,20231211,France,Europe,18-24,Paid Social,Japanese,0
2173,viewer_02173,viewer02173@example.invalid,,20231211,Germany,Europe,45+,Search,French,1
2174,viewer_02174,viewer02174@example.invalid,,20250129,Brazil,Latin America,25-34,Referral,German,1
2175,viewer_02175,viewer02175@example.invalid,,20250712,United States,North America,13-17,Organic,Portuguese,0
2176,viewer_02176,viewer02176@example.invalid,,20240322,Japan,APAC,35-44,Creator,Spanish,1
2177,viewer_02177,viewer02177@example.invalid,1668,20251005,Canada,North America,18-24,Paid Social,English,1
2178,viewer_02178,viewer02178@example.invalid,,20230126,Mexico,Latin America,45+,Search,Japanese,0
2179,viewer_02179,viewer02179@example.invalid,,20240205,Indonesia,APAC,25-34,Referral,French,1
2180,viewer_02180,viewer02180@example.invalid,,20230624,France,Europe,13-17,Organic,German,1
2181,viewer_02181,viewer02181@example.invalid,,20251013,Germany,Europe,35-44,Creator,Portuguese,0
2182,viewer_02182,viewer02182@example.invalid,,20240331,Brazil,Latin America,18-24,Paid Social,Spanish,1
2183,viewer_02183,viewer02183@example.invalid,,20230618,United States,North America,45+,Search,English,1
2184,viewer_02184,viewer02184@example.invalid,1701,20250317,Japan,APAC,25-34,Referral,Japanese,0
2185,viewer_02185,viewer02185@example.invalid,,20250721,Canada,North America,13-17,Organic,French,1
2186,viewer_02186,viewer02186@example.invalid,,20250116,Mexico,Latin America,35-44,Creator,German,1
2187,viewer_02187,viewer02187@example.invalid,,20231020,Indonesia,APAC,18-24,Paid Social,Portuguese,0
2188,viewer_02188,viewer02188@example.invalid,,20230401,France,Europe,45+,Search,Spanish,1
2189,viewer_02189,viewer02189@example.invalid,,20250623,Germany,Europe,25-34,Referral,English,1
2190,viewer_02190,viewer02190@example.invalid,,20231209,Brazil,Latin America,13-17,Organic,Japanese,0
2191,viewer_02191,viewer02191@example.invalid,142,20241104,United States,North America,35-44,Creator,French,1
2192,viewer_02192,viewer02192@example.invalid,,20240617,Japan,APAC,18-24,Paid Social,German,1
2193,viewer_02193,viewer02193@example.invalid,,20240323,Canada,North America,45+,Search,Portuguese,0
2194,viewer_02194,viewer02194@example.invalid,,20240220,Mexico,Latin America,25-34,Referral,Spanish,1
2195,viewer_02195,viewer02195@example.invalid,,20230122,Indonesia,APAC,13-17,Organic,English,1
2196,viewer_02196,viewer02196@example.invalid,,20230922,France,Europe,35-44,Creator,Japanese,0
2197,viewer_02197,viewer02197@example.invalid,,20240318,Germany,Europe,18-24,Paid Social,French,1
2198,viewer_02198,viewer02198@example.invalid,957,20250823,Brazil,Latin America,45+,Search,German,1
2199,viewer_02199,viewer02199@example.invalid,,20250322,United States,North America,25-34,Referral,Portuguese,0
2200,viewer_02200,viewer02200@example.invalid,,20230610,Japan,APAC,13-17,Organic,Spanish,1
2201,viewer_02201,viewer02201@example.invalid,,20240606,Canada,North America,35-44,Creator,English,1
2202,viewer_02202,viewer02202@example.invalid,,20250514,Mexico,Latin America,18-24,Paid Social,Japanese,0
2203,viewer_02203,viewer02203@example.invalid,,20230831,Indonesia,APAC,45+,Search,French,1
2204,viewer_02204,viewer02204@example.invalid,,20250910,France,Europe,25-34,Referral,German,1
2205,viewer_02205,viewer02205@example.invalid,1239,20230409,Germany,Europe,13-17,Organic,Portuguese,0
2206,viewer_02206,viewer02206@example.invalid,,20251112,Brazil,Latin America,35-44,Creator,Spanish,1
2207,viewer_02207,viewer02207@example.invalid,,20230412,United States,North America,18-24,Paid Social,English,1
2208,viewer_02208,viewer02208@example.invalid,,20240227,Japan,APAC,45+,Search,Japanese,0
2209,viewer_02209,viewer02209@example.invalid,,20241120,Canada,North America,25-34,Referral,French,1
2210,viewer_02210,viewer02210@example.invalid,,20240925,Mexico,Latin America,13-17,Organic,German,1
2211,viewer_02211,viewer02211@example.invalid,,20230902,Indonesia,APAC,35-44,Creator,Portuguese,0
2212,viewer_02212,viewer02212@example.invalid,1937,20250127,France,Europe,18-24,Paid Social,Spanish,1
2213,viewer_02213,viewer02213@example.invalid,,20230503,Germany,Europe,45+,Search,English,1
2214,viewer_02214,viewer02214@example.invalid,,20240830,Brazil,Latin America,25-34,Referral,Japanese,0
2215,viewer_02215,viewer02215@example.invalid,,20240408,United States,North America,13-17,Organic,French,1
2216,viewer_02216,viewer02216@example.invalid,,20240120,Japan,APAC,35-44,Creator,German,1
2217,viewer_02217,viewer02217@example.invalid,,20241111,Canada,North America,18-24,Paid Social,Portuguese,0
2218,viewer_02218,viewer02218@example.invalid,,20231229,Mexico,Latin America,45+,Search,Spanish,1
2219,viewer_02219,viewer02219@example.invalid,2024,20241120,Indonesia,APAC,25-34,Referral,English,1
2220,viewer_02220,viewer02220@example.invalid,,20250212,France,Europe,13-17,Organic,Japanese,0
2221,viewer_02221,viewer02221@example.invalid,,20230401,Germany,Europe,35-44,Creator,French,1
2222,viewer_02222,viewer02222@example.invalid,,20251111,Brazil,Latin America,18-24,Paid Social,German,1
2223,viewer_02223,viewer02223@example.invalid,,20230503,United States,North America,45+,Search,Portuguese,0
2224,viewer_02224,viewer02224@example.invalid,,20240303,Japan,APAC,25-34,Referral,Spanish,1
2225,viewer_02225,viewer02225@example.invalid,,20251010,Canada,North America,13-17,Organic,English,1
2226,viewer_02226,viewer02226@example.invalid,1250,20251204,Mexico,Latin America,35-44,Creator,Japanese,0
2227,viewer_02227,viewer02227@example.invalid,,20240913,Indonesia,APAC,18-24,Paid Social,French,1
2228,viewer_02228,viewer02228@example.invalid,,20250820,France,Europe,45+,Search,German,1
2229,viewer_02229,viewer02229@example.invalid,,20250609,Germany,Europe,25-34,Referral,Portuguese,0
2230,viewer_02230,viewer02230@example.invalid,,20241006,Brazil,Latin America,13-17,Organic,Spanish,1
2231,viewer_02231,viewer02231@example.invalid,,20230618,United States,North America,35-44,Creator,English,1
2232,viewer_02232,viewer02232@example.invalid,,20230825,Japan,APAC,18-24,Paid Social,Japanese,0
2233,viewer_02233,viewer02233@example.invalid,251,20250514,Canada,North America,45+,Search,French,1
2234,viewer_02234,viewer02234@example.invalid,,20230603,Mexico,Latin America,25-34,Referral,German,1
2235,viewer_02235,viewer02235@example.invalid,,20230910,Indonesia,APAC,13-17,Organic,Portuguese,0
2236,viewer_02236,viewer02236@example.invalid,,20230925,France,Europe,35-44,Creator,Spanish,1
2237,viewer_02237,viewer02237@example.invalid,,20230608,Germany,Europe,18-24,Paid Social,English,1
2238,viewer_02238,viewer02238@example.invalid,,20230202,Brazil,Latin America,45+,Search,Japanese,0
2239,viewer_02239,viewer02239@example.invalid,,20250612,United States,North America,25-34,Referral,French,1
2240,viewer_02240,viewer02240@example.invalid,736,20240131,Japan,APAC,13-17,Organic,German,1
2241,viewer_02241,viewer02241@example.invalid,,20250221,Canada,North America,35-44,Creator,Portuguese,0
2242,viewer_02242,viewer02242@example.invalid,,20231201,Mexico,Latin America,18-24,Paid Social,Spanish,1
2243,viewer_02243,viewer02243@example.invalid,,20250910,Indonesia,APAC,45+,Search,English,1
2244,viewer_02244,viewer02244@example.invalid,,20230505,France,Europe,25-34,Referral,Japanese,0
2245,viewer_02245,viewer02245@example.invalid,,20230901,Germany,Europe,13-17,Organic,French,1
2246,viewer_02246,viewer02246@example.invalid,,20241229,Brazil,Latin America,35-44,Creator,German,1
2247,viewer_02247,viewer02247@example.invalid,819,20240609,United States,North America,18-24,Paid Social,Portuguese,0
2248,viewer_02248,viewer02248@example.invalid,,20240720,Japan,APAC,45+,Search,Spanish,1
2249,viewer_02249,viewer02249@example.invalid,,20240309,Canada,North America,25-34,Referral,English,1
2250,viewer_02250,viewer02250@example.invalid,,20230114,Mexico,Latin America,13-17,Organic,Japanese,0
2251,viewer_02251,viewer02251@example.invalid,,20251001,Indonesia,APAC,35-44,Creator,French,1
2252,viewer_02252,viewer02252@example.invalid,,20241127,France,Europe,18-24,Paid Social,German,1
2253,viewer_02253,viewer02253@example.invalid,,20241017,Germany,Europe,45+,Search,Portuguese,0
2254,viewer_02254,viewer02254@example.invalid,738,20240808,Brazil,Latin America,25-34,Referral,Spanish,1
2255,viewer_02255,viewer02255@example.invalid,,20230611,United States,North America,13-17,Organic,English,1
2256,viewer_02256,viewer02256@example.invalid,,20250208,Japan,APAC,35-44,Creator,Japanese,0
2257,viewer_02257,viewer02257@example.invalid,,20250822,Canada,North America,18-24,Paid Social,French,1
2258,viewer_02258,viewer02258@example.invalid,,20231108,Mexico,Latin America,45+,Search,German,1
2259,viewer_02259,viewer02259@example.invalid,,20230118,Indonesia,APAC,25-34,Referral,Portuguese,0
2260,viewer_02260,viewer02260@example.invalid,,20230620,France,Europe,13-17,Organic,Spanish,1
2261,viewer_02261,viewer02261@example.invalid,435,20250515,Germany,Europe,35-44,Creator,English,1
2262,viewer_02262,viewer02262@example.invalid,,20230924,Brazil,Latin America,18-24,Paid Social,Japanese,0
2263,viewer_02263,viewer02263@example.invalid,,20230906,United States,North America,45+,Search,French,1
2264,viewer_02264,viewer02264@example.invalid,,20251031,Japan,APAC,25-34,Referral,German,1
2265,viewer_02265,viewer02265@example.invalid,,20230211,Canada,North America,13-17,Organic,Portuguese,0
2266,viewer_02266,viewer02266@example.invalid,,20250504,Mexico,Latin America,35-44,Creator,Spanish,1
2267,viewer_02267,viewer02267@example.invalid,,20240418,Indonesia,APAC,18-24,Paid Social,English,1
2268,viewer_02268,viewer02268@example.invalid,336,20250824,France,Europe,45+,Search,Japanese,0
2269,viewer_02269,viewer02269@example.invalid,,20230321,Germany,Europe,25-34,Referral,French,1
2270,viewer_02270,viewer02270@example.invalid,,20240219,Brazil,Latin America,13-17,Organic,German,1
2271,viewer_02271,viewer02271@example.invalid,,20240119,United States,North America,35-44,Creator,Portuguese,0
2272,viewer_02272,viewer02272@example.invalid,,20230923,Japan,APAC,18-24,Paid Social,Spanish,1
2273,viewer_02273,viewer02273@example.invalid,,20250120,Canada,North America,45+,Search,English,1
2274,viewer_02274,viewer02274@example.invalid,,20230506,Mexico,Latin America,25-34,Referral,Japanese,0
2275,viewer_02275,viewer02275@example.invalid,151,20240219,Indonesia,APAC,13-17,Organic,French,1
2276,viewer_02276,viewer02276@example.invalid,,20241010,France,Europe,35-44,Creator,German,1
2277,viewer_02277,viewer02277@example.invalid,,20230719,Germany,Europe,18-24,Paid Social,Portuguese,0
2278,viewer_02278,viewer02278@example.invalid,,20240906,Brazil,Latin America,45+,Search,Spanish,1
2279,viewer_02279,viewer02279@example.invalid,,20230803,United States,North America,25-34,Referral,English,1
2280,viewer_02280,viewer02280@example.invalid,,20231004,Japan,APAC,13-17,Organic,Japanese,0
2281,viewer_02281,viewer02281@example.invalid,,20250208,Canada,North America,35-44,Creator,French,1
2282,viewer_02282,viewer02282@example.invalid,1190,20241016,Mexico,Latin America,18-24,Paid Social,German,1
2283,viewer_02283,viewer02283@example.invalid,,20241010,Indonesia,APAC,45+,Search,Portuguese,0
2284,viewer_02284,viewer02284@example.invalid,,20230908,France,Europe,25-34,Referral,Spanish,1
2285,viewer_02285,viewer02285@example.invalid,,20251115,Germany,Europe,13-17,Organic,English,1
2286,viewer_02286,viewer02286@example.invalid,,20230508,Brazil,Latin America,35-44,Creator,Japanese,0
2287,viewer_02287,viewer02287@example.invalid,,20240430,United States,North America,18-24,Paid Social,French,1
2288,viewer_02288,viewer02288@example.invalid,,20241104,Japan,APAC,45+,Search,German,1
2289,viewer_02289,viewer02289@example.invalid,39,20230715,Canada,North America,25-34,Referral,Portuguese,0
2290,viewer_02290,viewer02290@example.invalid,,20250504,Mexico,Latin America,13-17,Organic,Spanish,1
2291,viewer_02291,viewer02291@example.invalid,,20230422,Indonesia,APAC,35-44,Creator,English,1
2292,viewer_02292,viewer02292@example.invalid,,20250420,France,Europe,18-24,Paid Social,Japanese,0
2293,viewer_02293,viewer02293@example.invalid,,20240309,Germany,Europe,45+,Search,French,1
2294,viewer_02294,viewer02294@example.invalid,,20230509,Brazil,Latin America,25-34,Referral,German,1
2295,viewer_02295,viewer02295@example.invalid,,20240905,United States,North America,13-17,Organic,Portuguese,0
2296,viewer_02296,viewer02296@example.invalid,1953,20230111,Japan,APAC,35-44,Creator,Spanish,1
2297,viewer_02297,viewer02297@example.invalid,,20230610,Canada,North America,18-24,Paid Social,English,1
2298,viewer_02298,viewer02298@example.invalid,,20230729,Mexico,Latin America,45+,Search,Japanese,0
2299,viewer_02299,viewer02299@example.invalid,,20251223,Indonesia,APAC,25-34,Referral,French,1
2300,viewer_02300,viewer02300@example.invalid,,20240331,France,Europe,13-17,Organic,German,1
2301,viewer_02301,viewer02301@example.invalid,,20231207,Germany,Europe,35-44,Creator,Portuguese,0
2302,viewer_02302,viewer02302@example.invalid,,20240519,Brazil,Latin America,18-24,Paid Social,Spanish,1
2303,viewer_02303,viewer02303@example.invalid,779,20230826,United States,North America,45+,Search,English,1
2304,viewer_02304,viewer02304@example.invalid,,20250512,Japan,APAC,25-34,Referral,Japanese,0
2305,viewer_02305,viewer02305@example.invalid,,20240121,Canada,North America,13-17,Organic,French,1
2306,viewer_02306,viewer02306@example.invalid,,20240913,Mexico,Latin America,35-44,Creator,German,1
2307,viewer_02307,viewer02307@example.invalid,,20251121,Indonesia,APAC,18-24,Paid Social,Portuguese,0
2308,viewer_02308,viewer02308@example.invalid,,20250115,France,Europe,45+,Search,Spanish,1
2309,viewer_02309,viewer02309@example.invalid,,20230508,Germany,Europe,25-34,Referral,English,1
2310,viewer_02310,viewer02310@example.invalid,794,20230916,Brazil,Latin America,13-17,Organic,Japanese,0
2311,viewer_02311,viewer02311@example.invalid,,20250924,United States,North America,35-44,Creator,French,1
2312,viewer_02312,viewer02312@example.invalid,,20241009,Japan,APAC,18-24,Paid Social,German,1
2313,viewer_02313,viewer02313@example.invalid,,20250415,Canada,North America,45+,Search,Portuguese,0
2314,viewer_02314,viewer02314@example.invalid,,20250322,Mexico,Latin America,25-34,Referral,Spanish,1
2315,viewer_02315,viewer02315@example.invalid,,20240727,Indonesia,APAC,13-17,Organic,English,1
2316,viewer_02316,viewer02316@example.invalid,,20230507,France,Europe,35-44,Creator,Japanese,0
2317,viewer_02317,viewer02317@example.invalid,135,20230807,Germany,Europe,18-24,Paid Social,French,1
2318,viewer_02318,viewer02318@example.invalid,,20231128,Brazil,Latin America,45+,Search,German,1
2319,viewer_02319,viewer02319@example.invalid,,20250716,United States,North America,25-34,Referral,Portuguese,0
2320,viewer_02320,viewer02320@example.invalid,,20241126,Japan,APAC,13-17,Organic,Spanish,1
2321,viewer_02321,viewer02321@example.invalid,,20240315,Canada,North America,35-44,Creator,English,1
2322,viewer_02322,viewer02322@example.invalid,,20230530,Mexico,Latin America,18-24,Paid Social,Japanese,0
2323,viewer_02323,viewer02323@example.invalid,,20240619,Indonesia,APAC,45+,Search,French,1
2324,viewer_02324,viewer02324@example.invalid,264,20241217,France,Europe,25-34,Referral,German,1
2325,viewer_02325,viewer02325@example.invalid,,20240529,Germany,Europe,13-17,Organic,Portuguese,0
2326,viewer_02326,viewer02326@example.invalid,,20251218,Brazil,Latin America,35-44,Creator,Spanish,1
2327,viewer_02327,viewer02327@example.invalid,,20240727,United States,North America,18-24,Paid Social,English,1
2328,viewer_02328,viewer02328@example.invalid,,20250426,Japan,APAC,45+,Search,Japanese,0
2329,viewer_02329,viewer02329@example.invalid,,20250821,Canada,North America,25-34,Referral,French,1
2330,viewer_02330,viewer02330@example.invalid,,20250225,Mexico,Latin America,13-17,Organic,German,1
2331,viewer_02331,viewer02331@example.invalid,517,20250422,Indonesia,APAC,35-44,Creator,Portuguese,0
2332,viewer_02332,viewer02332@example.invalid,,20240814,France,Europe,18-24,Paid Social,Spanish,1
2333,viewer_02333,viewer02333@example.invalid,,20241204,Germany,Europe,45+,Search,English,1
2334,viewer_02334,viewer02334@example.invalid,,20230915,Brazil,Latin America,25-34,Referral,Japanese,0
2335,viewer_02335,viewer02335@example.invalid,,20241122,United States,North America,13-17,Organic,French,1
2336,viewer_02336,viewer02336@example.invalid,,20230626,Japan,APAC,35-44,Creator,German,1
2337,viewer_02337,viewer02337@example.invalid,,20241222,Canada,North America,18-24,Paid Social,Portuguese,0
2338,viewer_02338,viewer02338@example.invalid,1183,20230618,Mexico,Latin America,45+,Search,Spanish,1
2339,viewer_02339,viewer02339@example.invalid,,20250726,Indonesia,APAC,25-34,Referral,English,1
2340,viewer_02340,viewer02340@example.invalid,,20251102,France,Europe,13-17,Organic,Japanese,0
2341,viewer_02341,viewer02341@example.invalid,,20241211,Germany,Europe,35-44,Creator,French,1
2342,viewer_02342,viewer02342@example.invalid,,20250803,Brazil,Latin America,18-24,Paid Social,German,1
2343,viewer_02343,viewer02343@example.invalid,,20240527,United States,North America,45+,Search,Portuguese,0
2344,viewer_02344,viewer02344@example.invalid,,20250321,Japan,APAC,25-34,Referral,Spanish,1
2345,viewer_02345,viewer02345@example.invalid,1268,20230924,Canada,North America,13-17,Organic,English,1
2346,viewer_02346,viewer02346@example.invalid,,20230404,Mexico,Latin America,35-44,Creator,Japanese,0
2347,viewer_02347,viewer02347@example.invalid,,20240215,Indonesia,APAC,18-24,Paid Social,French,1
2348,viewer_02348,viewer02348@example.invalid,,20240423,France,Europe,45+,Search,German,1
2349,viewer_02349,viewer02349@example.invalid,,20241107,Germany,Europe,25-34,Referral,Portuguese,0
2350,viewer_02350,viewer02350@example.invalid,,20250104,Brazil,Latin America,13-17,Organic,Spanish,1
2351,viewer_02351,viewer02351@example.invalid,,20231221,United States,North America,35-44,Creator,English,1
2352,viewer_02352,viewer02352@example.invalid,286,20240927,Japan,APAC,18-24,Paid Social,Japanese,0
2353,viewer_02353,viewer02353@example.invalid,,20231110,Canada,North America,45+,Search,French,1
2354,viewer_02354,viewer02354@example.invalid,,20250919,Mexico,Latin America,25-34,Referral,German,1
2355,viewer_02355,viewer02355@example.invalid,,20250709,Indonesia,APAC,13-17,Organic,Portuguese,0
2356,viewer_02356,viewer02356@example.invalid,,20251230,France,Europe,35-44,Creator,Spanish,1
2357,viewer_02357,viewer02357@example.invalid,,20251229,Germany,Europe,18-24,Paid Social,English,1
2358,viewer_02358,viewer02358@example.invalid,,20231225,Brazil,Latin America,45+,Search,Japanese,0
2359,viewer_02359,viewer02359@example.invalid,1124,20250110,United States,North America,25-34,Referral,French,1
2360,viewer_02360,viewer02360@example.invalid,,20230508,Japan,APAC,13-17,Organic,German,1
2361,viewer_02361,viewer02361@example.invalid,,20250226,Canada,North America,35-44,Creator,Portuguese,0
2362,viewer_02362,viewer02362@example.invalid,,20231102,Mexico,Latin America,18-24,Paid Social,Spanish,1
2363,viewer_02363,viewer02363@example.invalid,,20240307,Indonesia,APAC,45+,Search,English,1
2364,viewer_02364,viewer02364@example.invalid,,20250305,France,Europe,25-34,Referral,Japanese,0
2365,viewer_02365,viewer02365@example.invalid,,20231001,Germany,Europe,13-17,Organic,French,1
2366,viewer_02366,viewer02366@example.invalid,1792,20241122,Brazil,Latin America,35-44,Creator,German,1
2367,viewer_02367,viewer02367@example.invalid,,20251023,United States,North America,18-24,Paid Social,Portuguese,0
2368,viewer_02368,viewer02368@example.invalid,,20241214,Japan,APAC,45+,Search,Spanish,1
2369,viewer_02369,viewer02369@example.invalid,,20241209,Canada,North America,25-34,Referral,English,1
2370,viewer_02370,viewer02370@example.invalid,,20251222,Mexico,Latin America,13-17,Organic,Japanese,0
2371,viewer_02371,viewer02371@example.invalid,,20251226,Indonesia,APAC,35-44,Creator,French,1
2372,viewer_02372,viewer02372@example.invalid,,20251216,France,Europe,18-24,Paid Social,German,1
2373,viewer_02373,viewer02373@example.invalid,1856,20230301,Germany,Europe,45+,Search,Portuguese,0
2374,viewer_02374,viewer02374@example.invalid,,20230311,Brazil,Latin America,25-34,Referral,Spanish,1
2375,viewer_02375,viewer02375@example.invalid,,20241219,United States,North America,13-17,Organic,English,1
2376,viewer_02376,viewer02376@example.invalid,,20230216,Japan,APAC,35-44,Creator,Japanese,0
2377,viewer_02377,viewer02377@example.invalid,,20250605,Canada,North America,18-24,Paid Social,French,1
2378,viewer_02378,viewer02378@example.invalid,,20250614,Mexico,Latin America,45+,Search,German,1
2379,viewer_02379,viewer02379@example.invalid,,20231227,Indonesia,APAC,25-34,Referral,Portuguese,0
2380,viewer_02380,viewer02380@example.invalid,1119,20251210,France,Europe,13-17,Organic,Spanish,1
2381,viewer_02381,viewer02381@example.invalid,,20240713,Germany,Europe,35-44,Creator,English,1
2382,viewer_02382,viewer02382@example.invalid,,20230912,Brazil,Latin America,18-24,Paid Social,Japanese,0
2383,viewer_02383,viewer02383@example.invalid,,20250513,United States,North America,45+,Search,French,1
2384,viewer_02384,viewer02384@example.invalid,,20250416,Japan,APAC,25-34,Referral,German,1
2385,viewer_02385,viewer02385@example.invalid,,20240608,Canada,North America,13-17,Organic,Portuguese,0
2386,viewer_02386,viewer02386@example.invalid,,20251126,Mexico,Latin America,35-44,Creator,Spanish,1
2387,viewer_02387,viewer02387@example.invalid,469,20230525,Indonesia,APAC,18-24,Paid Social,English,1
2388,viewer_02388,viewer02388@example.invalid,,20230108,France,Europe,45+,Search,Japanese,0
2389,viewer_02389,viewer02389@example.invalid,,20230508,Germany,Europe,25-34,Referral,French,1
2390,viewer_02390,viewer02390@example.invalid,,20240518,Brazil,Latin America,13-17,Organic,German,1
2391,viewer_02391,viewer02391@example.invalid,,20250815,United States,North America,35-44,Creator,Portuguese,0
2392,viewer_02392,viewer02392@example.invalid,,20230415,Japan,APAC,18-24,Paid Social,Spanish,1
2393,viewer_02393,viewer02393@example.invalid,,20250410,Canada,North America,45+,Search,English,1
2394,viewer_02394,viewer02394@example.invalid,1922,20230922,Mexico,Latin America,25-34,Referral,Japanese,0
2395,viewer_02395,viewer02395@example.invalid,,20240621,Indonesia,APAC,13-17,Organic,French,1
2396,viewer_02396,viewer02396@example.invalid,,20251225,France,Europe,35-44,Creator,German,1
2397,viewer_02397,viewer02397@example.invalid,,20231122,Germany,Europe,18-24,Paid Social,Portuguese,0
2398,viewer_02398,viewer02398@example.invalid,,20250216,Brazil,Latin America,45+,Search,Spanish,1
2399,viewer_02399,viewer02399@example.invalid,,20230131,United States,North America,25-34,Referral,English,1
2400,viewer_02400,viewer02400@example.invalid,,20230202,Japan,APAC,13-17,Organic,Japanese,0
2401,viewer_02401,viewer02401@example.invalid,1852,20251123,Canada,North America,35-44,Creator,French,1
2402,viewer_02402,viewer02402@example.invalid,,20240220,Mexico,Latin America,18-24,Paid Social,German,1
2403,viewer_02403,viewer02403@example.invalid,,20240214,Indonesia,APAC,45+,Search,Portuguese,0
2404,viewer_02404,viewer02404@example.invalid,,20230115,France,Europe,25-34,Referral,Spanish,1
2405,viewer_02405,viewer02405@example.invalid,,20240613,Germany,Europe,13-17,Organic,English,1
2406,viewer_02406,viewer02406@example.invalid,,20251024,Brazil,Latin America,35-44,Creator,Japanese,0
2407,viewer_02407,viewer02407@example.invalid,,20250116,United States,North America,18-24,Paid Social,French,1
2408,viewer_02408,viewer02408@example.invalid,769,20250905,Japan,APAC,45+,Search,German,1
2409,viewer_02409,viewer02409@example.invalid,,20231231,Canada,North America,25-34,Referral,Portuguese,0
2410,viewer_02410,viewer02410@example.invalid,,20240422,Mexico,Latin America,13-17,Organic,Spanish,1
2411,viewer_02411,viewer02411@example.invalid,,20230902,Indonesia,APAC,35-44,Creator,English,1
2412,viewer_02412,viewer02412@example.invalid,,20231129,France,Europe,18-24,Paid Social,Japanese,0
2413,viewer_02413,viewer02413@example.invalid,,20241025,Germany,Europe,45+,Search,French,1
2414,viewer_02414,viewer02414@example.invalid,,20230907,Brazil,Latin America,25-34,Referral,German,1
2415,viewer_02415,viewer02415@example.invalid,1989,20250916,United States,North America,13-17,Organic,Portuguese,0
2416,viewer_02416,viewer02416@example.invalid,,20250503,Japan,APAC,35-44,Creator,Spanish,1
2417,viewer_02417,viewer02417@example.invalid,,20251224,Canada,North America,18-24,Paid Social,English,1
2418,viewer_02418,viewer02418@example.invalid,,20230210,Mexico,Latin America,45+,Search,Japanese,0
2419,viewer_02419,viewer02419@example.invalid,,20231009,Indonesia,APAC,25-34,Referral,French,1
2420,viewer_02420,viewer02420@example.invalid,,20240606,France,Europe,13-17,Organic,German,1
2421,viewer_02421,viewer02421@example.invalid,,20240211,Germany,Europe,35-44,Creator,Portuguese,0
2422,viewer_02422,viewer02422@example.invalid,1213,20250728,Brazil,Latin America,18-24,Paid Social,Spanish,1
2423,viewer_02423,viewer02423@example.invalid,,20240228,United States,North America,45+,Search,English,1
2424,viewer_02424,viewer02424@example.invalid,,20250531,Japan,APAC,25-34,Referral,Japanese,0
2425,viewer_02425,viewer02425@example.invalid,,20230117,Canada,North America,13-17,Organic,French,1
2426,viewer_02426,viewer02426@example.invalid,,20240731,Mexico,Latin America,35-44,Creator,German,1
2427,viewer_02427,viewer02427@example.invalid,,20250613,Indonesia,APAC,18-24,Paid Social,Portuguese,0
2428,viewer_02428,viewer02428@example.invalid,,20241026,France,Europe,45+,Search,Spanish,1
2429,viewer_02429,viewer02429@example.invalid,404,20240829,Germany,Europe,25-34,Referral,English,1
2430,viewer_02430,viewer02430@example.invalid,,20240802,Brazil,Latin America,13-17,Organic,Japanese,0
2431,viewer_02431,viewer02431@example.invalid,,20241206,United States,North America,35-44,Creator,French,1
2432,viewer_02432,viewer02432@example.invalid,,20251219,Japan,APAC,18-24,Paid Social,German,1
2433,viewer_02433,viewer02433@example.invalid,,20250705,Canada,North America,45+,Search,Portuguese,0
2434,viewer_02434,viewer02434@example.invalid,,20241128,Mexico,Latin America,25-34,Referral,Spanish,1
2435,viewer_02435,viewer02435@example.invalid,,20230623,Indonesia,APAC,13-17,Organic,English,1
2436,viewer_02436,viewer02436@example.invalid,1202,20251010,France,Europe,35-44,Creator,Japanese,0
2437,viewer_02437,viewer02437@example.invalid,,20230912,Germany,Europe,18-24,Paid Social,French,1
2438,viewer_02438,viewer02438@example.invalid,,20250322,Brazil,Latin America,45+,Search,German,1
2439,viewer_02439,viewer02439@example.invalid,,20230526,United States,North America,25-34,Referral,Portuguese,0
2440,viewer_02440,viewer02440@example.invalid,,20250916,Japan,APAC,13-17,Organic,Spanish,1
2441,viewer_02441,viewer02441@example.invalid,,20230307,Canada,North America,35-44,Creator,English,1
2442,viewer_02442,viewer02442@example.invalid,,20230205,Mexico,Latin America,18-24,Paid Social,Japanese,0
2443,viewer_02443,viewer02443@example.invalid,1128,20250818,Indonesia,APAC,45+,Search,French,1
2444,viewer_02444,viewer02444@example.invalid,,20231005,France,Europe,25-34,Referral,German,1
2445,viewer_02445,viewer02445@example.invalid,,20250804,Germany,Europe,13-17,Organic,Portuguese,0
2446,viewer_02446,viewer02446@example.invalid,,20250503,Brazil,Latin America,35-44,Creator,Spanish,1
2447,viewer_02447,viewer02447@example.invalid,,20230713,United States,North America,18-24,Paid Social,English,1
2448,viewer_02448,viewer02448@example.invalid,,20240728,Japan,APAC,45+,Search,Japanese,0
2449,viewer_02449,viewer02449@example.invalid,,20240525,Canada,North America,25-34,Referral,French,1
2450,viewer_02450,viewer02450@example.invalid,2138,20230131,Mexico,Latin America,13-17,Organic,German,1
2451,viewer_02451,viewer02451@example.invalid,,20251219,Indonesia,APAC,35-44,Creator,Portuguese,0
2452,viewer_02452,viewer02452@example.invalid,,20250612,France,Europe,18-24,Paid Social,Spanish,1
2453,viewer_02453,viewer02453@example.invalid,,20240807,Germany,Europe,45+,Search,English,1
2454,viewer_02454,viewer02454@example.invalid,,20240403,Brazil,Latin America,25-34,Referral,Japanese,0
2455,viewer_02455,viewer02455@example.invalid,,20231005,United States,North America,13-17,Organic,French,1
2456,viewer_02456,viewer02456@example.invalid,,20251006,Japan,APAC,35-44,Creator,German,1
2457,viewer_02457,viewer02457@example.invalid,2216,20251002,Canada,North America,18-24,Paid Social,Portuguese,0
2458,viewer_02458,viewer02458@example.invalid,,20240109,Mexico,Latin America,45+,Search,Spanish,1
2459,viewer_02459,viewer02459@example.invalid,,20250302,Indonesia,APAC,25-34,Referral,English,1
2460,viewer_02460,viewer02460@example.invalid,,20230317,France,Europe,13-17,Organic,Japanese,0
2461,viewer_02461,viewer02461@example.invalid,,20251225,Germany,Europe,35-44,Creator,French,1
2462,viewer_02462,viewer02462@example.invalid,,20250322,Brazil,Latin America,18-24,Paid Social,German,1
2463,viewer_02463,viewer02463@example.invalid,,20251120,United States,North America,45+,Search,Portuguese,0
2464,viewer_02464,viewer02464@example.invalid,1750,20240605,Japan,APAC,25-34,Referral,Spanish,1
2465,viewer_02465,viewer02465@example.invalid,,20250212,Canada,North America,13-17,Organic,English,1
2466,viewer_02466,viewer02466@example.invalid,,20240923,Mexico,Latin America,35-44,Creator,Japanese,0
2467,viewer_02467,viewer02467@example.invalid,,20240728,Indonesia,APAC,18-24,Paid Social,French,1
2468,viewer_02468,viewer02468@example.invalid,,20251109,France,Europe,45+,Search,German,1
2469,viewer_02469,viewer02469@example.invalid,,20231224,Germany,Europe,25-34,Referral,Portuguese,0
2470,viewer_02470,viewer02470@example.invalid,,20240602,Brazil,Latin America,13-17,Organic,Spanish,1
2471,viewer_02471,viewer02471@example.invalid,2437,20230710,United States,North America,35-44,Creator,English,1
2472,viewer_02472,viewer02472@example.invalid,,20250827,Japan,APAC,18-24,Paid Social,Japanese,0
2473,viewer_02473,viewer02473@example.invalid,,20231027,Canada,North America,45+,Search,French,1
2474,viewer_02474,viewer02474@example.invalid,,20241006,Mexico,Latin America,25-34,Referral,German,1
2475,viewer_02475,viewer02475@example.invalid,,20230831,Indonesia,APAC,13-17,Organic,Portuguese,0
2476,viewer_02476,viewer02476@example.invalid,,20240710,France,Europe,35-44,Creator,Spanish,1
2477,viewer_02477,viewer02477@example.invalid,,20250209,Germany,Europe,18-24,Paid Social,English,1
2478,viewer_02478,viewer02478@example.invalid,1621,20250721,Brazil,Latin America,45+,Search,Japanese,0
2479,viewer_02479,viewer02479@example.invalid,,20241230,United States,North America,25-34,Referral,French,1
2480,viewer_02480,viewer02480@example.invalid,,20240215,Japan,APAC,13-17,Organic,German,1
2481,viewer_02481,viewer02481@example.invalid,,20230709,Canada,North America,35-44,Creator,Portuguese,0
2482,viewer_02482,viewer02482@example.invalid,,20251025,Mexico,Latin America,18-24,Paid Social,Spanish,1
2483,viewer_02483,viewer02483@example.invalid,,20250328,Indonesia,APAC,45+,Search,English,1
2484,viewer_02484,viewer02484@example.invalid,,20230316,France,Europe,25-34,Referral,Japanese,0
2485,viewer_02485,viewer02485@example.invalid,2337,20241201,Germany,Europe,13-17,Organic,French,1
2486,viewer_02486,viewer02486@example.invalid,,20240116,Brazil,Latin America,35-44,Creator,German,1
2487,viewer_02487,viewer02487@example.invalid,,20250717,United States,North America,18-24,Paid Social,Portuguese,0
2488,viewer_02488,viewer02488@example.invalid,,20251101,Japan,APAC,45+,Search,Spanish,1
2489,viewer_02489,viewer02489@example.invalid,,20250825,Canada,North America,25-34,Referral,English,1
2490,viewer_02490,viewer02490@example.invalid,,20250729,Mexico,Latin America,13-17,Organic,Japanese,0
2491,viewer_02491,viewer02491@example.invalid,,20250801,Indonesia,APAC,35-44,Creator,French,1
2492,viewer_02492,viewer02492@example.invalid,14,20231018,France,Europe,18-24,Paid Social,German,1
2493,viewer_02493,viewer02493@example.invalid,,20230309,Germany,Europe,45+,Search,Portuguese,0
2494,viewer_02494,viewer02494@example.invalid,,20250508,Brazil,Latin America,25-34,Referral,Spanish,1
2495,viewer_02495,viewer02495@example.invalid,,20250226,United States,North America,13-17,Organic,English,1
2496,viewer_02496,viewer02496@example.invalid,,20251016,Japan,APAC,35-44,Creator,Japanese,0
2497,viewer_02497,viewer02497@example.invalid,,20251121,Canada,North America,18-24,Paid Social,French,1
2498,viewer_02498,viewer02498@example.invalid,,20230206,Mexico,Latin America,45+,Search,German,1
2499,viewer_02499,viewer02499@example.invalid,1582,20241007,Indonesia,APAC,25-34,Referral,Portuguese,0
2500,viewer_02500,viewer02500@example.invalid,,20231111,France,Europe,13-17,Organic,Spanish,1
2501,viewer_02501,viewer02501@example.invalid,,20240212,Germany,Europe,35-44,Creator,English,1
2502,viewer_02502,viewer02502@example.invalid,,20240701,Brazil,Latin America,18-24,Paid Social,Japanese,0
2503,viewer_02503,viewer02503@example.invalid,,20250830,United States,North America,45+,Search,French,1
2504,viewer_02504,viewer02504@example.invalid,,20230708,Japan,APAC,25-34,Referral,German,1
2505,viewer_02505,viewer02505@example.invalid,,20250525,Canada,North America,13-17,Organic,Portuguese,0
2506,viewer_02506,viewer02506@example.invalid,1711,20240523,Mexico,Latin America,35-44,Creator,Spanish,1
2507,viewer_02507,viewer02507@example.invalid,,20230411,Indonesia,APAC,18-24,Paid Social,English,1
2508,viewer_02508,viewer02508@example.invalid,,20240911,France,Europe,45+,Search,Japanese,0
2509,viewer_02509,viewer02509@example.invalid,,20240725,Germany,Europe,25-34,Referral,French,1
2510,viewer_02510,viewer02510@example.invalid,,20241207,Brazil,Latin America,13-17,Organic,German,1
2511,viewer_02511,viewer02511@example.invalid,,20230126,United States,North America,35-44,Creator,Portuguese,0
2512,viewer_02512,viewer02512@example.invalid,,20250824,Japan,APAC,18-24,Paid Social,Spanish,1
2513,viewer_02513,viewer02513@example.invalid,1647,20241215,Canada,North America,45+,Search,English,1
2514,viewer_02514,viewer02514@example.invalid,,20230511,Mexico,Latin America,25-34,Referral,Japanese,0
2515,viewer_02515,viewer02515@example.invalid,,20241211,Indonesia,APAC,13-17,Organic,French,1
2516,viewer_02516,viewer02516@example.invalid,,20240403,France,Europe,35-44,Creator,German,1
2517,viewer_02517,viewer02517@example.invalid,,20240226,Germany,Europe,18-24,Paid Social,Portuguese,0
2518,viewer_02518,viewer02518@example.invalid,,20230917,Brazil,Latin America,45+,Search,Spanish,1
2519,viewer_02519,viewer02519@example.invalid,,20250624,United States,North America,25-34,Referral,English,1
2520,viewer_02520,viewer02520@example.invalid,2313,20230420,Japan,APAC,13-17,Organic,Japanese,0
2521,viewer_02521,viewer02521@example.invalid,,20240823,Canada,North America,35-44,Creator,French,1
2522,viewer_02522,viewer02522@example.invalid,,20231027,Mexico,Latin America,18-24,Paid Social,German,1
2523,viewer_02523,viewer02523@example.invalid,,20250510,Indonesia,APAC,45+,Search,Portuguese,0
2524,viewer_02524,viewer02524@example.invalid,,20240926,France,Europe,25-34,Referral,Spanish,1
2525,viewer_02525,viewer02525@example.invalid,,20240822,Germany,Europe,13-17,Organic,English,1
2526,viewer_02526,viewer02526@example.invalid,,20230227,Brazil,Latin America,35-44,Creator,Japanese,0
2527,viewer_02527,viewer02527@example.invalid,1985,20241220,United States,North America,18-24,Paid Social,French,1
2528,viewer_02528,viewer02528@example.invalid,,20230416,Japan,APAC,45+,Search,German,1
2529,viewer_02529,viewer02529@example.invalid,,20240830,Canada,North America,25-34,Referral,Portuguese,0
2530,viewer_02530,viewer02530@example.invalid,,20250823,Mexico,Latin America,13-17,Organic,Spanish,1
2531,viewer_02531,viewer02531@example.invalid,,20240604,Indonesia,APAC,35-44,Creator,English,1
2532,viewer_02532,viewer02532@example.invalid,,20231204,France,Europe,18-24,Paid Social,Japanese,0
2533,viewer_02533,viewer02533@example.invalid,,20230628,Germany,Europe,45+,Search,French,1
2534,viewer_02534,viewer02534@example.invalid,539,20230927,Brazil,Latin America,25-34,Referral,German,1
2535,viewer_02535,viewer02535@example.invalid,,20240510,United States,North America,13-17,Organic,Portuguese,0
2536,viewer_02536,viewer02536@example.invalid,,20251222,Japan,APAC,35-44,Creator,Spanish,1
2537,viewer_02537,viewer02537@example.invalid,,20250812,Canada,North America,18-24,Paid Social,English,1
2538,viewer_02538,viewer02538@example.invalid,,20250131,Mexico,Latin America,45+,Search,Japanese,0
2539,viewer_02539,viewer02539@example.invalid,,20230905,Indonesia,APAC,25-34,Referral,French,1
2540,viewer_02540,viewer02540@example.invalid,,20251030,France,Europe,13-17,Organic,German,1
2541,viewer_02541,viewer02541@example.invalid,1571,20231001,Germany,Europe,35-44,Creator,Portuguese,0
2542,viewer_02542,viewer02542@example.invalid,,20241207,Brazil,Latin America,18-24,Paid Social,Spanish,1
2543,viewer_02543,viewer02543@example.invalid,,20240213,United States,North America,45+,Search,English,1
2544,viewer_02544,viewer02544@example.invalid,,20241012,Japan,APAC,25-34,Referral,Japanese,0
2545,viewer_02545,viewer02545@example.invalid,,20240624,Canada,North America,13-17,Organic,French,1
2546,viewer_02546,viewer02546@example.invalid,,20230611,Mexico,Latin America,35-44,Creator,German,1
2547,viewer_02547,viewer02547@example.invalid,,20240507,Indonesia,APAC,18-24,Paid Social,Portuguese,0
2548,viewer_02548,viewer02548@example.invalid,1657,20230721,France,Europe,45+,Search,Spanish,1
2549,viewer_02549,viewer02549@example.invalid,,20250220,Germany,Europe,25-34,Referral,English,1
2550,viewer_02550,viewer02550@example.invalid,,20241205,Brazil,Latin America,13-17,Organic,Japanese,0
2551,viewer_02551,viewer02551@example.invalid,,20251202,United States,North America,35-44,Creator,French,1
2552,viewer_02552,viewer02552@example.invalid,,20230311,Japan,APAC,18-24,Paid Social,German,1
2553,viewer_02553,viewer02553@example.invalid,,20250406,Canada,North America,45+,Search,Portuguese,0
2554,viewer_02554,viewer02554@example.invalid,,20251010,Mexico,Latin America,25-34,Referral,Spanish,1
2555,viewer_02555,viewer02555@example.invalid,2552,20230529,Indonesia,APAC,13-17,Organic,English,1
2556,viewer_02556,viewer02556@example.invalid,,20230517,France,Europe,35-44,Creator,Japanese,0
2557,viewer_02557,viewer02557@example.invalid,,20240616,Germany,Europe,18-24,Paid Social,French,1
2558,viewer_02558,viewer02558@example.invalid,,20240104,Brazil,Latin America,45+,Search,German,1
2559,viewer_02559,viewer02559@example.invalid,,20230529,United States,North America,25-34,Referral,Portuguese,0
2560,viewer_02560,viewer02560@example.invalid,,20250617,Japan,APAC,13-17,Organic,Spanish,1
2561,viewer_02561,viewer02561@example.invalid,,20230527,Canada,North America,35-44,Creator,English,1
2562,viewer_02562,viewer02562@example.invalid,47,20251207,Mexico,Latin America,18-24,Paid Social,Japanese,0
2563,viewer_02563,viewer02563@example.invalid,,20230615,Indonesia,APAC,45+,Search,French,1
2564,viewer_02564,viewer02564@example.invalid,,20231007,France,Europe,25-34,Referral,German,1
2565,viewer_02565,viewer02565@example.invalid,,20230908,Germany,Europe,13-17,Organic,Portuguese,0
2566,viewer_02566,viewer02566@example.invalid,,20240605,Brazil,Latin America,35-44,Creator,Spanish,1
2567,viewer_02567,viewer02567@example.invalid,,20250419,United States,North America,18-24,Paid Social,English,1
2568,viewer_02568,viewer02568@example.invalid,,20230503,Japan,APAC,45+,Search,Japanese,0
2569,viewer_02569,viewer02569@example.invalid,2244,20230621,Canada,North America,25-34,Referral,French,1
2570,viewer_02570,viewer02570@example.invalid,,20230625,Mexico,Latin America,13-17,Organic,German,1
2571,viewer_02571,viewer02571@example.invalid,,20240911,Indonesia,APAC,35-44,Creator,Portuguese,0
2572,viewer_02572,viewer02572@example.invalid,,20240708,France,Europe,18-24,Paid Social,Spanish,1
2573,viewer_02573,viewer02573@example.invalid,,20250823,Germany,Europe,45+,Search,English,1
2574,viewer_02574,viewer02574@example.invalid,,20250312,Brazil,Latin America,25-34,Referral,Japanese,0
2575,viewer_02575,viewer02575@example.invalid,,20251026,United States,North America,13-17,Organic,French,1
2576,viewer_02576,viewer02576@example.invalid,2276,20251022,Japan,APAC,35-44,Creator,German,1
2577,viewer_02577,viewer02577@example.invalid,,20230430,Canada,North America,18-24,Paid Social,Portuguese,0
2578,viewer_02578,viewer02578@example.invalid,,20251009,Mexico,Latin America,45+,Search,Spanish,1
2579,viewer_02579,viewer02579@example.invalid,,20240506,Indonesia,APAC,25-34,Referral,English,1
2580,viewer_02580,viewer02580@example.invalid,,20241012,France,Europe,13-17,Organic,Japanese,0
2581,viewer_02581,viewer02581@example.invalid,,20240909,Germany,Europe,35-44,Creator,French,1
2582,viewer_02582,viewer02582@example.invalid,,20230610,Brazil,Latin America,18-24,Paid Social,German,1
2583,viewer_02583,viewer02583@example.invalid,2500,20240320,United States,North America,45+,Search,Portuguese,0
2584,viewer_02584,viewer02584@example.invalid,,20250328,Japan,APAC,25-34,Referral,Spanish,1
2585,viewer_02585,viewer02585@example.invalid,,20230130,Canada,North America,13-17,Organic,English,1
2586,viewer_02586,viewer02586@example.invalid,,20250224,Mexico,Latin America,35-44,Creator,Japanese,0
2587,viewer_02587,viewer02587@example.invalid,,20250520,Indonesia,APAC,18-24,Paid Social,French,1
2588,viewer_02588,viewer02588@example.invalid,,20230427,France,Europe,45+,Search,German,1
2589,viewer_02589,viewer02589@example.invalid,,20251222,Germany,Europe,25-34,Referral,Portuguese,0
2590,viewer_02590,viewer02590@example.invalid,1990,20240914,Brazil,Latin America,13-17,Organic,Spanish,1
2591,viewer_02591,viewer02591@example.invalid,,20231023,United States,North America,35-44,Creator,English,1
2592,viewer_02592,viewer02592@example.invalid,,20250802,Japan,APAC,18-24,Paid Social,Japanese,0
2593,viewer_02593,viewer02593@example.invalid,,20240505,Canada,North America,45+,Search,French,1
2594,viewer_02594,viewer02594@example.invalid,,20250106,Mexico,Latin America,25-34,Referral,German,1
2595,viewer_02595,viewer02595@example.invalid,,20230810,Indonesia,APAC,13-17,Organic,Portuguese,0
2596,viewer_02596,viewer02596@example.invalid,,20250626,France,Europe,35-44,Creator,Spanish,1
2597,viewer_02597,viewer02597@example.invalid,1267,20231124,Germany,Europe,18-24,Paid Social,English,1
2598,viewer_02598,viewer02598@example.invalid,,20230301,Brazil,Latin America,45+,Search,Japanese,0
2599,viewer_02599,viewer02599@example.invalid,,20250105,United States,North America,25-34,Referral,French,1
2600,viewer_02600,viewer02600@example.invalid,,20251116,Japan,APAC,13-17,Organic,German,1
2601,viewer_02601,viewer02601@example.invalid,,20230607,Canada,North America,35-44,Creator,Portuguese,0
2602,viewer_02602,viewer02602@example.invalid,,20250614,Mexico,Latin America,18-24,Paid Social,Spanish,1
2603,viewer_02603,viewer02603@example.invalid,,20250920,Indonesia,APAC,45+,Search,English,1
2604,viewer_02604,viewer02604@example.invalid,1558,20240509,France,Europe,25-34,Referral,Japanese,0
2605,viewer_02605,viewer02605@example.invalid,,20230114,Germany,Europe,13-17,Organic,French,1
2606,viewer_02606,viewer02606@example.invalid,,20230720,Brazil,Latin America,35-44,Creator,German,1
2607,viewer_02607,viewer02607@example.invalid,,20250906,United States,North America,18-24,Paid Social,Portuguese,0
2608,viewer_02608,viewer02608@example.invalid,,20230414,Japan,APAC,45+,Search,Spanish,1
2609,viewer_02609,viewer02609@example.invalid,,20250930,Canada,North America,25-34,Referral,English,1
2610,viewer_02610,viewer02610@example.invalid,,20231027,Mexico,Latin America,13-17,Organic,Japanese,0
2611,viewer_02611,viewer02611@example.invalid,1193,20230407,Indonesia,APAC,35-44,Creator,French,1
2612,viewer_02612,viewer02612@example.invalid,,20240719,France,Europe,18-24,Paid Social,German,1
2613,viewer_02613,viewer02613@example.invalid,,20240211,Germany,Europe,45+,Search,Portuguese,0
2614,viewer_02614,viewer02614@example.invalid,,20250715,Brazil,Latin America,25-34,Referral,Spanish,1
2615,viewer_02615,viewer02615@example.invalid,,20250620,United States,North America,13-17,Organic,English,1
2616,viewer_02616,viewer02616@example.invalid,,20240111,Japan,APAC,35-44,Creator,Japanese,0
2617,viewer_02617,viewer02617@example.invalid,,20230426,Canada,North America,18-24,Paid Social,French,1
2618,viewer_02618,viewer02618@example.invalid,971,20251126,Mexico,Latin America,45+,Search,German,1
2619,viewer_02619,viewer02619@example.invalid,,20240405,Indonesia,APAC,25-34,Referral,Portuguese,0
2620,viewer_02620,viewer02620@example.invalid,,20250719,France,Europe,13-17,Organic,Spanish,1
2621,viewer_02621,viewer02621@example.invalid,,20240422,Germany,Europe,35-44,Creator,English,1
2622,viewer_02622,viewer02622@example.invalid,,20251221,Brazil,Latin America,18-24,Paid Social,Japanese,0
2623,viewer_02623,viewer02623@example.invalid,,20230717,United States,North America,45+,Search,French,1
2624,viewer_02624,viewer02624@example.invalid,,20240819,Japan,APAC,25-34,Referral,German,1
2625,viewer_02625,viewer02625@example.invalid,459,20251017,Canada,North America,13-17,Organic,Portuguese,0
2626,viewer_02626,viewer02626@example.invalid,,20230523,Mexico,Latin America,35-44,Creator,Spanish,1
2627,viewer_02627,viewer02627@example.invalid,,20230719,Indonesia,APAC,18-24,Paid Social,English,1
2628,viewer_02628,viewer02628@example.invalid,,20250817,France,Europe,45+,Search,Japanese,0
2629,viewer_02629,viewer02629@example.invalid,,20230730,Germany,Europe,25-34,Referral,French,1
2630,viewer_02630,viewer02630@example.invalid,,20250407,Brazil,Latin America,13-17,Organic,German,1
2631,viewer_02631,viewer02631@example.invalid,,20240830,United States,North America,35-44,Creator,Portuguese,0
2632,viewer_02632,viewer02632@example.invalid,898,20230322,Japan,APAC,18-24,Paid Social,Spanish,1
2633,viewer_02633,viewer02633@example.invalid,,20240924,Canada,North America,45+,Search,English,1
2634,viewer_02634,viewer02634@example.invalid,,20241026,Mexico,Latin America,25-34,Referral,Japanese,0
2635,viewer_02635,viewer02635@example.invalid,,20250613,Indonesia,APAC,13-17,Organic,French,1
2636,viewer_02636,viewer02636@example.invalid,,20241231,France,Europe,35-44,Creator,German,1
2637,viewer_02637,viewer02637@example.invalid,,20250426,Germany,Europe,18-24,Paid Social,Portuguese,0
2638,viewer_02638,viewer02638@example.invalid,,20250903,Brazil,Latin America,45+,Search,Spanish,1
2639,viewer_02639,viewer02639@example.invalid,2560,20240706,United States,North America,25-34,Referral,English,1
2640,viewer_02640,viewer02640@example.invalid,,20251007,Japan,APAC,13-17,Organic,Japanese,0
2641,viewer_02641,viewer02641@example.invalid,,20240424,Canada,North America,35-44,Creator,French,1
2642,viewer_02642,viewer02642@example.invalid,,20240901,Mexico,Latin America,18-24,Paid Social,German,1
2643,viewer_02643,viewer02643@example.invalid,,20250919,Indonesia,APAC,45+,Search,Portuguese,0
2644,viewer_02644,viewer02644@example.invalid,,20231206,France,Europe,25-34,Referral,Spanish,1
2645,viewer_02645,viewer02645@example.invalid,,20230206,Germany,Europe,13-17,Organic,English,1
2646,viewer_02646,viewer02646@example.invalid,898,20250108,Brazil,Latin America,35-44,Creator,Japanese,0
2647,viewer_02647,viewer02647@example.invalid,,20250901,United States,North America,18-24,Paid Social,French,1
2648,viewer_02648,viewer02648@example.invalid,,20240116,Japan,APAC,45+,Search,German,1
2649,viewer_02649,viewer02649@example.invalid,,20230208,Canada,North America,25-34,Referral,Portuguese,0
2650,viewer_02650,viewer02650@example.invalid,,20250125,Mexico,Latin America,13-17,Organic,Spanish,1
2651,viewer_02651,viewer02651@example.invalid,,20250708,Indonesia,APAC,35-44,Creator,English,1
2652,viewer_02652,viewer02652@example.invalid,,20230701,France,Europe,18-24,Paid Social,Japanese,0
2653,viewer_02653,viewer02653@example.invalid,437,20250608,Germany,Europe,45+,Search,French,1
2654,viewer_02654,viewer02654@example.invalid,,20231212,Brazil,Latin America,25-34,Referral,German,1
2655,viewer_02655,viewer02655@example.invalid,,20251106,United States,North America,13-17,Organic,Portuguese,0
2656,viewer_02656,viewer02656@example.invalid,,20230319,Japan,APAC,35-44,Creator,Spanish,1
2657,viewer_02657,viewer02657@example.invalid,,20250913,Canada,North America,18-24,Paid Social,English,1
2658,viewer_02658,viewer02658@example.invalid,,20230921,Mexico,Latin America,45+,Search,Japanese,0
2659,viewer_02659,viewer02659@example.invalid,,20230901,Indonesia,APAC,25-34,Referral,French,1
2660,viewer_02660,viewer02660@example.invalid,2485,20240312,France,Europe,13-17,Organic,German,1
2661,viewer_02661,viewer02661@example.invalid,,20250421,Germany,Europe,35-44,Creator,Portuguese,0
2662,viewer_02662,viewer02662@example.invalid,,20250731,Brazil,Latin America,18-24,Paid Social,Spanish,1
2663,viewer_02663,viewer02663@example.invalid,,20240801,United States,North America,45+,Search,English,1
2664,viewer_02664,viewer02664@example.invalid,,20251016,Japan,APAC,25-34,Referral,Japanese,0
2665,viewer_02665,viewer02665@example.invalid,,20251228,Canada,North America,13-17,Organic,French,1
2666,viewer_02666,viewer02666@example.invalid,,20250116,Mexico,Latin America,35-44,Creator,German,1
2667,viewer_02667,viewer02667@example.invalid,2415,20241130,Indonesia,APAC,18-24,Paid Social,Portuguese,0
2668,viewer_02668,viewer02668@example.invalid,,20240329,France,Europe,45+,Search,Spanish,1
2669,viewer_02669,viewer02669@example.invalid,,20250523,Germany,Europe,25-34,Referral,English,1
2670,viewer_02670,viewer02670@example.invalid,,20240418,Brazil,Latin America,13-17,Organic,Japanese,0
2671,viewer_02671,viewer02671@example.invalid,,20230623,United States,North America,35-44,Creator,French,1
2672,viewer_02672,viewer02672@example.invalid,,20240410,Japan,APAC,18-24,Paid Social,German,1
2673,viewer_02673,viewer02673@example.invalid,,20240720,Canada,North America,45+,Search,Portuguese,0
2674,viewer_02674,viewer02674@example.invalid,923,20251123,Mexico,Latin America,25-34,Referral,Spanish,1
2675,viewer_02675,viewer02675@example.invalid,,20250309,Indonesia,APAC,13-17,Organic,English,1
2676,viewer_02676,viewer02676@example.invalid,,20250706,France,Europe,35-44,Creator,Japanese,0
2677,viewer_02677,viewer02677@example.invalid,,20230403,Germany,Europe,18-24,Paid Social,French,1
2678,viewer_02678,viewer02678@example.invalid,,20241030,Brazil,Latin America,45+,Search,German,1
2679,viewer_02679,viewer02679@example.invalid,,20251105,United States,North America,25-34,Referral,Portuguese,0
2680,viewer_02680,viewer02680@example.invalid,,20251018,Japan,APAC,13-17,Organic,Spanish,1
2681,viewer_02681,viewer02681@example.invalid,1797,20250202,Canada,North America,35-44,Creator,English,1
2682,viewer_02682,viewer02682@example.invalid,,20231009,Mexico,Latin America,18-24,Paid Social,Japanese,0
2683,viewer_02683,viewer02683@example.invalid,,20231206,Indonesia,APAC,45+,Search,French,1
2684,viewer_02684,viewer02684@example.invalid,,20250826,France,Europe,25-34,Referral,German,1
2685,viewer_02685,viewer02685@example.invalid,,20250524,Germany,Europe,13-17,Organic,Portuguese,0
2686,viewer_02686,viewer02686@example.invalid,,20230614,Brazil,Latin America,35-44,Creator,Spanish,1
2687,viewer_02687,viewer02687@example.invalid,,20230817,United States,North America,18-24,Paid Social,English,1
2688,viewer_02688,viewer02688@example.invalid,1911,20230323,Japan,APAC,45+,Search,Japanese,0
2689,viewer_02689,viewer02689@example.invalid,,20230929,Canada,North America,25-34,Referral,French,1
2690,viewer_02690,viewer02690@example.invalid,,20240604,Mexico,Latin America,13-17,Organic,German,1
2691,viewer_02691,viewer02691@example.invalid,,20230809,Indonesia,APAC,35-44,Creator,Portuguese,0
2692,viewer_02692,viewer02692@example.invalid,,20240501,France,Europe,18-24,Paid Social,Spanish,1
2693,viewer_02693,viewer02693@example.invalid,,20230701,Germany,Europe,45+,Search,English,1
2694,viewer_02694,viewer02694@example.invalid,,20231110,Brazil,Latin America,25-34,Referral,Japanese,0
2695,viewer_02695,viewer02695@example.invalid,1778,20230207,United States,North America,13-17,Organic,French,1
2696,viewer_02696,viewer02696@example.invalid,,20231017,Japan,APAC,35-44,Creator,German,1
2697,viewer_02697,viewer02697@example.invalid,,20250621,Canada,North America,18-24,Paid Social,Portuguese,0
2698,viewer_02698,viewer02698@example.invalid,,20240324,Mexico,Latin America,45+,Search,Spanish,1
2699,viewer_02699,viewer02699@example.invalid,,20231120,Indonesia,APAC,25-34,Referral,English,1
2700,viewer_02700,viewer02700@example.invalid,,20230520,France,Europe,13-17,Organic,Japanese,0
2701,viewer_02701,viewer02701@example.invalid,,20240730,Germany,Europe,35-44,Creator,French,1
2702,viewer_02702,viewer02702@example.invalid,1368,20231207,Brazil,Latin America,18-24,Paid Social,German,1
2703,viewer_02703,viewer02703@example.invalid,,20241024,United States,North America,45+,Search,Portuguese,0
2704,viewer_02704,viewer02704@example.invalid,,20251223,Japan,APAC,25-34,Referral,Spanish,1
2705,viewer_02705,viewer02705@example.invalid,,20241110,Canada,North America,13-17,Organic,English,1
2706,viewer_02706,viewer02706@example.invalid,,20250815,Mexico,Latin America,35-44,Creator,Japanese,0
2707,viewer_02707,viewer02707@example.invalid,,20240415,Indonesia,APAC,18-24,Paid Social,French,1
2708,viewer_02708,viewer02708@example.invalid,,20240530,France,Europe,45+,Search,German,1
2709,viewer_02709,viewer02709@example.invalid,2574,20251025,Germany,Europe,25-34,Referral,Portuguese,0
2710,viewer_02710,viewer02710@example.invalid,,20250102,Brazil,Latin America,13-17,Organic,Spanish,1
2711,viewer_02711,viewer02711@example.invalid,,20250310,United States,North America,35-44,Creator,English,1
2712,viewer_02712,viewer02712@example.invalid,,20231208,Japan,APAC,18-24,Paid Social,Japanese,0
2713,viewer_02713,viewer02713@example.invalid,,20250107,Canada,North America,45+,Search,French,1
2714,viewer_02714,viewer02714@example.invalid,,20230428,Mexico,Latin America,25-34,Referral,German,1
2715,viewer_02715,viewer02715@example.invalid,,20230408,Indonesia,APAC,13-17,Organic,Portuguese,0
2716,viewer_02716,viewer02716@example.invalid,674,20250721,France,Europe,35-44,Creator,Spanish,1
2717,viewer_02717,viewer02717@example.invalid,,20250909,Germany,Europe,18-24,Paid Social,English,1
2718,viewer_02718,viewer02718@example.invalid,,20241122,Brazil,Latin America,45+,Search,Japanese,0
2719,viewer_02719,viewer02719@example.invalid,,20240516,United States,North America,25-34,Referral,French,1
2720,viewer_02720,viewer02720@example.invalid,,20251222,Japan,APAC,13-17,Organic,German,1
2721,viewer_02721,viewer02721@example.invalid,,20240714,Canada,North America,35-44,Creator,Portuguese,0
2722,viewer_02722,viewer02722@example.invalid,,20230724,Mexico,Latin America,18-24,Paid Social,Spanish,1
2723,viewer_02723,viewer02723@example.invalid,2204,20230705,Indonesia,APAC,45+,Search,English,1
2724,viewer_02724,viewer02724@example.invalid,,20251001,France,Europe,25-34,Referral,Japanese,0
2725,viewer_02725,viewer02725@example.invalid,,20250520,Germany,Europe,13-17,Organic,French,1
2726,viewer_02726,viewer02726@example.invalid,,20241213,Brazil,Latin America,35-44,Creator,German,1
2727,viewer_02727,viewer02727@example.invalid,,20230621,United States,North America,18-24,Paid Social,Portuguese,0
2728,viewer_02728,viewer02728@example.invalid,,20250218,Japan,APAC,45+,Search,Spanish,1
2729,viewer_02729,viewer02729@example.invalid,,20250409,Canada,North America,25-34,Referral,English,1
2730,viewer_02730,viewer02730@example.invalid,315,20240819,Mexico,Latin America,13-17,Organic,Japanese,0
2731,viewer_02731,viewer02731@example.invalid,,20241226,Indonesia,APAC,35-44,Creator,French,1
2732,viewer_02732,viewer02732@example.invalid,,20240529,France,Europe,18-24,Paid Social,German,1
2733,viewer_02733,viewer02733@example.invalid,,20230520,Germany,Europe,45+,Search,Portuguese,0
2734,viewer_02734,viewer02734@example.invalid,,20240318,Brazil,Latin America,25-34,Referral,Spanish,1
2735,viewer_02735,viewer02735@example.invalid,,20250213,United States,North America,13-17,Organic,English,1
2736,viewer_02736,viewer02736@example.invalid,,20230924,Japan,APAC,35-44,Creator,Japanese,0
2737,viewer_02737,viewer02737@example.invalid,1772,20240229,Canada,North America,18-24,Paid Social,French,1
2738,viewer_02738,viewer02738@example.invalid,,20250718,Mexico,Latin America,45+,Search,German,1
2739,viewer_02739,viewer02739@example.invalid,,20240612,Indonesia,APAC,25-34,Referral,Portuguese,0
2740,viewer_02740,viewer02740@example.invalid,,20240917,France,Europe,13-17,Organic,Spanish,1
2741,viewer_02741,viewer02741@example.invalid,,20240708,Germany,Europe,35-44,Creator,English,1
2742,viewer_02742,viewer02742@example.invalid,,20250901,Brazil,Latin America,18-24,Paid Social,Japanese,0
2743,viewer_02743,viewer02743@example.invalid,,20251006,United States,North America,45+,Search,French,1
2744,viewer_02744,viewer02744@example.invalid,704,20240228,Japan,APAC,25-34,Referral,German,1
2745,viewer_02745,viewer02745@example.invalid,,20251016,Canada,North America,13-17,Organic,Portuguese,0
2746,viewer_02746,viewer02746@example.invalid,,20230203,Mexico,Latin America,35-44,Creator,Spanish,1
2747,viewer_02747,viewer02747@example.invalid,,20250617,Indonesia,APAC,18-24,Paid Social,English,1
2748,viewer_02748,viewer02748@example.invalid,,20240515,France,Europe,45+,Search,Japanese,0
2749,viewer_02749,viewer02749@example.invalid,,20231105,Germany,Europe,25-34,Referral,French,1
2750,viewer_02750,viewer02750@example.invalid,,20230618,Brazil,Latin America,13-17,Organic,German,1
2751,viewer_02751,viewer02751@example.invalid,2115,20231022,United States,North America,35-44,Creator,Portuguese,0
2752,viewer_02752,viewer02752@example.invalid,,20250326,Japan,APAC,18-24,Paid Social,Spanish,1
2753,viewer_02753,viewer02753@example.invalid,,20231001,Canada,North America,45+,Search,English,1
2754,viewer_02754,viewer02754@example.invalid,,20240526,Mexico,Latin America,25-34,Referral,Japanese,0
2755,viewer_02755,viewer02755@example.invalid,,20250722,Indonesia,APAC,13-17,Organic,French,1
2756,viewer_02756,viewer02756@example.invalid,,20230301,France,Europe,35-44,Creator,German,1
2757,viewer_02757,viewer02757@example.invalid,,20240628,Germany,Europe,18-24,Paid Social,Portuguese,0
2758,viewer_02758,viewer02758@example.invalid,651,20240616,Brazil,Latin America,45+,Search,Spanish,1
2759,viewer_02759,viewer02759@example.invalid,,20230322,United States,North America,25-34,Referral,English,1
2760,viewer_02760,viewer02760@example.invalid,,20231119,Japan,APAC,13-17,Organic,Japanese,0
2761,viewer_02761,viewer02761@example.invalid,,20251011,Canada,North America,35-44,Creator,French,1
2762,viewer_02762,viewer02762@example.invalid,,20231111,Mexico,Latin America,18-24,Paid Social,German,1
2763,viewer_02763,viewer02763@example.invalid,,20250617,Indonesia,APAC,45+,Search,Portuguese,0
2764,viewer_02764,viewer02764@example.invalid,,20241116,France,Europe,25-34,Referral,Spanish,1
2765,viewer_02765,viewer02765@example.invalid,2487,20241026,Germany,Europe,13-17,Organic,English,1
2766,viewer_02766,viewer02766@example.invalid,,20230303,Brazil,Latin America,35-44,Creator,Japanese,0
2767,viewer_02767,viewer02767@example.invalid,,20230830,United States,North America,18-24,Paid Social,French,1
2768,viewer_02768,viewer02768@example.invalid,,20230217,Japan,APAC,45+,Search,German,1
2769,viewer_02769,viewer02769@example.invalid,,20230817,Canada,North America,25-34,Referral,Portuguese,0
2770,viewer_02770,viewer02770@example.invalid,,20251123,Mexico,Latin America,13-17,Organic,Spanish,1
2771,viewer_02771,viewer02771@example.invalid,,20250518,Indonesia,APAC,35-44,Creator,English,1
2772,viewer_02772,viewer02772@example.invalid,2019,20250923,France,Europe,18-24,Paid Social,Japanese,0
2773,viewer_02773,viewer02773@example.invalid,,20240204,Germany,Europe,45+,Search,French,1
2774,viewer_02774,viewer02774@example.invalid,,20230926,Brazil,Latin America,25-34,Referral,German,1
2775,viewer_02775,viewer02775@example.invalid,,20231020,United States,North America,13-17,Organic,Portuguese,0
2776,viewer_02776,viewer02776@example.invalid,,20250708,Japan,APAC,35-44,Creator,Spanish,1
2777,viewer_02777,viewer02777@example.invalid,,20250725,Canada,North America,18-24,Paid Social,English,1
2778,viewer_02778,viewer02778@example.invalid,,20251210,Mexico,Latin America,45+,Search,Japanese,0
2779,viewer_02779,viewer02779@example.invalid,2403,20230721,Indonesia,APAC,25-34,Referral,French,1
2780,viewer_02780,viewer02780@example.invalid,,20251103,France,Europe,13-17,Organic,German,1
2781,viewer_02781,viewer02781@example.invalid,,20241215,Germany,Europe,35-44,Creator,Portuguese,0
2782,viewer_02782,viewer02782@example.invalid,,20250912,Brazil,Latin America,18-24,Paid Social,Spanish,1
2783,viewer_02783,viewer02783@example.invalid,,20240124,United States,North America,45+,Search,English,1
2784,viewer_02784,viewer02784@example.invalid,,20230518,Japan,APAC,25-34,Referral,Japanese,0
2785,viewer_02785,viewer02785@example.invalid,,20230427,Canada,North America,13-17,Organic,French,1
2786,viewer_02786,viewer02786@example.invalid,907,20230301,Mexico,Latin America,35-44,Creator,German,1
2787,viewer_02787,viewer02787@example.invalid,,20230712,Indonesia,APAC,18-24,Paid Social,Portuguese,0
2788,viewer_02788,viewer02788@example.invalid,,20240219,France,Europe,45+,Search,Spanish,1
2789,viewer_02789,viewer02789@example.invalid,,20241114,Germany,Europe,25-34,Referral,English,1
2790,viewer_02790,viewer02790@example.invalid,,20250117,Brazil,Latin America,13-17,Organic,Japanese,0
2791,viewer_02791,viewer02791@example.invalid,,20230203,United States,North America,35-44,Creator,French,1
2792,viewer_02792,viewer02792@example.invalid,,20230222,Japan,APAC,18-24,Paid Social,German,1
2793,viewer_02793,viewer02793@example.invalid,1669,20250521,Canada,North America,45+,Search,Portuguese,0
2794,viewer_02794,viewer02794@example.invalid,,20230110,Mexico,Latin America,25-34,Referral,Spanish,1
2795,viewer_02795,viewer02795@example.invalid,,20250525,Indonesia,APAC,13-17,Organic,English,1
2796,viewer_02796,viewer02796@example.invalid,,20230613,France,Europe,35-44,Creator,Japanese,0
2797,viewer_02797,viewer02797@example.invalid,,20251022,Germany,Europe,18-24,Paid Social,French,1
2798,viewer_02798,viewer02798@example.invalid,,20251221,Brazil,Latin America,45+,Search,German,1
2799,viewer_02799,viewer02799@example.invalid,,20241010,United States,North America,25-34,Referral,Portuguese,0
2800,viewer_02800,viewer02800@example.invalid,1776,20230525,Japan,APAC,13-17,Organic,Spanish,1
2801,viewer_02801,viewer02801@example.invalid,,20231107,Canada,North America,35-44,Creator,English,1
2802,viewer_02802,viewer02802@example.invalid,,20231115,Mexico,Latin America,18-24,Paid Social,Japanese,0
2803,viewer_02803,viewer02803@example.invalid,,20230709,Indonesia,APAC,45+,Search,French,1
2804,viewer_02804,viewer02804@example.invalid,,20230709,France,Europe,25-34,Referral,German,1
2805,viewer_02805,viewer02805@example.invalid,,20230614,Germany,Europe,13-17,Organic,Portuguese,0
2806,viewer_02806,viewer02806@example.invalid,,20231011,Brazil,Latin America,35-44,Creator,Spanish,1
2807,viewer_02807,viewer02807@example.invalid,1907,20230125,United States,North America,18-24,Paid Social,English,1
2808,viewer_02808,viewer02808@example.invalid,,20240618,Japan,APAC,45+,Search,Japanese,0
2809,viewer_02809,viewer02809@example.invalid,,20251207,Canada,North America,25-34,Referral,French,1
2810,viewer_02810,viewer02810@example.invalid,,20251117,Mexico,Latin America,13-17,Organic,German,1
2811,viewer_02811,viewer02811@example.invalid,,20231120,Indonesia,APAC,35-44,Creator,Portuguese,0
2812,viewer_02812,viewer02812@example.invalid,,20250509,France,Europe,18-24,Paid Social,Spanish,1
2813,viewer_02813,viewer02813@example.invalid,,20230617,Germany,Europe,45+,Search,English,1
2814,viewer_02814,viewer02814@example.invalid,2147,20250604,Brazil,Latin America,25-34,Referral,Japanese,0
2815,viewer_02815,viewer02815@example.invalid,,20231006,United States,North America,13-17,Organic,French,1
2816,viewer_02816,viewer02816@example.invalid,,20240410,Japan,APAC,35-44,Creator,German,1
2817,viewer_02817,viewer02817@example.invalid,,20231203,Canada,North America,18-24,Paid Social,Portuguese,0
2818,viewer_02818,viewer02818@example.invalid,,20230108,Mexico,Latin America,45+,Search,Spanish,1
2819,viewer_02819,viewer02819@example.invalid,,20241102,Indonesia,APAC,25-34,Referral,English,1
2820,viewer_02820,viewer02820@example.invalid,,20251106,France,Europe,13-17,Organic,Japanese,0
2821,viewer_02821,viewer02821@example.invalid,1414,20250615,Germany,Europe,35-44,Creator,French,1
2822,viewer_02822,viewer02822@example.invalid,,20240217,Brazil,Latin America,18-24,Paid Social,German,1
2823,viewer_02823,viewer02823@example.invalid,,20250310,United States,North America,45+,Search,Portuguese,0
2824,viewer_02824,viewer02824@example.invalid,,20241021,Japan,APAC,25-34,Referral,Spanish,1
2825,viewer_02825,viewer02825@example.invalid,,20240115,Canada,North America,13-17,Organic,English,1
2826,viewer_02826,viewer02826@example.invalid,,20240610,Mexico,Latin America,35-44,Creator,Japanese,0
2827,viewer_02827,viewer02827@example.invalid,,20250101,Indonesia,APAC,18-24,Paid Social,French,1
2828,viewer_02828,viewer02828@example.invalid,1366,20250608,France,Europe,45+,Search,German,1
2829,viewer_02829,viewer02829@example.invalid,,20240311,Germany,Europe,25-34,Referral,Portuguese,0
2830,viewer_02830,viewer02830@example.invalid,,20230603,Brazil,Latin America,13-17,Organic,Spanish,1
2831,viewer_02831,viewer02831@example.invalid,,20240929,United States,North America,35-44,Creator,English,1
2832,viewer_02832,viewer02832@example.invalid,,20240311,Japan,APAC,18-24,Paid Social,Japanese,0
2833,viewer_02833,viewer02833@example.invalid,,20250624,Canada,North America,45+,Search,French,1
2834,viewer_02834,viewer02834@example.invalid,,20230122,Mexico,Latin America,25-34,Referral,German,1
2835,viewer_02835,viewer02835@example.invalid,1173,20250811,Indonesia,APAC,13-17,Organic,Portuguese,0
2836,viewer_02836,viewer02836@example.invalid,,20251209,France,Europe,35-44,Creator,Spanish,1
2837,viewer_02837,viewer02837@example.invalid,,20250916,Germany,Europe,18-24,Paid Social,English,1
2838,viewer_02838,viewer02838@example.invalid,,20250206,Brazil,Latin America,45+,Search,Japanese,0
2839,viewer_02839,viewer02839@example.invalid,,20240805,United States,North America,25-34,Referral,French,1
2840,viewer_02840,viewer02840@example.invalid,,20240531,Japan,APAC,13-17,Organic,German,1
2841,viewer_02841,viewer02841@example.invalid,,20231221,Canada,North America,35-44,Creator,Portuguese,0
2842,viewer_02842,viewer02842@example.invalid,1076,20241212,Mexico,Latin America,18-24,Paid Social,Spanish,1
2843,viewer_02843,viewer02843@example.invalid,,20230513,Indonesia,APAC,45+,Search,English,1
2844,viewer_02844,viewer02844@example.invalid,,20240913,France,Europe,25-34,Referral,Japanese,0
2845,viewer_02845,viewer02845@example.invalid,,20240329,Germany,Europe,13-17,Organic,French,1
2846,viewer_02846,viewer02846@example.invalid,,20240902,Brazil,Latin America,35-44,Creator,German,1
2847,viewer_02847,viewer02847@example.invalid,,20230407,United States,North America,18-24,Paid Social,Portuguese,0
2848,viewer_02848,viewer02848@example.invalid,,20230902,Japan,APAC,45+,Search,Spanish,1
2849,viewer_02849,viewer02849@example.invalid,851,20231220,Canada,North America,25-34,Referral,English,1
2850,viewer_02850,viewer02850@example.invalid,,20240228,Mexico,Latin America,13-17,Organic,Japanese,0
2851,viewer_02851,viewer02851@example.invalid,,20231217,Indonesia,APAC,35-44,Creator,French,1
2852,viewer_02852,viewer02852@example.invalid,,20240926,France,Europe,18-24,Paid Social,German,1
2853,viewer_02853,viewer02853@example.invalid,,20231218,Germany,Europe,45+,Search,Portuguese,0
2854,viewer_02854,viewer02854@example.invalid,,20231024,Brazil,Latin America,25-34,Referral,Spanish,1
2855,viewer_02855,viewer02855@example.invalid,,20250823,United States,North America,13-17,Organic,English,1
2856,viewer_02856,viewer02856@example.invalid,2166,20230429,Japan,APAC,35-44,Creator,Japanese,0
2857,viewer_02857,viewer02857@example.invalid,,20230723,Canada,North America,18-24,Paid Social,French,1
2858,viewer_02858,viewer02858@example.invalid,,20241023,Mexico,Latin America,45+,Search,German,1
2859,viewer_02859,viewer02859@example.invalid,,20241119,Indonesia,APAC,25-34,Referral,Portuguese,0
2860,viewer_02860,viewer02860@example.invalid,,20251014,France,Europe,13-17,Organic,Spanish,1
2861,viewer_02861,viewer02861@example.invalid,,20231026,Germany,Europe,35-44,Creator,English,1
2862,viewer_02862,viewer02862@example.invalid,,20240601,Brazil,Latin America,18-24,Paid Social,Japanese,0
2863,viewer_02863,viewer02863@example.invalid,2270,20250422,United States,North America,45+,Search,French,1
2864,viewer_02864,viewer02864@example.invalid,,20230419,Japan,APAC,25-34,Referral,German,1
2865,viewer_02865,viewer02865@example.invalid,,20240104,Canada,North America,13-17,Organic,Portuguese,0
2866,viewer_02866,viewer02866@example.invalid,,20241112,Mexico,Latin America,35-44,Creator,Spanish,1
2867,viewer_02867,viewer02867@example.invalid,,20251018,Indonesia,APAC,18-24,Paid Social,English,1
2868,viewer_02868,viewer02868@example.invalid,,20241212,France,Europe,45+,Search,Japanese,0
2869,viewer_02869,viewer02869@example.invalid,,20251203,Germany,Europe,25-34,Referral,French,1
2870,viewer_02870,viewer02870@example.invalid,514,20240514,Brazil,Latin America,13-17,Organic,German,1
2871,viewer_02871,viewer02871@example.invalid,,20240725,United States,North America,35-44,Creator,Portuguese,0
2872,viewer_02872,viewer02872@example.invalid,,20250918,Japan,APAC,18-24,Paid Social,Spanish,1
2873,viewer_02873,viewer02873@example.invalid,,20241224,Canada,North America,45+,Search,English,1
2874,viewer_02874,viewer02874@example.invalid,,20241211,Mexico,Latin America,25-34,Referral,Japanese,0
2875,viewer_02875,viewer02875@example.invalid,,20231013,Indonesia,APAC,13-17,Organic,French,1
2876,viewer_02876,viewer02876@example.invalid,,20240921,France,Europe,35-44,Creator,German,1
2877,viewer_02877,viewer02877@example.invalid,1931,20230520,Germany,Europe,18-24,Paid Social,Portuguese,0
2878,viewer_02878,viewer02878@example.invalid,,20251028,Brazil,Latin America,45+,Search,Spanish,1
2879,viewer_02879,viewer02879@example.invalid,,20240618,United States,North America,25-34,Referral,English,1
2880,viewer_02880,viewer02880@example.invalid,,20230503,Japan,APAC,13-17,Organic,Japanese,0
2881,viewer_02881,viewer02881@example.invalid,,20241031,Canada,North America,35-44,Creator,French,1
2882,viewer_02882,viewer02882@example.invalid,,20230929,Mexico,Latin America,18-24,Paid Social,German,1
2883,viewer_02883,viewer02883@example.invalid,,20250619,Indonesia,APAC,45+,Search,Portuguese,0
2884,viewer_02884,viewer02884@example.invalid,248,20250127,France,Europe,25-34,Referral,Spanish,1
2885,viewer_02885,viewer02885@example.invalid,,20250111,Germany,Europe,13-17,Organic,English,1
2886,viewer_02886,viewer02886@example.invalid,,20231116,Brazil,Latin America,35-44,Creator,Japanese,0
2887,viewer_02887,viewer02887@example.invalid,,20241028,United States,North America,18-24,Paid Social,French,1
2888,viewer_02888,viewer02888@example.invalid,,20251003,Japan,APAC,45+,Search,German,1
2889,viewer_02889,viewer02889@example.invalid,,20241210,Canada,North America,25-34,Referral,Portuguese,0
2890,viewer_02890,viewer02890@example.invalid,,20250207,Mexico,Latin America,13-17,Organic,Spanish,1
2891,viewer_02891,viewer02891@example.invalid,1286,20250306,Indonesia,APAC,35-44,Creator,English,1
2892,viewer_02892,viewer02892@example.invalid,,20230818,France,Europe,18-24,Paid Social,Japanese,0
2893,viewer_02893,viewer02893@example.invalid,,20251025,Germany,Europe,45+,Search,French,1
2894,viewer_02894,viewer02894@example.invalid,,20230813,Brazil,Latin America,25-34,Referral,German,1
2895,viewer_02895,viewer02895@example.invalid,,20250901,United States,North America,13-17,Organic,Portuguese,0
2896,viewer_02896,viewer02896@example.invalid,,20230310,Japan,APAC,35-44,Creator,Spanish,1
2897,viewer_02897,viewer02897@example.invalid,,20240618,Canada,North America,18-24,Paid Social,English,1
2898,viewer_02898,viewer02898@example.invalid,288,20240117,Mexico,Latin America,45+,Search,Japanese,0
2899,viewer_02899,viewer02899@example.invalid,,20250509,Indonesia,APAC,25-34,Referral,French,1
2900,viewer_02900,viewer02900@example.invalid,,20230824,France,Europe,13-17,Organic,German,1
2901,viewer_02901,viewer02901@example.invalid,,20250604,Germany,Europe,35-44,Creator,Portuguese,0
2902,viewer_02902,viewer02902@example.invalid,,20230114,Brazil,Latin America,18-24,Paid Social,Spanish,1
2903,viewer_02903,viewer02903@example.invalid,,20230908,United States,North America,45+,Search,English,1
2904,viewer_02904,viewer02904@example.invalid,,20241018,Japan,APAC,25-34,Referral,Japanese,0
2905,viewer_02905,viewer02905@example.invalid,2828,20231015,Canada,North America,13-17,Organic,French,1
2906,viewer_02906,viewer02906@example.invalid,,20240315,Mexico,Latin America,35-44,Creator,German,1
2907,viewer_02907,viewer02907@example.invalid,,20251129,Indonesia,APAC,18-24,Paid Social,Portuguese,0
2908,viewer_02908,viewer02908@example.invalid,,20250618,France,Europe,45+,Search,Spanish,1
2909,viewer_02909,viewer02909@example.invalid,,20231127,Germany,Europe,25-34,Referral,English,1
2910,viewer_02910,viewer02910@example.invalid,,20230729,Brazil,Latin America,13-17,Organic,Japanese,0
2911,viewer_02911,viewer02911@example.invalid,,20250830,United States,North America,35-44,Creator,French,1
2912,viewer_02912,viewer02912@example.invalid,2214,20240302,Japan,APAC,18-24,Paid Social,German,1
2913,viewer_02913,viewer02913@example.invalid,,20230625,Canada,North America,45+,Search,Portuguese,0
2914,viewer_02914,viewer02914@example.invalid,,20240213,Mexico,Latin America,25-34,Referral,Spanish,1
2915,viewer_02915,viewer02915@example.invalid,,20250926,Indonesia,APAC,13-17,Organic,English,1
2916,viewer_02916,viewer02916@example.invalid,,20251120,France,Europe,35-44,Creator,Japanese,0
2917,viewer_02917,viewer02917@example.invalid,,20230930,Germany,Europe,18-24,Paid Social,French,1
2918,viewer_02918,viewer02918@example.invalid,,20240119,Brazil,Latin America,45+,Search,German,1
2919,viewer_02919,viewer02919@example.invalid,1009,20240605,United States,North America,25-34,Referral,Portuguese,0
2920,viewer_02920,viewer02920@example.invalid,,20230917,Japan,APAC,13-17,Organic,Spanish,1
2921,viewer_02921,viewer02921@example.invalid,,20231007,Canada,North America,35-44,Creator,English,1
2922,viewer_02922,viewer02922@example.invalid,,20240722,Mexico,Latin America,18-24,Paid Social,Japanese,0
2923,viewer_02923,viewer02923@example.invalid,,20240209,Indonesia,APAC,45+,Search,French,1
2924,viewer_02924,viewer02924@example.invalid,,20230228,France,Europe,25-34,Referral,German,1
2925,viewer_02925,viewer02925@example.invalid,,20240618,Germany,Europe,13-17,Organic,Portuguese,0
2926,viewer_02926,viewer02926@example.invalid,2904,20250904,Brazil,Latin America,35-44,Creator,Spanish,1
2927,viewer_02927,viewer02927@example.invalid,,20241106,United States,North America,18-24,Paid Social,English,1
2928,viewer_02928,viewer02928@example.invalid,,20240211,Japan,APAC,45+,Search,Japanese,0
2929,viewer_02929,viewer02929@example.invalid,,20251123,Canada,North America,25-34,Referral,French,1
2930,viewer_02930,viewer02930@example.invalid,,20231223,Mexico,Latin America,13-17,Organic,German,1
2931,viewer_02931,viewer02931@example.invalid,,20250209,Indonesia,APAC,35-44,Creator,Portuguese,0
2932,viewer_02932,viewer02932@example.invalid,,20240705,France,Europe,18-24,Paid Social,Spanish,1
2933,viewer_02933,viewer02933@example.invalid,2060,20230422,Germany,Europe,45+,Search,English,1
2934,viewer_02934,viewer02934@example.invalid,,20230824,Brazil,Latin America,25-34,Referral,Japanese,0
2935,viewer_02935,viewer02935@example.invalid,,20251019,United States,North America,13-17,Organic,French,1
2936,viewer_02936,viewer02936@example.invalid,,20230511,Japan,APAC,35-44,Creator,German,1
2937,viewer_02937,viewer02937@example.invalid,,20240214,Canada,North America,18-24,Paid Social,Portuguese,0
2938,viewer_02938,viewer02938@example.invalid,,20251118,Mexico,Latin America,45+,Search,Spanish,1
2939,viewer_02939,viewer02939@example.invalid,,20250113,Indonesia,APAC,25-34,Referral,English,1
2940,viewer_02940,viewer02940@example.invalid,2348,20230528,France,Europe,13-17,Organic,Japanese,0
2941,viewer_02941,viewer02941@example.invalid,,20240524,Germany,Europe,35-44,Creator,French,1
2942,viewer_02942,viewer02942@example.invalid,,20251221,Brazil,Latin America,18-24,Paid Social,German,1
2943,viewer_02943,viewer02943@example.invalid,,20231208,United States,North America,45+,Search,Portuguese,0
2944,viewer_02944,viewer02944@example.invalid,,20240824,Japan,APAC,25-34,Referral,Spanish,1
2945,viewer_02945,viewer02945@example.invalid,,20251015,Canada,North America,13-17,Organic,English,1
2946,viewer_02946,viewer02946@example.invalid,,20230512,Mexico,Latin America,35-44,Creator,Japanese,0
2947,viewer_02947,viewer02947@example.invalid,1285,20240723,Indonesia,APAC,18-24,Paid Social,French,1
2948,viewer_02948,viewer02948@example.invalid,,20250901,France,Europe,45+,Search,German,1
2949,viewer_02949,viewer02949@example.invalid,,20250807,Germany,Europe,25-34,Referral,Portuguese,0
2950,viewer_02950,viewer02950@example.invalid,,20230819,Brazil,Latin America,13-17,Organic,Spanish,1
2951,viewer_02951,viewer02951@example.invalid,,20240819,United States,North America,35-44,Creator,English,1
2952,viewer_02952,viewer02952@example.invalid,,20250131,Japan,APAC,18-24,Paid Social,Japanese,0
2953,viewer_02953,viewer02953@example.invalid,,20250501,Canada,North America,45+,Search,French,1
2954,viewer_02954,viewer02954@example.invalid,46,20240726,Mexico,Latin America,25-34,Referral,German,1
2955,viewer_02955,viewer02955@example.invalid,,20250723,Indonesia,APAC,13-17,Organic,Portuguese,0
2956,viewer_02956,viewer02956@example.invalid,,20230831,France,Europe,35-44,Creator,Spanish,1
2957,viewer_02957,viewer02957@example.invalid,,20240121,Germany,Europe,18-24,Paid Social,English,1
2958,viewer_02958,viewer02958@example.invalid,,20230905,Brazil,Latin America,45+,Search,Japanese,0
2959,viewer_02959,viewer02959@example.invalid,,20250323,United States,North America,25-34,Referral,French,1
2960,viewer_02960,viewer02960@example.invalid,,20251011,Japan,APAC,13-17,Organic,German,1
2961,viewer_02961,viewer02961@example.invalid,545,20230621,Canada,North America,35-44,Creator,Portuguese,0
2962,viewer_02962,viewer02962@example.invalid,,20250129,Mexico,Latin America,18-24,Paid Social,Spanish,1
2963,viewer_02963,viewer02963@example.invalid,,20231207,Indonesia,APAC,45+,Search,English,1
2964,viewer_02964,viewer02964@example.invalid,,20250420,France,Europe,25-34,Referral,Japanese,0
2965,viewer_02965,viewer02965@example.invalid,,20230716,Germany,Europe,13-17,Organic,French,1
2966,viewer_02966,viewer02966@example.invalid,,20250124,Brazil,Latin America,35-44,Creator,German,1
2967,viewer_02967,viewer02967@example.invalid,,20241030,United States,North America,18-24,Paid Social,Portuguese,0
2968,viewer_02968,viewer02968@example.invalid,2388,20240527,Japan,APAC,45+,Search,Spanish,1
2969,viewer_02969,viewer02969@example.invalid,,20230820,Canada,North America,25-34,Referral,English,1
2970,viewer_02970,viewer02970@example.invalid,,20250902,Mexico,Latin America,13-17,Organic,Japanese,0
2971,viewer_02971,viewer02971@example.invalid,,20250127,Indonesia,APAC,35-44,Creator,French,1
2972,viewer_02972,viewer02972@example.invalid,,20250921,France,Europe,18-24,Paid Social,German,1
2973,viewer_02973,viewer02973@example.invalid,,20230905,Germany,Europe,45+,Search,Portuguese,0
2974,viewer_02974,viewer02974@example.invalid,,20250519,Brazil,Latin America,25-34,Referral,Spanish,1
2975,viewer_02975,viewer02975@example.invalid,76,20231107,United States,North America,13-17,Organic,English,1
2976,viewer_02976,viewer02976@example.invalid,,20240604,Japan,APAC,35-44,Creator,Japanese,0
2977,viewer_02977,viewer02977@example.invalid,,20250715,Canada,North America,18-24,Paid Social,French,1
2978,viewer_02978,viewer02978@example.invalid,,20250612,Mexico,Latin America,45+,Search,German,1
2979,viewer_02979,viewer02979@example.invalid,,20240704,Indonesia,APAC,25-34,Referral,Portuguese,0
2980,viewer_02980,viewer02980@example.invalid,,20240904,France,Europe,13-17,Organic,Spanish,1
2981,viewer_02981,viewer02981@example.invalid,,20241013,Germany,Europe,35-44,Creator,English,1
2982,viewer_02982,viewer02982@example.invalid,2043,20250507,Brazil,Latin America,18-24,Paid Social,Japanese,0
2983,viewer_02983,viewer02983@example.invalid,,20240514,United States,North America,45+,Search,French,1
2984,viewer_02984,viewer02984@example.invalid,,20251107,Japan,APAC,25-34,Referral,German,1
2985,viewer_02985,viewer02985@example.invalid,,20241109,Canada,North America,13-17,Organic,Portuguese,0
2986,viewer_02986,viewer02986@example.invalid,,20251026,Mexico,Latin America,35-44,Creator,Spanish,1
2987,viewer_02987,viewer02987@example.invalid,,20230702,Indonesia,APAC,18-24,Paid Social,English,1
2988,viewer_02988,viewer02988@example.invalid,,20241005,France,Europe,45+,Search,Japanese,0
2989,viewer_02989,viewer02989@example.invalid,265,20231109,Germany,Europe,25-34,Referral,French,1
2990,viewer_02990,viewer02990@example.invalid,,20230628,Brazil,Latin America,13-17,Organic,German,1
2991,viewer_02991,viewer02991@example.invalid,,20231113,United States,North America,35-44,Creator,Portuguese,0
2992,viewer_02992,viewer02992@example.invalid,,20251220,Japan,APAC,18-24,Paid Social,Spanish,1
2993,viewer_02993,viewer02993@example.invalid,,20240105,Canada,North America,45+,Search,English,1
2994,viewer_02994,viewer02994@example.invalid,,20241228,Mexico,Latin America,25-34,Referral,Japanese,0
2995,viewer_02995,viewer02995@example.invalid,,20230606,Indonesia,APAC,13-17,Organic,French,1
2996,viewer_02996,viewer02996@example.invalid,315,20240726,France,Europe,35-44,Creator,German,1
2997,viewer_02997,viewer02997@example.invalid,,20250102,Germany,Europe,18-24,Paid Social,Portuguese,0
2998,viewer_02998,viewer02998@example.invalid,,20241229,Brazil,Latin America,45+,Search,Spanish,1
2999,viewer_02999,viewer02999@example.invalid,,20230822,United States,North America,25-34,Referral,English,1
3000,viewer_03000,viewer03000@example.invalid,,20240605,Japan,APAC,13-17,Organic,Japanese,0
3001,viewer_03001,viewer03001@example.invalid,,20231106,Canada,North America,35-44,Creator,French,1
3002,viewer_03002,viewer03002@example.invalid,,20230731,Mexico,Latin America,18-24,Paid Social,German,1
3003,viewer_03003,viewer03003@example.invalid,1639,20230903,Indonesia,APAC,45+,Search,Portuguese,0
3004,viewer_03004,viewer03004@example.invalid,,20240313,France,Europe,25-34,Referral,Spanish,1
3005,viewer_03005,viewer03005@example.invalid,,20231014,Germany,Europe,13-17,Organic,English,1
3006,viewer_03006,viewer03006@example.invalid,,20250409,Brazil,Latin America,35-44,Creator,Japanese,0
3007,viewer_03007,viewer03007@example.invalid,,20240618,United States,North America,18-24,Paid Social,French,1
3008,viewer_03008,viewer03008@example.invalid,,20230222,Japan,APAC,45+,Search,German,1
3009,viewer_03009,viewer03009@example.invalid,,20240210,Canada,North America,25-34,Referral,Portuguese,0
3010,viewer_03010,viewer03010@example.invalid,1054,20250804,Mexico,Latin America,13-17,Organic,Spanish,1
3011,viewer_03011,viewer03011@example.invalid,,20250309,Indonesia,APAC,35-44,Creator,English,1
3012,viewer_03012,viewer03012@example.invalid,,20241106,France,Europe,18-24,Paid Social,Japanese,0
3013,viewer_03013,viewer03013@example.invalid,,20250710,Germany,Europe,45+,Search,French,1
3014,viewer_03014,viewer03014@example.invalid,,20240126,Brazil,Latin America,25-34,Referral,German,1
3015,viewer_03015,viewer03015@example.invalid,,20230510,United States,North America,13-17,Organic,Portuguese,0
3016,viewer_03016,viewer03016@example.invalid,,20251101,Japan,APAC,35-44,Creator,Spanish,1
3017,viewer_03017,viewer03017@example.invalid,1971,20250225,Canada,North America,18-24,Paid Social,English,1
3018,viewer_03018,viewer03018@example.invalid,,20241207,Mexico,Latin America,45+,Search,Japanese,0
3019,viewer_03019,viewer03019@example.invalid,,20230211,Indonesia,APAC,25-34,Referral,French,1
3020,viewer_03020,viewer03020@example.invalid,,20230730,France,Europe,13-17,Organic,German,1
3021,viewer_03021,viewer03021@example.invalid,,20240510,Germany,Europe,35-44,Creator,Portuguese,0
3022,viewer_03022,viewer03022@example.invalid,,20240301,Brazil,Latin America,18-24,Paid Social,Spanish,1
3023,viewer_03023,viewer03023@example.invalid,,20250809,United States,North America,45+,Search,English,1
3024,viewer_03024,viewer03024@example.invalid,1577,20250628,Japan,APAC,25-34,Referral,Japanese,0
3025,viewer_03025,viewer03025@example.invalid,,20231205,Canada,North America,13-17,Organic,French,1
3026,viewer_03026,viewer03026@example.invalid,,20250506,Mexico,Latin America,35-44,Creator,German,1
3027,viewer_03027,viewer03027@example.invalid,,20241211,Indonesia,APAC,18-24,Paid Social,Portuguese,0
3028,viewer_03028,viewer03028@example.invalid,,20240526,France,Europe,45+,Search,Spanish,1
3029,viewer_03029,viewer03029@example.invalid,,20230411,Germany,Europe,25-34,Referral,English,1
3030,viewer_03030,viewer03030@example.invalid,,20240123,Brazil,Latin America,13-17,Organic,Japanese,0
3031,viewer_03031,viewer03031@example.invalid,403,20230115,United States,North America,35-44,Creator,French,1
3032,viewer_03032,viewer03032@example.invalid,,20230121,Japan,APAC,18-24,Paid Social,German,1
3033,viewer_03033,viewer03033@example.invalid,,20231116,Canada,North America,45+,Search,Portuguese,0
3034,viewer_03034,viewer03034@example.invalid,,20240306,Mexico,Latin America,25-34,Referral,Spanish,1
3035,viewer_03035,viewer03035@example.invalid,,20241025,Indonesia,APAC,13-17,Organic,English,1
3036,viewer_03036,viewer03036@example.invalid,,20240127,France,Europe,35-44,Creator,Japanese,0
3037,viewer_03037,viewer03037@example.invalid,,20240618,Germany,Europe,18-24,Paid Social,French,1
3038,viewer_03038,viewer03038@example.invalid,234,20240704,Brazil,Latin America,45+,Search,German,1
3039,viewer_03039,viewer03039@example.invalid,,20230816,United States,North America,25-34,Referral,Portuguese,0
3040,viewer_03040,viewer03040@example.invalid,,20230609,Japan,APAC,13-17,Organic,Spanish,1
3041,viewer_03041,viewer03041@example.invalid,,20241025,Canada,North America,35-44,Creator,English,1
3042,viewer_03042,viewer03042@example.invalid,,20230109,Mexico,Latin America,18-24,Paid Social,Japanese,0
3043,viewer_03043,viewer03043@example.invalid,,20241106,Indonesia,APAC,45+,Search,French,1
3044,viewer_03044,viewer03044@example.invalid,,20240902,France,Europe,25-34,Referral,German,1
3045,viewer_03045,viewer03045@example.invalid,1398,20241002,Germany,Europe,13-17,Organic,Portuguese,0
3046,viewer_03046,viewer03046@example.invalid,,20250830,Brazil,Latin America,35-44,Creator,Spanish,1
3047,viewer_03047,viewer03047@example.invalid,,20240503,United States,North America,18-24,Paid Social,English,1
3048,viewer_03048,viewer03048@example.invalid,,20250628,Japan,APAC,45+,Search,Japanese,0
3049,viewer_03049,viewer03049@example.invalid,,20230328,Canada,North America,25-34,Referral,French,1
3050,viewer_03050,viewer03050@example.invalid,,20231212,Mexico,Latin America,13-17,Organic,German,1
3051,viewer_03051,viewer03051@example.invalid,,20251205,Indonesia,APAC,35-44,Creator,Portuguese,0
3052,viewer_03052,viewer03052@example.invalid,2518,20251122,France,Europe,18-24,Paid Social,Spanish,1
3053,viewer_03053,viewer03053@example.invalid,,20240723,Germany,Europe,45+,Search,English,1
3054,viewer_03054,viewer03054@example.invalid,,20240927,Brazil,Latin America,25-34,Referral,Japanese,0
3055,viewer_03055,viewer03055@example.invalid,,20230419,United States,North America,13-17,Organic,French,1
3056,viewer_03056,viewer03056@example.invalid,,20240226,Japan,APAC,35-44,Creator,German,1
3057,viewer_03057,viewer03057@example.invalid,,20230628,Canada,North America,18-24,Paid Social,Portuguese,0
3058,viewer_03058,viewer03058@example.invalid,,20231224,Mexico,Latin America,45+,Search,Spanish,1
3059,viewer_03059,viewer03059@example.invalid,62,20250807,Indonesia,APAC,25-34,Referral,English,1
3060,viewer_03060,viewer03060@example.invalid,,20250303,France,Europe,13-17,Organic,Japanese,0
3061,viewer_03061,viewer03061@example.invalid,,20230521,Germany,Europe,35-44,Creator,French,1
3062,viewer_03062,viewer03062@example.invalid,,20240422,Brazil,Latin America,18-24,Paid Social,German,1
3063,viewer_03063,viewer03063@example.invalid,,20231023,United States,North America,45+,Search,Portuguese,0
3064,viewer_03064,viewer03064@example.invalid,,20240620,Japan,APAC,25-34,Referral,Spanish,1
3065,viewer_03065,viewer03065@example.invalid,,20231023,Canada,North America,13-17,Organic,English,1
3066,viewer_03066,viewer03066@example.invalid,2391,20240918,Mexico,Latin America,35-44,Creator,Japanese,0
3067,viewer_03067,viewer03067@example.invalid,,20230225,Indonesia,APAC,18-24,Paid Social,French,1
3068,viewer_03068,viewer03068@example.invalid,,20240308,France,Europe,45+,Search,German,1
3069,viewer_03069,viewer03069@example.invalid,,20240811,Germany,Europe,25-34,Referral,Portuguese,0
3070,viewer_03070,viewer03070@example.invalid,,20230331,Brazil,Latin America,13-17,Organic,Spanish,1
3071,viewer_03071,viewer03071@example.invalid,,20231108,United States,North America,35-44,Creator,English,1
3072,viewer_03072,viewer03072@example.invalid,,20230618,Japan,APAC,18-24,Paid Social,Japanese,0
3073,viewer_03073,viewer03073@example.invalid,2932,20230811,Canada,North America,45+,Search,French,1
3074,viewer_03074,viewer03074@example.invalid,,20250421,Mexico,Latin America,25-34,Referral,German,1
3075,viewer_03075,viewer03075@example.invalid,,20241104,Indonesia,APAC,13-17,Organic,Portuguese,0
3076,viewer_03076,viewer03076@example.invalid,,20230120,France,Europe,35-44,Creator,Spanish,1
3077,viewer_03077,viewer03077@example.invalid,,20240921,Germany,Europe,18-24,Paid Social,English,1
3078,viewer_03078,viewer03078@example.invalid,,20251212,Brazil,Latin America,45+,Search,Japanese,0
3079,viewer_03079,viewer03079@example.invalid,,20241113,United States,North America,25-34,Referral,French,1
3080,viewer_03080,viewer03080@example.invalid,1621,20251228,Japan,APAC,13-17,Organic,German,1
3081,viewer_03081,viewer03081@example.invalid,,20230120,Canada,North America,35-44,Creator,Portuguese,0
3082,viewer_03082,viewer03082@example.invalid,,20241218,Mexico,Latin America,18-24,Paid Social,Spanish,1
3083,viewer_03083,viewer03083@example.invalid,,20230604,Indonesia,APAC,45+,Search,English,1
3084,viewer_03084,viewer03084@example.invalid,,20230919,France,Europe,25-34,Referral,Japanese,0
3085,viewer_03085,viewer03085@example.invalid,,20230811,Germany,Europe,13-17,Organic,French,1
3086,viewer_03086,viewer03086@example.invalid,,20240421,Brazil,Latin America,35-44,Creator,German,1
3087,viewer_03087,viewer03087@example.invalid,226,20240907,United States,North America,18-24,Paid Social,Portuguese,0
3088,viewer_03088,viewer03088@example.invalid,,20251206,Japan,APAC,45+,Search,Spanish,1
3089,viewer_03089,viewer03089@example.invalid,,20231102,Canada,North America,25-34,Referral,English,1
3090,viewer_03090,viewer03090@example.invalid,,20240915,Mexico,Latin America,13-17,Organic,Japanese,0
3091,viewer_03091,viewer03091@example.invalid,,20251024,Indonesia,APAC,35-44,Creator,French,1
3092,viewer_03092,viewer03092@example.invalid,,20240213,France,Europe,18-24,Paid Social,German,1
3093,viewer_03093,viewer03093@example.invalid,,20240630,Germany,Europe,45+,Search,Portuguese,0
3094,viewer_03094,viewer03094@example.invalid,2044,20250716,Brazil,Latin America,25-34,Referral,Spanish,1
3095,viewer_03095,viewer03095@example.invalid,,20231222,United States,North America,13-17,Organic,English,1
3096,viewer_03096,viewer03096@example.invalid,,20251228,Japan,APAC,35-44,Creator,Japanese,0
3097,viewer_03097,viewer03097@example.invalid,,20250325,Canada,North America,18-24,Paid Social,French,1
3098,viewer_03098,viewer03098@example.invalid,,20240320,Mexico,Latin America,45+,Search,German,1
3099,viewer_03099,viewer03099@example.invalid,,20241020,Indonesia,APAC,25-34,Referral,Portuguese,0
3100,viewer_03100,viewer03100@example.invalid,,20250516,France,Europe,13-17,Organic,Spanish,1
3101,viewer_03101,viewer03101@example.invalid,2488,20240907,Germany,Europe,35-44,Creator,English,1
3102,viewer_03102,viewer03102@example.invalid,,20231001,Brazil,Latin America,18-24,Paid Social,Japanese,0
3103,viewer_03103,viewer03103@example.invalid,,20230103,United States,North America,45+,Search,French,1
3104,viewer_03104,viewer03104@example.invalid,,20241026,Japan,APAC,25-34,Referral,German,1
3105,viewer_03105,viewer03105@example.invalid,,20230109,Canada,North America,13-17,Organic,Portuguese,0
3106,viewer_03106,viewer03106@example.invalid,,20250223,Mexico,Latin America,35-44,Creator,Spanish,1
3107,viewer_03107,viewer03107@example.invalid,,20240303,Indonesia,APAC,18-24,Paid Social,English,1
3108,viewer_03108,viewer03108@example.invalid,218,20230305,France,Europe,45+,Search,Japanese,0
3109,viewer_03109,viewer03109@example.invalid,,20241219,Germany,Europe,25-34,Referral,French,1
3110,viewer_03110,viewer03110@example.invalid,,20250127,Brazil,Latin America,13-17,Organic,German,1
3111,viewer_03111,viewer03111@example.invalid,,20240918,United States,North America,35-44,Creator,Portuguese,0
3112,viewer_03112,viewer03112@example.invalid,,20240812,Japan,APAC,18-24,Paid Social,Spanish,1
3113,viewer_03113,viewer03113@example.invalid,,20230715,Canada,North America,45+,Search,English,1
3114,viewer_03114,viewer03114@example.invalid,,20230820,Mexico,Latin America,25-34,Referral,Japanese,0
3115,viewer_03115,viewer03115@example.invalid,1160,20230626,Indonesia,APAC,13-17,Organic,French,1
3116,viewer_03116,viewer03116@example.invalid,,20240804,France,Europe,35-44,Creator,German,1
3117,viewer_03117,viewer03117@example.invalid,,20240326,Germany,Europe,18-24,Paid Social,Portuguese,0
3118,viewer_03118,viewer03118@example.invalid,,20240312,Brazil,Latin America,45+,Search,Spanish,1
3119,viewer_03119,viewer03119@example.invalid,,20240820,United States,North America,25-34,Referral,English,1
3120,viewer_03120,viewer03120@example.invalid,,20250114,Japan,APAC,13-17,Organic,Japanese,0
3121,viewer_03121,viewer03121@example.invalid,,20230825,Canada,North America,35-44,Creator,French,1
3122,viewer_03122,viewer03122@example.invalid,304,20250314,Mexico,Latin America,18-24,Paid Social,German,1
3123,viewer_03123,viewer03123@example.invalid,,20230425,Indonesia,APAC,45+,Search,Portuguese,0
3124,viewer_03124,viewer03124@example.invalid,,20251218,France,Europe,25-34,Referral,Spanish,1
3125,viewer_03125,viewer03125@example.invalid,,20250805,Germany,Europe,13-17,Organic,English,1
3126,viewer_03126,viewer03126@example.invalid,,20240423,Brazil,Latin America,35-44,Creator,Japanese,0
3127,viewer_03127,viewer03127@example.invalid,,20250406,United States,North America,18-24,Paid Social,French,1
3128,viewer_03128,viewer03128@example.invalid,,20251003,Japan,APAC,45+,Search,German,1
3129,viewer_03129,viewer03129@example.invalid,956,20240103,Canada,North America,25-34,Referral,Portuguese,0
3130,viewer_03130,viewer03130@example.invalid,,20230305,Mexico,Latin America,13-17,Organic,Spanish,1
3131,viewer_03131,viewer03131@example.invalid,,20240605,Indonesia,APAC,35-44,Creator,English,1
3132,viewer_03132,viewer03132@example.invalid,,20250419,France,Europe,18-24,Paid Social,Japanese,0
3133,viewer_03133,viewer03133@example.invalid,,20241105,Germany,Europe,45+,Search,French,1
3134,viewer_03134,viewer03134@example.invalid,,20251026,Brazil,Latin America,25-34,Referral,German,1
3135,viewer_03135,viewer03135@example.invalid,,20250416,United States,North America,13-17,Organic,Portuguese,0
3136,viewer_03136,viewer03136@example.invalid,252,20240205,Japan,APAC,35-44,Creator,Spanish,1
3137,viewer_03137,viewer03137@example.invalid,,20241121,Canada,North America,18-24,Paid Social,English,1
3138,viewer_03138,viewer03138@example.invalid,,20241010,Mexico,Latin America,45+,Search,Japanese,0
3139,viewer_03139,viewer03139@example.invalid,,20251027,Indonesia,APAC,25-34,Referral,French,1
3140,viewer_03140,viewer03140@example.invalid,,20241102,France,Europe,13-17,Organic,German,1
3141,viewer_03141,viewer03141@example.invalid,,20250417,Germany,Europe,35-44,Creator,Portuguese,0
3142,viewer_03142,viewer03142@example.invalid,,20241226,Brazil,Latin America,18-24,Paid Social,Spanish,1
3143,viewer_03143,viewer03143@example.invalid,2171,20241126,United States,North America,45+,Search,English,1
3144,viewer_03144,viewer03144@example.invalid,,20240604,Japan,APAC,25-34,Referral,Japanese,0
3145,viewer_03145,viewer03145@example.invalid,,20230617,Canada,North America,13-17,Organic,French,1
3146,viewer_03146,viewer03146@example.invalid,,20240620,Mexico,Latin America,35-44,Creator,German,1
3147,viewer_03147,viewer03147@example.invalid,,20240120,Indonesia,APAC,18-24,Paid Social,Portuguese,0
3148,viewer_03148,viewer03148@example.invalid,,20230703,France,Europe,45+,Search,Spanish,1
3149,viewer_03149,viewer03149@example.invalid,,20250308,Germany,Europe,25-34,Referral,English,1
3150,viewer_03150,viewer03150@example.invalid,2679,20241017,Brazil,Latin America,13-17,Organic,Japanese,0
3151,viewer_03151,viewer03151@example.invalid,,20241213,United States,North America,35-44,Creator,French,1
3152,viewer_03152,viewer03152@example.invalid,,20241212,Japan,APAC,18-24,Paid Social,German,1
3153,viewer_03153,viewer03153@example.invalid,,20231120,Canada,North America,45+,Search,Portuguese,0
3154,viewer_03154,viewer03154@example.invalid,,20240527,Mexico,Latin America,25-34,Referral,Spanish,1
3155,viewer_03155,viewer03155@example.invalid,,20240803,Indonesia,APAC,13-17,Organic,English,1
3156,viewer_03156,viewer03156@example.invalid,,20240921,France,Europe,35-44,Creator,Japanese,0
3157,viewer_03157,viewer03157@example.invalid,3039,20250202,Germany,Europe,18-24,Paid Social,French,1
3158,viewer_03158,viewer03158@example.invalid,,20230824,Brazil,Latin America,45+,Search,German,1
3159,viewer_03159,viewer03159@example.invalid,,20241031,United States,North America,25-34,Referral,Portuguese,0
3160,viewer_03160,viewer03160@example.invalid,,20240201,Japan,APAC,13-17,Organic,Spanish,1
3161,viewer_03161,viewer03161@example.invalid,,20240724,Canada,North America,35-44,Creator,English,1
3162,viewer_03162,viewer03162@example.invalid,,20240126,Mexico,Latin America,18-24,Paid Social,Japanese,0
3163,viewer_03163,viewer03163@example.invalid,,20241211,Indonesia,APAC,45+,Search,French,1
3164,viewer_03164,viewer03164@example.invalid,2087,20231110,France,Europe,25-34,Referral,German,1
3165,viewer_03165,viewer03165@example.invalid,,20240814,Germany,Europe,13-17,Organic,Portuguese,0
3166,viewer_03166,viewer03166@example.invalid,,20230504,Brazil,Latin America,35-44,Creator,Spanish,1
3167,viewer_03167,viewer03167@example.invalid,,20230930,United States,North America,18-24,Paid Social,English,1
3168,viewer_03168,viewer03168@example.invalid,,20250821,Japan,APAC,45+,Search,Japanese,0
3169,viewer_03169,viewer03169@example.invalid,,20230213,Canada,North America,25-34,Referral,French,1
3170,viewer_03170,viewer03170@example.invalid,,20231206,Mexico,Latin America,13-17,Organic,German,1
3171,viewer_03171,viewer03171@example.invalid,620,20231111,Indonesia,APAC,35-44,Creator,Portuguese,0
3172,viewer_03172,viewer03172@example.invalid,,20251028,France,Europe,18-24,Paid Social,Spanish,1
3173,viewer_03173,viewer03173@example.invalid,,20230201,Germany,Europe,45+,Search,English,1
3174,viewer_03174,viewer03174@example.invalid,,20231207,Brazil,Latin America,25-34,Referral,Japanese,0
3175,viewer_03175,viewer03175@example.invalid,,20250709,United States,North America,13-17,Organic,French,1
3176,viewer_03176,viewer03176@example.invalid,,20240501,Japan,APAC,35-44,Creator,German,1
3177,viewer_03177,viewer03177@example.invalid,,20230630,Canada,North America,18-24,Paid Social,Portuguese,0
3178,viewer_03178,viewer03178@example.invalid,2838,20250407,Mexico,Latin America,45+,Search,Spanish,1
3179,viewer_03179,viewer03179@example.invalid,,20230730,Indonesia,APAC,25-34,Referral,English,1
3180,viewer_03180,viewer03180@example.invalid,,20240504,France,Europe,13-17,Organic,Japanese,0
3181,viewer_03181,viewer03181@example.invalid,,20230727,Germany,Europe,35-44,Creator,French,1
3182,viewer_03182,viewer03182@example.invalid,,20241026,Brazil,Latin America,18-24,Paid Social,German,1
3183,viewer_03183,viewer03183@example.invalid,,20241015,United States,North America,45+,Search,Portuguese,0
3184,viewer_03184,viewer03184@example.invalid,,20241228,Japan,APAC,25-34,Referral,Spanish,1
3185,viewer_03185,viewer03185@example.invalid,1287,20240420,Canada,North America,13-17,Organic,English,1
3186,viewer_03186,viewer03186@example.invalid,,20250927,Mexico,Latin America,35-44,Creator,Japanese,0
3187,viewer_03187,viewer03187@example.invalid,,20251210,Indonesia,APAC,18-24,Paid Social,French,1
3188,viewer_03188,viewer03188@example.invalid,,20230428,France,Europe,45+,Search,German,1
3189,viewer_03189,viewer03189@example.invalid,,20230830,Germany,Europe,25-34,Referral,Portuguese,0
3190,viewer_03190,viewer03190@example.invalid,,20250523,Brazil,Latin America,13-17,Organic,Spanish,1
3191,viewer_03191,viewer03191@example.invalid,,20240723,United States,North America,35-44,Creator,English,1
3192,viewer_03192,viewer03192@example.invalid,1447,20240122,Japan,APAC,18-24,Paid Social,Japanese,0
3193,viewer_03193,viewer03193@example.invalid,,20241213,Canada,North America,45+,Search,French,1
3194,viewer_03194,viewer03194@example.invalid,,20240811,Mexico,Latin America,25-34,Referral,German,1
3195,viewer_03195,viewer03195@example.invalid,,20230322,Indonesia,APAC,13-17,Organic,Portuguese,0
3196,viewer_03196,viewer03196@example.invalid,,20250402,France,Europe,35-44,Creator,Spanish,1
3197,viewer_03197,viewer03197@example.invalid,,20240818,Germany,Europe,18-24,Paid Social,English,1
3198,viewer_03198,viewer03198@example.invalid,,20240410,Brazil,Latin America,45+,Search,Japanese,0
3199,viewer_03199,viewer03199@example.invalid,519,20250706,United States,North America,25-34,Referral,French,1
3200,viewer_03200,viewer03200@example.invalid,,20240922,Japan,APAC,13-17,Organic,German,1
3201,viewer_03201,viewer03201@example.invalid,,20251109,Canada,North America,35-44,Creator,Portuguese,0
3202,viewer_03202,viewer03202@example.invalid,,20241120,Mexico,Latin America,18-24,Paid Social,Spanish,1
3203,viewer_03203,viewer03203@example.invalid,,20241228,Indonesia,APAC,45+,Search,English,1
3204,viewer_03204,viewer03204@example.invalid,,20230815,France,Europe,25-34,Referral,Japanese,0
3205,viewer_03205,viewer03205@example.invalid,,20250916,Germany,Europe,13-17,Organic,French,1
3206,viewer_03206,viewer03206@example.invalid,1720,20250417,Brazil,Latin America,35-44,Creator,German,1
3207,viewer_03207,viewer03207@example.invalid,,20240216,United States,North America,18-24,Paid Social,Portuguese,0
3208,viewer_03208,viewer03208@example.invalid,,20250723,Japan,APAC,45+,Search,Spanish,1
3209,viewer_03209,viewer03209@example.invalid,,20251106,Canada,North America,25-34,Referral,English,1
3210,viewer_03210,viewer03210@example.invalid,,20250508,Mexico,Latin America,13-17,Organic,Japanese,0
3211,viewer_03211,viewer03211@example.invalid,,20230726,Indonesia,APAC,35-44,Creator,French,1
3212,viewer_03212,viewer03212@example.invalid,,20240710,France,Europe,18-24,Paid Social,German,1
3213,viewer_03213,viewer03213@example.invalid,902,20230910,Germany,Europe,45+,Search,Portuguese,0
3214,viewer_03214,viewer03214@example.invalid,,20251230,Brazil,Latin America,25-34,Referral,Spanish,1
3215,viewer_03215,viewer03215@example.invalid,,20250210,United States,North America,13-17,Organic,English,1
3216,viewer_03216,viewer03216@example.invalid,,20250830,Japan,APAC,35-44,Creator,Japanese,0
3217,viewer_03217,viewer03217@example.invalid,,20230910,Canada,North America,18-24,Paid Social,French,1
3218,viewer_03218,viewer03218@example.invalid,,20251006,Mexico,Latin America,45+,Search,German,1
3219,viewer_03219,viewer03219@example.invalid,,20250217,Indonesia,APAC,25-34,Referral,Portuguese,0
3220,viewer_03220,viewer03220@example.invalid,1729,20241214,France,Europe,13-17,Organic,Spanish,1
3221,viewer_03221,viewer03221@example.invalid,,20240424,Germany,Europe,35-44,Creator,English,1
3222,viewer_03222,viewer03222@example.invalid,,20250104,Brazil,Latin America,18-24,Paid Social,Japanese,0
3223,viewer_03223,viewer03223@example.invalid,,20250111,United States,North America,45+,Search,French,1
3224,viewer_03224,viewer03224@example.invalid,,20241118,Japan,APAC,25-34,Referral,German,1
3225,viewer_03225,viewer03225@example.invalid,,20241107,Canada,North America,13-17,Organic,Portuguese,0
3226,viewer_03226,viewer03226@example.invalid,,20250729,Mexico,Latin America,35-44,Creator,Spanish,1
3227,viewer_03227,viewer03227@example.invalid,2403,20231128,Indonesia,APAC,18-24,Paid Social,English,1
3228,viewer_03228,viewer03228@example.invalid,,20250108,France,Europe,45+,Search,Japanese,0
3229,viewer_03229,viewer03229@example.invalid,,20241229,Germany,Europe,25-34,Referral,French,1
3230,viewer_03230,viewer03230@example.invalid,,20250119,Brazil,Latin America,13-17,Organic,German,1
3231,viewer_03231,viewer03231@example.invalid,,20240813,United States,North America,35-44,Creator,Portuguese,0
3232,viewer_03232,viewer03232@example.invalid,,20250620,Japan,APAC,18-24,Paid Social,Spanish,1
3233,viewer_03233,viewer03233@example.invalid,,20231229,Canada,North America,45+,Search,English,1
3234,viewer_03234,viewer03234@example.invalid,1636,20240319,Mexico,Latin America,25-34,Referral,Japanese,0
3235,viewer_03235,viewer03235@example.invalid,,20240419,Indonesia,APAC,13-17,Organic,French,1
3236,viewer_03236,viewer03236@example.invalid,,20250109,France,Europe,35-44,Creator,German,1
3237,viewer_03237,viewer03237@example.invalid,,20240817,Germany,Europe,18-24,Paid Social,Portuguese,0
3238,viewer_03238,viewer03238@example.invalid,,20240609,Brazil,Latin America,45+,Search,Spanish,1
3239,viewer_03239,viewer03239@example.invalid,,20251118,United States,North America,25-34,Referral,English,1
3240,viewer_03240,viewer03240@example.invalid,,20251213,Japan,APAC,13-17,Organic,Japanese,0
3241,viewer_03241,viewer03241@example.invalid,438,20240524,Canada,North America,35-44,Creator,French,1
3242,viewer_03242,viewer03242@example.invalid,,20230124,Mexico,Latin America,18-24,Paid Social,German,1
3243,viewer_03243,viewer03243@example.invalid,,20230611,Indonesia,APAC,45+,Search,Portuguese,0
3244,viewer_03244,viewer03244@example.invalid,,20240807,France,Europe,25-34,Referral,Spanish,1
3245,viewer_03245,viewer03245@example.invalid,,20250515,Germany,Europe,13-17,Organic,English,1
3246,viewer_03246,viewer03246@example.invalid,,20231024,Brazil,Latin America,35-44,Creator,Japanese,0
3247,viewer_03247,viewer03247@example.invalid,,20230213,United States,North America,18-24,Paid Social,French,1
3248,viewer_03248,viewer03248@example.invalid,530,20251227,Japan,APAC,45+,Search,German,1
3249,viewer_03249,viewer03249@example.invalid,,20240722,Canada,North America,25-34,Referral,Portuguese,0
3250,viewer_03250,viewer03250@example.invalid,,20230514,Mexico,Latin America,13-17,Organic,Spanish,1
3251,viewer_03251,viewer03251@example.invalid,,20240615,Indonesia,APAC,35-44,Creator,English,1
3252,viewer_03252,viewer03252@example.invalid,,20230722,France,Europe,18-24,Paid Social,Japanese,0
3253,viewer_03253,viewer03253@example.invalid,,20251028,Germany,Europe,45+,Search,French,1
3254,viewer_03254,viewer03254@example.invalid,,20240714,Brazil,Latin America,25-34,Referral,German,1
3255,viewer_03255,viewer03255@example.invalid,598,20231026,United States,North America,13-17,Organic,Portuguese,0
3256,viewer_03256,viewer03256@example.invalid,,20250222,Japan,APAC,35-44,Creator,Spanish,1
3257,viewer_03257,viewer03257@example.invalid,,20250128,Canada,North America,18-24,Paid Social,English,1
3258,viewer_03258,viewer03258@example.invalid,,20231007,Mexico,Latin America,45+,Search,Japanese,0
3259,viewer_03259,viewer03259@example.invalid,,20230329,Indonesia,APAC,25-34,Referral,French,1
3260,viewer_03260,viewer03260@example.invalid,,20240712,France,Europe,13-17,Organic,German,1
3261,viewer_03261,viewer03261@example.invalid,,20251206,Germany,Europe,35-44,Creator,Portuguese,0
3262,viewer_03262,viewer03262@example.invalid,1199,20230107,Brazil,Latin America,18-24,Paid Social,Spanish,1
3263,viewer_03263,viewer03263@example.invalid,,20251126,United States,North America,45+,Search,English,1
3264,viewer_03264,viewer03264@example.invalid,,20250512,Japan,APAC,25-34,Referral,Japanese,0
3265,viewer_03265,viewer03265@example.invalid,,20241020,Canada,North America,13-17,Organic,French,1
3266,viewer_03266,viewer03266@example.invalid,,20250405,Mexico,Latin America,35-44,Creator,German,1
3267,viewer_03267,viewer03267@example.invalid,,20250724,Indonesia,APAC,18-24,Paid Social,Portuguese,0
3268,viewer_03268,viewer03268@example.invalid,,20250723,France,Europe,45+,Search,Spanish,1
3269,viewer_03269,viewer03269@example.invalid,1505,20240615,Germany,Europe,25-34,Referral,English,1
3270,viewer_03270,viewer03270@example.invalid,,20230314,Brazil,Latin America,13-17,Organic,Japanese,0
3271,viewer_03271,viewer03271@example.invalid,,20230614,United States,North America,35-44,Creator,French,1
3272,viewer_03272,viewer03272@example.invalid,,20230718,Japan,APAC,18-24,Paid Social,German,1
3273,viewer_03273,viewer03273@example.invalid,,20250527,Canada,North America,45+,Search,Portuguese,0
3274,viewer_03274,viewer03274@example.invalid,,20250429,Mexico,Latin America,25-34,Referral,Spanish,1
3275,viewer_03275,viewer03275@example.invalid,,20230102,Indonesia,APAC,13-17,Organic,English,1
3276,viewer_03276,viewer03276@example.invalid,939,20250201,France,Europe,35-44,Creator,Japanese,0
3277,viewer_03277,viewer03277@example.invalid,,20250404,Germany,Europe,18-24,Paid Social,French,1
3278,viewer_03278,viewer03278@example.invalid,,20240507,Brazil,Latin America,45+,Search,German,1
3279,viewer_03279,viewer03279@example.invalid,,20250805,United States,North America,25-34,Referral,Portuguese,0
3280,viewer_03280,viewer03280@example.invalid,,20230206,Japan,APAC,13-17,Organic,Spanish,1
3281,viewer_03281,viewer03281@example.invalid,,20230620,Canada,North America,35-44,Creator,English,1
3282,viewer_03282,viewer03282@example.invalid,,20231118,Mexico,Latin America,18-24,Paid Social,Japanese,0
3283,viewer_03283,viewer03283@example.invalid,1545,20230215,Indonesia,APAC,45+,Search,French,1
3284,viewer_03284,viewer03284@example.invalid,,20230703,France,Europe,25-34,Referral,German,1
3285,viewer_03285,viewer03285@example.invalid,,20240809,Germany,Europe,13-17,Organic,Portuguese,0
3286,viewer_03286,viewer03286@example.invalid,,20231024,Brazil,Latin America,35-44,Creator,Spanish,1
3287,viewer_03287,viewer03287@example.invalid,,20241120,United States,North America,18-24,Paid Social,English,1
3288,viewer_03288,viewer03288@example.invalid,,20231212,Japan,APAC,45+,Search,Japanese,0
3289,viewer_03289,viewer03289@example.invalid,,20250812,Canada,North America,25-34,Referral,French,1
3290,viewer_03290,viewer03290@example.invalid,3152,20230310,Mexico,Latin America,13-17,Organic,German,1
3291,viewer_03291,viewer03291@example.invalid,,20240112,Indonesia,APAC,35-44,Creator,Portuguese,0
3292,viewer_03292,viewer03292@example.invalid,,20250211,France,Europe,18-24,Paid Social,Spanish,1
3293,viewer_03293,viewer03293@example.invalid,,20250830,Germany,Europe,45+,Search,English,1
3294,viewer_03294,viewer03294@example.invalid,,20230321,Brazil,Latin America,25-34,Referral,Japanese,0
3295,viewer_03295,viewer03295@example.invalid,,20240423,United States,North America,13-17,Organic,French,1
3296,viewer_03296,viewer03296@example.invalid,,20240417,Japan,APAC,35-44,Creator,German,1
3297,viewer_03297,viewer03297@example.invalid,2614,20241028,Canada,North America,18-24,Paid Social,Portuguese,0
3298,viewer_03298,viewer03298@example.invalid,,20240825,Mexico,Latin America,45+,Search,Spanish,1
3299,viewer_03299,viewer03299@example.invalid,,20251004,Indonesia,APAC,25-34,Referral,English,1
3300,viewer_03300,viewer03300@example.invalid,,20230902,France,Europe,13-17,Organic,Japanese,0
3301,viewer_03301,viewer03301@example.invalid,,20241012,Germany,Europe,35-44,Creator,French,1
3302,viewer_03302,viewer03302@example.invalid,,20250609,Brazil,Latin America,18-24,Paid Social,German,1
3303,viewer_03303,viewer03303@example.invalid,,20250906,United States,North America,45+,Search,Portuguese,0
3304,viewer_03304,viewer03304@example.invalid,2473,20250103,Japan,APAC,25-34,Referral,Spanish,1
3305,viewer_03305,viewer03305@example.invalid,,20240403,Canada,North America,13-17,Organic,English,1
3306,viewer_03306,viewer03306@example.invalid,,20230205,Mexico,Latin America,35-44,Creator,Japanese,0
3307,viewer_03307,viewer03307@example.invalid,,20240226,Indonesia,APAC,18-24,Paid Social,French,1
3308,viewer_03308,viewer03308@example.invalid,,20231119,France,Europe,45+,Search,German,1
3309,viewer_03309,viewer03309@example.invalid,,20241121,Germany,Europe,25-34,Referral,Portuguese,0
3310,viewer_03310,viewer03310@example.invalid,,20230727,Brazil,Latin America,13-17,Organic,Spanish,1
3311,viewer_03311,viewer03311@example.invalid,998,20250816,United States,North America,35-44,Creator,English,1
3312,viewer_03312,viewer03312@example.invalid,,20230108,Japan,APAC,18-24,Paid Social,Japanese,0
3313,viewer_03313,viewer03313@example.invalid,,20230902,Canada,North America,45+,Search,French,1
3314,viewer_03314,viewer03314@example.invalid,,20231227,Mexico,Latin America,25-34,Referral,German,1
3315,viewer_03315,viewer03315@example.invalid,,20230412,Indonesia,APAC,13-17,Organic,Portuguese,0
3316,viewer_03316,viewer03316@example.invalid,,20251210,France,Europe,35-44,Creator,Spanish,1
3317,viewer_03317,viewer03317@example.invalid,,20230520,Germany,Europe,18-24,Paid Social,English,1
3318,viewer_03318,viewer03318@example.invalid,77,20230227,Brazil,Latin America,45+,Search,Japanese,0
3319,viewer_03319,viewer03319@example.invalid,,20251020,United States,North America,25-34,Referral,French,1
3320,viewer_03320,viewer03320@example.invalid,,20251024,Japan,APAC,13-17,Organic,German,1
3321,viewer_03321,viewer03321@example.invalid,,20240311,Canada,North America,35-44,Creator,Portuguese,0
3322,viewer_03322,viewer03322@example.invalid,,20230627,Mexico,Latin America,18-24,Paid Social,Spanish,1
3323,viewer_03323,viewer03323@example.invalid,,20250906,Indonesia,APAC,45+,Search,English,1
3324,viewer_03324,viewer03324@example.invalid,,20231013,France,Europe,25-34,Referral,Japanese,0
3325,viewer_03325,viewer03325@example.invalid,2189,20250925,Germany,Europe,13-17,Organic,French,1
3326,viewer_03326,viewer03326@example.invalid,,20251112,Brazil,Latin America,35-44,Creator,German,1
3327,viewer_03327,viewer03327@example.invalid,,20230628,United States,North America,18-24,Paid Social,Portuguese,0
3328,viewer_03328,viewer03328@example.invalid,,20240913,Japan,APAC,45+,Search,Spanish,1
3329,viewer_03329,viewer03329@example.invalid,,20250130,Canada,North America,25-34,Referral,English,1
3330,viewer_03330,viewer03330@example.invalid,,20230217,Mexico,Latin America,13-17,Organic,Japanese,0
3331,viewer_03331,viewer03331@example.invalid,,20251227,Indonesia,APAC,35-44,Creator,French,1
3332,viewer_03332,viewer03332@example.invalid,2969,20240728,France,Europe,18-24,Paid Social,German,1
3333,viewer_03333,viewer03333@example.invalid,,20250308,Germany,Europe,45+,Search,Portuguese,0
3334,viewer_03334,viewer03334@example.invalid,,20251107,Brazil,Latin America,25-34,Referral,Spanish,1
3335,viewer_03335,viewer03335@example.invalid,,20250725,United States,North America,13-17,Organic,English,1
3336,viewer_03336,viewer03336@example.invalid,,20250116,Japan,APAC,35-44,Creator,Japanese,0
3337,viewer_03337,viewer03337@example.invalid,,20250112,Canada,North America,18-24,Paid Social,French,1
3338,viewer_03338,viewer03338@example.invalid,,20230317,Mexico,Latin America,45+,Search,German,1
3339,viewer_03339,viewer03339@example.invalid,1231,20230331,Indonesia,APAC,25-34,Referral,Portuguese,0
3340,viewer_03340,viewer03340@example.invalid,,20231225,France,Europe,13-17,Organic,Spanish,1
3341,viewer_03341,viewer03341@example.invalid,,20251005,Germany,Europe,35-44,Creator,English,1
3342,viewer_03342,viewer03342@example.invalid,,20250110,Brazil,Latin America,18-24,Paid Social,Japanese,0
3343,viewer_03343,viewer03343@example.invalid,,20230716,United States,North America,45+,Search,French,1
3344,viewer_03344,viewer03344@example.invalid,,20240305,Japan,APAC,25-34,Referral,German,1
3345,viewer_03345,viewer03345@example.invalid,,20250529,Canada,North America,13-17,Organic,Portuguese,0
3346,viewer_03346,viewer03346@example.invalid,953,20230301,Mexico,Latin America,35-44,Creator,Spanish,1
3347,viewer_03347,viewer03347@example.invalid,,20240826,Indonesia,APAC,18-24,Paid Social,English,1
3348,viewer_03348,viewer03348@example.invalid,,20251228,France,Europe,45+,Search,Japanese,0
3349,viewer_03349,viewer03349@example.invalid,,20250716,Germany,Europe,25-34,Referral,French,1
3350,viewer_03350,viewer03350@example.invalid,,20251009,Brazil,Latin America,13-17,Organic,German,1
3351,viewer_03351,viewer03351@example.invalid,,20251223,United States,North America,35-44,Creator,Portuguese,0
3352,viewer_03352,viewer03352@example.invalid,,20231202,Japan,APAC,18-24,Paid Social,Spanish,1
3353,viewer_03353,viewer03353@example.invalid,1089,20230818,Canada,North America,45+,Search,English,1
3354,viewer_03354,viewer03354@example.invalid,,20250118,Mexico,Latin America,25-34,Referral,Japanese,0
3355,viewer_03355,viewer03355@example.invalid,,20230806,Indonesia,APAC,13-17,Organic,French,1
3356,viewer_03356,viewer03356@example.invalid,,20250520,France,Europe,35-44,Creator,German,1
3357,viewer_03357,viewer03357@example.invalid,,20240423,Germany,Europe,18-24,Paid Social,Portuguese,0
3358,viewer_03358,viewer03358@example.invalid,,20230307,Brazil,Latin America,45+,Search,Spanish,1
3359,viewer_03359,viewer03359@example.invalid,,20240103,United States,North America,25-34,Referral,English,1
3360,viewer_03360,viewer03360@example.invalid,2811,20231222,Japan,APAC,13-17,Organic,Japanese,0
3361,viewer_03361,viewer03361@example.invalid,,20230222,Canada,North America,35-44,Creator,French,1
3362,viewer_03362,viewer03362@example.invalid,,20240606,Mexico,Latin America,18-24,Paid Social,German,1
3363,viewer_03363,viewer03363@example.invalid,,20250508,Indonesia,APAC,45+,Search,Portuguese,0
3364,viewer_03364,viewer03364@example.invalid,,20240207,France,Europe,25-34,Referral,Spanish,1
3365,viewer_03365,viewer03365@example.invalid,,20230804,Germany,Europe,13-17,Organic,English,1
3366,viewer_03366,viewer03366@example.invalid,,20231205,Brazil,Latin America,35-44,Creator,Japanese,0
3367,viewer_03367,viewer03367@example.invalid,1228,20231229,United States,North America,18-24,Paid Social,French,1
3368,viewer_03368,viewer03368@example.invalid,,20230616,Japan,APAC,45+,Search,German,1
3369,viewer_03369,viewer03369@example.invalid,,20250516,Canada,North America,25-34,Referral,Portuguese,0
3370,viewer_03370,viewer03370@example.invalid,,20230710,Mexico,Latin America,13-17,Organic,Spanish,1
3371,viewer_03371,viewer03371@example.invalid,,20230125,Indonesia,APAC,35-44,Creator,English,1
3372,viewer_03372,viewer03372@example.invalid,,20240826,France,Europe,18-24,Paid Social,Japanese,0
3373,viewer_03373,viewer03373@example.invalid,,20250909,Germany,Europe,45+,Search,French,1
3374,viewer_03374,viewer03374@example.invalid,871,20230329,Brazil,Latin America,25-34,Referral,German,1
3375,viewer_03375,viewer03375@example.invalid,,20240612,United States,North America,13-17,Organic,Portuguese,0
3376,viewer_03376,viewer03376@example.invalid,,20230526,Japan,APAC,35-44,Creator,Spanish,1
3377,viewer_03377,viewer03377@example.invalid,,20230904,Canada,North America,18-24,Paid Social,English,1
3378,viewer_03378,viewer03378@example.invalid,,20241230,Mexico,Latin America,45+,Search,Japanese,0
3379,viewer_03379,viewer03379@example.invalid,,20240110,Indonesia,APAC,25-34,Referral,French,1
3380,viewer_03380,viewer03380@example.invalid,,20240305,France,Europe,13-17,Organic,German,1
3381,viewer_03381,viewer03381@example.invalid,2445,20250130,Germany,Europe,35-44,Creator,Portuguese,0
3382,viewer_03382,viewer03382@example.invalid,,20241028,Brazil,Latin America,18-24,Paid Social,Spanish,1
3383,viewer_03383,viewer03383@example.invalid,,20230217,United States,North America,45+,Search,English,1
3384,viewer_03384,viewer03384@example.invalid,,20230831,Japan,APAC,25-34,Referral,Japanese,0
3385,viewer_03385,viewer03385@example.invalid,,20240128,Canada,North America,13-17,Organic,French,1
3386,viewer_03386,viewer03386@example.invalid,,20230308,Mexico,Latin America,35-44,Creator,German,1
3387,viewer_03387,viewer03387@example.invalid,,20230802,Indonesia,APAC,18-24,Paid Social,Portuguese,0
3388,viewer_03388,viewer03388@example.invalid,1642,20251216,France,Europe,45+,Search,Spanish,1
3389,viewer_03389,viewer03389@example.invalid,,20240328,Germany,Europe,25-34,Referral,English,1
3390,viewer_03390,viewer03390@example.invalid,,20241230,Brazil,Latin America,13-17,Organic,Japanese,0
3391,viewer_03391,viewer03391@example.invalid,,20241129,United States,North America,35-44,Creator,French,1
3392,viewer_03392,viewer03392@example.invalid,,20231210,Japan,APAC,18-24,Paid Social,German,1
3393,viewer_03393,viewer03393@example.invalid,,20250922,Canada,North America,45+,Search,Portuguese,0
3394,viewer_03394,viewer03394@example.invalid,,20250123,Mexico,Latin America,25-34,Referral,Spanish,1
3395,viewer_03395,viewer03395@example.invalid,398,20231013,Indonesia,APAC,13-17,Organic,English,1
3396,viewer_03396,viewer03396@example.invalid,,20240520,France,Europe,35-44,Creator,Japanese,0
3397,viewer_03397,viewer03397@example.invalid,,20230705,Germany,Europe,18-24,Paid Social,French,1
3398,viewer_03398,viewer03398@example.invalid,,20250326,Brazil,Latin America,45+,Search,German,1
3399,viewer_03399,viewer03399@example.invalid,,20240530,United States,North America,25-34,Referral,Portuguese,0
3400,viewer_03400,viewer03400@example.invalid,,20230731,Japan,APAC,13-17,Organic,Spanish,1
3401,viewer_03401,viewer03401@example.invalid,,20240201,Canada,North America,35-44,Creator,English,1
3402,viewer_03402,viewer03402@example.invalid,2920,20240822,Mexico,Latin America,18-24,Paid Social,Japanese,0
3403,viewer_03403,viewer03403@example.invalid,,20230222,Indonesia,APAC,45+,Search,French,1
3404,viewer_03404,viewer03404@example.invalid,,20240829,France,Europe,25-34,Referral,German,1
3405,viewer_03405,viewer03405@example.invalid,,20231119,Germany,Europe,13-17,Organic,Portuguese,0
3406,viewer_03406,viewer03406@example.invalid,,20251220,Brazil,Latin America,35-44,Creator,Spanish,1
3407,viewer_03407,viewer03407@example.invalid,,20250525,United States,North America,18-24,Paid Social,English,1
3408,viewer_03408,viewer03408@example.invalid,,20241008,Japan,APAC,45+,Search,Japanese,0
3409,viewer_03409,viewer03409@example.invalid,266,20251024,Canada,North America,25-34,Referral,French,1
3410,viewer_03410,viewer03410@example.invalid,,20251214,Mexico,Latin America,13-17,Organic,German,1
3411,viewer_03411,viewer03411@example.invalid,,20240109,Indonesia,APAC,35-44,Creator,Portuguese,0
3412,viewer_03412,viewer03412@example.invalid,,20251218,France,Europe,18-24,Paid Social,Spanish,1
3413,viewer_03413,viewer03413@example.invalid,,20250115,Germany,Europe,45+,Search,English,1
3414,viewer_03414,viewer03414@example.invalid,,20251030,Brazil,Latin America,25-34,Referral,Japanese,0
3415,viewer_03415,viewer03415@example.invalid,,20250206,United States,North America,13-17,Organic,French,1
3416,viewer_03416,viewer03416@example.invalid,453,20241110,Japan,APAC,35-44,Creator,German,1
3417,viewer_03417,viewer03417@example.invalid,,20230810,Canada,North America,18-24,Paid Social,Portuguese,0
3418,viewer_03418,viewer03418@example.invalid,,20250128,Mexico,Latin America,45+,Search,Spanish,1
3419,viewer_03419,viewer03419@example.invalid,,20251124,Indonesia,APAC,25-34,Referral,English,1
3420,viewer_03420,viewer03420@example.invalid,,20250615,France,Europe,13-17,Organic,Japanese,0
3421,viewer_03421,viewer03421@example.invalid,,20240715,Germany,Europe,35-44,Creator,French,1
3422,viewer_03422,viewer03422@example.invalid,,20230213,Brazil,Latin America,18-24,Paid Social,German,1
3423,viewer_03423,viewer03423@example.invalid,891,20230102,United States,North America,45+,Search,Portuguese,0
3424,viewer_03424,viewer03424@example.invalid,,20240312,Japan,APAC,25-34,Referral,Spanish,1
3425,viewer_03425,viewer03425@example.invalid,,20231028,Canada,North America,13-17,Organic,English,1
3426,viewer_03426,viewer03426@example.invalid,,20230715,Mexico,Latin America,35-44,Creator,Japanese,0
3427,viewer_03427,viewer03427@example.invalid,,20230705,Indonesia,APAC,18-24,Paid Social,French,1
3428,viewer_03428,viewer03428@example.invalid,,20240512,France,Europe,45+,Search,German,1
3429,viewer_03429,viewer03429@example.invalid,,20230731,Germany,Europe,25-34,Referral,Portuguese,0
3430,viewer_03430,viewer03430@example.invalid,425,20230612,Brazil,Latin America,13-17,Organic,Spanish,1
3431,viewer_03431,viewer03431@example.invalid,,20250827,United States,North America,35-44,Creator,English,1
3432,viewer_03432,viewer03432@example.invalid,,20250927,Japan,APAC,18-24,Paid Social,Japanese,0
3433,viewer_03433,viewer03433@example.invalid,,20230621,Canada,North America,45+,Search,French,1
3434,viewer_03434,viewer03434@example.invalid,,20230108,Mexico,Latin America,25-34,Referral,German,1
3435,viewer_03435,viewer03435@example.invalid,,20230425,Indonesia,APAC,13-17,Organic,Portuguese,0
3436,viewer_03436,viewer03436@example.invalid,,20250319,France,Europe,35-44,Creator,Spanish,1
3437,viewer_03437,viewer03437@example.invalid,2302,20250828,Germany,Europe,18-24,Paid Social,English,1
3438,viewer_03438,viewer03438@example.invalid,,20250907,Brazil,Latin America,45+,Search,Japanese,0
3439,viewer_03439,viewer03439@example.invalid,,20251103,United States,North America,25-34,Referral,French,1
3440,viewer_03440,viewer03440@example.invalid,,20251229,Japan,APAC,13-17,Organic,German,1
3441,viewer_03441,viewer03441@example.invalid,,20240619,Canada,North America,35-44,Creator,Portuguese,0
3442,viewer_03442,viewer03442@example.invalid,,20230717,Mexico,Latin America,18-24,Paid Social,Spanish,1
3443,viewer_03443,viewer03443@example.invalid,,20250312,Indonesia,APAC,45+,Search,English,1
3444,viewer_03444,viewer03444@example.invalid,3261,20231119,France,Europe,25-34,Referral,Japanese,0
3445,viewer_03445,viewer03445@example.invalid,,20240711,Germany,Europe,13-17,Organic,French,1
3446,viewer_03446,viewer03446@example.invalid,,20230410,Brazil,Latin America,35-44,Creator,German,1
3447,viewer_03447,viewer03447@example.invalid,,20240714,United States,North America,18-24,Paid Social,Portuguese,0
3448,viewer_03448,viewer03448@example.invalid,,20250907,Japan,APAC,45+,Search,Spanish,1
3449,viewer_03449,viewer03449@example.invalid,,20230919,Canada,North America,25-34,Referral,English,1
3450,viewer_03450,viewer03450@example.invalid,,20230827,Mexico,Latin America,13-17,Organic,Japanese,0
3451,viewer_03451,viewer03451@example.invalid,1845,20251122,Indonesia,APAC,35-44,Creator,French,1
3452,viewer_03452,viewer03452@example.invalid,,20230408,France,Europe,18-24,Paid Social,German,1
3453,viewer_03453,viewer03453@example.invalid,,20241101,Germany,Europe,45+,Search,Portuguese,0
3454,viewer_03454,viewer03454@example.invalid,,20240728,Brazil,Latin America,25-34,Referral,Spanish,1
3455,viewer_03455,viewer03455@example.invalid,,20241006,United States,North America,13-17,Organic,English,1
3456,viewer_03456,viewer03456@example.invalid,,20250425,Japan,APAC,35-44,Creator,Japanese,0
3457,viewer_03457,viewer03457@example.invalid,,20230517,Canada,North America,18-24,Paid Social,French,1
3458,viewer_03458,viewer03458@example.invalid,1756,20250906,Mexico,Latin America,45+,Search,German,1
3459,viewer_03459,viewer03459@example.invalid,,20240201,Indonesia,APAC,25-34,Referral,Portuguese,0
3460,viewer_03460,viewer03460@example.invalid,,20240915,France,Europe,13-17,Organic,Spanish,1
3461,viewer_03461,viewer03461@example.invalid,,20240710,Germany,Europe,35-44,Creator,English,1
3462,viewer_03462,viewer03462@example.invalid,,20230518,Brazil,Latin America,18-24,Paid Social,Japanese,0
3463,viewer_03463,viewer03463@example.invalid,,20240606,United States,North America,45+,Search,French,1
3464,viewer_03464,viewer03464@example.invalid,,20240617,Japan,APAC,25-34,Referral,German,1
3465,viewer_03465,viewer03465@example.invalid,554,20230111,Canada,North America,13-17,Organic,Portuguese,0
3466,viewer_03466,viewer03466@example.invalid,,20231101,Mexico,Latin America,35-44,Creator,Spanish,1
3467,viewer_03467,viewer03467@example.invalid,,20241007,Indonesia,APAC,18-24,Paid Social,English,1
3468,viewer_03468,viewer03468@example.invalid,,20241027,France,Europe,45+,Search,Japanese,0
3469,viewer_03469,viewer03469@example.invalid,,20230609,Germany,Europe,25-34,Referral,French,1
3470,viewer_03470,viewer03470@example.invalid,,20240412,Brazil,Latin America,13-17,Organic,German,1
3471,viewer_03471,viewer03471@example.invalid,,20250216,United States,North America,35-44,Creator,Portuguese,0
3472,viewer_03472,viewer03472@example.invalid,1534,20240331,Japan,APAC,18-24,Paid Social,Spanish,1
3473,viewer_03473,viewer03473@example.invalid,,20250513,Canada,North America,45+,Search,English,1
3474,viewer_03474,viewer03474@example.invalid,,20250101,Mexico,Latin America,25-34,Referral,Japanese,0
3475,viewer_03475,viewer03475@example.invalid,,20240830,Indonesia,APAC,13-17,Organic,French,1
3476,viewer_03476,viewer03476@example.invalid,,20230321,France,Europe,35-44,Creator,German,1
3477,viewer_03477,viewer03477@example.invalid,,20250406,Germany,Europe,18-24,Paid Social,Portuguese,0
3478,viewer_03478,viewer03478@example.invalid,,20250426,Brazil,Latin America,45+,Search,Spanish,1
3479,viewer_03479,viewer03479@example.invalid,3287,20251201,United States,North America,25-34,Referral,English,1
3480,viewer_03480,viewer03480@example.invalid,,20250330,Japan,APAC,13-17,Organic,Japanese,0
3481,viewer_03481,viewer03481@example.invalid,,20240219,Canada,North America,35-44,Creator,French,1
3482,viewer_03482,viewer03482@example.invalid,,20240404,Mexico,Latin America,18-24,Paid Social,German,1
3483,viewer_03483,viewer03483@example.invalid,,20250726,Indonesia,APAC,45+,Search,Portuguese,0
3484,viewer_03484,viewer03484@example.invalid,,20240312,France,Europe,25-34,Referral,Spanish,1
3485,viewer_03485,viewer03485@example.invalid,,20251106,Germany,Europe,13-17,Organic,English,1
3486,viewer_03486,viewer03486@example.invalid,454,20240731,Brazil,Latin America,35-44,Creator,Japanese,0
3487,viewer_03487,viewer03487@example.invalid,,20230829,United States,North America,18-24,Paid Social,French,1
3488,viewer_03488,viewer03488@example.invalid,,20240510,Japan,APAC,45+,Search,German,1
3489,viewer_03489,viewer03489@example.invalid,,20230330,Canada,North America,25-34,Referral,Portuguese,0
3490,viewer_03490,viewer03490@example.invalid,,20250408,Mexico,Latin America,13-17,Organic,Spanish,1
3491,viewer_03491,viewer03491@example.invalid,,20250528,Indonesia,APAC,35-44,Creator,English,1
3492,viewer_03492,viewer03492@example.invalid,,20231223,France,Europe,18-24,Paid Social,Japanese,0
3493,viewer_03493,viewer03493@example.invalid,2230,20240129,Germany,Europe,45+,Search,French,1
3494,viewer_03494,viewer03494@example.invalid,,20230301,Brazil,Latin America,25-34,Referral,German,1
3495,viewer_03495,viewer03495@example.invalid,,20240602,United States,North America,13-17,Organic,Portuguese,0
3496,viewer_03496,viewer03496@example.invalid,,20251102,Japan,APAC,35-44,Creator,Spanish,1
3497,viewer_03497,viewer03497@example.invalid,,20250328,Canada,North America,18-24,Paid Social,English,1
3498,viewer_03498,viewer03498@example.invalid,,20250917,Mexico,Latin America,45+,Search,Japanese,0
3499,viewer_03499,viewer03499@example.invalid,,20240315,Indonesia,APAC,25-34,Referral,French,1
3500,viewer_03500,viewer03500@example.invalid,3413,20230801,France,Europe,13-17,Organic,German,1
3501,viewer_03501,viewer03501@example.invalid,,20240309,Germany,Europe,35-44,Creator,Portuguese,0
3502,viewer_03502,viewer03502@example.invalid,,20250402,Brazil,Latin America,18-24,Paid Social,Spanish,1
3503,viewer_03503,viewer03503@example.invalid,,20230426,United States,North America,45+,Search,English,1
3504,viewer_03504,viewer03504@example.invalid,,20250101,Japan,APAC,25-34,Referral,Japanese,0
3505,viewer_03505,viewer03505@example.invalid,,20251231,Canada,North America,13-17,Organic,French,1
3506,viewer_03506,viewer03506@example.invalid,,20250920,Mexico,Latin America,35-44,Creator,German,1
3507,viewer_03507,viewer03507@example.invalid,1195,20250902,Indonesia,APAC,18-24,Paid Social,Portuguese,0
3508,viewer_03508,viewer03508@example.invalid,,20240716,France,Europe,45+,Search,Spanish,1
3509,viewer_03509,viewer03509@example.invalid,,20230131,Germany,Europe,25-34,Referral,English,1
3510,viewer_03510,viewer03510@example.invalid,,20251026,Brazil,Latin America,13-17,Organic,Japanese,0
3511,viewer_03511,viewer03511@example.invalid,,20231217,United States,North America,35-44,Creator,French,1
3512,viewer_03512,viewer03512@example.invalid,,20230715,Japan,APAC,18-24,Paid Social,German,1
3513,viewer_03513,viewer03513@example.invalid,,20230217,Canada,North America,45+,Search,Portuguese,0
3514,viewer_03514,viewer03514@example.invalid,2406,20250531,Mexico,Latin America,25-34,Referral,Spanish,1
3515,viewer_03515,viewer03515@example.invalid,,20231121,Indonesia,APAC,13-17,Organic,English,1
3516,viewer_03516,viewer03516@example.invalid,,20240807,France,Europe,35-44,Creator,Japanese,0
3517,viewer_03517,viewer03517@example.invalid,,20240707,Germany,Europe,18-24,Paid Social,French,1
3518,viewer_03518,viewer03518@example.invalid,,20240629,Brazil,Latin America,45+,Search,German,1
3519,viewer_03519,viewer03519@example.invalid,,20241223,United States,North America,25-34,Referral,Portuguese,0
3520,viewer_03520,viewer03520@example.invalid,,20230421,Japan,APAC,13-17,Organic,Spanish,1
3521,viewer_03521,viewer03521@example.invalid,3363,20230828,Canada,North America,35-44,Creator,English,1
3522,viewer_03522,viewer03522@example.invalid,,20241124,Mexico,Latin America,18-24,Paid Social,Japanese,0
3523,viewer_03523,viewer03523@example.invalid,,20240831,Indonesia,APAC,45+,Search,French,1
3524,viewer_03524,viewer03524@example.invalid,,20240217,France,Europe,25-34,Referral,German,1
3525,viewer_03525,viewer03525@example.invalid,,20250325,Germany,Europe,13-17,Organic,Portuguese,0
3526,viewer_03526,viewer03526@example.invalid,,20231114,Brazil,Latin America,35-44,Creator,Spanish,1
3527,viewer_03527,viewer03527@example.invalid,,20230909,United States,North America,18-24,Paid Social,English,1
3528,viewer_03528,viewer03528@example.invalid,656,20240812,Japan,APAC,45+,Search,Japanese,0
3529,viewer_03529,viewer03529@example.invalid,,20230613,Canada,North America,25-34,Referral,French,1
3530,viewer_03530,viewer03530@example.invalid,,20230226,Mexico,Latin America,13-17,Organic,German,1
3531,viewer_03531,viewer03531@example.invalid,,20240925,Indonesia,APAC,35-44,Creator,Portuguese,0
3532,viewer_03532,viewer03532@example.invalid,,20230327,France,Europe,18-24,Paid Social,Spanish,1
3533,viewer_03533,viewer03533@example.invalid,,20250421,Germany,Europe,45+,Search,English,1
3534,viewer_03534,viewer03534@example.invalid,,20250929,Brazil,Latin America,25-34,Referral,Japanese,0
3535,viewer_03535,viewer03535@example.invalid,3071,20240524,United States,North America,13-17,Organic,French,1
3536,viewer_03536,viewer03536@example.invalid,,20231120,Japan,APAC,35-44,Creator,German,1
3537,viewer_03537,viewer03537@example.invalid,,20250212,Canada,North America,18-24,Paid Social,Portuguese,0
3538,viewer_03538,viewer03538@example.invalid,,20241231,Mexico,Latin America,45+,Search,Spanish,1
3539,viewer_03539,viewer03539@example.invalid,,20231226,Indonesia,APAC,25-34,Referral,English,1
3540,viewer_03540,viewer03540@example.invalid,,20231003,France,Europe,13-17,Organic,Japanese,0
3541,viewer_03541,viewer03541@example.invalid,,20230412,Germany,Europe,35-44,Creator,French,1
3542,viewer_03542,viewer03542@example.invalid,420,20250504,Brazil,Latin America,18-24,Paid Social,German,1
3543,viewer_03543,viewer03543@example.invalid,,20240604,United States,North America,45+,Search,Portuguese,0
3544,viewer_03544,viewer03544@example.invalid,,20240831,Japan,APAC,25-34,Referral,Spanish,1
3545,viewer_03545,viewer03545@example.invalid,,20230529,Canada,North America,13-17,Organic,English,1
3546,viewer_03546,viewer03546@example.invalid,,20241222,Mexico,Latin America,35-44,Creator,Japanese,0
3547,viewer_03547,viewer03547@example.invalid,,20251106,Indonesia,APAC,18-24,Paid Social,French,1
3548,viewer_03548,viewer03548@example.invalid,,20250131,France,Europe,45+,Search,German,1
3549,viewer_03549,viewer03549@example.invalid,268,20230716,Germany,Europe,25-34,Referral,Portuguese,0
3550,viewer_03550,viewer03550@example.invalid,,20240702,Brazil,Latin America,13-17,Organic,Spanish,1
3551,viewer_03551,viewer03551@example.invalid,,20240410,United States,North America,35-44,Creator,English,1
3552,viewer_03552,viewer03552@example.invalid,,20240829,Japan,APAC,18-24,Paid Social,Japanese,0
3553,viewer_03553,viewer03553@example.invalid,,20240122,Canada,North America,45+,Search,French,1
3554,viewer_03554,viewer03554@example.invalid,,20250902,Mexico,Latin America,25-34,Referral,German,1
3555,viewer_03555,viewer03555@example.invalid,,20250414,Indonesia,APAC,13-17,Organic,Portuguese,0
3556,viewer_03556,viewer03556@example.invalid,2006,20231015,France,Europe,35-44,Creator,Spanish,1
3557,viewer_03557,viewer03557@example.invalid,,20230426,Germany,Europe,18-24,Paid Social,English,1
3558,viewer_03558,viewer03558@example.invalid,,20230815,Brazil,Latin America,45+,Search,Japanese,0
3559,viewer_03559,viewer03559@example.invalid,,20240504,United States,North America,25-34,Referral,French,1
3560,viewer_03560,viewer03560@example.invalid,,20250510,Japan,APAC,13-17,Organic,German,1
3561,viewer_03561,viewer03561@example.invalid,,20231105,Canada,North America,35-44,Creator,Portuguese,0
3562,viewer_03562,viewer03562@example.invalid,,20230908,Mexico,Latin America,18-24,Paid Social,Spanish,1
3563,viewer_03563,viewer03563@example.invalid,2010,20250509,Indonesia,APAC,45+,Search,English,1
3564,viewer_03564,viewer03564@example.invalid,,20250329,France,Europe,25-34,Referral,Japanese,0
3565,viewer_03565,viewer03565@example.invalid,,20250215,Germany,Europe,13-17,Organic,French,1
3566,viewer_03566,viewer03566@example.invalid,,20250714,Brazil,Latin America,35-44,Creator,German,1
3567,viewer_03567,viewer03567@example.invalid,,20230905,United States,North America,18-24,Paid Social,Portuguese,0
3568,viewer_03568,viewer03568@example.invalid,,20231215,Japan,APAC,45+,Search,Spanish,1
3569,viewer_03569,viewer03569@example.invalid,,20250228,Canada,North America,25-34,Referral,English,1
3570,viewer_03570,viewer03570@example.invalid,3220,20230609,Mexico,Latin America,13-17,Organic,Japanese,0
3571,viewer_03571,viewer03571@example.invalid,,20251021,Indonesia,APAC,35-44,Creator,French,1
3572,viewer_03572,viewer03572@example.invalid,,20251226,France,Europe,18-24,Paid Social,German,1
3573,viewer_03573,viewer03573@example.invalid,,20250321,Germany,Europe,45+,Search,Portuguese,0
3574,viewer_03574,viewer03574@example.invalid,,20240713,Brazil,Latin America,25-34,Referral,Spanish,1
3575,viewer_03575,viewer03575@example.invalid,,20230905,United States,North America,13-17,Organic,English,1
3576,viewer_03576,viewer03576@example.invalid,,20230516,Japan,APAC,35-44,Creator,Japanese,0
3577,viewer_03577,viewer03577@example.invalid,1984,20250604,Canada,North America,18-24,Paid Social,French,1
3578,viewer_03578,viewer03578@example.invalid,,20230502,Mexico,Latin America,45+,Search,German,1
3579,viewer_03579,viewer03579@example.invalid,,20230115,Indonesia,APAC,25-34,Referral,Portuguese,0
3580,viewer_03580,viewer03580@example.invalid,,20250827,France,Europe,13-17,Organic,Spanish,1
3581,viewer_03581,viewer03581@example.invalid,,20251012,Germany,Europe,35-44,Creator,English,1
3582,viewer_03582,viewer03582@example.invalid,,20231201,Brazil,Latin America,18-24,Paid Social,Japanese,0
3583,viewer_03583,viewer03583@example.invalid,,20250727,United States,North America,45+,Search,French,1
3584,viewer_03584,viewer03584@example.invalid,2312,20251106,Japan,APAC,25-34,Referral,German,1
3585,viewer_03585,viewer03585@example.invalid,,20230515,Canada,North America,13-17,Organic,Portuguese,0
3586,viewer_03586,viewer03586@example.invalid,,20230712,Mexico,Latin America,35-44,Creator,Spanish,1
3587,viewer_03587,viewer03587@example.invalid,,20230831,Indonesia,APAC,18-24,Paid Social,English,1
3588,viewer_03588,viewer03588@example.invalid,,20231207,France,Europe,45+,Search,Japanese,0
3589,viewer_03589,viewer03589@example.invalid,,20250102,Germany,Europe,25-34,Referral,French,1
3590,viewer_03590,viewer03590@example.invalid,,20250131,Brazil,Latin America,13-17,Organic,German,1
3591,viewer_03591,viewer03591@example.invalid,83,20240116,United States,North America,35-44,Creator,Portuguese,0
3592,viewer_03592,viewer03592@example.invalid,,20250502,Japan,APAC,18-24,Paid Social,Spanish,1
3593,viewer_03593,viewer03593@example.invalid,,20240603,Canada,North America,45+,Search,English,1
3594,viewer_03594,viewer03594@example.invalid,,20231224,Mexico,Latin America,25-34,Referral,Japanese,0
3595,viewer_03595,viewer03595@example.invalid,,20250321,Indonesia,APAC,13-17,Organic,French,1
3596,viewer_03596,viewer03596@example.invalid,,20230225,France,Europe,35-44,Creator,German,1
3597,viewer_03597,viewer03597@example.invalid,,20240202,Germany,Europe,18-24,Paid Social,Portuguese,0
3598,viewer_03598,viewer03598@example.invalid,569,20250811,Brazil,Latin America,45+,Search,Spanish,1
3599,viewer_03599,viewer03599@example.invalid,,20241002,United States,North America,25-34,Referral,English,1
3600,viewer_03600,viewer03600@example.invalid,,20240914,Japan,APAC,13-17,Organic,Japanese,0
3601,viewer_03601,viewer03601@example.invalid,,20251105,Canada,North America,35-44,Creator,French,1
3602,viewer_03602,viewer03602@example.invalid,,20250513,Mexico,Latin America,18-24,Paid Social,German,1
3603,viewer_03603,viewer03603@example.invalid,,20230504,Indonesia,APAC,45+,Search,Portuguese,0
3604,viewer_03604,viewer03604@example.invalid,,20240219,France,Europe,25-34,Referral,Spanish,1
3605,viewer_03605,viewer03605@example.invalid,1618,20240410,Germany,Europe,13-17,Organic,English,1
3606,viewer_03606,viewer03606@example.invalid,,20230510,Brazil,Latin America,35-44,Creator,Japanese,0
3607,viewer_03607,viewer03607@example.invalid,,20250501,United States,North America,18-24,Paid Social,French,1
3608,viewer_03608,viewer03608@example.invalid,,20240303,Japan,APAC,45+,Search,German,1
3609,viewer_03609,viewer03609@example.invalid,,20240420,Canada,North America,25-34,Referral,Portuguese,0
3610,viewer_03610,viewer03610@example.invalid,,20230720,Mexico,Latin America,13-17,Organic,Spanish,1
3611,viewer_03611,viewer03611@example.invalid,,20230510,Indonesia,APAC,35-44,Creator,English,1
3612,viewer_03612,viewer03612@example.invalid,2171,20251226,France,Europe,18-24,Paid Social,Japanese,0
3613,viewer_03613,viewer03613@example.invalid,,20250405,Germany,Europe,45+,Search,French,1
3614,viewer_03614,viewer03614@example.invalid,,20250929,Brazil,Latin America,25-34,Referral,German,1
3615,viewer_03615,viewer03615@example.invalid,,20251114,United States,North America,13-17,Organic,Portuguese,0
3616,viewer_03616,viewer03616@example.invalid,,20240116,Japan,APAC,35-44,Creator,Spanish,1
3617,viewer_03617,viewer03617@example.invalid,,20240425,Canada,North America,18-24,Paid Social,English,1
3618,viewer_03618,viewer03618@example.invalid,,20240329,Mexico,Latin America,45+,Search,Japanese,0
3619,viewer_03619,viewer03619@example.invalid,201,20251201,Indonesia,APAC,25-34,Referral,French,1
3620,viewer_03620,viewer03620@example.invalid,,20230506,France,Europe,13-17,Organic,German,1
3621,viewer_03621,viewer03621@example.invalid,,20230217,Germany,Europe,35-44,Creator,Portuguese,0
3622,viewer_03622,viewer03622@example.invalid,,20230129,Brazil,Latin America,18-24,Paid Social,Spanish,1
3623,viewer_03623,viewer03623@example.invalid,,20250824,United States,North America,45+,Search,English,1
3624,viewer_03624,viewer03624@example.invalid,,20240831,Japan,APAC,25-34,Referral,Japanese,0
3625,viewer_03625,viewer03625@example.invalid,,20231011,Canada,North America,13-17,Organic,French,1
3626,viewer_03626,viewer03626@example.invalid,2353,20241104,Mexico,Latin America,35-44,Creator,German,1
3627,viewer_03627,viewer03627@example.invalid,,20250502,Indonesia,APAC,18-24,Paid Social,Portuguese,0
3628,viewer_03628,viewer03628@example.invalid,,20240615,France,Europe,45+,Search,Spanish,1
3629,viewer_03629,viewer03629@example.invalid,,20250404,Germany,Europe,25-34,Referral,English,1
3630,viewer_03630,viewer03630@example.invalid,,20230516,Brazil,Latin America,13-17,Organic,Japanese,0
3631,viewer_03631,viewer03631@example.invalid,,20250414,United States,North America,35-44,Creator,French,1
3632,viewer_03632,viewer03632@example.invalid,,20251107,Japan,APAC,18-24,Paid Social,German,1
3633,viewer_03633,viewer03633@example.invalid,3566,20240211,Canada,North America,45+,Search,Portuguese,0
3634,viewer_03634,viewer03634@example.invalid,,20230524,Mexico,Latin America,25-34,Referral,Spanish,1
3635,viewer_03635,viewer03635@example.invalid,,20231005,Indonesia,APAC,13-17,Organic,English,1
3636,viewer_03636,viewer03636@example.invalid,,20240617,France,Europe,35-44,Creator,Japanese,0
3637,viewer_03637,viewer03637@example.invalid,,20240630,Germany,Europe,18-24,Paid Social,French,1
3638,viewer_03638,viewer03638@example.invalid,,20241015,Brazil,Latin America,45+,Search,German,1
3639,viewer_03639,viewer03639@example.invalid,,20251129,United States,North America,25-34,Referral,Portuguese,0
3640,viewer_03640,viewer03640@example.invalid,2739,20250404,Japan,APAC,13-17,Organic,Spanish,1
3641,viewer_03641,viewer03641@example.invalid,,20240302,Canada,North America,35-44,Creator,English,1
3642,viewer_03642,viewer03642@example.invalid,,20231111,Mexico,Latin America,18-24,Paid Social,Japanese,0
3643,viewer_03643,viewer03643@example.invalid,,20250813,Indonesia,APAC,45+,Search,French,1
3644,viewer_03644,viewer03644@example.invalid,,20240627,France,Europe,25-34,Referral,German,1
3645,viewer_03645,viewer03645@example.invalid,,20230923,Germany,Europe,13-17,Organic,Portuguese,0
3646,viewer_03646,viewer03646@example.invalid,,20250112,Brazil,Latin America,35-44,Creator,Spanish,1
3647,viewer_03647,viewer03647@example.invalid,1395,20230529,United States,North America,18-24,Paid Social,English,1
3648,viewer_03648,viewer03648@example.invalid,,20250124,Japan,APAC,45+,Search,Japanese,0
3649,viewer_03649,viewer03649@example.invalid,,20230217,Canada,North America,25-34,Referral,French,1
3650,viewer_03650,viewer03650@example.invalid,,20240624,Mexico,Latin America,13-17,Organic,German,1
3651,viewer_03651,viewer03651@example.invalid,,20240621,Indonesia,APAC,35-44,Creator,Portuguese,0
3652,viewer_03652,viewer03652@example.invalid,,20240628,France,Europe,18-24,Paid Social,Spanish,1
3653,viewer_03653,viewer03653@example.invalid,,20250625,Germany,Europe,45+,Search,English,1
3654,viewer_03654,viewer03654@example.invalid,3287,20230507,Brazil,Latin America,25-34,Referral,Japanese,0
3655,viewer_03655,viewer03655@example.invalid,,20251220,United States,North America,13-17,Organic,French,1
3656,viewer_03656,viewer03656@example.invalid,,20240909,Japan,APAC,35-44,Creator,German,1
3657,viewer_03657,viewer03657@example.invalid,,20230111,Canada,North America,18-24,Paid Social,Portuguese,0
3658,viewer_03658,viewer03658@example.invalid,,20240507,Mexico,Latin America,45+,Search,Spanish,1
3659,viewer_03659,viewer03659@example.invalid,,20230605,Indonesia,APAC,25-34,Referral,English,1
3660,viewer_03660,viewer03660@example.invalid,,20240615,France,Europe,13-17,Organic,Japanese,0
3661,viewer_03661,viewer03661@example.invalid,2120,20251114,Germany,Europe,35-44,Creator,French,1
3662,viewer_03662,viewer03662@example.invalid,,20250417,Brazil,Latin America,18-24,Paid Social,German,1
3663,viewer_03663,viewer03663@example.invalid,,20240720,United States,North America,45+,Search,Portuguese,0
3664,viewer_03664,viewer03664@example.invalid,,20250521,Japan,APAC,25-34,Referral,Spanish,1
3665,viewer_03665,viewer03665@example.invalid,,20240225,Canada,North America,13-17,Organic,English,1
3666,viewer_03666,viewer03666@example.invalid,,20240927,Mexico,Latin America,35-44,Creator,Japanese,0
3667,viewer_03667,viewer03667@example.invalid,,20230201,Indonesia,APAC,18-24,Paid Social,French,1
3668,viewer_03668,viewer03668@example.invalid,3652,20230624,France,Europe,45+,Search,German,1
3669,viewer_03669,viewer03669@example.invalid,,20241004,Germany,Europe,25-34,Referral,Portuguese,0
3670,viewer_03670,viewer03670@example.invalid,,20231203,Brazil,Latin America,13-17,Organic,Spanish,1
3671,viewer_03671,viewer03671@example.invalid,,20241225,United States,North America,35-44,Creator,English,1
3672,viewer_03672,viewer03672@example.invalid,,20230102,Japan,APAC,18-24,Paid Social,Japanese,0
3673,viewer_03673,viewer03673@example.invalid,,20250114,Canada,North America,45+,Search,French,1
3674,viewer_03674,viewer03674@example.invalid,,20240629,Mexico,Latin America,25-34,Referral,German,1
3675,viewer_03675,viewer03675@example.invalid,323,20241015,Indonesia,APAC,13-17,Organic,Portuguese,0
3676,viewer_03676,viewer03676@example.invalid,,20240724,France,Europe,35-44,Creator,Spanish,1
3677,viewer_03677,viewer03677@example.invalid,,20230401,Germany,Europe,18-24,Paid Social,English,1
3678,viewer_03678,viewer03678@example.invalid,,20251217,Brazil,Latin America,45+,Search,Japanese,0
3679,viewer_03679,viewer03679@example.invalid,,20230815,United States,North America,25-34,Referral,French,1
3680,viewer_03680,viewer03680@example.invalid,,20231219,Japan,APAC,13-17,Organic,German,1
3681,viewer_03681,viewer03681@example.invalid,,20240112,Canada,North America,35-44,Creator,Portuguese,0
3682,viewer_03682,viewer03682@example.invalid,197,20240718,Mexico,Latin America,18-24,Paid Social,Spanish,1
3683,viewer_03683,viewer03683@example.invalid,,20230124,Indonesia,APAC,45+,Search,English,1
3684,viewer_03684,viewer03684@example.invalid,,20231221,France,Europe,25-34,Referral,Japanese,0
3685,viewer_03685,viewer03685@example.invalid,,20231216,Germany,Europe,13-17,Organic,French,1
3686,viewer_03686,viewer03686@example.invalid,,20240927,Brazil,Latin America,35-44,Creator,German,1
3687,viewer_03687,viewer03687@example.invalid,,20240331,United States,North America,18-24,Paid Social,Portuguese,0
3688,viewer_03688,viewer03688@example.invalid,,20231115,Japan,APAC,45+,Search,Spanish,1
3689,viewer_03689,viewer03689@example.invalid,3662,20231126,Canada,North America,25-34,Referral,English,1
3690,viewer_03690,viewer03690@example.invalid,,20231003,Mexico,Latin America,13-17,Organic,Japanese,0
3691,viewer_03691,viewer03691@example.invalid,,20250714,Indonesia,APAC,35-44,Creator,French,1
3692,viewer_03692,viewer03692@example.invalid,,20250629,France,Europe,18-24,Paid Social,German,1
3693,viewer_03693,viewer03693@example.invalid,,20240829,Germany,Europe,45+,Search,Portuguese,0
3694,viewer_03694,viewer03694@example.invalid,,20250502,Brazil,Latin America,25-34,Referral,Spanish,1
3695,viewer_03695,viewer03695@example.invalid,,20230603,United States,North America,13-17,Organic,English,1
3696,viewer_03696,viewer03696@example.invalid,3658,20240808,Japan,APAC,35-44,Creator,Japanese,0
3697,viewer_03697,viewer03697@example.invalid,,20251105,Canada,North America,18-24,Paid Social,French,1
3698,viewer_03698,viewer03698@example.invalid,,20230723,Mexico,Latin America,45+,Search,German,1
3699,viewer_03699,viewer03699@example.invalid,,20240402,Indonesia,APAC,25-34,Referral,Portuguese,0
3700,viewer_03700,viewer03700@example.invalid,,20230420,France,Europe,13-17,Organic,Spanish,1
3701,viewer_03701,viewer03701@example.invalid,,20230722,Germany,Europe,35-44,Creator,English,1
3702,viewer_03702,viewer03702@example.invalid,,20241126,Brazil,Latin America,18-24,Paid Social,Japanese,0
3703,viewer_03703,viewer03703@example.invalid,3310,20240326,United States,North America,45+,Search,French,1
3704,viewer_03704,viewer03704@example.invalid,,20240515,Japan,APAC,25-34,Referral,German,1
3705,viewer_03705,viewer03705@example.invalid,,20250205,Canada,North America,13-17,Organic,Portuguese,0
3706,viewer_03706,viewer03706@example.invalid,,20230425,Mexico,Latin America,35-44,Creator,Spanish,1
3707,viewer_03707,viewer03707@example.invalid,,20230808,Indonesia,APAC,18-24,Paid Social,English,1
3708,viewer_03708,viewer03708@example.invalid,,20250910,France,Europe,45+,Search,Japanese,0
3709,viewer_03709,viewer03709@example.invalid,,20230426,Germany,Europe,25-34,Referral,French,1
3710,viewer_03710,viewer03710@example.invalid,2141,20251107,Brazil,Latin America,13-17,Organic,German,1
3711,viewer_03711,viewer03711@example.invalid,,20250517,United States,North America,35-44,Creator,Portuguese,0
3712,viewer_03712,viewer03712@example.invalid,,20250205,Japan,APAC,18-24,Paid Social,Spanish,1
3713,viewer_03713,viewer03713@example.invalid,,20240508,Canada,North America,45+,Search,English,1
3714,viewer_03714,viewer03714@example.invalid,,20251202,Mexico,Latin America,25-34,Referral,Japanese,0
3715,viewer_03715,viewer03715@example.invalid,,20250615,Indonesia,APAC,13-17,Organic,French,1
3716,viewer_03716,viewer03716@example.invalid,,20240612,France,Europe,35-44,Creator,German,1
3717,viewer_03717,viewer03717@example.invalid,2304,20230624,Germany,Europe,18-24,Paid Social,Portuguese,0
3718,viewer_03718,viewer03718@example.invalid,,20240516,Brazil,Latin America,45+,Search,Spanish,1
3719,viewer_03719,viewer03719@example.invalid,,20230909,United States,North America,25-34,Referral,English,1
3720,viewer_03720,viewer03720@example.invalid,,20230519,Japan,APAC,13-17,Organic,Japanese,0
3721,viewer_03721,viewer03721@example.invalid,,20230902,Canada,North America,35-44,Creator,French,1
3722,viewer_03722,viewer03722@example.invalid,,20240413,Mexico,Latin America,18-24,Paid Social,German,1
3723,viewer_03723,viewer03723@example.invalid,,20250201,Indonesia,APAC,45+,Search,Portuguese,0
3724,viewer_03724,viewer03724@example.invalid,3258,20250502,France,Europe,25-34,Referral,Spanish,1
3725,viewer_03725,viewer03725@example.invalid,,20240908,Germany,Europe,13-17,Organic,English,1
3726,viewer_03726,viewer03726@example.invalid,,20250413,Brazil,Latin America,35-44,Creator,Japanese,0
3727,viewer_03727,viewer03727@example.invalid,,20240716,United States,North America,18-24,Paid Social,French,1
3728,viewer_03728,viewer03728@example.invalid,,20250220,Japan,APAC,45+,Search,German,1
3729,viewer_03729,viewer03729@example.invalid,,20241022,Canada,North America,25-34,Referral,Portuguese,0
3730,viewer_03730,viewer03730@example.invalid,,20230806,Mexico,Latin America,13-17,Organic,Spanish,1
3731,viewer_03731,viewer03731@example.invalid,2482,20240530,Indonesia,APAC,35-44,Creator,English,1
3732,viewer_03732,viewer03732@example.invalid,,20240706,France,Europe,18-24,Paid Social,Japanese,0
3733,viewer_03733,viewer03733@example.invalid,,20251010,Germany,Europe,45+,Search,French,1
3734,viewer_03734,viewer03734@example.invalid,,20240515,Brazil,Latin America,25-34,Referral,German,1
3735,viewer_03735,viewer03735@example.invalid,,20250714,United States,North America,13-17,Organic,Portuguese,0
3736,viewer_03736,viewer03736@example.invalid,,20230526,Japan,APAC,35-44,Creator,Spanish,1
3737,viewer_03737,viewer03737@example.invalid,,20250409,Canada,North America,18-24,Paid Social,English,1
3738,viewer_03738,viewer03738@example.invalid,3050,20240401,Mexico,Latin America,45+,Search,Japanese,0
3739,viewer_03739,viewer03739@example.invalid,,20231125,Indonesia,APAC,25-34,Referral,French,1
3740,viewer_03740,viewer03740@example.invalid,,20230519,France,Europe,13-17,Organic,German,1
3741,viewer_03741,viewer03741@example.invalid,,20231228,Germany,Europe,35-44,Creator,Portuguese,0
3742,viewer_03742,viewer03742@example.invalid,,20230328,Brazil,Latin America,18-24,Paid Social,Spanish,1
3743,viewer_03743,viewer03743@example.invalid,,20250312,United States,North America,45+,Search,English,1
3744,viewer_03744,viewer03744@example.invalid,,20230702,Japan,APAC,25-34,Referral,Japanese,0
3745,viewer_03745,viewer03745@example.invalid,3656,20240321,Canada,North America,13-17,Organic,French,1
3746,viewer_03746,viewer03746@example.invalid,,20230424,Mexico,Latin America,35-44,Creator,German,1
3747,viewer_03747,viewer03747@example.invalid,,20241102,Indonesia,APAC,18-24,Paid Social,Portuguese,0
3748,viewer_03748,viewer03748@example.invalid,,20240611,France,Europe,45+,Search,Spanish,1
3749,viewer_03749,viewer03749@example.invalid,,20241010,Germany,Europe,25-34,Referral,English,1
3750,viewer_03750,viewer03750@example.invalid,,20240115,Brazil,Latin America,13-17,Organic,Japanese,0
3751,viewer_03751,viewer03751@example.invalid,,20250627,United States,North America,35-44,Creator,French,1
3752,viewer_03752,viewer03752@example.invalid,2380,20231227,Japan,APAC,18-24,Paid Social,German,1
3753,viewer_03753,viewer03753@example.invalid,,20250128,Canada,North America,45+,Search,Portuguese,0
3754,viewer_03754,viewer03754@example.invalid,,20250722,Mexico,Latin America,25-34,Referral,Spanish,1
3755,viewer_03755,viewer03755@example.invalid,,20240320,Indonesia,APAC,13-17,Organic,English,1
3756,viewer_03756,viewer03756@example.invalid,,20230405,France,Europe,35-44,Creator,Japanese,0
3757,viewer_03757,viewer03757@example.invalid,,20250113,Germany,Europe,18-24,Paid Social,French,1
3758,viewer_03758,viewer03758@example.invalid,,20240121,Brazil,Latin America,45+,Search,German,1
3759,viewer_03759,viewer03759@example.invalid,2938,20250114,United States,North America,25-34,Referral,Portuguese,0
3760,viewer_03760,viewer03760@example.invalid,,20230306,Japan,APAC,13-17,Organic,Spanish,1
3761,viewer_03761,viewer03761@example.invalid,,20240901,Canada,North America,35-44,Creator,English,1
3762,viewer_03762,viewer03762@example.invalid,,20240315,Mexico,Latin America,18-24,Paid Social,Japanese,0
3763,viewer_03763,viewer03763@example.invalid,,20241201,Indonesia,APAC,45+,Search,French,1
3764,viewer_03764,viewer03764@example.invalid,,20250701,France,Europe,25-34,Referral,German,1
3765,viewer_03765,viewer03765@example.invalid,,20240723,Germany,Europe,13-17,Organic,Portuguese,0
3766,viewer_03766,viewer03766@example.invalid,1118,20230526,Brazil,Latin America,35-44,Creator,Spanish,1
3767,viewer_03767,viewer03767@example.invalid,,20240627,United States,North America,18-24,Paid Social,English,1
3768,viewer_03768,viewer03768@example.invalid,,20250502,Japan,APAC,45+,Search,Japanese,0
3769,viewer_03769,viewer03769@example.invalid,,20230618,Canada,North America,25-34,Referral,French,1
3770,viewer_03770,viewer03770@example.invalid,,20240729,Mexico,Latin America,13-17,Organic,German,1
3771,viewer_03771,viewer03771@example.invalid,,20240814,Indonesia,APAC,35-44,Creator,Portuguese,0
3772,viewer_03772,viewer03772@example.invalid,,20231027,France,Europe,18-24,Paid Social,Spanish,1
3773,viewer_03773,viewer03773@example.invalid,1203,20250730,Germany,Europe,45+,Search,English,1
3774,viewer_03774,viewer03774@example.invalid,,20250505,Brazil,Latin America,25-34,Referral,Japanese,0
3775,viewer_03775,viewer03775@example.invalid,,20240130,United States,North America,13-17,Organic,French,1
3776,viewer_03776,viewer03776@example.invalid,,20250831,Japan,APAC,35-44,Creator,German,1
3777,viewer_03777,viewer03777@example.invalid,,20230310,Canada,North America,18-24,Paid Social,Portuguese,0
3778,viewer_03778,viewer03778@example.invalid,,20241117,Mexico,Latin America,45+,Search,Spanish,1
3779,viewer_03779,viewer03779@example.invalid,,20230619,Indonesia,APAC,25-34,Referral,English,1
3780,viewer_03780,viewer03780@example.invalid,190,20251207,France,Europe,13-17,Organic,Japanese,0
3781,viewer_03781,viewer03781@example.invalid,,20241203,Germany,Europe,35-44,Creator,French,1
3782,viewer_03782,viewer03782@example.invalid,,20240127,Brazil,Latin America,18-24,Paid Social,German,1
3783,viewer_03783,viewer03783@example.invalid,,20230111,United States,North America,45+,Search,Portuguese,0
3784,viewer_03784,viewer03784@example.invalid,,20241219,Japan,APAC,25-34,Referral,Spanish,1
3785,viewer_03785,viewer03785@example.invalid,,20231121,Canada,North America,13-17,Organic,English,1
3786,viewer_03786,viewer03786@example.invalid,,20250914,Mexico,Latin America,35-44,Creator,Japanese,0
3787,viewer_03787,viewer03787@example.invalid,3015,20240815,Indonesia,APAC,18-24,Paid Social,French,1
3788,viewer_03788,viewer03788@example.invalid,,20250327,France,Europe,45+,Search,German,1
3789,viewer_03789,viewer03789@example.invalid,,20250621,Germany,Europe,25-34,Referral,Portuguese,0
3790,viewer_03790,viewer03790@example.invalid,,20240302,Brazil,Latin America,13-17,Organic,Spanish,1
3791,viewer_03791,viewer03791@example.invalid,,20231001,United States,North America,35-44,Creator,English,1
3792,viewer_03792,viewer03792@example.invalid,,20230312,Japan,APAC,18-24,Paid Social,Japanese,0
3793,viewer_03793,viewer03793@example.invalid,,20231108,Canada,North America,45+,Search,French,1
3794,viewer_03794,viewer03794@example.invalid,1177,20231024,Mexico,Latin America,25-34,Referral,German,1
3795,viewer_03795,viewer03795@example.invalid,,20230116,Indonesia,APAC,13-17,Organic,Portuguese,0
3796,viewer_03796,viewer03796@example.invalid,,20231223,France,Europe,35-44,Creator,Spanish,1
3797,viewer_03797,viewer03797@example.invalid,,20241219,Germany,Europe,18-24,Paid Social,English,1
3798,viewer_03798,viewer03798@example.invalid,,20250816,Brazil,Latin America,45+,Search,Japanese,0
3799,viewer_03799,viewer03799@example.invalid,,20251205,United States,North America,25-34,Referral,French,1
3800,viewer_03800,viewer03800@example.invalid,,20230704,Japan,APAC,13-17,Organic,German,1
3801,viewer_03801,viewer03801@example.invalid,80,20250114,Canada,North America,35-44,Creator,Portuguese,0
3802,viewer_03802,viewer03802@example.invalid,,20231006,Mexico,Latin America,18-24,Paid Social,Spanish,1
3803,viewer_03803,viewer03803@example.invalid,,20241028,Indonesia,APAC,45+,Search,English,1
3804,viewer_03804,viewer03804@example.invalid,,20240829,France,Europe,25-34,Referral,Japanese,0
3805,viewer_03805,viewer03805@example.invalid,,20230622,Germany,Europe,13-17,Organic,French,1
3806,viewer_03806,viewer03806@example.invalid,,20250111,Brazil,Latin America,35-44,Creator,German,1
3807,viewer_03807,viewer03807@example.invalid,,20240820,United States,North America,18-24,Paid Social,Portuguese,0
3808,viewer_03808,viewer03808@example.invalid,3769,20230301,Japan,APAC,45+,Search,Spanish,1
3809,viewer_03809,viewer03809@example.invalid,,20250831,Canada,North America,25-34,Referral,English,1
3810,viewer_03810,viewer03810@example.invalid,,20230812,Mexico,Latin America,13-17,Organic,Japanese,0
3811,viewer_03811,viewer03811@example.invalid,,20241011,Indonesia,APAC,35-44,Creator,French,1
3812,viewer_03812,viewer03812@example.invalid,,20230311,France,Europe,18-24,Paid Social,German,1
3813,viewer_03813,viewer03813@example.invalid,,20240207,Germany,Europe,45+,Search,Portuguese,0
3814,viewer_03814,viewer03814@example.invalid,,20251212,Brazil,Latin America,25-34,Referral,Spanish,1
3815,viewer_03815,viewer03815@example.invalid,1694,20230722,United States,North America,13-17,Organic,English,1
3816,viewer_03816,viewer03816@example.invalid,,20251229,Japan,APAC,35-44,Creator,Japanese,0
3817,viewer_03817,viewer03817@example.invalid,,20250113,Canada,North America,18-24,Paid Social,French,1
3818,viewer_03818,viewer03818@example.invalid,,20231101,Mexico,Latin America,45+,Search,German,1
3819,viewer_03819,viewer03819@example.invalid,,20241013,Indonesia,APAC,25-34,Referral,Portuguese,0
3820,viewer_03820,viewer03820@example.invalid,,20250222,France,Europe,13-17,Organic,Spanish,1
3821,viewer_03821,viewer03821@example.invalid,,20251014,Germany,Europe,35-44,Creator,English,1
3822,viewer_03822,viewer03822@example.invalid,2938,20250225,Brazil,Latin America,18-24,Paid Social,Japanese,0
3823,viewer_03823,viewer03823@example.invalid,,20230727,United States,North America,45+,Search,French,1
3824,viewer_03824,viewer03824@example.invalid,,20251215,Japan,APAC,25-34,Referral,German,1
3825,viewer_03825,viewer03825@example.invalid,,20231206,Canada,North America,13-17,Organic,Portuguese,0
3826,viewer_03826,viewer03826@example.invalid,,20251026,Mexico,Latin America,35-44,Creator,Spanish,1
3827,viewer_03827,viewer03827@example.invalid,,20241016,Indonesia,APAC,18-24,Paid Social,English,1
3828,viewer_03828,viewer03828@example.invalid,,20241230,France,Europe,45+,Search,Japanese,0
3829,viewer_03829,viewer03829@example.invalid,3384,20251108,Germany,Europe,25-34,Referral,French,1
3830,viewer_03830,viewer03830@example.invalid,,20250323,Brazil,Latin America,13-17,Organic,German,1
3831,viewer_03831,viewer03831@example.invalid,,20230819,United States,North America,35-44,Creator,Portuguese,0
3832,viewer_03832,viewer03832@example.invalid,,20230406,Japan,APAC,18-24,Paid Social,Spanish,1
3833,viewer_03833,viewer03833@example.invalid,,20250425,Canada,North America,45+,Search,English,1
3834,viewer_03834,viewer03834@example.invalid,,20230207,Mexico,Latin America,25-34,Referral,Japanese,0
3835,viewer_03835,viewer03835@example.invalid,,20240205,Indonesia,APAC,13-17,Organic,French,1
3836,viewer_03836,viewer03836@example.invalid,3091,20240705,France,Europe,35-44,Creator,German,1
3837,viewer_03837,viewer03837@example.invalid,,20240709,Germany,Europe,18-24,Paid Social,Portuguese,0
3838,viewer_03838,viewer03838@example.invalid,,20251108,Brazil,Latin America,45+,Search,Spanish,1
3839,viewer_03839,viewer03839@example.invalid,,20230121,United States,North America,25-34,Referral,English,1
3840,viewer_03840,viewer03840@example.invalid,,20251101,Japan,APAC,13-17,Organic,Japanese,0
3841,viewer_03841,viewer03841@example.invalid,,20240802,Canada,North America,35-44,Creator,French,1
3842,viewer_03842,viewer03842@example.invalid,,20250825,Mexico,Latin America,18-24,Paid Social,German,1
3843,viewer_03843,viewer03843@example.invalid,673,20250331,Indonesia,APAC,45+,Search,Portuguese,0
3844,viewer_03844,viewer03844@example.invalid,,20230629,France,Europe,25-34,Referral,Spanish,1
3845,viewer_03845,viewer03845@example.invalid,,20240807,Germany,Europe,13-17,Organic,English,1
3846,viewer_03846,viewer03846@example.invalid,,20251130,Brazil,Latin America,35-44,Creator,Japanese,0
3847,viewer_03847,viewer03847@example.invalid,,20241005,United States,North America,18-24,Paid Social,French,1
3848,viewer_03848,viewer03848@example.invalid,,20230528,Japan,APAC,45+,Search,German,1
3849,viewer_03849,viewer03849@example.invalid,,20251201,Canada,North America,25-34,Referral,Portuguese,0
3850,viewer_03850,viewer03850@example.invalid,377,20241227,Mexico,Latin America,13-17,Organic,Spanish,1
3851,viewer_03851,viewer03851@example.invalid,,20240213,Indonesia,APAC,35-44,Creator,English,1
3852,viewer_03852,viewer03852@example.invalid,,20241202,France,Europe,18-24,Paid Social,Japanese,0
3853,viewer_03853,viewer03853@example.invalid,,20230819,Germany,Europe,45+,Search,French,1
3854,viewer_03854,viewer03854@example.invalid,,20231030,Brazil,Latin America,25-34,Referral,German,1
3855,viewer_03855,viewer03855@example.invalid,,20250129,United States,North America,13-17,Organic,Portuguese,0
3856,viewer_03856,viewer03856@example.invalid,,20230126,Japan,APAC,35-44,Creator,Spanish,1
3857,viewer_03857,viewer03857@example.invalid,1955,20230216,Canada,North America,18-24,Paid Social,English,1
3858,viewer_03858,viewer03858@example.invalid,,20240122,Mexico,Latin America,45+,Search,Japanese,0
3859,viewer_03859,viewer03859@example.invalid,,20231025,Indonesia,APAC,25-34,Referral,French,1
3860,viewer_03860,viewer03860@example.invalid,,20240331,France,Europe,13-17,Organic,German,1
3861,viewer_03861,viewer03861@example.invalid,,20251004,Germany,Europe,35-44,Creator,Portuguese,0
3862,viewer_03862,viewer03862@example.invalid,,20231016,Brazil,Latin America,18-24,Paid Social,Spanish,1
3863,viewer_03863,viewer03863@example.invalid,,20240520,United States,North America,45+,Search,English,1
3864,viewer_03864,viewer03864@example.invalid,3040,20250516,Japan,APAC,25-34,Referral,Japanese,0
3865,viewer_03865,viewer03865@example.invalid,,20240612,Canada,North America,13-17,Organic,French,1
3866,viewer_03866,viewer03866@example.invalid,,20230127,Mexico,Latin America,35-44,Creator,German,1
3867,viewer_03867,viewer03867@example.invalid,,20230930,Indonesia,APAC,18-24,Paid Social,Portuguese,0
3868,viewer_03868,viewer03868@example.invalid,,20241121,France,Europe,45+,Search,Spanish,1
3869,viewer_03869,viewer03869@example.invalid,,20240610,Germany,Europe,25-34,Referral,English,1
3870,viewer_03870,viewer03870@example.invalid,,20241209,Brazil,Latin America,13-17,Organic,Japanese,0
3871,viewer_03871,viewer03871@example.invalid,858,20230105,United States,North America,35-44,Creator,French,1
3872,viewer_03872,viewer03872@example.invalid,,20241127,Japan,APAC,18-24,Paid Social,German,1
3873,viewer_03873,viewer03873@example.invalid,,20250418,Canada,North America,45+,Search,Portuguese,0
3874,viewer_03874,viewer03874@example.invalid,,20250527,Mexico,Latin America,25-34,Referral,Spanish,1
3875,viewer_03875,viewer03875@example.invalid,,20251002,Indonesia,APAC,13-17,Organic,English,1
3876,viewer_03876,viewer03876@example.invalid,,20250818,France,Europe,35-44,Creator,Japanese,0
3877,viewer_03877,viewer03877@example.invalid,,20230702,Germany,Europe,18-24,Paid Social,French,1
3878,viewer_03878,viewer03878@example.invalid,595,20251204,Brazil,Latin America,45+,Search,German,1
3879,viewer_03879,viewer03879@example.invalid,,20231111,United States,North America,25-34,Referral,Portuguese,0
3880,viewer_03880,viewer03880@example.invalid,,20250606,Japan,APAC,13-17,Organic,Spanish,1
3881,viewer_03881,viewer03881@example.invalid,,20240606,Canada,North America,35-44,Creator,English,1
3882,viewer_03882,viewer03882@example.invalid,,20251215,Mexico,Latin America,18-24,Paid Social,Japanese,0
3883,viewer_03883,viewer03883@example.invalid,,20231012,Indonesia,APAC,45+,Search,French,1
3884,viewer_03884,viewer03884@example.invalid,,20250808,France,Europe,25-34,Referral,German,1
3885,viewer_03885,viewer03885@example.invalid,1929,20230523,Germany,Europe,13-17,Organic,Portuguese,0
3886,viewer_03886,viewer03886@example.invalid,,20250915,Brazil,Latin America,35-44,Creator,Spanish,1
3887,viewer_03887,viewer03887@example.invalid,,20250109,United States,North America,18-24,Paid Social,English,1
3888,viewer_03888,viewer03888@example.invalid,,20230712,Japan,APAC,45+,Search,Japanese,0
3889,viewer_03889,viewer03889@example.invalid,,20230115,Canada,North America,25-34,Referral,French,1
3890,viewer_03890,viewer03890@example.invalid,,20250530,Mexico,Latin America,13-17,Organic,German,1
3891,viewer_03891,viewer03891@example.invalid,,20250905,Indonesia,APAC,35-44,Creator,Portuguese,0
3892,viewer_03892,viewer03892@example.invalid,1271,20240909,France,Europe,18-24,Paid Social,Spanish,1
3893,viewer_03893,viewer03893@example.invalid,,20250309,Germany,Europe,45+,Search,English,1
3894,viewer_03894,viewer03894@example.invalid,,20240212,Brazil,Latin America,25-34,Referral,Japanese,0
3895,viewer_03895,viewer03895@example.invalid,,20250808,United States,North America,13-17,Organic,French,1
3896,viewer_03896,viewer03896@example.invalid,,20230430,Japan,APAC,35-44,Creator,German,1
3897,viewer_03897,viewer03897@example.invalid,,20251021,Canada,North America,18-24,Paid Social,Portuguese,0
3898,viewer_03898,viewer03898@example.invalid,,20230430,Mexico,Latin America,45+,Search,Spanish,1
3899,viewer_03899,viewer03899@example.invalid,153,20250816,Indonesia,APAC,25-34,Referral,English,1
3900,viewer_03900,viewer03900@example.invalid,,20250805,France,Europe,13-17,Organic,Japanese,0
3901,viewer_03901,viewer03901@example.invalid,,20230604,Germany,Europe,35-44,Creator,French,1
3902,viewer_03902,viewer03902@example.invalid,,20240718,Brazil,Latin America,18-24,Paid Social,German,1
3903,viewer_03903,viewer03903@example.invalid,,20240508,United States,North America,45+,Search,Portuguese,0
3904,viewer_03904,viewer03904@example.invalid,,20240825,Japan,APAC,25-34,Referral,Spanish,1
3905,viewer_03905,viewer03905@example.invalid,,20230709,Canada,North America,13-17,Organic,English,1
3906,viewer_03906,viewer03906@example.invalid,3491,20240223,Mexico,Latin America,35-44,Creator,Japanese,0
3907,viewer_03907,viewer03907@example.invalid,,20250817,Indonesia,APAC,18-24,Paid Social,French,1
3908,viewer_03908,viewer03908@example.invalid,,20250817,France,Europe,45+,Search,German,1
3909,viewer_03909,viewer03909@example.invalid,,20241125,Germany,Europe,25-34,Referral,Portuguese,0
3910,viewer_03910,viewer03910@example.invalid,,20240203,Brazil,Latin America,13-17,Organic,Spanish,1
3911,viewer_03911,viewer03911@example.invalid,,20241124,United States,North America,35-44,Creator,English,1
3912,viewer_03912,viewer03912@example.invalid,,20251006,Japan,APAC,18-24,Paid Social,Japanese,0
3913,viewer_03913,viewer03913@example.invalid,971,20241007,Canada,North America,45+,Search,French,1
3914,viewer_03914,viewer03914@example.invalid,,20230810,Mexico,Latin America,25-34,Referral,German,1
3915,viewer_03915,viewer03915@example.invalid,,20240106,Indonesia,APAC,13-17,Organic,Portuguese,0
3916,viewer_03916,viewer03916@example.invalid,,20250804,France,Europe,35-44,Creator,Spanish,1
3917,viewer_03917,viewer03917@example.invalid,,20241009,Germany,Europe,18-24,Paid Social,English,1
3918,viewer_03918,viewer03918@example.invalid,,20250730,Brazil,Latin America,45+,Search,Japanese,0
3919,viewer_03919,viewer03919@example.invalid,,20230921,United States,North America,25-34,Referral,French,1
3920,viewer_03920,viewer03920@example.invalid,521,20250220,Japan,APAC,13-17,Organic,German,1
3921,viewer_03921,viewer03921@example.invalid,,20240426,Canada,North America,35-44,Creator,Portuguese,0
3922,viewer_03922,viewer03922@example.invalid,,20230111,Mexico,Latin America,18-24,Paid Social,Spanish,1
3923,viewer_03923,viewer03923@example.invalid,,20250323,Indonesia,APAC,45+,Search,English,1
3924,viewer_03924,viewer03924@example.invalid,,20241029,France,Europe,25-34,Referral,Japanese,0
3925,viewer_03925,viewer03925@example.invalid,,20230816,Germany,Europe,13-17,Organic,French,1
3926,viewer_03926,viewer03926@example.invalid,,20250308,Brazil,Latin America,35-44,Creator,German,1
3927,viewer_03927,viewer03927@example.invalid,2917,20250512,United States,North America,18-24,Paid Social,Portuguese,0
3928,viewer_03928,viewer03928@example.invalid,,20230409,Japan,APAC,45+,Search,Spanish,1
3929,viewer_03929,viewer03929@example.invalid,,20231012,Canada,North America,25-34,Referral,English,1
3930,viewer_03930,viewer03930@example.invalid,,20230916,Mexico,Latin America,13-17,Organic,Japanese,0
3931,viewer_03931,viewer03931@example.invalid,,20250709,Indonesia,APAC,35-44,Creator,French,1
3932,viewer_03932,viewer03932@example.invalid,,20240916,France,Europe,18-24,Paid Social,German,1
3933,viewer_03933,viewer03933@example.invalid,,20241012,Germany,Europe,45+,Search,Portuguese,0
3934,viewer_03934,viewer03934@example.invalid,3037,20231217,Brazil,Latin America,25-34,Referral,Spanish,1
3935,viewer_03935,viewer03935@example.invalid,,20250323,United States,North America,13-17,Organic,English,1
3936,viewer_03936,viewer03936@example.invalid,,20240208,Japan,APAC,35-44,Creator,Japanese,0
3937,viewer_03937,viewer03937@example.invalid,,20230609,Canada,North America,18-24,Paid Social,French,1
3938,viewer_03938,viewer03938@example.invalid,,20231031,Mexico,Latin America,45+,Search,German,1
3939,viewer_03939,viewer03939@example.invalid,,20250128,Indonesia,APAC,25-34,Referral,Portuguese,0
3940,viewer_03940,viewer03940@example.invalid,,20230222,France,Europe,13-17,Organic,Spanish,1
3941,viewer_03941,viewer03941@example.invalid,2685,20230202,Germany,Europe,35-44,Creator,English,1
3942,viewer_03942,viewer03942@example.invalid,,20240721,Brazil,Latin America,18-24,Paid Social,Japanese,0
3943,viewer_03943,viewer03943@example.invalid,,20250304,United States,North America,45+,Search,French,1
3944,viewer_03944,viewer03944@example.invalid,,20240123,Japan,APAC,25-34,Referral,German,1
3945,viewer_03945,viewer03945@example.invalid,,20241102,Canada,North America,13-17,Organic,Portuguese,0
3946,viewer_03946,viewer03946@example.invalid,,20240508,Mexico,Latin America,35-44,Creator,Spanish,1
3947,viewer_03947,viewer03947@example.invalid,,20230219,Indonesia,APAC,18-24,Paid Social,English,1
3948,viewer_03948,viewer03948@example.invalid,1222,20231214,France,Europe,45+,Search,Japanese,0
3949,viewer_03949,viewer03949@example.invalid,,20251201,Germany,Europe,25-34,Referral,French,1
3950,viewer_03950,viewer03950@example.invalid,,20230517,Brazil,Latin America,13-17,Organic,German,1
3951,viewer_03951,viewer03951@example.invalid,,20231207,United States,North America,35-44,Creator,Portuguese,0
3952,viewer_03952,viewer03952@example.invalid,,20250118,Japan,APAC,18-24,Paid Social,Spanish,1
3953,viewer_03953,viewer03953@example.invalid,,20230825,Canada,North America,45+,Search,English,1
3954,viewer_03954,viewer03954@example.invalid,,20250116,Mexico,Latin America,25-34,Referral,Japanese,0
3955,viewer_03955,viewer03955@example.invalid,3724,20240208,Indonesia,APAC,13-17,Organic,French,1
3956,viewer_03956,viewer03956@example.invalid,,20250226,France,Europe,35-44,Creator,German,1
3957,viewer_03957,viewer03957@example.invalid,,20251112,Germany,Europe,18-24,Paid Social,Portuguese,0
3958,viewer_03958,viewer03958@example.invalid,,20240120,Brazil,Latin America,45+,Search,Spanish,1
3959,viewer_03959,viewer03959@example.invalid,,20250807,United States,North America,25-34,Referral,English,1
3960,viewer_03960,viewer03960@example.invalid,,20250117,Japan,APAC,13-17,Organic,Japanese,0
3961,viewer_03961,viewer03961@example.invalid,,20251102,Canada,North America,35-44,Creator,French,1
3962,viewer_03962,viewer03962@example.invalid,930,20230121,Mexico,Latin America,18-24,Paid Social,German,1
3963,viewer_03963,viewer03963@example.invalid,,20230304,Indonesia,APAC,45+,Search,Portuguese,0
3964,viewer_03964,viewer03964@example.invalid,,20250629,France,Europe,25-34,Referral,Spanish,1
3965,viewer_03965,viewer03965@example.invalid,,20250808,Germany,Europe,13-17,Organic,English,1
3966,viewer_03966,viewer03966@example.invalid,,20240327,Brazil,Latin America,35-44,Creator,Japanese,0
3967,viewer_03967,viewer03967@example.invalid,,20240508,United States,North America,18-24,Paid Social,French,1
3968,viewer_03968,viewer03968@example.invalid,,20241114,Japan,APAC,45+,Search,German,1
3969,viewer_03969,viewer03969@example.invalid,77,20250108,Canada,North America,25-34,Referral,Portuguese,0
3970,viewer_03970,viewer03970@example.invalid,,20240102,Mexico,Latin America,13-17,Organic,Spanish,1
3971,viewer_03971,viewer03971@example.invalid,,20250401,Indonesia,APAC,35-44,Creator,English,1
3972,viewer_03972,viewer03972@example.invalid,,20230227,France,Europe,18-24,Paid Social,Japanese,0
3973,viewer_03973,viewer03973@example.invalid,,20240402,Germany,Europe,45+,Search,French,1
3974,viewer_03974,viewer03974@example.invalid,,20250821,Brazil,Latin America,25-34,Referral,German,1
3975,viewer_03975,viewer03975@example.invalid,,20230718,United States,North America,13-17,Organic,Portuguese,0
3976,viewer_03976,viewer03976@example.invalid,2002,20241229,Japan,APAC,35-44,Creator,Spanish,1
3977,viewer_03977,viewer03977@example.invalid,,20230525,Canada,North America,18-24,Paid Social,English,1
3978,viewer_03978,viewer03978@example.invalid,,20240417,Mexico,Latin America,45+,Search,Japanese,0
3979,viewer_03979,viewer03979@example.invalid,,20231224,Indonesia,APAC,25-34,Referral,French,1
3980,viewer_03980,viewer03980@example.invalid,,20230712,France,Europe,13-17,Organic,German,1
3981,viewer_03981,viewer03981@example.invalid,,20240520,Germany,Europe,35-44,Creator,Portuguese,0
3982,viewer_03982,viewer03982@example.invalid,,20240127,Brazil,Latin America,18-24,Paid Social,Spanish,1
3983,viewer_03983,viewer03983@example.invalid,988,20240424,United States,North America,45+,Search,English,1
3984,viewer_03984,viewer03984@example.invalid,,20230523,Japan,APAC,25-34,Referral,Japanese,0
3985,viewer_03985,viewer03985@example.invalid,,20251122,Canada,North America,13-17,Organic,French,1
3986,viewer_03986,viewer03986@example.invalid,,20250808,Mexico,Latin America,35-44,Creator,German,1
3987,viewer_03987,viewer03987@example.invalid,,20230729,Indonesia,APAC,18-24,Paid Social,Portuguese,0
3988,viewer_03988,viewer03988@example.invalid,,20230615,France,Europe,45+,Search,Spanish,1
3989,viewer_03989,viewer03989@example.invalid,,20230520,Germany,Europe,25-34,Referral,English,1
3990,viewer_03990,viewer03990@example.invalid,3263,20230731,Brazil,Latin America,13-17,Organic,Japanese,0
3991,viewer_03991,viewer03991@example.invalid,,20230127,United States,North America,35-44,Creator,French,1
3992,viewer_03992,viewer03992@example.invalid,,20240920,Japan,APAC,18-24,Paid Social,German,1
3993,viewer_03993,viewer03993@example.invalid,,20241023,Canada,North America,45+,Search,Portuguese,0
3994,viewer_03994,viewer03994@example.invalid,,20240527,Mexico,Latin America,25-34,Referral,Spanish,1
3995,viewer_03995,viewer03995@example.invalid,,20250329,Indonesia,APAC,13-17,Organic,English,1
3996,viewer_03996,viewer03996@example.invalid,,20250205,France,Europe,35-44,Creator,Japanese,0
3997,viewer_03997,viewer03997@example.invalid,301,20250720,Germany,Europe,18-24,Paid Social,French,1
3998,viewer_03998,viewer03998@example.invalid,,20251018,Brazil,Latin America,45+,Search,German,1
3999,viewer_03999,viewer03999@example.invalid,,20250207,United States,North America,25-34,Referral,Portuguese,0
4000,viewer_04000,viewer04000@example.invalid,,20240514,Japan,APAC,13-17,Organic,Spanish,1
4001,viewer_04001,viewer04001@example.invalid,,20231113,Canada,North America,35-44,Creator,English,1
4002,viewer_04002,viewer04002@example.invalid,,20230406,Mexico,Latin America,18-24,Paid Social,Japanese,0
4003,viewer_04003,viewer04003@example.invalid,,20241114,Indonesia,APAC,45+,Search,French,1
4004,viewer_04004,viewer04004@example.invalid,307,20230305,France,Europe,25-34,Referral,German,1
4005,viewer_04005,viewer04005@example.invalid,,20251028,Germany,Europe,13-17,Organic,Portuguese,0
4006,viewer_04006,viewer04006@example.invalid,,20240913,Brazil,Latin America,35-44,Creator,Spanish,1
4007,viewer_04007,viewer04007@example.invalid,,20240424,United States,North America,18-24,Paid Social,English,1
4008,viewer_04008,viewer04008@example.invalid,,20250522,Japan,APAC,45+,Search,Japanese,0
4009,viewer_04009,viewer04009@example.invalid,,20250914,Canada,North America,25-34,Referral,French,1
4010,viewer_04010,viewer04010@example.invalid,,20231128,Mexico,Latin America,13-17,Organic,German,1
4011,viewer_04011,viewer04011@example.invalid,2982,20231029,Indonesia,APAC,35-44,Creator,Portuguese,0
4012,viewer_04012,viewer04012@example.invalid,,20230914,France,Europe,18-24,Paid Social,Spanish,1
4013,viewer_04013,viewer04013@example.invalid,,20250221,Germany,Europe,45+,Search,English,1
4014,viewer_04014,viewer04014@example.invalid,,20230123,Brazil,Latin America,25-34,Referral,Japanese,0
4015,viewer_04015,viewer04015@example.invalid,,20250905,United States,North America,13-17,Organic,French,1
4016,viewer_04016,viewer04016@example.invalid,,20240227,Japan,APAC,35-44,Creator,German,1
4017,viewer_04017,viewer04017@example.invalid,,20241105,Canada,North America,18-24,Paid Social,Portuguese,0
4018,viewer_04018,viewer04018@example.invalid,1718,20231006,Mexico,Latin America,45+,Search,Spanish,1
4019,viewer_04019,viewer04019@example.invalid,,20240603,Indonesia,APAC,25-34,Referral,English,1
4020,viewer_04020,viewer04020@example.invalid,,20240604,France,Europe,13-17,Organic,Japanese,0
4021,viewer_04021,viewer04021@example.invalid,,20241122,Germany,Europe,35-44,Creator,French,1
4022,viewer_04022,viewer04022@example.invalid,,20230824,Brazil,Latin America,18-24,Paid Social,German,1
4023,viewer_04023,viewer04023@example.invalid,,20251117,United States,North America,45+,Search,Portuguese,0
4024,viewer_04024,viewer04024@example.invalid,,20231012,Japan,APAC,25-34,Referral,Spanish,1
4025,viewer_04025,viewer04025@example.invalid,1420,20250331,Canada,North America,13-17,Organic,English,1
4026,viewer_04026,viewer04026@example.invalid,,20230626,Mexico,Latin America,35-44,Creator,Japanese,0
4027,viewer_04027,viewer04027@example.invalid,,20230517,Indonesia,APAC,18-24,Paid Social,French,1
4028,viewer_04028,viewer04028@example.invalid,,20241114,France,Europe,45+,Search,German,1
4029,viewer_04029,viewer04029@example.invalid,,20230526,Germany,Europe,25-34,Referral,Portuguese,0
4030,viewer_04030,viewer04030@example.invalid,,20241203,Brazil,Latin America,13-17,Organic,Spanish,1
4031,viewer_04031,viewer04031@example.invalid,,20250207,United States,North America,35-44,Creator,English,1
4032,viewer_04032,viewer04032@example.invalid,1963,20250322,Japan,APAC,18-24,Paid Social,Japanese,0
4033,viewer_04033,viewer04033@example.invalid,,20250604,Canada,North America,45+,Search,French,1
4034,viewer_04034,viewer04034@example.invalid,,20230510,Mexico,Latin America,25-34,Referral,German,1
4035,viewer_04035,viewer04035@example.invalid,,20230812,Indonesia,APAC,13-17,Organic,Portuguese,0
4036,viewer_04036,viewer04036@example.invalid,,20240822,France,Europe,35-44,Creator,Spanish,1
4037,viewer_04037,viewer04037@example.invalid,,20230630,Germany,Europe,18-24,Paid Social,English,1
4038,viewer_04038,viewer04038@example.invalid,,20241110,Brazil,Latin America,45+,Search,Japanese,0
4039,viewer_04039,viewer04039@example.invalid,633,20250406,United States,North America,25-34,Referral,French,1
4040,viewer_04040,viewer04040@example.invalid,,20250129,Japan,APAC,13-17,Organic,German,1
4041,viewer_04041,viewer04041@example.invalid,,20231127,Canada,North America,35-44,Creator,Portuguese,0
4042,viewer_04042,viewer04042@example.invalid,,20240221,Mexico,Latin America,18-24,Paid Social,Spanish,1
4043,viewer_04043,viewer04043@example.invalid,,20231129,Indonesia,APAC,45+,Search,English,1
4044,viewer_04044,viewer04044@example.invalid,,20240217,France,Europe,25-34,Referral,Japanese,0
4045,viewer_04045,viewer04045@example.invalid,,20230101,Germany,Europe,13-17,Organic,French,1
4046,viewer_04046,viewer04046@example.invalid,1460,20240611,Brazil,Latin America,35-44,Creator,German,1
4047,viewer_04047,viewer04047@example.invalid,,20230610,United States,North America,18-24,Paid Social,Portuguese,0
4048,viewer_04048,viewer04048@example.invalid,,20241015,Japan,APAC,45+,Search,Spanish,1
4049,viewer_04049,viewer04049@example.invalid,,20250101,Canada,North America,25-34,Referral,English,1
4050,viewer_04050,viewer04050@example.invalid,,20230510,Mexico,Latin America,13-17,Organic,Japanese,0
4051,viewer_04051,viewer04051@example.invalid,,20240328,Indonesia,APAC,35-44,Creator,French,1
4052,viewer_04052,viewer04052@example.invalid,,20231013,France,Europe,18-24,Paid Social,German,1
4053,viewer_04053,viewer04053@example.invalid,4036,20230813,Germany,Europe,45+,Search,Portuguese,0
4054,viewer_04054,viewer04054@example.invalid,,20240601,Brazil,Latin America,25-34,Referral,Spanish,1
4055,viewer_04055,viewer04055@example.invalid,,20230112,United States,North America,13-17,Organic,English,1
4056,viewer_04056,viewer04056@example.invalid,,20250104,Japan,APAC,35-44,Creator,Japanese,0
4057,viewer_04057,viewer04057@example.invalid,,20240825,Canada,North America,18-24,Paid Social,French,1
4058,viewer_04058,viewer04058@example.invalid,,20250602,Mexico,Latin America,45+,Search,German,1
4059,viewer_04059,viewer04059@example.invalid,,20231217,Indonesia,APAC,25-34,Referral,Portuguese,0
4060,viewer_04060,viewer04060@example.invalid,2213,20251210,France,Europe,13-17,Organic,Spanish,1
4061,viewer_04061,viewer04061@example.invalid,,20231221,Germany,Europe,35-44,Creator,English,1
4062,viewer_04062,viewer04062@example.invalid,,20250402,Brazil,Latin America,18-24,Paid Social,Japanese,0
4063,viewer_04063,viewer04063@example.invalid,,20240216,United States,North America,45+,Search,French,1
4064,viewer_04064,viewer04064@example.invalid,,20230601,Japan,APAC,25-34,Referral,German,1
4065,viewer_04065,viewer04065@example.invalid,,20250112,Canada,North America,13-17,Organic,Portuguese,0
4066,viewer_04066,viewer04066@example.invalid,,20241014,Mexico,Latin America,35-44,Creator,Spanish,1
4067,viewer_04067,viewer04067@example.invalid,541,20240531,Indonesia,APAC,18-24,Paid Social,English,1
4068,viewer_04068,viewer04068@example.invalid,,20240717,France,Europe,45+,Search,Japanese,0
4069,viewer_04069,viewer04069@example.invalid,,20240407,Germany,Europe,25-34,Referral,French,1
4070,viewer_04070,viewer04070@example.invalid,,20251126,Brazil,Latin America,13-17,Organic,German,1
4071,viewer_04071,viewer04071@example.invalid,,20241025,United States,North America,35-44,Creator,Portuguese,0
4072,viewer_04072,viewer04072@example.invalid,,20230314,Japan,APAC,18-24,Paid Social,Spanish,1
4073,viewer_04073,viewer04073@example.invalid,,20251114,Canada,North America,45+,Search,English,1
4074,viewer_04074,viewer04074@example.invalid,2924,20230328,Mexico,Latin America,25-34,Referral,Japanese,0
4075,viewer_04075,viewer04075@example.invalid,,20250127,Indonesia,APAC,13-17,Organic,French,1
4076,viewer_04076,viewer04076@example.invalid,,20240703,France,Europe,35-44,Creator,German,1
4077,viewer_04077,viewer04077@example.invalid,,20250522,Germany,Europe,18-24,Paid Social,Portuguese,0
4078,viewer_04078,viewer04078@example.invalid,,20250502,Brazil,Latin America,45+,Search,Spanish,1
4079,viewer_04079,viewer04079@example.invalid,,20230307,United States,North America,25-34,Referral,English,1
4080,viewer_04080,viewer04080@example.invalid,,20230117,Japan,APAC,13-17,Organic,Japanese,0
4081,viewer_04081,viewer04081@example.invalid,672,20250921,Canada,North America,35-44,Creator,French,1
4082,viewer_04082,viewer04082@example.invalid,,20251211,Mexico,Latin America,18-24,Paid Social,German,1
4083,viewer_04083,viewer04083@example.invalid,,20250625,Indonesia,APAC,45+,Search,Portuguese,0
4084,viewer_04084,viewer04084@example.invalid,,20230905,France,Europe,25-34,Referral,Spanish,1
4085,viewer_04085,viewer04085@example.invalid,,20241208,Germany,Europe,13-17,Organic,English,1
4086,viewer_04086,viewer04086@example.invalid,,20240502,Brazil,Latin America,35-44,Creator,Japanese,0
4087,viewer_04087,viewer04087@example.invalid,,20250227,United States,North America,18-24,Paid Social,French,1
4088,viewer_04088,viewer04088@example.invalid,2370,20230118,Japan,APAC,45+,Search,German,1
4089,viewer_04089,viewer04089@example.invalid,,20230928,Canada,North America,25-34,Referral,Portuguese,0
4090,viewer_04090,viewer04090@example.invalid,,20230805,Mexico,Latin America,13-17,Organic,Spanish,1
4091,viewer_04091,viewer04091@example.invalid,,20251006,Indonesia,APAC,35-44,Creator,English,1
4092,viewer_04092,viewer04092@example.invalid,,20230724,France,Europe,18-24,Paid Social,Japanese,0
4093,viewer_04093,viewer04093@example.invalid,,20250714,Germany,Europe,45+,Search,French,1
4094,viewer_04094,viewer04094@example.invalid,,20240429,Brazil,Latin America,25-34,Referral,German,1
4095,viewer_04095,viewer04095@example.invalid,1292,20241010,United States,North America,13-17,Organic,Portuguese,0
4096,viewer_04096,viewer04096@example.invalid,,20231127,Japan,APAC,35-44,Creator,Spanish,1
4097,viewer_04097,viewer04097@example.invalid,,20250222,Canada,North America,18-24,Paid Social,English,1
4098,viewer_04098,viewer04098@example.invalid,,20250126,Mexico,Latin America,45+,Search,Japanese,0
4099,viewer_04099,viewer04099@example.invalid,,20250324,Indonesia,APAC,25-34,Referral,French,1
4100,viewer_04100,viewer04100@example.invalid,,20250228,France,Europe,13-17,Organic,German,1
4101,viewer_04101,viewer04101@example.invalid,,20240103,Germany,Europe,35-44,Creator,Portuguese,0
4102,viewer_04102,viewer04102@example.invalid,2315,20250715,Brazil,Latin America,18-24,Paid Social,Spanish,1
4103,viewer_04103,viewer04103@example.invalid,,20230821,United States,North America,45+,Search,English,1
4104,viewer_04104,viewer04104@example.invalid,,20230305,Japan,APAC,25-34,Referral,Japanese,0
4105,viewer_04105,viewer04105@example.invalid,,20250808,Canada,North America,13-17,Organic,French,1
4106,viewer_04106,viewer04106@example.invalid,,20240710,Mexico,Latin America,35-44,Creator,German,1
4107,viewer_04107,viewer04107@example.invalid,,20231009,Indonesia,APAC,18-24,Paid Social,Portuguese,0
4108,viewer_04108,viewer04108@example.invalid,,20230425,France,Europe,45+,Search,Spanish,1
4109,viewer_04109,viewer04109@example.invalid,348,20230513,Germany,Europe,25-34,Referral,English,1
4110,viewer_04110,viewer04110@example.invalid,,20230524,Brazil,Latin America,13-17,Organic,Japanese,0
4111,viewer_04111,viewer04111@example.invalid,,20250329,United States,North America,35-44,Creator,French,1
4112,viewer_04112,viewer04112@example.invalid,,20251022,Japan,APAC,18-24,Paid Social,German,1
4113,viewer_04113,viewer04113@example.invalid,,20250623,Canada,North America,45+,Search,Portuguese,0
4114,viewer_04114,viewer04114@example.invalid,,20250815,Mexico,Latin America,25-34,Referral,Spanish,1
4115,viewer_04115,viewer04115@example.invalid,,20231004,Indonesia,APAC,13-17,Organic,English,1
4116,viewer_04116,viewer04116@example.invalid,3235,20230225,France,Europe,35-44,Creator,Japanese,0
4117,viewer_04117,viewer04117@example.invalid,,20231225,Germany,Europe,18-24,Paid Social,French,1
4118,viewer_04118,viewer04118@example.invalid,,20240325,Brazil,Latin America,45+,Search,German,1
4119,viewer_04119,viewer04119@example.invalid,,20231011,United States,North America,25-34,Referral,Portuguese,0
4120,viewer_04120,viewer04120@example.invalid,,20250430,Japan,APAC,13-17,Organic,Spanish,1
4121,viewer_04121,viewer04121@example.invalid,,20250927,Canada,North America,35-44,Creator,English,1
4122,viewer_04122,viewer04122@example.invalid,,20240422,Mexico,Latin America,18-24,Paid Social,Japanese,0
4123,viewer_04123,viewer04123@example.invalid,1467,20230707,Indonesia,APAC,45+,Search,French,1
4124,viewer_04124,viewer04124@example.invalid,,20230503,France,Europe,25-34,Referral,German,1
4125,viewer_04125,viewer04125@example.invalid,,20231030,Germany,Europe,13-17,Organic,Portuguese,0
4126,viewer_04126,viewer04126@example.invalid,,20250202,Brazil,Latin America,35-44,Creator,Spanish,1
4127,viewer_04127,viewer04127@example.invalid,,20241209,United States,North America,18-24,Paid Social,English,1
4128,viewer_04128,viewer04128@example.invalid,,20240808,Japan,APAC,45+,Search,Japanese,0
4129,viewer_04129,viewer04129@example.invalid,,20240208,Canada,North America,25-34,Referral,French,1
4130,viewer_04130,viewer04130@example.invalid,2317,20250425,Mexico,Latin America,13-17,Organic,German,1
4131,viewer_04131,viewer04131@example.invalid,,20250811,Indonesia,APAC,35-44,Creator,Portuguese,0
4132,viewer_04132,viewer04132@example.invalid,,20231014,France,Europe,18-24,Paid Social,Spanish,1
4133,viewer_04133,viewer04133@example.invalid,,20230512,Germany,Europe,45+,Search,English,1
4134,viewer_04134,viewer04134@example.invalid,,20250222,Brazil,Latin America,25-34,Referral,Japanese,0
4135,viewer_04135,viewer04135@example.invalid,,20240320,United States,North America,13-17,Organic,French,1
4136,viewer_04136,viewer04136@example.invalid,,20231021,Japan,APAC,35-44,Creator,German,1
4137,viewer_04137,viewer04137@example.invalid,2695,20251120,Canada,North America,18-24,Paid Social,Portuguese,0
4138,viewer_04138,viewer04138@example.invalid,,20230604,Mexico,Latin America,45+,Search,Spanish,1
4139,viewer_04139,viewer04139@example.invalid,,20251207,Indonesia,APAC,25-34,Referral,English,1
4140,viewer_04140,viewer04140@example.invalid,,20250603,France,Europe,13-17,Organic,Japanese,0
4141,viewer_04141,viewer04141@example.invalid,,20230730,Germany,Europe,35-44,Creator,French,1
4142,viewer_04142,viewer04142@example.invalid,,20241106,Brazil,Latin America,18-24,Paid Social,German,1
4143,viewer_04143,viewer04143@example.invalid,,20240304,United States,North America,45+,Search,Portuguese,0
4144,viewer_04144,viewer04144@example.invalid,4,20230117,Japan,APAC,25-34,Referral,Spanish,1
4145,viewer_04145,viewer04145@example.invalid,,20240504,Canada,North America,13-17,Organic,English,1
4146,viewer_04146,viewer04146@example.invalid,,20230911,Mexico,Latin America,35-44,Creator,Japanese,0
4147,viewer_04147,viewer04147@example.invalid,,20231208,Indonesia,APAC,18-24,Paid Social,French,1
4148,viewer_04148,viewer04148@example.invalid,,20231115,France,Europe,45+,Search,German,1
4149,viewer_04149,viewer04149@example.invalid,,20231029,Germany,Europe,25-34,Referral,Portuguese,0
4150,viewer_04150,viewer04150@example.invalid,,20251003,Brazil,Latin America,13-17,Organic,Spanish,1
4151,viewer_04151,viewer04151@example.invalid,2392,20240606,United States,North America,35-44,Creator,English,1
4152,viewer_04152,viewer04152@example.invalid,,20250209,Japan,APAC,18-24,Paid Social,Japanese,0
4153,viewer_04153,viewer04153@example.invalid,,20240621,Canada,North America,45+,Search,French,1
4154,viewer_04154,viewer04154@example.invalid,,20230907,Mexico,Latin America,25-34,Referral,German,1
4155,viewer_04155,viewer04155@example.invalid,,20250804,Indonesia,APAC,13-17,Organic,Portuguese,0
4156,viewer_04156,viewer04156@example.invalid,,20230413,France,Europe,35-44,Creator,Spanish,1
4157,viewer_04157,viewer04157@example.invalid,,20230303,Germany,Europe,18-24,Paid Social,English,1
4158,viewer_04158,viewer04158@example.invalid,2196,20240821,Brazil,Latin America,45+,Search,Japanese,0
4159,viewer_04159,viewer04159@example.invalid,,20250907,United States,North America,25-34,Referral,French,1
4160,viewer_04160,viewer04160@example.invalid,,20231226,Japan,APAC,13-17,Organic,German,1
4161,viewer_04161,viewer04161@example.invalid,,20250516,Canada,North America,35-44,Creator,Portuguese,0
4162,viewer_04162,viewer04162@example.invalid,,20250724,Mexico,Latin America,18-24,Paid Social,Spanish,1
4163,viewer_04163,viewer04163@example.invalid,,20230908,Indonesia,APAC,45+,Search,English,1
4164,viewer_04164,viewer04164@example.invalid,,20231219,France,Europe,25-34,Referral,Japanese,0
4165,viewer_04165,viewer04165@example.invalid,1187,20250728,Germany,Europe,13-17,Organic,French,1
4166,viewer_04166,viewer04166@example.invalid,,20230203,Brazil,Latin America,35-44,Creator,German,1
4167,viewer_04167,viewer04167@example.invalid,,20240730,United States,North America,18-24,Paid Social,Portuguese,0
4168,viewer_04168,viewer04168@example.invalid,,20250526,Japan,APAC,45+,Search,Spanish,1
4169,viewer_04169,viewer04169@example.invalid,,20240904,Canada,North America,25-34,Referral,English,1
4170,viewer_04170,viewer04170@example.invalid,,20250104,Mexico,Latin America,13-17,Organic,Japanese,0
4171,viewer_04171,viewer04171@example.invalid,,20251108,Indonesia,APAC,35-44,Creator,French,1
4172,viewer_04172,viewer04172@example.invalid,2825,20231008,France,Europe,18-24,Paid Social,German,1
4173,viewer_04173,viewer04173@example.invalid,,20230521,Germany,Europe,45+,Search,Portuguese,0
4174,viewer_04174,viewer04174@example.invalid,,20230722,Brazil,Latin America,25-34,Referral,Spanish,1
4175,viewer_04175,viewer04175@example.invalid,,20251219,United States,North America,13-17,Organic,English,1
4176,viewer_04176,viewer04176@example.invalid,,20240629,Japan,APAC,35-44,Creator,Japanese,0
4177,viewer_04177,viewer04177@example.invalid,,20250921,Canada,North America,18-24,Paid Social,French,1
4178,viewer_04178,viewer04178@example.invalid,,20230128,Mexico,Latin America,45+,Search,German,1
4179,viewer_04179,viewer04179@example.invalid,1983,20231124,Indonesia,APAC,25-34,Referral,Portuguese,0
4180,viewer_04180,viewer04180@example.invalid,,20230117,France,Europe,13-17,Organic,Spanish,1
4181,viewer_04181,viewer04181@example.invalid,,20240915,Germany,Europe,35-44,Creator,English,1
4182,viewer_04182,viewer04182@example.invalid,,20240310,Brazil,Latin America,18-24,Paid Social,Japanese,0
4183,viewer_04183,viewer04183@example.invalid,,20240208,United States,North America,45+,Search,French,1
4184,viewer_04184,viewer04184@example.invalid,,20251201,Japan,APAC,25-34,Referral,German,1
4185,viewer_04185,viewer04185@example.invalid,,20230428,Canada,North America,13-17,Organic,Portuguese,0
4186,viewer_04186,viewer04186@example.invalid,977,20230818,Mexico,Latin America,35-44,Creator,Spanish,1
4187,viewer_04187,viewer04187@example.invalid,,20251017,Indonesia,APAC,18-24,Paid Social,English,1
4188,viewer_04188,viewer04188@example.invalid,,20241218,France,Europe,45+,Search,Japanese,0
4189,viewer_04189,viewer04189@example.invalid,,20240617,Germany,Europe,25-34,Referral,French,1
4190,viewer_04190,viewer04190@example.invalid,,20240923,Brazil,Latin America,13-17,Organic,German,1
4191,viewer_04191,viewer04191@example.invalid,,20240306,United States,North America,35-44,Creator,Portuguese,0
4192,viewer_04192,viewer04192@example.invalid,,20241129,Japan,APAC,18-24,Paid Social,Spanish,1
4193,viewer_04193,viewer04193@example.invalid,414,20240207,Canada,North America,45+,Search,English,1
4194,viewer_04194,viewer04194@example.invalid,,20250429,Mexico,Latin America,25-34,Referral,Japanese,0
4195,viewer_04195,viewer04195@example.invalid,,20240813,Indonesia,APAC,13-17,Organic,French,1
4196,viewer_04196,viewer04196@example.invalid,,20240412,France,Europe,35-44,Creator,German,1
4197,viewer_04197,viewer04197@example.invalid,,20250814,Germany,Europe,18-24,Paid Social,Portuguese,0
4198,viewer_04198,viewer04198@example.invalid,,20240128,Brazil,Latin America,45+,Search,Spanish,1
4199,viewer_04199,viewer04199@example.invalid,,20230222,United States,North America,25-34,Referral,English,1
4200,viewer_04200,viewer04200@example.invalid,771,20250723,Japan,APAC,13-17,Organic,Japanese,0
4201,viewer_04201,viewer04201@example.invalid,,20240420,Canada,North America,35-44,Creator,French,1
4202,viewer_04202,viewer04202@example.invalid,,20240517,Mexico,Latin America,18-24,Paid Social,German,1
4203,viewer_04203,viewer04203@example.invalid,,20230621,Indonesia,APAC,45+,Search,Portuguese,0
4204,viewer_04204,viewer04204@example.invalid,,20231104,France,Europe,25-34,Referral,Spanish,1
4205,viewer_04205,viewer04205@example.invalid,,20250411,Germany,Europe,13-17,Organic,English,1
4206,viewer_04206,viewer04206@example.invalid,,20241017,Brazil,Latin America,35-44,Creator,Japanese,0
4207,viewer_04207,viewer04207@example.invalid,1709,20240326,United States,North America,18-24,Paid Social,French,1
4208,viewer_04208,viewer04208@example.invalid,,20240313,Japan,APAC,45+,Search,German,1
4209,viewer_04209,viewer04209@example.invalid,,20251215,Canada,North America,25-34,Referral,Portuguese,0
4210,viewer_04210,viewer04210@example.invalid,,20230520,Mexico,Latin America,13-17,Organic,Spanish,1
4211,viewer_04211,viewer04211@example.invalid,,20240616,Indonesia,APAC,35-44,Creator,English,1
4212,viewer_04212,viewer04212@example.invalid,,20230718,France,Europe,18-24,Paid Social,Japanese,0
4213,viewer_04213,viewer04213@example.invalid,,20230828,Germany,Europe,45+,Search,French,1
4214,viewer_04214,viewer04214@example.invalid,1173,20250509,Brazil,Latin America,25-34,Referral,German,1
4215,viewer_04215,viewer04215@example.invalid,,20230423,United States,North America,13-17,Organic,Portuguese,0
4216,viewer_04216,viewer04216@example.invalid,,20230911,Japan,APAC,35-44,Creator,Spanish,1
4217,viewer_04217,viewer04217@example.invalid,,20250628,Canada,North America,18-24,Paid Social,English,1
4218,viewer_04218,viewer04218@example.invalid,,20230830,Mexico,Latin America,45+,Search,Japanese,0
4219,viewer_04219,viewer04219@example.invalid,,20250614,Indonesia,APAC,25-34,Referral,French,1
4220,viewer_04220,viewer04220@example.invalid,,20250425,France,Europe,13-17,Organic,German,1
4221,viewer_04221,viewer04221@example.invalid,3360,20231216,Germany,Europe,35-44,Creator,Portuguese,0
4222,viewer_04222,viewer04222@example.invalid,,20250108,Brazil,Latin America,18-24,Paid Social,Spanish,1
4223,viewer_04223,viewer04223@example.invalid,,20230220,United States,North America,45+,Search,English,1
4224,viewer_04224,viewer04224@example.invalid,,20240112,Japan,APAC,25-34,Referral,Japanese,0
4225,viewer_04225,viewer04225@example.invalid,,20250929,Canada,North America,13-17,Organic,French,1
4226,viewer_04226,viewer04226@example.invalid,,20231213,Mexico,Latin America,35-44,Creator,German,1
4227,viewer_04227,viewer04227@example.invalid,,20240921,Indonesia,APAC,18-24,Paid Social,Portuguese,0
4228,viewer_04228,viewer04228@example.invalid,2624,20230913,France,Europe,45+,Search,Spanish,1
4229,viewer_04229,viewer04229@example.invalid,,20230102,Germany,Europe,25-34,Referral,English,1
4230,viewer_04230,viewer04230@example.invalid,,20230202,Brazil,Latin America,13-17,Organic,Japanese,0
4231,viewer_04231,viewer04231@example.invalid,,20250525,United States,North America,35-44,Creator,French,1
4232,viewer_04232,viewer04232@example.invalid,,20230217,Japan,APAC,18-24,Paid Social,German,1
4233,viewer_04233,viewer04233@example.invalid,,20240210,Canada,North America,45+,Search,Portuguese,0
4234,viewer_04234,viewer04234@example.invalid,,20230620,Mexico,Latin America,25-34,Referral,Spanish,1
4235,viewer_04235,viewer04235@example.invalid,208,20230319,Indonesia,APAC,13-17,Organic,English,1
4236,viewer_04236,viewer04236@example.invalid,,20240529,France,Europe,35-44,Creator,Japanese,0
4237,viewer_04237,viewer04237@example.invalid,,20241221,Germany,Europe,18-24,Paid Social,French,1
4238,viewer_04238,viewer04238@example.invalid,,20230618,Brazil,Latin America,45+,Search,German,1
4239,viewer_04239,viewer04239@example.invalid,,20250304,United States,North America,25-34,Referral,Portuguese,0
4240,viewer_04240,viewer04240@example.invalid,,20230212,Japan,APAC,13-17,Organic,Spanish,1
4241,viewer_04241,viewer04241@example.invalid,,20250326,Canada,North America,35-44,Creator,English,1
4242,viewer_04242,viewer04242@example.invalid,1211,20251212,Mexico,Latin America,18-24,Paid Social,Japanese,0
4243,viewer_04243,viewer04243@example.invalid,,20230125,Indonesia,APAC,45+,Search,French,1
4244,viewer_04244,viewer04244@example.invalid,,20230113,France,Europe,25-34,Referral,German,1
4245,viewer_04245,viewer04245@example.invalid,,20230815,Germany,Europe,13-17,Organic,Portuguese,0
4246,viewer_04246,viewer04246@example.invalid,,20231011,Brazil,Latin America,35-44,Creator,Spanish,1
4247,viewer_04247,viewer04247@example.invalid,,20240327,United States,North America,18-24,Paid Social,English,1
4248,viewer_04248,viewer04248@example.invalid,,20250924,Japan,APAC,45+,Search,Japanese,0
4249,viewer_04249,viewer04249@example.invalid,862,20230311,Canada,North America,25-34,Referral,French,1
4250,viewer_04250,viewer04250@example.invalid,,20241117,Mexico,Latin America,13-17,Organic,German,1
4251,viewer_04251,viewer04251@example.invalid,,20240603,Indonesia,APAC,35-44,Creator,Portuguese,0
4252,viewer_04252,viewer04252@example.invalid,,20240130,France,Europe,18-24,Paid Social,Spanish,1
4253,viewer_04253,viewer04253@example.invalid,,20241110,Germany,Europe,45+,Search,English,1
4254,viewer_04254,viewer04254@example.invalid,,20231203,Brazil,Latin America,25-34,Referral,Japanese,0
4255,viewer_04255,viewer04255@example.invalid,,20251121,United States,North America,13-17,Organic,French,1
4256,viewer_04256,viewer04256@example.invalid,1005,20241106,Japan,APAC,35-44,Creator,German,1
4257,viewer_04257,viewer04257@example.invalid,,20240923,Canada,North America,18-24,Paid Social,Portuguese,0
4258,viewer_04258,viewer04258@example.invalid,,20250122,Mexico,Latin America,45+,Search,Spanish,1
4259,viewer_04259,viewer04259@example.invalid,,20230303,Indonesia,APAC,25-34,Referral,English,1
4260,viewer_04260,viewer04260@example.invalid,,20230117,France,Europe,13-17,Organic,Japanese,0
4261,viewer_04261,viewer04261@example.invalid,,20240629,Germany,Europe,35-44,Creator,French,1
4262,viewer_04262,viewer04262@example.invalid,,20241002,Brazil,Latin America,18-24,Paid Social,German,1
4263,viewer_04263,viewer04263@example.invalid,3247,20251118,United States,North America,45+,Search,Portuguese,0
4264,viewer_04264,viewer04264@example.invalid,,20230628,Japan,APAC,25-34,Referral,Spanish,1
4265,viewer_04265,viewer04265@example.invalid,,20250722,Canada,North America,13-17,Organic,English,1
4266,viewer_04266,viewer04266@example.invalid,,20240818,Mexico,Latin America,35-44,Creator,Japanese,0
4267,viewer_04267,viewer04267@example.invalid,,20250621,Indonesia,APAC,18-24,Paid Social,French,1
4268,viewer_04268,viewer04268@example.invalid,,20241005,France,Europe,45+,Search,German,1
4269,viewer_04269,viewer04269@example.invalid,,20240520,Germany,Europe,25-34,Referral,Portuguese,0
4270,viewer_04270,viewer04270@example.invalid,3139,20241030,Brazil,Latin America,13-17,Organic,Spanish,1
4271,viewer_04271,viewer04271@example.invalid,,20230130,United States,North America,35-44,Creator,English,1
4272,viewer_04272,viewer04272@example.invalid,,20250113,Japan,APAC,18-24,Paid Social,Japanese,0
4273,viewer_04273,viewer04273@example.invalid,,20240517,Canada,North America,45+,Search,French,1
4274,viewer_04274,viewer04274@example.invalid,,20240901,Mexico,Latin America,25-34,Referral,German,1
4275,viewer_04275,viewer04275@example.invalid,,20250531,Indonesia,APAC,13-17,Organic,Portuguese,0
4276,viewer_04276,viewer04276@example.invalid,,20250407,France,Europe,35-44,Creator,Spanish,1
4277,viewer_04277,viewer04277@example.invalid,703,20250911,Germany,Europe,18-24,Paid Social,English,1
4278,viewer_04278,viewer04278@example.invalid,,20250509,Brazil,Latin America,45+,Search,Japanese,0
4279,viewer_04279,viewer04279@example.invalid,,20250623,United States,North America,25-34,Referral,French,1
4280,viewer_04280,viewer04280@example.invalid,,20241025,Japan,APAC,13-17,Organic,German,1
4281,viewer_04281,viewer04281@example.invalid,,20250317,Canada,North America,35-44,Creator,Portuguese,0
4282,viewer_04282,viewer04282@example.invalid,,20230731,Mexico,Latin America,18-24,Paid Social,Spanish,1
4283,viewer_04283,viewer04283@example.invalid,,20231028,Indonesia,APAC,45+,Search,English,1
4284,viewer_04284,viewer04284@example.invalid,591,20241003,France,Europe,25-34,Referral,Japanese,0
4285,viewer_04285,viewer04285@example.invalid,,20230225,Germany,Europe,13-17,Organic,French,1
4286,viewer_04286,viewer04286@example.invalid,,20230902,Brazil,Latin America,35-44,Creator,German,1
4287,viewer_04287,viewer04287@example.invalid,,20240418,United States,North America,18-24,Paid Social,Portuguese,0
4288,viewer_04288,viewer04288@example.invalid,,20240730,Japan,APAC,45+,Search,Spanish,1
4289,viewer_04289,viewer04289@example.invalid,,20240812,Canada,North America,25-34,Referral,English,1
4290,viewer_04290,viewer04290@example.invalid,,20241023,Mexico,Latin America,13-17,Organic,Japanese,0
4291,viewer_04291,viewer04291@example.invalid,1038,20250212,Indonesia,APAC,35-44,Creator,French,1
4292,viewer_04292,viewer04292@example.invalid,,20240903,France,Europe,18-24,Paid Social,German,1
4293,viewer_04293,viewer04293@example.invalid,,20230717,Germany,Europe,45+,Search,Portuguese,0
4294,viewer_04294,viewer04294@example.invalid,,20230617,Brazil,Latin America,25-34,Referral,Spanish,1
4295,viewer_04295,viewer04295@example.invalid,,20240610,United States,North America,13-17,Organic,English,1
4296,viewer_04296,viewer04296@example.invalid,,20240415,Japan,APAC,35-44,Creator,Japanese,0
4297,viewer_04297,viewer04297@example.invalid,,20231206,Canada,North America,18-24,Paid Social,French,1
4298,viewer_04298,viewer04298@example.invalid,2895,20230416,Mexico,Latin America,45+,Search,German,1
4299,viewer_04299,viewer04299@example.invalid,,20230730,Indonesia,APAC,25-34,Referral,Portuguese,0
4300,viewer_04300,viewer04300@example.invalid,,20250724,France,Europe,13-17,Organic,Spanish,1
4301,viewer_04301,viewer04301@example.invalid,,20230424,Germany,Europe,35-44,Creator,English,1
4302,viewer_04302,viewer04302@example.invalid,,20230919,Brazil,Latin America,18-24,Paid Social,Japanese,0
4303,viewer_04303,viewer04303@example.invalid,,20251118,United States,North America,45+,Search,French,1
4304,viewer_04304,viewer04304@example.invalid,,20240117,Japan,APAC,25-34,Referral,German,1
4305,viewer_04305,viewer04305@example.invalid,156,20250512,Canada,North America,13-17,Organic,Portuguese,0
4306,viewer_04306,viewer04306@example.invalid,,20251227,Mexico,Latin America,35-44,Creator,Spanish,1
4307,viewer_04307,viewer04307@example.invalid,,20250401,Indonesia,APAC,18-24,Paid Social,English,1
4308,viewer_04308,viewer04308@example.invalid,,20240607,France,Europe,45+,Search,Japanese,0
4309,viewer_04309,viewer04309@example.invalid,,20230617,Germany,Europe,25-34,Referral,French,1
4310,viewer_04310,viewer04310@example.invalid,,20231007,Brazil,Latin America,13-17,Organic,German,1
4311,viewer_04311,viewer04311@example.invalid,,20240227,United States,North America,35-44,Creator,Portuguese,0
4312,viewer_04312,viewer04312@example.invalid,799,20251126,Japan,APAC,18-24,Paid Social,Spanish,1
4313,viewer_04313,viewer04313@example.invalid,,20231002,Canada,North America,45+,Search,English,1
4314,viewer_04314,viewer04314@example.invalid,,20251225,Mexico,Latin America,25-34,Referral,Japanese,0
4315,viewer_04315,viewer04315@example.invalid,,20240911,Indonesia,APAC,13-17,Organic,French,1
4316,viewer_04316,viewer04316@example.invalid,,20230809,France,Europe,35-44,Creator,German,1
4317,viewer_04317,viewer04317@example.invalid,,20230208,Germany,Europe,18-24,Paid Social,Portuguese,0
4318,viewer_04318,viewer04318@example.invalid,,20240119,Brazil,Latin America,45+,Search,Spanish,1
4319,viewer_04319,viewer04319@example.invalid,928,20230322,United States,North America,25-34,Referral,English,1
4320,viewer_04320,viewer04320@example.invalid,,20240309,Japan,APAC,13-17,Organic,Japanese,0
4321,viewer_04321,viewer04321@example.invalid,,20250604,Canada,North America,35-44,Creator,French,1
4322,viewer_04322,viewer04322@example.invalid,,20241216,Mexico,Latin America,18-24,Paid Social,German,1
4323,viewer_04323,viewer04323@example.invalid,,20241112,Indonesia,APAC,45+,Search,Portuguese,0
4324,viewer_04324,viewer04324@example.invalid,,20251223,France,Europe,25-34,Referral,Spanish,1
4325,viewer_04325,viewer04325@example.invalid,,20250108,Germany,Europe,13-17,Organic,English,1
4326,viewer_04326,viewer04326@example.invalid,3806,20230213,Brazil,Latin America,35-44,Creator,Japanese,0
4327,viewer_04327,viewer04327@example.invalid,,20250926,United States,North America,18-24,Paid Social,French,1
4328,viewer_04328,viewer04328@example.invalid,,20250113,Japan,APAC,45+,Search,German,1
4329,viewer_04329,viewer04329@example.invalid,,20250501,Canada,North America,25-34,Referral,Portuguese,0
4330,viewer_04330,viewer04330@example.invalid,,20250702,Mexico,Latin America,13-17,Organic,Spanish,1
4331,viewer_04331,viewer04331@example.invalid,,20230219,Indonesia,APAC,35-44,Creator,English,1
4332,viewer_04332,viewer04332@example.invalid,,20251116,France,Europe,18-24,Paid Social,Japanese,0
4333,viewer_04333,viewer04333@example.invalid,4073,20230513,Germany,Europe,45+,Search,French,1
4334,viewer_04334,viewer04334@example.invalid,,20250813,Brazil,Latin America,25-34,Referral,German,1
4335,viewer_04335,viewer04335@example.invalid,,20230425,United States,North America,13-17,Organic,Portuguese,0
4336,viewer_04336,viewer04336@example.invalid,,20231026,Japan,APAC,35-44,Creator,Spanish,1
4337,viewer_04337,viewer04337@example.invalid,,20250209,Canada,North America,18-24,Paid Social,English,1
4338,viewer_04338,viewer04338@example.invalid,,20230226,Mexico,Latin America,45+,Search,Japanese,0
4339,viewer_04339,viewer04339@example.invalid,,20250930,Indonesia,APAC,25-34,Referral,French,1
4340,viewer_04340,viewer04340@example.invalid,2022,20230807,France,Europe,13-17,Organic,German,1
4341,viewer_04341,viewer04341@example.invalid,,20230121,Germany,Europe,35-44,Creator,Portuguese,0
4342,viewer_04342,viewer04342@example.invalid,,20230426,Brazil,Latin America,18-24,Paid Social,Spanish,1
4343,viewer_04343,viewer04343@example.invalid,,20230110,United States,North America,45+,Search,English,1
4344,viewer_04344,viewer04344@example.invalid,,20250717,Japan,APAC,25-34,Referral,Japanese,0
4345,viewer_04345,viewer04345@example.invalid,,20241225,Canada,North America,13-17,Organic,French,1
4346,viewer_04346,viewer04346@example.invalid,,20240417,Mexico,Latin America,35-44,Creator,German,1
4347,viewer_04347,viewer04347@example.invalid,976,20250119,Indonesia,APAC,18-24,Paid Social,Portuguese,0
4348,viewer_04348,viewer04348@example.invalid,,20240511,France,Europe,45+,Search,Spanish,1
4349,viewer_04349,viewer04349@example.invalid,,20241104,Germany,Europe,25-34,Referral,English,1
4350,viewer_04350,viewer04350@example.invalid,,20250812,Brazil,Latin America,13-17,Organic,Japanese,0
4351,viewer_04351,viewer04351@example.invalid,,20240101,United States,North America,35-44,Creator,French,1
4352,viewer_04352,viewer04352@example.invalid,,20230304,Japan,APAC,18-24,Paid Social,German,1
4353,viewer_04353,viewer04353@example.invalid,,20230307,Canada,North America,45+,Search,Portuguese,0
4354,viewer_04354,viewer04354@example.invalid,4334,20230329,Mexico,Latin America,25-34,Referral,Spanish,1
4355,viewer_04355,viewer04355@example.invalid,,20241225,Indonesia,APAC,13-17,Organic,English,1
4356,viewer_04356,viewer04356@example.invalid,,20240929,France,Europe,35-44,Creator,Japanese,0
4357,viewer_04357,viewer04357@example.invalid,,20251224,Germany,Europe,18-24,Paid Social,French,1
4358,viewer_04358,viewer04358@example.invalid,,20240229,Brazil,Latin America,45+,Search,German,1
4359,viewer_04359,viewer04359@example.invalid,,20230417,United States,North America,25-34,Referral,Portuguese,0
4360,viewer_04360,viewer04360@example.invalid,,20251116,Japan,APAC,13-17,Organic,Spanish,1
4361,viewer_04361,viewer04361@example.invalid,1445,20230719,Canada,North America,35-44,Creator,English,1
4362,viewer_04362,viewer04362@example.invalid,,20241106,Mexico,Latin America,18-24,Paid Social,Japanese,0
4363,viewer_04363,viewer04363@example.invalid,,20240404,Indonesia,APAC,45+,Search,French,1
4364,viewer_04364,viewer04364@example.invalid,,20240203,France,Europe,25-34,Referral,German,1
4365,viewer_04365,viewer04365@example.invalid,,20231207,Germany,Europe,13-17,Organic,Portuguese,0
4366,viewer_04366,viewer04366@example.invalid,,20230724,Brazil,Latin America,35-44,Creator,Spanish,1
4367,viewer_04367,viewer04367@example.invalid,,20250713,United States,North America,18-24,Paid Social,English,1
4368,viewer_04368,viewer04368@example.invalid,2668,20251224,Japan,APAC,45+,Search,Japanese,0
4369,viewer_04369,viewer04369@example.invalid,,20250212,Canada,North America,25-34,Referral,French,1
4370,viewer_04370,viewer04370@example.invalid,,20240630,Mexico,Latin America,13-17,Organic,German,1
4371,viewer_04371,viewer04371@example.invalid,,20230629,Indonesia,APAC,35-44,Creator,Portuguese,0
4372,viewer_04372,viewer04372@example.invalid,,20241204,France,Europe,18-24,Paid Social,Spanish,1
4373,viewer_04373,viewer04373@example.invalid,,20240615,Germany,Europe,45+,Search,English,1
4374,viewer_04374,viewer04374@example.invalid,,20230729,Brazil,Latin America,25-34,Referral,Japanese,0
4375,viewer_04375,viewer04375@example.invalid,1491,20231228,United States,North America,13-17,Organic,French,1
4376,viewer_04376,viewer04376@example.invalid,,20250808,Japan,APAC,35-44,Creator,German,1
4377,viewer_04377,viewer04377@example.invalid,,20250125,Canada,North America,18-24,Paid Social,Portuguese,0
4378,viewer_04378,viewer04378@example.invalid,,20250602,Mexico,Latin America,45+,Search,Spanish,1
4379,viewer_04379,viewer04379@example.invalid,,20240518,Indonesia,APAC,25-34,Referral,English,1
4380,viewer_04380,viewer04380@example.invalid,,20250325,France,Europe,13-17,Organic,Japanese,0
4381,viewer_04381,viewer04381@example.invalid,,20241120,Germany,Europe,35-44,Creator,French,1
4382,viewer_04382,viewer04382@example.invalid,2660,20230628,Brazil,Latin America,18-24,Paid Social,German,1
4383,viewer_04383,viewer04383@example.invalid,,20251009,United States,North America,45+,Search,Portuguese,0
4384,viewer_04384,viewer04384@example.invalid,,20230929,Japan,APAC,25-34,Referral,Spanish,1
4385,viewer_04385,viewer04385@example.invalid,,20240201,Canada,North America,13-17,Organic,English,1
4386,viewer_04386,viewer04386@example.invalid,,20230829,Mexico,Latin America,35-44,Creator,Japanese,0
4387,viewer_04387,viewer04387@example.invalid,,20250503,Indonesia,APAC,18-24,Paid Social,French,1
4388,viewer_04388,viewer04388@example.invalid,,20240605,France,Europe,45+,Search,German,1
4389,viewer_04389,viewer04389@example.invalid,396,20230726,Germany,Europe,25-34,Referral,Portuguese,0
4390,viewer_04390,viewer04390@example.invalid,,20250801,Brazil,Latin America,13-17,Organic,Spanish,1
4391,viewer_04391,viewer04391@example.invalid,,20250924,United States,North America,35-44,Creator,English,1
4392,viewer_04392,viewer04392@example.invalid,,20250502,Japan,APAC,18-24,Paid Social,Japanese,0
4393,viewer_04393,viewer04393@example.invalid,,20241005,Canada,North America,45+,Search,French,1
4394,viewer_04394,viewer04394@example.invalid,,20230419,Mexico,Latin America,25-34,Referral,German,1
4395,viewer_04395,viewer04395@example.invalid,,20230805,Indonesia,APAC,13-17,Organic,Portuguese,0
4396,viewer_04396,viewer04396@example.invalid,2955,20240220,France,Europe,35-44,Creator,Spanish,1
4397,viewer_04397,viewer04397@example.invalid,,20250424,Germany,Europe,18-24,Paid Social,English,1
4398,viewer_04398,viewer04398@example.invalid,,20230920,Brazil,Latin America,45+,Search,Japanese,0
4399,viewer_04399,viewer04399@example.invalid,,20240607,United States,North America,25-34,Referral,French,1
4400,viewer_04400,viewer04400@example.invalid,,20250331,Japan,APAC,13-17,Organic,German,1
4401,viewer_04401,viewer04401@example.invalid,,20230507,Canada,North America,35-44,Creator,Portuguese,0
4402,viewer_04402,viewer04402@example.invalid,,20250910,Mexico,Latin America,18-24,Paid Social,Spanish,1
4403,viewer_04403,viewer04403@example.invalid,593,20230719,Indonesia,APAC,45+,Search,English,1
4404,viewer_04404,viewer04404@example.invalid,,20250213,France,Europe,25-34,Referral,Japanese,0
4405,viewer_04405,viewer04405@example.invalid,,20231118,Germany,Europe,13-17,Organic,French,1
4406,viewer_04406,viewer04406@example.invalid,,20240721,Brazil,Latin America,35-44,Creator,German,1
4407,viewer_04407,viewer04407@example.invalid,,20231018,United States,North America,18-24,Paid Social,Portuguese,0
4408,viewer_04408,viewer04408@example.invalid,,20230317,Japan,APAC,45+,Search,Spanish,1
4409,viewer_04409,viewer04409@example.invalid,,20230625,Canada,North America,25-34,Referral,English,1
4410,viewer_04410,viewer04410@example.invalid,2836,20240915,Mexico,Latin America,13-17,Organic,Japanese,0
4411,viewer_04411,viewer04411@example.invalid,,20230805,Indonesia,APAC,35-44,Creator,French,1
4412,viewer_04412,viewer04412@example.invalid,,20251102,France,Europe,18-24,Paid Social,German,1
4413,viewer_04413,viewer04413@example.invalid,,20240521,Germany,Europe,45+,Search,Portuguese,0
4414,viewer_04414,viewer04414@example.invalid,,20240923,Brazil,Latin America,25-34,Referral,Spanish,1
4415,viewer_04415,viewer04415@example.invalid,,20231007,United States,North America,13-17,Organic,English,1
4416,viewer_04416,viewer04416@example.invalid,,20231207,Japan,APAC,35-44,Creator,Japanese,0
4417,viewer_04417,viewer04417@example.invalid,3772,20250706,Canada,North America,18-24,Paid Social,French,1
4418,viewer_04418,viewer04418@example.invalid,,20230212,Mexico,Latin America,45+,Search,German,1
4419,viewer_04419,viewer04419@example.invalid,,20240314,Indonesia,APAC,25-34,Referral,Portuguese,0
4420,viewer_04420,viewer04420@example.invalid,,20240204,France,Europe,13-17,Organic,Spanish,1
4421,viewer_04421,viewer04421@example.invalid,,20231208,Germany,Europe,35-44,Creator,English,1
4422,viewer_04422,viewer04422@example.invalid,,20250114,Brazil,Latin America,18-24,Paid Social,Japanese,0
4423,viewer_04423,viewer04423@example.invalid,,20240830,United States,North America,45+,Search,French,1
4424,viewer_04424,viewer04424@example.invalid,3465,20230403,Japan,APAC,25-34,Referral,German,1
4425,viewer_04425,viewer04425@example.invalid,,20250815,Canada,North America,13-17,Organic,Portuguese,0
4426,viewer_04426,viewer04426@example.invalid,,20230125,Mexico,Latin America,35-44,Creator,Spanish,1
4427,viewer_04427,viewer04427@example.invalid,,20250407,Indonesia,APAC,18-24,Paid Social,English,1
4428,viewer_04428,viewer04428@example.invalid,,20251010,France,Europe,45+,Search,Japanese,0
4429,viewer_04429,viewer04429@example.invalid,,20240801,Germany,Europe,25-34,Referral,French,1
4430,viewer_04430,viewer04430@example.invalid,,20230824,Brazil,Latin America,13-17,Organic,German,1
4431,viewer_04431,viewer04431@example.invalid,2441,20230707,United States,North America,35-44,Creator,Portuguese,0
4432,viewer_04432,viewer04432@example.invalid,,20250521,Japan,APAC,18-24,Paid Social,Spanish,1
4433,viewer_04433,viewer04433@example.invalid,,20230721,Canada,North America,45+,Search,English,1
4434,viewer_04434,viewer04434@example.invalid,,20251016,Mexico,Latin America,25-34,Referral,Japanese,0
4435,viewer_04435,viewer04435@example.invalid,,20251028,Indonesia,APAC,13-17,Organic,French,1
4436,viewer_04436,viewer04436@example.invalid,,20240902,France,Europe,35-44,Creator,German,1
4437,viewer_04437,viewer04437@example.invalid,,20230214,Germany,Europe,18-24,Paid Social,Portuguese,0
4438,viewer_04438,viewer04438@example.invalid,1664,20251030,Brazil,Latin America,45+,Search,Spanish,1
4439,viewer_04439,viewer04439@example.invalid,,20250510,United States,North America,25-34,Referral,English,1
4440,viewer_04440,viewer04440@example.invalid,,20231212,Japan,APAC,13-17,Organic,Japanese,0
4441,viewer_04441,viewer04441@example.invalid,,20240306,Canada,North America,35-44,Creator,French,1
4442,viewer_04442,viewer04442@example.invalid,,20241105,Mexico,Latin America,18-24,Paid Social,German,1
4443,viewer_04443,viewer04443@example.invalid,,20240514,Indonesia,APAC,45+,Search,Portuguese,0
4444,viewer_04444,viewer04444@example.invalid,,20250411,France,Europe,25-34,Referral,Spanish,1
4445,viewer_04445,viewer04445@example.invalid,344,20240526,Germany,Europe,13-17,Organic,English,1
4446,viewer_04446,viewer04446@example.invalid,,20251023,Brazil,Latin America,35-44,Creator,Japanese,0
4447,viewer_04447,viewer04447@example.invalid,,20241123,United States,North America,18-24,Paid Social,French,1
4448,viewer_04448,viewer04448@example.invalid,,20230419,Japan,APAC,45+,Search,German,1
4449,viewer_04449,viewer04449@example.invalid,,20250817,Canada,North America,25-34,Referral,Portuguese,0
4450,viewer_04450,viewer04450@example.invalid,,20230715,Mexico,Latin America,13-17,Organic,Spanish,1
4451,viewer_04451,viewer04451@example.invalid,,20231109,Indonesia,APAC,35-44,Creator,English,1
4452,viewer_04452,viewer04452@example.invalid,2522,20250320,France,Europe,18-24,Paid Social,Japanese,0
4453,viewer_04453,viewer04453@example.invalid,,20250626,Germany,Europe,45+,Search,French,1
4454,viewer_04454,viewer04454@example.invalid,,20231205,Brazil,Latin America,25-34,Referral,German,1
4455,viewer_04455,viewer04455@example.invalid,,20240916,United States,North America,13-17,Organic,Portuguese,0
4456,viewer_04456,viewer04456@example.invalid,,20231227,Japan,APAC,35-44,Creator,Spanish,1
4457,viewer_04457,viewer04457@example.invalid,,20230513,Canada,North America,18-24,Paid Social,English,1
4458,viewer_04458,viewer04458@example.invalid,,20231223,Mexico,Latin America,45+,Search,Japanese,0
4459,viewer_04459,viewer04459@example.invalid,1108,20240613,Indonesia,APAC,25-34,Referral,French,1
4460,viewer_04460,viewer04460@example.invalid,,20231226,France,Europe,13-17,Organic,German,1
4461,viewer_04461,viewer04461@example.invalid,,20230515,Germany,Europe,35-44,Creator,Portuguese,0
4462,viewer_04462,viewer04462@example.invalid,,20250918,Brazil,Latin America,18-24,Paid Social,Spanish,1
4463,viewer_04463,viewer04463@example.invalid,,20240126,United States,North America,45+,Search,English,1
4464,viewer_04464,viewer04464@example.invalid,,20250903,Japan,APAC,25-34,Referral,Japanese,0
4465,viewer_04465,viewer04465@example.invalid,,20231205,Canada,North America,13-17,Organic,French,1
4466,viewer_04466,viewer04466@example.invalid,4159,20240428,Mexico,Latin America,35-44,Creator,German,1
4467,viewer_04467,viewer04467@example.invalid,,20231110,Indonesia,APAC,18-24,Paid Social,Portuguese,0
4468,viewer_04468,viewer04468@example.invalid,,20240306,France,Europe,45+,Search,Spanish,1
4469,viewer_04469,viewer04469@example.invalid,,20240515,Germany,Europe,25-34,Referral,English,1
4470,viewer_04470,viewer04470@example.invalid,,20250131,Brazil,Latin America,13-17,Organic,Japanese,0
4471,viewer_04471,viewer04471@example.invalid,,20230911,United States,North America,35-44,Creator,French,1
4472,viewer_04472,viewer04472@example.invalid,,20231113,Japan,APAC,18-24,Paid Social,German,1
4473,viewer_04473,viewer04473@example.invalid,2651,20230831,Canada,North America,45+,Search,Portuguese,0
4474,viewer_04474,viewer04474@example.invalid,,20251229,Mexico,Latin America,25-34,Referral,Spanish,1
4475,viewer_04475,viewer04475@example.invalid,,20241101,Indonesia,APAC,13-17,Organic,English,1
4476,viewer_04476,viewer04476@example.invalid,,20240830,France,Europe,35-44,Creator,Japanese,0
4477,viewer_04477,viewer04477@example.invalid,,20250614,Germany,Europe,18-24,Paid Social,French,1
4478,viewer_04478,viewer04478@example.invalid,,20230906,Brazil,Latin America,45+,Search,German,1
4479,viewer_04479,viewer04479@example.invalid,,20250811,United States,North America,25-34,Referral,Portuguese,0
4480,viewer_04480,viewer04480@example.invalid,3975,20240908,Japan,APAC,13-17,Organic,Spanish,1
4481,viewer_04481,viewer04481@example.invalid,,20250510,Canada,North America,35-44,Creator,English,1
4482,viewer_04482,viewer04482@example.invalid,,20230629,Mexico,Latin America,18-24,Paid Social,Japanese,0
4483,viewer_04483,viewer04483@example.invalid,,20230814,Indonesia,APAC,45+,Search,French,1
4484,viewer_04484,viewer04484@example.invalid,,20250824,France,Europe,25-34,Referral,German,1
4485,viewer_04485,viewer04485@example.invalid,,20240904,Germany,Europe,13-17,Organic,Portuguese,0
4486,viewer_04486,viewer04486@example.invalid,,20240418,Brazil,Latin America,35-44,Creator,Spanish,1
4487,viewer_04487,viewer04487@example.invalid,4257,20230612,United States,North America,18-24,Paid Social,English,1
4488,viewer_04488,viewer04488@example.invalid,,20250326,Japan,APAC,45+,Search,Japanese,0
4489,viewer_04489,viewer04489@example.invalid,,20250110,Canada,North America,25-34,Referral,French,1
4490,viewer_04490,viewer04490@example.invalid,,20240211,Mexico,Latin America,13-17,Organic,German,1
4491,viewer_04491,viewer04491@example.invalid,,20231119,Indonesia,APAC,35-44,Creator,Portuguese,0
4492,viewer_04492,viewer04492@example.invalid,,20240805,France,Europe,18-24,Paid Social,Spanish,1
4493,viewer_04493,viewer04493@example.invalid,,20240704,Germany,Europe,45+,Search,English,1
4494,viewer_04494,viewer04494@example.invalid,4018,20250916,Brazil,Latin America,25-34,Referral,Japanese,0
4495,viewer_04495,viewer04495@example.invalid,,20240322,United States,North America,13-17,Organic,French,1
4496,viewer_04496,viewer04496@example.invalid,,20250526,Japan,APAC,35-44,Creator,German,1
4497,viewer_04497,viewer04497@example.invalid,,20230523,Canada,North America,18-24,Paid Social,Portuguese,0
4498,viewer_04498,viewer04498@example.invalid,,20230316,Mexico,Latin America,45+,Search,Spanish,1
4499,viewer_04499,viewer04499@example.invalid,,20240504,Indonesia,APAC,25-34,Referral,English,1
4500,viewer_04500,viewer04500@example.invalid,,20230726,France,Europe,13-17,Organic,Japanese,0
4501,viewer_04501,viewer04501@example.invalid,2006,20250520,Germany,Europe,35-44,Creator,French,1
4502,viewer_04502,viewer04502@example.invalid,,20231201,Brazil,Latin America,18-24,Paid Social,German,1
4503,viewer_04503,viewer04503@example.invalid,,20250330,United States,North America,45+,Search,Portuguese,0
4504,viewer_04504,viewer04504@example.invalid,,20250512,Japan,APAC,25-34,Referral,Spanish,1
4505,viewer_04505,viewer04505@example.invalid,,20250522,Canada,North America,13-17,Organic,English,1
4506,viewer_04506,viewer04506@example.invalid,,20231212,Mexico,Latin America,35-44,Creator,Japanese,0
4507,viewer_04507,viewer04507@example.invalid,,20240127,Indonesia,APAC,18-24,Paid Social,French,1
4508,viewer_04508,viewer04508@example.invalid,2390,20240901,France,Europe,45+,Search,German,1
4509,viewer_04509,viewer04509@example.invalid,,20231111,Germany,Europe,25-34,Referral,Portuguese,0
4510,viewer_04510,viewer04510@example.invalid,,20250626,Brazil,Latin America,13-17,Organic,Spanish,1
4511,viewer_04511,viewer04511@example.invalid,,20240121,United States,North America,35-44,Creator,English,1
4512,viewer_04512,viewer04512@example.invalid,,20240709,Japan,APAC,18-24,Paid Social,Japanese,0
4513,viewer_04513,viewer04513@example.invalid,,20241011,Canada,North America,45+,Search,French,1
4514,viewer_04514,viewer04514@example.invalid,,20240714,Mexico,Latin America,25-34,Referral,German,1
4515,viewer_04515,viewer04515@example.invalid,2433,20240324,Indonesia,APAC,13-17,Organic,Portuguese,0
4516,viewer_04516,viewer04516@example.invalid,,20240911,France,Europe,35-44,Creator,Spanish,1
4517,viewer_04517,viewer04517@example.invalid,,20241004,Germany,Europe,18-24,Paid Social,English,1
4518,viewer_04518,viewer04518@example.invalid,,20240909,Brazil,Latin America,45+,Search,Japanese,0
4519,viewer_04519,viewer04519@example.invalid,,20240118,United States,North America,25-34,Referral,French,1
4520,viewer_04520,viewer04520@example.invalid,,20240609,Japan,APAC,13-17,Organic,German,1
4521,viewer_04521,viewer04521@example.invalid,,20250625,Canada,North America,35-44,Creator,Portuguese,0
4522,viewer_04522,viewer04522@example.invalid,162,20240630,Mexico,Latin America,18-24,Paid Social,Spanish,1
4523,viewer_04523,viewer04523@example.invalid,,20240708,Indonesia,APAC,45+,Search,English,1
4524,viewer_04524,viewer04524@example.invalid,,20250501,France,Europe,25-34,Referral,Japanese,0
4525,viewer_04525,viewer04525@example.invalid,,20250617,Germany,Europe,13-17,Organic,French,1
4526,viewer_04526,viewer04526@example.invalid,,20240926,Brazil,Latin America,35-44,Creator,German,1
4527,viewer_04527,viewer04527@example.invalid,,20240516,United States,North America,18-24,Paid Social,Portuguese,0
4528,viewer_04528,viewer04528@example.invalid,,20250505,Japan,APAC,45+,Search,Spanish,1
4529,viewer_04529,viewer04529@example.invalid,1244,20231120,Canada,North America,25-34,Referral,English,1
4530,viewer_04530,viewer04530@example.invalid,,20231127,Mexico,Latin America,13-17,Organic,Japanese,0
4531,viewer_04531,viewer04531@example.invalid,,20240205,Indonesia,APAC,35-44,Creator,French,1
4532,viewer_04532,viewer04532@example.invalid,,20250126,France,Europe,18-24,Paid Social,German,1
4533,viewer_04533,viewer04533@example.invalid,,20241008,Germany,Europe,45+,Search,Portuguese,0
4534,viewer_04534,viewer04534@example.invalid,,20250223,Brazil,Latin America,25-34,Referral,Spanish,1
4535,viewer_04535,viewer04535@example.invalid,,20251008,United States,North America,13-17,Organic,English,1
4536,viewer_04536,viewer04536@example.invalid,1497,20240227,Japan,APAC,35-44,Creator,Japanese,0
4537,viewer_04537,viewer04537@example.invalid,,20231212,Canada,North America,18-24,Paid Social,French,1
4538,viewer_04538,viewer04538@example.invalid,,20240501,Mexico,Latin America,45+,Search,German,1
4539,viewer_04539,viewer04539@example.invalid,,20241105,Indonesia,APAC,25-34,Referral,Portuguese,0
4540,viewer_04540,viewer04540@example.invalid,,20241221,France,Europe,13-17,Organic,Spanish,1
4541,viewer_04541,viewer04541@example.invalid,,20250322,Germany,Europe,35-44,Creator,English,1
4542,viewer_04542,viewer04542@example.invalid,,20250223,Brazil,Latin America,18-24,Paid Social,Japanese,0
4543,viewer_04543,viewer04543@example.invalid,2269,20250930,United States,North America,45+,Search,French,1
4544,viewer_04544,viewer04544@example.invalid,,20230521,Japan,APAC,25-34,Referral,German,1
4545,viewer_04545,viewer04545@example.invalid,,20240102,Canada,North America,13-17,Organic,Portuguese,0
4546,viewer_04546,viewer04546@example.invalid,,20230509,Mexico,Latin America,35-44,Creator,Spanish,1
4547,viewer_04547,viewer04547@example.invalid,,20240831,Indonesia,APAC,18-24,Paid Social,English,1
4548,viewer_04548,viewer04548@example.invalid,,20250110,France,Europe,45+,Search,Japanese,0
4549,viewer_04549,viewer04549@example.invalid,,20241125,Germany,Europe,25-34,Referral,French,1
4550,viewer_04550,viewer04550@example.invalid,2572,20230325,Brazil,Latin America,13-17,Organic,German,1
4551,viewer_04551,viewer04551@example.invalid,,20240902,United States,North America,35-44,Creator,Portuguese,0
4552,viewer_04552,viewer04552@example.invalid,,20231230,Japan,APAC,18-24,Paid Social,Spanish,1
4553,viewer_04553,viewer04553@example.invalid,,20251202,Canada,North America,45+,Search,English,1
4554,viewer_04554,viewer04554@example.invalid,,20230417,Mexico,Latin America,25-34,Referral,Japanese,0
4555,viewer_04555,viewer04555@example.invalid,,20251027,Indonesia,APAC,13-17,Organic,French,1
4556,viewer_04556,viewer04556@example.invalid,,20250406,France,Europe,35-44,Creator,German,1
4557,viewer_04557,viewer04557@example.invalid,1353,20250824,Germany,Europe,18-24,Paid Social,Portuguese,0
4558,viewer_04558,viewer04558@example.invalid,,20230509,Brazil,Latin America,45+,Search,Spanish,1
4559,viewer_04559,viewer04559@example.invalid,,20240822,United States,North America,25-34,Referral,English,1
4560,viewer_04560,viewer04560@example.invalid,,20240120,Japan,APAC,13-17,Organic,Japanese,0
4561,viewer_04561,viewer04561@example.invalid,,20231112,Canada,North America,35-44,Creator,French,1
4562,viewer_04562,viewer04562@example.invalid,,20251201,Mexico,Latin America,18-24,Paid Social,German,1
4563,viewer_04563,viewer04563@example.invalid,,20250521,Indonesia,APAC,45+,Search,Portuguese,0
4564,viewer_04564,viewer04564@example.invalid,2347,20240927,France,Europe,25-34,Referral,Spanish,1
4565,viewer_04565,viewer04565@example.invalid,,20250125,Germany,Europe,13-17,Organic,English,1
4566,viewer_04566,viewer04566@example.invalid,,20230626,Brazil,Latin America,35-44,Creator,Japanese,0
4567,viewer_04567,viewer04567@example.invalid,,20240907,United States,North America,18-24,Paid Social,French,1
4568,viewer_04568,viewer04568@example.invalid,,20231225,Japan,APAC,45+,Search,German,1
4569,viewer_04569,viewer04569@example.invalid,,20250822,Canada,North America,25-34,Referral,Portuguese,0
4570,viewer_04570,viewer04570@example.invalid,,20251027,Mexico,Latin America,13-17,Organic,Spanish,1
4571,viewer_04571,viewer04571@example.invalid,321,20240830,Indonesia,APAC,35-44,Creator,English,1
4572,viewer_04572,viewer04572@example.invalid,,20230214,France,Europe,18-24,Paid Social,Japanese,0
4573,viewer_04573,viewer04573@example.invalid,,20251107,Germany,Europe,45+,Search,French,1
4574,viewer_04574,viewer04574@example.invalid,,20240121,Brazil,Latin America,25-34,Referral,German,1
4575,viewer_04575,viewer04575@example.invalid,,20240111,United States,North America,13-17,Organic,Portuguese,0
4576,viewer_04576,viewer04576@example.invalid,,20230716,Japan,APAC,35-44,Creator,Spanish,1
4577,viewer_04577,viewer04577@example.invalid,,20250812,Canada,North America,18-24,Paid Social,English,1
4578,viewer_04578,viewer04578@example.invalid,3667,20240707,Mexico,Latin America,45+,Search,Japanese,0
4579,viewer_04579,viewer04579@example.invalid,,20250505,Indonesia,APAC,25-34,Referral,French,1
4580,viewer_04580,viewer04580@example.invalid,,20240130,France,Europe,13-17,Organic,German,1
4581,viewer_04581,viewer04581@example.invalid,,20240822,Germany,Europe,35-44,Creator,Portuguese,0
4582,viewer_04582,viewer04582@example.invalid,,20250401,Brazil,Latin America,18-24,Paid Social,Spanish,1
4583,viewer_04583,viewer04583@example.invalid,,20230222,United States,North America,45+,Search,English,1
4584,viewer_04584,viewer04584@example.invalid,,20230819,Japan,APAC,25-34,Referral,Japanese,0
4585,viewer_04585,viewer04585@example.invalid,973,20250120,Canada,North America,13-17,Organic,French,1
4586,viewer_04586,viewer04586@example.invalid,,20230115,Mexico,Latin America,35-44,Creator,German,1
4587,viewer_04587,viewer04587@example.invalid,,20250106,Indonesia,APAC,18-24,Paid Social,Portuguese,0
4588,viewer_04588,viewer04588@example.invalid,,20231221,France,Europe,45+,Search,Spanish,1
4589,viewer_04589,viewer04589@example.invalid,,20250728,Germany,Europe,25-34,Referral,English,1
4590,viewer_04590,viewer04590@example.invalid,,20250718,Brazil,Latin America,13-17,Organic,Japanese,0
4591,viewer_04591,viewer04591@example.invalid,,20250624,United States,North America,35-44,Creator,French,1
4592,viewer_04592,viewer04592@example.invalid,2148,20250531,Japan,APAC,18-24,Paid Social,German,1
4593,viewer_04593,viewer04593@example.invalid,,20250806,Canada,North America,45+,Search,Portuguese,0
4594,viewer_04594,viewer04594@example.invalid,,20230411,Mexico,Latin America,25-34,Referral,Spanish,1
4595,viewer_04595,viewer04595@example.invalid,,20240321,Indonesia,APAC,13-17,Organic,English,1
4596,viewer_04596,viewer04596@example.invalid,,20240108,France,Europe,35-44,Creator,Japanese,0
4597,viewer_04597,viewer04597@example.invalid,,20230221,Germany,Europe,18-24,Paid Social,French,1
4598,viewer_04598,viewer04598@example.invalid,,20250420,Brazil,Latin America,45+,Search,German,1
4599,viewer_04599,viewer04599@example.invalid,1817,20250205,United States,North America,25-34,Referral,Portuguese,0
4600,viewer_04600,viewer04600@example.invalid,,20250329,Japan,APAC,13-17,Organic,Spanish,1
4601,viewer_04601,viewer04601@example.invalid,,20231130,Canada,North America,35-44,Creator,English,1
4602,viewer_04602,viewer04602@example.invalid,,20230102,Mexico,Latin America,18-24,Paid Social,Japanese,0
4603,viewer_04603,viewer04603@example.invalid,,20241118,Indonesia,APAC,45+,Search,French,1
4604,viewer_04604,viewer04604@example.invalid,,20250907,France,Europe,25-34,Referral,German,1
4605,viewer_04605,viewer04605@example.invalid,,20240614,Germany,Europe,13-17,Organic,Portuguese,0
4606,viewer_04606,viewer04606@example.invalid,542,20250914,Brazil,Latin America,35-44,Creator,Spanish,1
4607,viewer_04607,viewer04607@example.invalid,,20231012,United States,North America,18-24,Paid Social,English,1
4608,viewer_04608,viewer04608@example.invalid,,20231118,Japan,APAC,45+,Search,Japanese,0
4609,viewer_04609,viewer04609@example.invalid,,20240504,Canada,North America,25-34,Referral,French,1
4610,viewer_04610,viewer04610@example.invalid,,20250717,Mexico,Latin America,13-17,Organic,German,1
4611,viewer_04611,viewer04611@example.invalid,,20250427,Indonesia,APAC,35-44,Creator,Portuguese,0
4612,viewer_04612,viewer04612@example.invalid,,20230924,France,Europe,18-24,Paid Social,Spanish,1
4613,viewer_04613,viewer04613@example.invalid,4464,20240630,Germany,Europe,45+,Search,English,1
4614,viewer_04614,viewer04614@example.invalid,,20230312,Brazil,Latin America,25-34,Referral,Japanese,0
4615,viewer_04615,viewer04615@example.invalid,,20230203,United States,North America,13-17,Organic,French,1
4616,viewer_04616,viewer04616@example.invalid,,20240703,Japan,APAC,35-44,Creator,German,1
4617,viewer_04617,viewer04617@example.invalid,,20230108,Canada,North America,18-24,Paid Social,Portuguese,0
4618,viewer_04618,viewer04618@example.invalid,,20230929,Mexico,Latin America,45+,Search,Spanish,1
4619,viewer_04619,viewer04619@example.invalid,,20241205,Indonesia,APAC,25-34,Referral,English,1
4620,viewer_04620,viewer04620@example.invalid,2013,20240803,France,Europe,13-17,Organic,Japanese,0
4621,viewer_04621,viewer04621@example.invalid,,20231230,Germany,Europe,35-44,Creator,French,1
4622,viewer_04622,viewer04622@example.invalid,,20241025,Brazil,Latin America,18-24,Paid Social,German,1
4623,viewer_04623,viewer04623@example.invalid,,20231203,United States,North America,45+,Search,Portuguese,0
4624,viewer_04624,viewer04624@example.invalid,,20230219,Japan,APAC,25-34,Referral,Spanish,1
4625,viewer_04625,viewer04625@example.invalid,,20230519,Canada,North America,13-17,Organic,English,1
4626,viewer_04626,viewer04626@example.invalid,,20240105,Mexico,Latin America,35-44,Creator,Japanese,0
4627,viewer_04627,viewer04627@example.invalid,3708,20231022,Indonesia,APAC,18-24,Paid Social,French,1
4628,viewer_04628,viewer04628@example.invalid,,20250721,France,Europe,45+,Search,German,1
4629,viewer_04629,viewer04629@example.invalid,,20230517,Germany,Europe,25-34,Referral,Portuguese,0
4630,viewer_04630,viewer04630@example.invalid,,20230203,Brazil,Latin America,13-17,Organic,Spanish,1
4631,viewer_04631,viewer04631@example.invalid,,20230322,United States,North America,35-44,Creator,English,1
4632,viewer_04632,viewer04632@example.invalid,,20251102,Japan,APAC,18-24,Paid Social,Japanese,0
4633,viewer_04633,viewer04633@example.invalid,,20231221,Canada,North America,45+,Search,French,1
4634,viewer_04634,viewer04634@example.invalid,2085,20250224,Mexico,Latin America,25-34,Referral,German,1
4635,viewer_04635,viewer04635@example.invalid,,20231220,Indonesia,APAC,13-17,Organic,Portuguese,0
4636,viewer_04636,viewer04636@example.invalid,,20231117,France,Europe,35-44,Creator,Spanish,1
4637,viewer_04637,viewer04637@example.invalid,,20250428,Germany,Europe,18-24,Paid Social,English,1
4638,viewer_04638,viewer04638@example.invalid,,20250114,Brazil,Latin America,45+,Search,Japanese,0
4639,viewer_04639,viewer04639@example.invalid,,20250708,United States,North America,25-34,Referral,French,1
4640,viewer_04640,viewer04640@example.invalid,,20240127,Japan,APAC,13-17,Organic,German,1
4641,viewer_04641,viewer04641@example.invalid,2993,20250426,Canada,North America,35-44,Creator,Portuguese,0
4642,viewer_04642,viewer04642@example.invalid,,20230522,Mexico,Latin America,18-24,Paid Social,Spanish,1
4643,viewer_04643,viewer04643@example.invalid,,20240724,Indonesia,APAC,45+,Search,English,1
4644,viewer_04644,viewer04644@example.invalid,,20240208,France,Europe,25-34,Referral,Japanese,0
4645,viewer_04645,viewer04645@example.invalid,,20250414,Germany,Europe,13-17,Organic,French,1
4646,viewer_04646,viewer04646@example.invalid,,20230111,Brazil,Latin America,35-44,Creator,German,1
4647,viewer_04647,viewer04647@example.invalid,,20241222,United States,North America,18-24,Paid Social,Portuguese,0
4648,viewer_04648,viewer04648@example.invalid,3370,20231212,Japan,APAC,45+,Search,Spanish,1
4649,viewer_04649,viewer04649@example.invalid,,20241020,Canada,North America,25-34,Referral,English,1
4650,viewer_04650,viewer04650@example.invalid,,20230908,Mexico,Latin America,13-17,Organic,Japanese,0
4651,viewer_04651,viewer04651@example.invalid,,20240830,Indonesia,APAC,35-44,Creator,French,1
4652,viewer_04652,viewer04652@example.invalid,,20250327,France,Europe,18-24,Paid Social,German,1
4653,viewer_04653,viewer04653@example.invalid,,20240114,Germany,Europe,45+,Search,Portuguese,0
4654,viewer_04654,viewer04654@example.invalid,,20230526,Brazil,Latin America,25-34,Referral,Spanish,1
4655,viewer_04655,viewer04655@example.invalid,3623,20250104,United States,North America,13-17,Organic,English,1
4656,viewer_04656,viewer04656@example.invalid,,20240920,Japan,APAC,35-44,Creator,Japanese,0
4657,viewer_04657,viewer04657@example.invalid,,20250725,Canada,North America,18-24,Paid Social,French,1
4658,viewer_04658,viewer04658@example.invalid,,20250626,Mexico,Latin America,45+,Search,German,1
4659,viewer_04659,viewer04659@example.invalid,,20241114,Indonesia,APAC,25-34,Referral,Portuguese,0
4660,viewer_04660,viewer04660@example.invalid,,20241219,France,Europe,13-17,Organic,Spanish,1
4661,viewer_04661,viewer04661@example.invalid,,20241015,Germany,Europe,35-44,Creator,English,1
4662,viewer_04662,viewer04662@example.invalid,3383,20230721,Brazil,Latin America,18-24,Paid Social,Japanese,0
4663,viewer_04663,viewer04663@example.invalid,,20240701,United States,North America,45+,Search,French,1
4664,viewer_04664,viewer04664@example.invalid,,20250120,Japan,APAC,25-34,Referral,German,1
4665,viewer_04665,viewer04665@example.invalid,,20240601,Canada,North America,13-17,Organic,Portuguese,0
4666,viewer_04666,viewer04666@example.invalid,,20240325,Mexico,Latin America,35-44,Creator,Spanish,1
4667,viewer_04667,viewer04667@example.invalid,,20250215,Indonesia,APAC,18-24,Paid Social,English,1
4668,viewer_04668,viewer04668@example.invalid,,20230930,France,Europe,45+,Search,Japanese,0
4669,viewer_04669,viewer04669@example.invalid,3808,20241208,Germany,Europe,25-34,Referral,French,1
4670,viewer_04670,viewer04670@example.invalid,,20240601,Brazil,Latin America,13-17,Organic,German,1
4671,viewer_04671,viewer04671@example.invalid,,20241226,United States,North America,35-44,Creator,Portuguese,0
4672,viewer_04672,viewer04672@example.invalid,,20230531,Japan,APAC,18-24,Paid Social,Spanish,1
4673,viewer_04673,viewer04673@example.invalid,,20250129,Canada,North America,45+,Search,English,1
4674,viewer_04674,viewer04674@example.invalid,,20230930,Mexico,Latin America,25-34,Referral,Japanese,0
4675,viewer_04675,viewer04675@example.invalid,,20241231,Indonesia,APAC,13-17,Organic,French,1
4676,viewer_04676,viewer04676@example.invalid,995,20230216,France,Europe,35-44,Creator,German,1
4677,viewer_04677,viewer04677@example.invalid,,20240225,Germany,Europe,18-24,Paid Social,Portuguese,0
4678,viewer_04678,viewer04678@example.invalid,,20250915,Brazil,Latin America,45+,Search,Spanish,1
4679,viewer_04679,viewer04679@example.invalid,,20230126,United States,North America,25-34,Referral,English,1
4680,viewer_04680,viewer04680@example.invalid,,20240823,Japan,APAC,13-17,Organic,Japanese,0
4681,viewer_04681,viewer04681@example.invalid,,20250421,Canada,North America,35-44,Creator,French,1
4682,viewer_04682,viewer04682@example.invalid,,20241026,Mexico,Latin America,18-24,Paid Social,German,1
4683,viewer_04683,viewer04683@example.invalid,1282,20230324,Indonesia,APAC,45+,Search,Portuguese,0
4684,viewer_04684,viewer04684@example.invalid,,20230122,France,Europe,25-34,Referral,Spanish,1
4685,viewer_04685,viewer04685@example.invalid,,20240205,Germany,Europe,13-17,Organic,English,1
4686,viewer_04686,viewer04686@example.invalid,,20240417,Brazil,Latin America,35-44,Creator,Japanese,0
4687,viewer_04687,viewer04687@example.invalid,,20230228,United States,North America,18-24,Paid Social,French,1
4688,viewer_04688,viewer04688@example.invalid,,20231108,Japan,APAC,45+,Search,German,1
4689,viewer_04689,viewer04689@example.invalid,,20250820,Canada,North America,25-34,Referral,Portuguese,0
4690,viewer_04690,viewer04690@example.invalid,3073,20250909,Mexico,Latin America,13-17,Organic,Spanish,1
4691,viewer_04691,viewer04691@example.invalid,,20230811,Indonesia,APAC,35-44,Creator,English,1
4692,viewer_04692,viewer04692@example.invalid,,20240528,France,Europe,18-24,Paid Social,Japanese,0
4693,viewer_04693,viewer04693@example.invalid,,20240701,Germany,Europe,45+,Search,French,1
4694,viewer_04694,viewer04694@example.invalid,,20251204,Brazil,Latin America,25-34,Referral,German,1
4695,viewer_04695,viewer04695@example.invalid,,20231220,United States,North America,13-17,Organic,Portuguese,0
4696,viewer_04696,viewer04696@example.invalid,,20230225,Japan,APAC,35-44,Creator,Spanish,1
4697,viewer_04697,viewer04697@example.invalid,3012,20250422,Canada,North America,18-24,Paid Social,English,1
4698,viewer_04698,viewer04698@example.invalid,,20240702,Mexico,Latin America,45+,Search,Japanese,0
4699,viewer_04699,viewer04699@example.invalid,,20240119,Indonesia,APAC,25-34,Referral,French,1
4700,viewer_04700,viewer04700@example.invalid,,20240319,France,Europe,13-17,Organic,German,1
4701,viewer_04701,viewer04701@example.invalid,,20230630,Germany,Europe,35-44,Creator,Portuguese,0
4702,viewer_04702,viewer04702@example.invalid,,20230816,Brazil,Latin America,18-24,Paid Social,Spanish,1
4703,viewer_04703,viewer04703@example.invalid,,20241129,United States,North America,45+,Search,English,1
4704,viewer_04704,viewer04704@example.invalid,4006,20231229,Japan,APAC,25-34,Referral,Japanese,0
4705,viewer_04705,viewer04705@example.invalid,,20250803,Canada,North America,13-17,Organic,French,1
4706,viewer_04706,viewer04706@example.invalid,,20240124,Mexico,Latin America,35-44,Creator,German,1
4707,viewer_04707,viewer04707@example.invalid,,20241002,Indonesia,APAC,18-24,Paid Social,Portuguese,0
4708,viewer_04708,viewer04708@example.invalid,,20250927,France,Europe,45+,Search,Spanish,1
4709,viewer_04709,viewer04709@example.invalid,,20250830,Germany,Europe,25-34,Referral,English,1
4710,viewer_04710,viewer04710@example.invalid,,20250124,Brazil,Latin America,13-17,Organic,Japanese,0
4711,viewer_04711,viewer04711@example.invalid,3131,20250720,United States,North America,35-44,Creator,French,1
4712,viewer_04712,viewer04712@example.invalid,,20250817,Japan,APAC,18-24,Paid Social,German,1
4713,viewer_04713,viewer04713@example.invalid,,20240115,Canada,North America,45+,Search,Portuguese,0
4714,viewer_04714,viewer04714@example.invalid,,20240421,Mexico,Latin America,25-34,Referral,Spanish,1
4715,viewer_04715,viewer04715@example.invalid,,20240604,Indonesia,APAC,13-17,Organic,English,1
4716,viewer_04716,viewer04716@example.invalid,,20240615,France,Europe,35-44,Creator,Japanese,0
4717,viewer_04717,viewer04717@example.invalid,,20240718,Germany,Europe,18-24,Paid Social,French,1
4718,viewer_04718,viewer04718@example.invalid,76,20240102,Brazil,Latin America,45+,Search,German,1
4719,viewer_04719,viewer04719@example.invalid,,20241113,United States,North America,25-34,Referral,Portuguese,0
4720,viewer_04720,viewer04720@example.invalid,,20240725,Japan,APAC,13-17,Organic,Spanish,1
4721,viewer_04721,viewer04721@example.invalid,,20250510,Canada,North America,35-44,Creator,English,1
4722,viewer_04722,viewer04722@example.invalid,,20240707,Mexico,Latin America,18-24,Paid Social,Japanese,0
4723,viewer_04723,viewer04723@example.invalid,,20240202,Indonesia,APAC,45+,Search,French,1
4724,viewer_04724,viewer04724@example.invalid,,20240627,France,Europe,25-34,Referral,German,1
4725,viewer_04725,viewer04725@example.invalid,1224,20240501,Germany,Europe,13-17,Organic,Portuguese,0
4726,viewer_04726,viewer04726@example.invalid,,20240613,Brazil,Latin America,35-44,Creator,Spanish,1
4727,viewer_04727,viewer04727@example.invalid,,20241227,United States,North America,18-24,Paid Social,English,1
4728,viewer_04728,viewer04728@example.invalid,,20241024,Japan,APAC,45+,Search,Japanese,0
4729,viewer_04729,viewer04729@example.invalid,,20250413,Canada,North America,25-34,Referral,French,1
4730,viewer_04730,viewer04730@example.invalid,,20240430,Mexico,Latin America,13-17,Organic,German,1
4731,viewer_04731,viewer04731@example.invalid,,20230823,Indonesia,APAC,35-44,Creator,Portuguese,0
4732,viewer_04732,viewer04732@example.invalid,2306,20250422,France,Europe,18-24,Paid Social,Spanish,1
4733,viewer_04733,viewer04733@example.invalid,,20250121,Germany,Europe,45+,Search,English,1
4734,viewer_04734,viewer04734@example.invalid,,20230611,Brazil,Latin America,25-34,Referral,Japanese,0
4735,viewer_04735,viewer04735@example.invalid,,20240803,United States,North America,13-17,Organic,French,1
4736,viewer_04736,viewer04736@example.invalid,,20230505,Japan,APAC,35-44,Creator,German,1
4737,viewer_04737,viewer04737@example.invalid,,20250315,Canada,North America,18-24,Paid Social,Portuguese,0
4738,viewer_04738,viewer04738@example.invalid,,20230504,Mexico,Latin America,45+,Search,Spanish,1
4739,viewer_04739,viewer04739@example.invalid,3269,20240707,Indonesia,APAC,25-34,Referral,English,1
4740,viewer_04740,viewer04740@example.invalid,,20250907,France,Europe,13-17,Organic,Japanese,0
4741,viewer_04741,viewer04741@example.invalid,,20231002,Germany,Europe,35-44,Creator,French,1
4742,viewer_04742,viewer04742@example.invalid,,20240529,Brazil,Latin America,18-24,Paid Social,German,1
4743,viewer_04743,viewer04743@example.invalid,,20240829,United States,North America,45+,Search,Portuguese,0
4744,viewer_04744,viewer04744@example.invalid,,20250523,Japan,APAC,25-34,Referral,Spanish,1
4745,viewer_04745,viewer04745@example.invalid,,20240714,Canada,North America,13-17,Organic,English,1
4746,viewer_04746,viewer04746@example.invalid,185,20250523,Mexico,Latin America,35-44,Creator,Japanese,0
4747,viewer_04747,viewer04747@example.invalid,,20250802,Indonesia,APAC,18-24,Paid Social,French,1
4748,viewer_04748,viewer04748@example.invalid,,20240211,France,Europe,45+,Search,German,1
4749,viewer_04749,viewer04749@example.invalid,,20240825,Germany,Europe,25-34,Referral,Portuguese,0
4750,viewer_04750,viewer04750@example.invalid,,20240318,Brazil,Latin America,13-17,Organic,Spanish,1
4751,viewer_04751,viewer04751@example.invalid,,20251102,United States,North America,35-44,Creator,English,1
4752,viewer_04752,viewer04752@example.invalid,,20241211,Japan,APAC,18-24,Paid Social,Japanese,0
4753,viewer_04753,viewer04753@example.invalid,2055,20240202,Canada,North America,45+,Search,French,1
4754,viewer_04754,viewer04754@example.invalid,,20250127,Mexico,Latin America,25-34,Referral,German,1
4755,viewer_04755,viewer04755@example.invalid,,20230730,Indonesia,APAC,13-17,Organic,Portuguese,0
4756,viewer_04756,viewer04756@example.invalid,,20231111,France,Europe,35-44,Creator,Spanish,1
4757,viewer_04757,viewer04757@example.invalid,,20240116,Germany,Europe,18-24,Paid Social,English,1
4758,viewer_04758,viewer04758@example.invalid,,20240611,Brazil,Latin America,45+,Search,Japanese,0
4759,viewer_04759,viewer04759@example.invalid,,20251216,United States,North America,25-34,Referral,French,1
4760,viewer_04760,viewer04760@example.invalid,3266,20250117,Japan,APAC,13-17,Organic,German,1
4761,viewer_04761,viewer04761@example.invalid,,20251230,Canada,North America,35-44,Creator,Portuguese,0
4762,viewer_04762,viewer04762@example.invalid,,20230531,Mexico,Latin America,18-24,Paid Social,Spanish,1
4763,viewer_04763,viewer04763@example.invalid,,20250326,Indonesia,APAC,45+,Search,English,1
4764,viewer_04764,viewer04764@example.invalid,,20230307,France,Europe,25-34,Referral,Japanese,0
4765,viewer_04765,viewer04765@example.invalid,,20230325,Germany,Europe,13-17,Organic,French,1
4766,viewer_04766,viewer04766@example.invalid,,20230528,Brazil,Latin America,35-44,Creator,German,1
4767,viewer_04767,viewer04767@example.invalid,548,20240807,United States,North America,18-24,Paid Social,Portuguese,0
4768,viewer_04768,viewer04768@example.invalid,,20230703,Japan,APAC,45+,Search,Spanish,1
4769,viewer_04769,viewer04769@example.invalid,,20230416,Canada,North America,25-34,Referral,English,1
4770,viewer_04770,viewer04770@example.invalid,,20230915,Mexico,Latin America,13-17,Organic,Japanese,0
4771,viewer_04771,viewer04771@example.invalid,,20250715,Indonesia,APAC,35-44,Creator,French,1
4772,viewer_04772,viewer04772@example.invalid,,20251019,France,Europe,18-24,Paid Social,German,1
4773,viewer_04773,viewer04773@example.invalid,,20230524,Germany,Europe,45+,Search,Portuguese,0
4774,viewer_04774,viewer04774@example.invalid,2538,20230317,Brazil,Latin America,25-34,Referral,Spanish,1
4775,viewer_04775,viewer04775@example.invalid,,20250106,United States,North America,13-17,Organic,English,1
4776,viewer_04776,viewer04776@example.invalid,,20250624,Japan,APAC,35-44,Creator,Japanese,0
4777,viewer_04777,viewer04777@example.invalid,,20250215,Canada,North America,18-24,Paid Social,French,1
4778,viewer_04778,viewer04778@example.invalid,,20231013,Mexico,Latin America,45+,Search,German,1
4779,viewer_04779,viewer04779@example.invalid,,20241225,Indonesia,APAC,25-34,Referral,Portuguese,0
4780,viewer_04780,viewer04780@example.invalid,,20240802,France,Europe,13-17,Organic,Spanish,1
4781,viewer_04781,viewer04781@example.invalid,3161,20230709,Germany,Europe,35-44,Creator,English,1
4782,viewer_04782,viewer04782@example.invalid,,20240218,Brazil,Latin America,18-24,Paid Social,Japanese,0
4783,viewer_04783,viewer04783@example.invalid,,20240210,United States,North America,45+,Search,French,1
4784,viewer_04784,viewer04784@example.invalid,,20230131,Japan,APAC,25-34,Referral,German,1
4785,viewer_04785,viewer04785@example.invalid,,20231115,Canada,North America,13-17,Organic,Portuguese,0
4786,viewer_04786,viewer04786@example.invalid,,20250512,Mexico,Latin America,35-44,Creator,Spanish,1
4787,viewer_04787,viewer04787@example.invalid,,20240119,Indonesia,APAC,18-24,Paid Social,English,1
4788,viewer_04788,viewer04788@example.invalid,4177,20230620,France,Europe,45+,Search,Japanese,0
4789,viewer_04789,viewer04789@example.invalid,,20240326,Germany,Europe,25-34,Referral,French,1
4790,viewer_04790,viewer04790@example.invalid,,20240710,Brazil,Latin America,13-17,Organic,German,1
4791,viewer_04791,viewer04791@example.invalid,,20250902,United States,North America,35-44,Creator,Portuguese,0
4792,viewer_04792,viewer04792@example.invalid,,20230226,Japan,APAC,18-24,Paid Social,Spanish,1
4793,viewer_04793,viewer04793@example.invalid,,20230529,Canada,North America,45+,Search,English,1
4794,viewer_04794,viewer04794@example.invalid,,20241218,Mexico,Latin America,25-34,Referral,Japanese,0
4795,viewer_04795,viewer04795@example.invalid,4418,20250723,Indonesia,APAC,13-17,Organic,French,1
4796,viewer_04796,viewer04796@example.invalid,,20230723,France,Europe,35-44,Creator,German,1
4797,viewer_04797,viewer04797@example.invalid,,20250711,Germany,Europe,18-24,Paid Social,Portuguese,0
4798,viewer_04798,viewer04798@example.invalid,,20250807,Brazil,Latin America,45+,Search,Spanish,1
4799,viewer_04799,viewer04799@example.invalid,,20250818,United States,North America,25-34,Referral,English,1
4800,viewer_04800,viewer04800@example.invalid,,20230212,Japan,APAC,13-17,Organic,Japanese,0
4801,viewer_04801,viewer04801@example.invalid,,20240802,Canada,North America,35-44,Creator,French,1
4802,viewer_04802,viewer04802@example.invalid,2687,20230831,Mexico,Latin America,18-24,Paid Social,German,1
4803,viewer_04803,viewer04803@example.invalid,,20250403,Indonesia,APAC,45+,Search,Portuguese,0
4804,viewer_04804,viewer04804@example.invalid,,20230430,France,Europe,25-34,Referral,Spanish,1
4805,viewer_04805,viewer04805@example.invalid,,20250412,Germany,Europe,13-17,Organic,English,1
4806,viewer_04806,viewer04806@example.invalid,,20240130,Brazil,Latin America,35-44,Creator,Japanese,0
4807,viewer_04807,viewer04807@example.invalid,,20241218,United States,North America,18-24,Paid Social,French,1
4808,viewer_04808,viewer04808@example.invalid,,20231229,Japan,APAC,45+,Search,German,1
4809,viewer_04809,viewer04809@example.invalid,1012,20231205,Canada,North America,25-34,Referral,Portuguese,0
4810,viewer_04810,viewer04810@example.invalid,,20230820,Mexico,Latin America,13-17,Organic,Spanish,1
4811,viewer_04811,viewer04811@example.invalid,,20240229,Indonesia,APAC,35-44,Creator,English,1
4812,viewer_04812,viewer04812@example.invalid,,20250918,France,Europe,18-24,Paid Social,Japanese,0
4813,viewer_04813,viewer04813@example.invalid,,20250828,Germany,Europe,45+,Search,French,1
4814,viewer_04814,viewer04814@example.invalid,,20250107,Brazil,Latin America,25-34,Referral,German,1
4815,viewer_04815,viewer04815@example.invalid,,20240128,United States,North America,13-17,Organic,Portuguese,0
4816,viewer_04816,viewer04816@example.invalid,597,20250607,Japan,APAC,35-44,Creator,Spanish,1
4817,viewer_04817,viewer04817@example.invalid,,20251005,Canada,North America,18-24,Paid Social,English,1
4818,viewer_04818,viewer04818@example.invalid,,20240807,Mexico,Latin America,45+,Search,Japanese,0
4819,viewer_04819,viewer04819@example.invalid,,20231123,Indonesia,APAC,25-34,Referral,French,1
4820,viewer_04820,viewer04820@example.invalid,,20230405,France,Europe,13-17,Organic,German,1
4821,viewer_04821,viewer04821@example.invalid,,20250214,Germany,Europe,35-44,Creator,Portuguese,0
4822,viewer_04822,viewer04822@example.invalid,,20230627,Brazil,Latin America,18-24,Paid Social,Spanish,1
4823,viewer_04823,viewer04823@example.invalid,4209,20240710,United States,North America,45+,Search,English,1
4824,viewer_04824,viewer04824@example.invalid,,20251228,Japan,APAC,25-34,Referral,Japanese,0
4825,viewer_04825,viewer04825@example.invalid,,20250830,Canada,North America,13-17,Organic,French,1
4826,viewer_04826,viewer04826@example.invalid,,20230224,Mexico,Latin America,35-44,Creator,German,1
4827,viewer_04827,viewer04827@example.invalid,,20250520,Indonesia,APAC,18-24,Paid Social,Portuguese,0
4828,viewer_04828,viewer04828@example.invalid,,20250108,France,Europe,45+,Search,Spanish,1
4829,viewer_04829,viewer04829@example.invalid,,20251116,Germany,Europe,25-34,Referral,English,1
4830,viewer_04830,viewer04830@example.invalid,943,20231124,Brazil,Latin America,13-17,Organic,Japanese,0
4831,viewer_04831,viewer04831@example.invalid,,20230712,United States,North America,35-44,Creator,French,1
4832,viewer_04832,viewer04832@example.invalid,,20230227,Japan,APAC,18-24,Paid Social,German,1
4833,viewer_04833,viewer04833@example.invalid,,20230217,Canada,North America,45+,Search,Portuguese,0
4834,viewer_04834,viewer04834@example.invalid,,20240313,Mexico,Latin America,25-34,Referral,Spanish,1
4835,viewer_04835,viewer04835@example.invalid,,20250207,Indonesia,APAC,13-17,Organic,English,1
4836,viewer_04836,viewer04836@example.invalid,,20231017,France,Europe,35-44,Creator,Japanese,0
4837,viewer_04837,viewer04837@example.invalid,263,20230308,Germany,Europe,18-24,Paid Social,French,1
4838,viewer_04838,viewer04838@example.invalid,,20230704,Brazil,Latin America,45+,Search,German,1
4839,viewer_04839,viewer04839@example.invalid,,20251011,United States,North America,25-34,Referral,Portuguese,0
4840,viewer_04840,viewer04840@example.invalid,,20250102,Japan,APAC,13-17,Organic,Spanish,1
4841,viewer_04841,viewer04841@example.invalid,,20240823,Canada,North America,35-44,Creator,English,1
4842,viewer_04842,viewer04842@example.invalid,,20230129,Mexico,Latin America,18-24,Paid Social,Japanese,0
4843,viewer_04843,viewer04843@example.invalid,,20240728,Indonesia,APAC,45+,Search,French,1
4844,viewer_04844,viewer04844@example.invalid,3669,20230404,France,Europe,25-34,Referral,German,1
4845,viewer_04845,viewer04845@example.invalid,,20241130,Germany,Europe,13-17,Organic,Portuguese,0
4846,viewer_04846,viewer04846@example.invalid,,20250430,Brazil,Latin America,35-44,Creator,Spanish,1
4847,viewer_04847,viewer04847@example.invalid,,20250827,United States,North America,18-24,Paid Social,English,1
4848,viewer_04848,viewer04848@example.invalid,,20250712,Japan,APAC,45+,Search,Japanese,0
4849,viewer_04849,viewer04849@example.invalid,,20240824,Canada,North America,25-34,Referral,French,1
4850,viewer_04850,viewer04850@example.invalid,,20230104,Mexico,Latin America,13-17,Organic,German,1
4851,viewer_04851,viewer04851@example.invalid,3206,20250927,Indonesia,APAC,35-44,Creator,Portuguese,0
4852,viewer_04852,viewer04852@example.invalid,,20250331,France,Europe,18-24,Paid Social,Spanish,1
4853,viewer_04853,viewer04853@example.invalid,,20240826,Germany,Europe,45+,Search,English,1
4854,viewer_04854,viewer04854@example.invalid,,20230328,Brazil,Latin America,25-34,Referral,Japanese,0
4855,viewer_04855,viewer04855@example.invalid,,20240919,United States,North America,13-17,Organic,French,1
4856,viewer_04856,viewer04856@example.invalid,,20251012,Japan,APAC,35-44,Creator,German,1
4857,viewer_04857,viewer04857@example.invalid,,20241002,Canada,North America,18-24,Paid Social,Portuguese,0
4858,viewer_04858,viewer04858@example.invalid,2235,20250105,Mexico,Latin America,45+,Search,Spanish,1
4859,viewer_04859,viewer04859@example.invalid,,20250317,Indonesia,APAC,25-34,Referral,English,1
4860,viewer_04860,viewer04860@example.invalid,,20231030,France,Europe,13-17,Organic,Japanese,0
4861,viewer_04861,viewer04861@example.invalid,,20250305,Germany,Europe,35-44,Creator,French,1
4862,viewer_04862,viewer04862@example.invalid,,20230315,Brazil,Latin America,18-24,Paid Social,German,1
4863,viewer_04863,viewer04863@example.invalid,,20250626,United States,North America,45+,Search,Portuguese,0
4864,viewer_04864,viewer04864@example.invalid,,20251204,Japan,APAC,25-34,Referral,Spanish,1
4865,viewer_04865,viewer04865@example.invalid,4129,20230715,Canada,North America,13-17,Organic,English,1
4866,viewer_04866,viewer04866@example.invalid,,20241218,Mexico,Latin America,35-44,Creator,Japanese,0
4867,viewer_04867,viewer04867@example.invalid,,20230508,Indonesia,APAC,18-24,Paid Social,French,1
4868,viewer_04868,viewer04868@example.invalid,,20230304,France,Europe,45+,Search,German,1
4869,viewer_04869,viewer04869@example.invalid,,20250626,Germany,Europe,25-34,Referral,Portuguese,0
4870,viewer_04870,viewer04870@example.invalid,,20230406,Brazil,Latin America,13-17,Organic,Spanish,1
4871,viewer_04871,viewer04871@example.invalid,,20250925,United States,North America,35-44,Creator,English,1
4872,viewer_04872,viewer04872@example.invalid,2977,20240929,Japan,APAC,18-24,Paid Social,Japanese,0
4873,viewer_04873,viewer04873@example.invalid,,20240402,Canada,North America,45+,Search,French,1
4874,viewer_04874,viewer04874@example.invalid,,20240819,Mexico,Latin America,25-34,Referral,German,1
4875,viewer_04875,viewer04875@example.invalid,,20240502,Indonesia,APAC,13-17,Organic,Portuguese,0
4876,viewer_04876,viewer04876@example.invalid,,20230823,France,Europe,35-44,Creator,Spanish,1
4877,viewer_04877,viewer04877@example.invalid,,20230515,Germany,Europe,18-24,Paid Social,English,1
4878,viewer_04878,viewer04878@example.invalid,,20251005,Brazil,Latin America,45+,Search,Japanese,0
4879,viewer_04879,viewer04879@example.invalid,3431,20251111,United States,North America,25-34,Referral,French,1
4880,viewer_04880,viewer04880@example.invalid,,20231115,Japan,APAC,13-17,Organic,German,1
4881,viewer_04881,viewer04881@example.invalid,,20231114,Canada,North America,35-44,Creator,Portuguese,0
4882,viewer_04882,viewer04882@example.invalid,,20250728,Mexico,Latin America,18-24,Paid Social,Spanish,1
4883,viewer_04883,viewer04883@example.invalid,,20240415,Indonesia,APAC,45+,Search,English,1
4884,viewer_04884,viewer04884@example.invalid,,20251019,France,Europe,25-34,Referral,Japanese,0
4885,viewer_04885,viewer04885@example.invalid,,20250324,Germany,Europe,13-17,Organic,French,1
4886,viewer_04886,viewer04886@example.invalid,2599,20250204,Brazil,Latin America,35-44,Creator,German,1
4887,viewer_04887,viewer04887@example.invalid,,20230211,United States,North America,18-24,Paid Social,Portuguese,0
4888,viewer_04888,viewer04888@example.invalid,,20240617,Japan,APAC,45+,Search,Spanish,1
4889,viewer_04889,viewer04889@example.invalid,,20230623,Canada,North America,25-34,Referral,English,1
4890,viewer_04890,viewer04890@example.invalid,,20231014,Mexico,Latin America,13-17,Organic,Japanese,0
4891,viewer_04891,viewer04891@example.invalid,,20251010,Indonesia,APAC,35-44,Creator,French,1
4892,viewer_04892,viewer04892@example.invalid,,20240817,France,Europe,18-24,Paid Social,German,1
4893,viewer_04893,viewer04893@example.invalid,3464,20240915,Germany,Europe,45+,Search,Portuguese,0
4894,viewer_04894,viewer04894@example.invalid,,20240331,Brazil,Latin America,25-34,Referral,Spanish,1
4895,viewer_04895,viewer04895@example.invalid,,20250706,United States,North America,13-17,Organic,English,1
4896,viewer_04896,viewer04896@example.invalid,,20240829,Japan,APAC,35-44,Creator,Japanese,0
4897,viewer_04897,viewer04897@example.invalid,,20251203,Canada,North America,18-24,Paid Social,French,1
4898,viewer_04898,viewer04898@example.invalid,,20240826,Mexico,Latin America,45+,Search,German,1
4899,viewer_04899,viewer04899@example.invalid,,20240321,Indonesia,APAC,25-34,Referral,Portuguese,0
4900,viewer_04900,viewer04900@example.invalid,2545,20241215,France,Europe,13-17,Organic,Spanish,1
4901,viewer_04901,viewer04901@example.invalid,,20231002,Germany,Europe,35-44,Creator,English,1
4902,viewer_04902,viewer04902@example.invalid,,20230127,Brazil,Latin America,18-24,Paid Social,Japanese,0
4903,viewer_04903,viewer04903@example.invalid,,20251119,United States,North America,45+,Search,French,1
4904,viewer_04904,viewer04904@example.invalid,,20240703,Japan,APAC,25-34,Referral,German,1
4905,viewer_04905,viewer04905@example.invalid,,20240810,Canada,North America,13-17,Organic,Portuguese,0
4906,viewer_04906,viewer04906@example.invalid,,20240628,Mexico,Latin America,35-44,Creator,Spanish,1
4907,viewer_04907,viewer04907@example.invalid,28,20250514,Indonesia,APAC,18-24,Paid Social,English,1
4908,viewer_04908,viewer04908@example.invalid,,20240217,France,Europe,45+,Search,Japanese,0
4909,viewer_04909,viewer04909@example.invalid,,20250924,Germany,Europe,25-34,Referral,French,1
4910,viewer_04910,viewer04910@example.invalid,,20240423,Brazil,Latin America,13-17,Organic,German,1
4911,viewer_04911,viewer04911@example.invalid,,20251126,United States,North America,35-44,Creator,Portuguese,0
4912,viewer_04912,viewer04912@example.invalid,,20250923,Japan,APAC,18-24,Paid Social,Spanish,1
4913,viewer_04913,viewer04913@example.invalid,,20240818,Canada,North America,45+,Search,English,1
4914,viewer_04914,viewer04914@example.invalid,3392,20250304,Mexico,Latin America,25-34,Referral,Japanese,0
4915,viewer_04915,viewer04915@example.invalid,,20251027,Indonesia,APAC,13-17,Organic,French,1
4916,viewer_04916,viewer04916@example.invalid,,20250710,France,Europe,35-44,Creator,German,1
4917,viewer_04917,viewer04917@example.invalid,,20251121,Germany,Europe,18-24,Paid Social,Portuguese,0
4918,viewer_04918,viewer04918@example.invalid,,20251109,Brazil,Latin America,45+,Search,Spanish,1
4919,viewer_04919,viewer04919@example.invalid,,20240718,United States,North America,25-34,Referral,English,1
4920,viewer_04920,viewer04920@example.invalid,,20250903,Japan,APAC,13-17,Organic,Japanese,0
4921,viewer_04921,viewer04921@example.invalid,4438,20250330,Canada,North America,35-44,Creator,French,1
4922,viewer_04922,viewer04922@example.invalid,,20240107,Mexico,Latin America,18-24,Paid Social,German,1
4923,viewer_04923,viewer04923@example.invalid,,20240702,Indonesia,APAC,45+,Search,Portuguese,0
4924,viewer_04924,viewer04924@example.invalid,,20250130,France,Europe,25-34,Referral,Spanish,1
4925,viewer_04925,viewer04925@example.invalid,,20241105,Germany,Europe,13-17,Organic,English,1
4926,viewer_04926,viewer04926@example.invalid,,20240210,Brazil,Latin America,35-44,Creator,Japanese,0
4927,viewer_04927,viewer04927@example.invalid,,20250227,United States,North America,18-24,Paid Social,French,1
4928,viewer_04928,viewer04928@example.invalid,4789,20250526,Japan,APAC,45+,Search,German,1
4929,viewer_04929,viewer04929@example.invalid,,20240511,Canada,North America,25-34,Referral,Portuguese,0
4930,viewer_04930,viewer04930@example.invalid,,20230409,Mexico,Latin America,13-17,Organic,Spanish,1
4931,viewer_04931,viewer04931@example.invalid,,20230302,Indonesia,APAC,35-44,Creator,English,1
4932,viewer_04932,viewer04932@example.invalid,,20241122,France,Europe,18-24,Paid Social,Japanese,0
4933,viewer_04933,viewer04933@example.invalid,,20241130,Germany,Europe,45+,Search,French,1
4934,viewer_04934,viewer04934@example.invalid,,20240311,Brazil,Latin America,25-34,Referral,German,1
4935,viewer_04935,viewer04935@example.invalid,220,20250731,United States,North America,13-17,Organic,Portuguese,0
4936,viewer_04936,viewer04936@example.invalid,,20240715,Japan,APAC,35-44,Creator,Spanish,1
4937,viewer_04937,viewer04937@example.invalid,,20250618,Canada,North America,18-24,Paid Social,English,1
4938,viewer_04938,viewer04938@example.invalid,,20240201,Mexico,Latin America,45+,Search,Japanese,0
4939,viewer_04939,viewer04939@example.invalid,,20230429,Indonesia,APAC,25-34,Referral,French,1
4940,viewer_04940,viewer04940@example.invalid,,20230731,France,Europe,13-17,Organic,German,1
4941,viewer_04941,viewer04941@example.invalid,,20251007,Germany,Europe,35-44,Creator,Portuguese,0
4942,viewer_04942,viewer04942@example.invalid,3092,20240122,Brazil,Latin America,18-24,Paid Social,Spanish,1
4943,viewer_04943,viewer04943@example.invalid,,20230121,United States,North America,45+,Search,English,1
4944,viewer_04944,viewer04944@example.invalid,,20231023,Japan,APAC,25-34,Referral,Japanese,0
4945,viewer_04945,viewer04945@example.invalid,,20240309,Canada,North America,13-17,Organic,French,1
4946,viewer_04946,viewer04946@example.invalid,,20251101,Mexico,Latin America,35-44,Creator,German,1
4947,viewer_04947,viewer04947@example.invalid,,20250221,Indonesia,APAC,18-24,Paid Social,Portuguese,0
4948,viewer_04948,viewer04948@example.invalid,,20241009,France,Europe,45+,Search,Spanish,1
4949,viewer_04949,viewer04949@example.invalid,2539,20230213,Germany,Europe,25-34,Referral,English,1
4950,viewer_04950,viewer04950@example.invalid,,20241115,Brazil,Latin America,13-17,Organic,Japanese,0
4951,viewer_04951,viewer04951@example.invalid,,20240128,United States,North America,35-44,Creator,French,1
4952,viewer_04952,viewer04952@example.invalid,,20250220,Japan,APAC,18-24,Paid Social,German,1
4953,viewer_04953,viewer04953@example.invalid,,20251120,Canada,North America,45+,Search,Portuguese,0
4954,viewer_04954,viewer04954@example.invalid,,20230923,Mexico,Latin America,25-34,Referral,Spanish,1
4955,viewer_04955,viewer04955@example.invalid,,20231020,Indonesia,APAC,13-17,Organic,English,1
4956,viewer_04956,viewer04956@example.invalid,4294,20230404,France,Europe,35-44,Creator,Japanese,0
4957,viewer_04957,viewer04957@example.invalid,,20251202,Germany,Europe,18-24,Paid Social,French,1
4958,viewer_04958,viewer04958@example.invalid,,20250508,Brazil,Latin America,45+,Search,German,1
4959,viewer_04959,viewer04959@example.invalid,,20230818,United States,North America,25-34,Referral,Portuguese,0
4960,viewer_04960,viewer04960@example.invalid,,20241025,Japan,APAC,13-17,Organic,Spanish,1
4961,viewer_04961,viewer04961@example.invalid,,20250414,Canada,North America,35-44,Creator,English,1
4962,viewer_04962,viewer04962@example.invalid,,20230711,Mexico,Latin America,18-24,Paid Social,Japanese,0
4963,viewer_04963,viewer04963@example.invalid,1680,20230916,Indonesia,APAC,45+,Search,French,1
4964,viewer_04964,viewer04964@example.invalid,,20241212,France,Europe,25-34,Referral,German,1
4965,viewer_04965,viewer04965@example.invalid,,20230728,Germany,Europe,13-17,Organic,Portuguese,0
4966,viewer_04966,viewer04966@example.invalid,,20240523,Brazil,Latin America,35-44,Creator,Spanish,1
4967,viewer_04967,viewer04967@example.invalid,,20231130,United States,North America,18-24,Paid Social,English,1
4968,viewer_04968,viewer04968@example.invalid,,20240415,Japan,APAC,45+,Search,Japanese,0
4969,viewer_04969,viewer04969@example.invalid,,20251024,Canada,North America,25-34,Referral,French,1
4970,viewer_04970,viewer04970@example.invalid,263,20230123,Mexico,Latin America,13-17,Organic,German,1
4971,viewer_04971,viewer04971@example.invalid,,20240819,Indonesia,APAC,35-44,Creator,Portuguese,0
4972,viewer_04972,viewer04972@example.invalid,,20231005,France,Europe,18-24,Paid Social,Spanish,1
4973,viewer_04973,viewer04973@example.invalid,,20250812,Germany,Europe,45+,Search,English,1
4974,viewer_04974,viewer04974@example.invalid,,20250805,Brazil,Latin America,25-34,Referral,Japanese,0
4975,viewer_04975,viewer04975@example.invalid,,20230531,United States,North America,13-17,Organic,French,1
4976,viewer_04976,viewer04976@example.invalid,,20231005,Japan,APAC,35-44,Creator,German,1
4977,viewer_04977,viewer04977@example.invalid,4406,20230418,Canada,North America,18-24,Paid Social,Portuguese,0
4978,viewer_04978,viewer04978@example.invalid,,20240615,Mexico,Latin America,45+,Search,Spanish,1
4979,viewer_04979,viewer04979@example.invalid,,20240503,Indonesia,APAC,25-34,Referral,English,1
4980,viewer_04980,viewer04980@example.invalid,,20250617,France,Europe,13-17,Organic,Japanese,0
4981,viewer_04981,viewer04981@example.invalid,,20251117,Germany,Europe,35-44,Creator,French,1
4982,viewer_04982,viewer04982@example.invalid,,20240211,Brazil,Latin America,18-24,Paid Social,German,1
4983,viewer_04983,viewer04983@example.invalid,,20240911,United States,North America,45+,Search,Portuguese,0
4984,viewer_04984,viewer04984@example.invalid,3163,20250314,Japan,APAC,25-34,Referral,Spanish,1
4985,viewer_04985,viewer04985@example.invalid,,20230519,Canada,North America,13-17,Organic,English,1
4986,viewer_04986,viewer04986@example.invalid,,20241015,Mexico,Latin America,35-44,Creator,Japanese,0
4987,viewer_04987,viewer04987@example.invalid,,20240801,Indonesia,APAC,18-24,Paid Social,French,1
4988,viewer_04988,viewer04988@example.invalid,,20230122,France,Europe,45+,Search,German,1
4989,viewer_04989,viewer04989@example.invalid,,20240224,Germany,Europe,25-34,Referral,Portuguese,0
4990,viewer_04990,viewer04990@example.invalid,,20250408,Brazil,Latin America,13-17,Organic,Spanish,1
4991,viewer_04991,viewer04991@example.invalid,2218,20250513,United States,North America,35-44,Creator,English,1
4992,viewer_04992,viewer04992@example.invalid,,20230414,Japan,APAC,18-24,Paid Social,Japanese,0
4993,viewer_04993,viewer04993@example.invalid,,20241215,Canada,North America,45+,Search,French,1
4994,viewer_04994,viewer04994@example.invalid,,20251231,Mexico,Latin America,25-34,Referral,German,1
4995,viewer_04995,viewer04995@example.invalid,,20251213,Indonesia,APAC,13-17,Organic,Portuguese,0
4996,viewer_04996,viewer04996@example.invalid,,20230206,France,Europe,35-44,Creator,Spanish,1
4997,viewer_04997,viewer04997@example.invalid,,20240509,Germany,Europe,18-24,Paid Social,English,1
4998,viewer_04998,viewer04998@example.invalid,2642,20250503,Brazil,Latin America,45+,Search,Japanese,0
4999,viewer_04999,viewer04999@example.invalid,,20240312,United States,North America,25-34,Referral,French,1
5000,viewer_05000,viewer05000@example.invalid,,20241228,Japan,APAC,13-17,Organic,German,1
5001,viewer_05001,viewer05001@example.invalid,,20230316,Canada,North America,35-44,Creator,Portuguese,0
5002,viewer_05002,viewer05002@example.invalid,,20250222,Mexico,Latin America,18-24,Paid Social,Spanish,1
5003,viewer_05003,viewer05003@example.invalid,,20250420,Indonesia,APAC,45+,Search,English,1
5004,viewer_05004,viewer05004@example.invalid,,20250605,France,Europe,25-34,Referral,Japanese,0
5005,viewer_05005,viewer05005@example.invalid,2519,20250419,Germany,Europe,13-17,Organic,French,1
5006,viewer_05006,viewer05006@example.invalid,,20230112,Brazil,Latin America,35-44,Creator,German,1
5007,viewer_05007,viewer05007@example.invalid,,20251203,United States,North America,18-24,Paid Social,Portuguese,0
5008,viewer_05008,viewer05008@example.invalid,,20240416,Japan,APAC,45+,Search,Spanish,1
5009,viewer_05009,viewer05009@example.invalid,,20251114,Canada,North America,25-34,Referral,English,1
5010,viewer_05010,viewer05010@example.invalid,,20241020,Mexico,Latin America,13-17,Organic,Japanese,0
5011,viewer_05011,viewer05011@example.invalid,,20230531,Indonesia,APAC,35-44,Creator,French,1
5012,viewer_05012,viewer05012@example.invalid,811,20240907,France,Europe,18-24,Paid Social,German,1
5013,viewer_05013,viewer05013@example.invalid,,20240619,Germany,Europe,45+,Search,Portuguese,0
5014,viewer_05014,viewer05014@example.invalid,,20231024,Brazil,Latin America,25-34,Referral,Spanish,1
5015,viewer_05015,viewer05015@example.invalid,,20240825,United States,North America,13-17,Organic,English,1
5016,viewer_05016,viewer05016@example.invalid,,20230125,Japan,APAC,35-44,Creator,Japanese,0
5017,viewer_05017,viewer05017@example.invalid,,20251103,Canada,North America,18-24,Paid Social,French,1
5018,viewer_05018,viewer05018@example.invalid,,20230516,Mexico,Latin America,45+,Search,German,1
5019,viewer_05019,viewer05019@example.invalid,2129,20231019,Indonesia,APAC,25-34,Referral,Portuguese,0
5020,viewer_05020,viewer05020@example.invalid,,20251103,France,Europe,13-17,Organic,Spanish,1
5021,viewer_05021,viewer05021@example.invalid,,20250217,Germany,Europe,35-44,Creator,English,1
5022,viewer_05022,viewer05022@example.invalid,,20240710,Brazil,Latin America,18-24,Paid Social,Japanese,0
5023,viewer_05023,viewer05023@example.invalid,,20250810,United States,North America,45+,Search,French,1
5024,viewer_05024,viewer05024@example.invalid,,20240128,Japan,APAC,25-34,Referral,German,1
5025,viewer_05025,viewer05025@example.invalid,,20250711,Canada,North America,13-17,Organic,Portuguese,0
5026,viewer_05026,viewer05026@example.invalid,2417,20240920,Mexico,Latin America,35-44,Creator,Spanish,1
5027,viewer_05027,viewer05027@example.invalid,,20240628,Indonesia,APAC,18-24,Paid Social,English,1
5028,viewer_05028,viewer05028@example.invalid,,20240524,France,Europe,45+,Search,Japanese,0
5029,viewer_05029,viewer05029@example.invalid,,20250307,Germany,Europe,25-34,Referral,French,1
5030,viewer_05030,viewer05030@example.invalid,,20231224,Brazil,Latin America,13-17,Organic,German,1
5031,viewer_05031,viewer05031@example.invalid,,20241220,United States,North America,35-44,Creator,Portuguese,0
5032,viewer_05032,viewer05032@example.invalid,,20231207,Japan,APAC,18-24,Paid Social,Spanish,1
5033,viewer_05033,viewer05033@example.invalid,4538,20230128,Canada,North America,45+,Search,English,1
5034,viewer_05034,viewer05034@example.invalid,,20240913,Mexico,Latin America,25-34,Referral,Japanese,0
5035,viewer_05035,viewer05035@example.invalid,,20250922,Indonesia,APAC,13-17,Organic,French,1
5036,viewer_05036,viewer05036@example.invalid,,20240719,France,Europe,35-44,Creator,German,1
5037,viewer_05037,viewer05037@example.invalid,,20231021,Germany,Europe,18-24,Paid Social,Portuguese,0
5038,viewer_05038,viewer05038@example.invalid,,20231208,Brazil,Latin America,45+,Search,Spanish,1
5039,viewer_05039,viewer05039@example.invalid,,20240218,United States,North America,25-34,Referral,English,1
5040,viewer_05040,viewer05040@example.invalid,2651,20230826,Japan,APAC,13-17,Organic,Japanese,0
5041,viewer_05041,viewer05041@example.invalid,,20250426,Canada,North America,35-44,Creator,French,1
5042,viewer_05042,viewer05042@example.invalid,,20250518,Mexico,Latin America,18-24,Paid Social,German,1
5043,viewer_05043,viewer05043@example.invalid,,20251227,Indonesia,APAC,45+,Search,Portuguese,0
5044,viewer_05044,viewer05044@example.invalid,,20230414,France,Europe,25-34,Referral,Spanish,1
5045,viewer_05045,viewer05045@example.invalid,,20231114,Germany,Europe,13-17,Organic,English,1
5046,viewer_05046,viewer05046@example.invalid,,20250106,Brazil,Latin America,35-44,Creator,Japanese,0
5047,viewer_05047,viewer05047@example.invalid,4194,20240303,United States,North America,18-24,Paid Social,French,1
5048,viewer_05048,viewer05048@example.invalid,,20241013,Japan,APAC,45+,Search,German,1
5049,viewer_05049,viewer05049@example.invalid,,20241110,Canada,North America,25-34,Referral,Portuguese,0
5050,viewer_05050,viewer05050@example.invalid,,20240408,Mexico,Latin America,13-17,Organic,Spanish,1
5051,viewer_05051,viewer05051@example.invalid,,20240325,Indonesia,APAC,35-44,Creator,English,1
5052,viewer_05052,viewer05052@example.invalid,,20230829,France,Europe,18-24,Paid Social,Japanese,0
5053,viewer_05053,viewer05053@example.invalid,,20250824,Germany,Europe,45+,Search,French,1
5054,viewer_05054,viewer05054@example.invalid,2354,20230703,Brazil,Latin America,25-34,Referral,German,1
5055,viewer_05055,viewer05055@example.invalid,,20250927,United States,North America,13-17,Organic,Portuguese,0
5056,viewer_05056,viewer05056@example.invalid,,20251019,Japan,APAC,35-44,Creator,Spanish,1
5057,viewer_05057,viewer05057@example.invalid,,20230825,Canada,North America,18-24,Paid Social,English,1
5058,viewer_05058,viewer05058@example.invalid,,20251118,Mexico,Latin America,45+,Search,Japanese,0
5059,viewer_05059,viewer05059@example.invalid,,20250512,Indonesia,APAC,25-34,Referral,French,1
5060,viewer_05060,viewer05060@example.invalid,,20230707,France,Europe,13-17,Organic,German,1
5061,viewer_05061,viewer05061@example.invalid,579,20240524,Germany,Europe,35-44,Creator,Portuguese,0
5062,viewer_05062,viewer05062@example.invalid,,20240603,Brazil,Latin America,18-24,Paid Social,Spanish,1
5063,viewer_05063,viewer05063@example.invalid,,20240602,United States,North America,45+,Search,English,1
5064,viewer_05064,viewer05064@example.invalid,,20231012,Japan,APAC,25-34,Referral,Japanese,0
5065,viewer_05065,viewer05065@example.invalid,,20230723,Canada,North America,13-17,Organic,French,1
5066,viewer_05066,viewer05066@example.invalid,,20231203,Mexico,Latin America,35-44,Creator,German,1
5067,viewer_05067,viewer05067@example.invalid,,20230426,Indonesia,APAC,18-24,Paid Social,Portuguese,0
5068,viewer_05068,viewer05068@example.invalid,484,20240227,France,Europe,45+,Search,Spanish,1
5069,viewer_05069,viewer05069@example.invalid,,20241125,Germany,Europe,25-34,Referral,English,1
5070,viewer_05070,viewer05070@example.invalid,,20241226,Brazil,Latin America,13-17,Organic,Japanese,0
5071,viewer_05071,viewer05071@example.invalid,,20240910,United States,North America,35-44,Creator,French,1
5072,viewer_05072,viewer05072@example.invalid,,20240826,Japan,APAC,18-24,Paid Social,German,1
5073,viewer_05073,viewer05073@example.invalid,,20230421,Canada,North America,45+,Search,Portuguese,0
5074,viewer_05074,viewer05074@example.invalid,,20230818,Mexico,Latin America,25-34,Referral,Spanish,1
5075,viewer_05075,viewer05075@example.invalid,516,20250818,Indonesia,APAC,13-17,Organic,English,1
5076,viewer_05076,viewer05076@example.invalid,,20240811,France,Europe,35-44,Creator,Japanese,0
5077,viewer_05077,viewer05077@example.invalid,,20240122,Germany,Europe,18-24,Paid Social,French,1
5078,viewer_05078,viewer05078@example.invalid,,20250110,Brazil,Latin America,45+,Search,German,1
5079,viewer_05079,viewer05079@example.invalid,,20230523,United States,North America,25-34,Referral,Portuguese,0
5080,viewer_05080,viewer05080@example.invalid,,20250311,Japan,APAC,13-17,Organic,Spanish,1
5081,viewer_05081,viewer05081@example.invalid,,20251207,Canada,North America,35-44,Creator,English,1
5082,viewer_05082,viewer05082@example.invalid,2066,20230808,Mexico,Latin America,18-24,Paid Social,Japanese,0
5083,viewer_05083,viewer05083@example.invalid,,20250116,Indonesia,APAC,45+,Search,French,1
5084,viewer_05084,viewer05084@example.invalid,,20230910,France,Europe,25-34,Referral,German,1
5085,viewer_05085,viewer05085@example.invalid,,20230716,Germany,Europe,13-17,Organic,Portuguese,0
5086,viewer_05086,viewer05086@example.invalid,,20250623,Brazil,Latin America,35-44,Creator,Spanish,1
5087,viewer_05087,viewer05087@example.invalid,,20230512,United States,North America,18-24,Paid Social,English,1
5088,viewer_05088,viewer05088@example.invalid,,20240621,Japan,APAC,45+,Search,Japanese,0
5089,viewer_05089,viewer05089@example.invalid,3211,20250427,Canada,North America,25-34,Referral,French,1
5090,viewer_05090,viewer05090@example.invalid,,20250919,Mexico,Latin America,13-17,Organic,German,1
5091,viewer_05091,viewer05091@example.invalid,,20250226,Indonesia,APAC,35-44,Creator,Portuguese,0
5092,viewer_05092,viewer05092@example.invalid,,20230918,France,Europe,18-24,Paid Social,Spanish,1
5093,viewer_05093,viewer05093@example.invalid,,20250602,Germany,Europe,45+,Search,English,1
5094,viewer_05094,viewer05094@example.invalid,,20230211,Brazil,Latin America,25-34,Referral,Japanese,0
5095,viewer_05095,viewer05095@example.invalid,,20230713,United States,North America,13-17,Organic,French,1
5096,viewer_05096,viewer05096@example.invalid,1869,20250214,Japan,APAC,35-44,Creator,German,1
5097,viewer_05097,viewer05097@example.invalid,,20230808,Canada,North America,18-24,Paid Social,Portuguese,0
5098,viewer_05098,viewer05098@example.invalid,,20231006,Mexico,Latin America,45+,Search,Spanish,1
5099,viewer_05099,viewer05099@example.invalid,,20231202,Indonesia,APAC,25-34,Referral,English,1
5100,viewer_05100,viewer05100@example.invalid,,20251223,France,Europe,13-17,Organic,Japanese,0
5101,viewer_05101,viewer05101@example.invalid,,20250319,Germany,Europe,35-44,Creator,French,1
5102,viewer_05102,viewer05102@example.invalid,,20250402,Brazil,Latin America,18-24,Paid Social,German,1
5103,viewer_05103,viewer05103@example.invalid,3463,20250529,United States,North America,45+,Search,Portuguese,0
5104,viewer_05104,viewer05104@example.invalid,,20240809,Japan,APAC,25-34,Referral,Spanish,1
5105,viewer_05105,viewer05105@example.invalid,,20250909,Canada,North America,13-17,Organic,English,1
5106,viewer_05106,viewer05106@example.invalid,,20250331,Mexico,Latin America,35-44,Creator,Japanese,0
5107,viewer_05107,viewer05107@example.invalid,,20230512,Indonesia,APAC,18-24,Paid Social,French,1
5108,viewer_05108,viewer05108@example.invalid,,20250812,France,Europe,45+,Search,German,1
5109,viewer_05109,viewer05109@example.invalid,,20241206,Germany,Europe,25-34,Referral,Portuguese,0
5110,viewer_05110,viewer05110@example.invalid,5104,20240129,Brazil,Latin America,13-17,Organic,Spanish,1
5111,viewer_05111,viewer05111@example.invalid,,20250804,United States,North America,35-44,Creator,English,1
5112,viewer_05112,viewer05112@example.invalid,,20250525,Japan,APAC,18-24,Paid Social,Japanese,0
5113,viewer_05113,viewer05113@example.invalid,,20251010,Canada,North America,45+,Search,French,1
5114,viewer_05114,viewer05114@example.invalid,,20241115,Mexico,Latin America,25-34,Referral,German,1
5115,viewer_05115,viewer05115@example.invalid,,20250201,Indonesia,APAC,13-17,Organic,Portuguese,0
5116,viewer_05116,viewer05116@example.invalid,,20250311,France,Europe,35-44,Creator,Spanish,1
5117,viewer_05117,viewer05117@example.invalid,1988,20241023,Germany,Europe,18-24,Paid Social,English,1
5118,viewer_05118,viewer05118@example.invalid,,20250329,Brazil,Latin America,45+,Search,Japanese,0
5119,viewer_05119,viewer05119@example.invalid,,20250729,United States,North America,25-34,Referral,French,1
5120,viewer_05120,viewer05120@example.invalid,,20251219,Japan,APAC,13-17,Organic,German,1
5121,viewer_05121,viewer05121@example.invalid,,20240109,Canada,North America,35-44,Creator,Portuguese,0
5122,viewer_05122,viewer05122@example.invalid,,20240204,Mexico,Latin America,18-24,Paid Social,Spanish,1
5123,viewer_05123,viewer05123@example.invalid,,20230313,Indonesia,APAC,45+,Search,English,1
5124,viewer_05124,viewer05124@example.invalid,4522,20240522,France,Europe,25-34,Referral,Japanese,0
5125,viewer_05125,viewer05125@example.invalid,,20251111,Germany,Europe,13-17,Organic,French,1
5126,viewer_05126,viewer05126@example.invalid,,20230928,Brazil,Latin America,35-44,Creator,German,1
5127,viewer_05127,viewer05127@example.invalid,,20250404,United States,North America,18-24,Paid Social,Portuguese,0
5128,viewer_05128,viewer05128@example.invalid,,20250321,Japan,APAC,45+,Search,Spanish,1
5129,viewer_05129,viewer05129@example.invalid,,20240317,Canada,North America,25-34,Referral,English,1
5130,viewer_05130,viewer05130@example.invalid,,20250422,Mexico,Latin America,13-17,Organic,Japanese,0
5131,viewer_05131,viewer05131@example.invalid,1532,20250826,Indonesia,APAC,35-44,Creator,French,1
5132,viewer_05132,viewer05132@example.invalid,,20240129,France,Europe,18-24,Paid Social,German,1
5133,viewer_05133,viewer05133@example.invalid,,20241206,Germany,Europe,45+,Search,Portuguese,0
5134,viewer_05134,viewer05134@example.invalid,,20241217,Brazil,Latin America,25-34,Referral,Spanish,1
5135,viewer_05135,viewer05135@example.invalid,,20250129,United States,North America,13-17,Organic,English,1
5136,viewer_05136,viewer05136@example.invalid,,20240422,Japan,APAC,35-44,Creator,Japanese,0
5137,viewer_05137,viewer05137@example.invalid,,20240930,Canada,North America,18-24,Paid Social,French,1
5138,viewer_05138,viewer05138@example.invalid,1014,20230114,Mexico,Latin America,45+,Search,German,1
5139,viewer_05139,viewer05139@example.invalid,,20230402,Indonesia,APAC,25-34,Referral,Portuguese,0
5140,viewer_05140,viewer05140@example.invalid,,20230505,France,Europe,13-17,Organic,Spanish,1
5141,viewer_05141,viewer05141@example.invalid,,20240515,Germany,Europe,35-44,Creator,English,1
5142,viewer_05142,viewer05142@example.invalid,,20241224,Brazil,Latin America,18-24,Paid Social,Japanese,0
5143,viewer_05143,viewer05143@example.invalid,,20230515,United States,North America,45+,Search,French,1
5144,viewer_05144,viewer05144@example.invalid,,20240220,Japan,APAC,25-34,Referral,German,1
5145,viewer_05145,viewer05145@example.invalid,2474,20230528,Canada,North America,13-17,Organic,Portuguese,0
5146,viewer_05146,viewer05146@example.invalid,,20240313,Mexico,Latin America,35-44,Creator,Spanish,1
5147,viewer_05147,viewer05147@example.invalid,,20230906,Indonesia,APAC,18-24,Paid Social,English,1
5148,viewer_05148,viewer05148@example.invalid,,20240409,France,Europe,45+,Search,Japanese,0
5149,viewer_05149,viewer05149@example.invalid,,20240119,Germany,Europe,25-34,Referral,French,1
5150,viewer_05150,viewer05150@example.invalid,,20240210,Brazil,Latin America,13-17,Organic,German,1
5151,viewer_05151,viewer05151@example.invalid,,20250603,United States,North America,35-44,Creator,Portuguese,0
5152,viewer_05152,viewer05152@example.invalid,16,20240922,Japan,APAC,18-24,Paid Social,Spanish,1
5153,viewer_05153,viewer05153@example.invalid,,20240321,Canada,North America,45+,Search,English,1
5154,viewer_05154,viewer05154@example.invalid,,20241228,Mexico,Latin America,25-34,Referral,Japanese,0
5155,viewer_05155,viewer05155@example.invalid,,20250215,Indonesia,APAC,13-17,Organic,French,1
5156,viewer_05156,viewer05156@example.invalid,,20230126,France,Europe,35-44,Creator,German,1
5157,viewer_05157,viewer05157@example.invalid,,20250702,Germany,Europe,18-24,Paid Social,Portuguese,0
5158,viewer_05158,viewer05158@example.invalid,,20251003,Brazil,Latin America,45+,Search,Spanish,1
5159,viewer_05159,viewer05159@example.invalid,4814,20250605,United States,North America,25-34,Referral,English,1
5160,viewer_05160,viewer05160@example.invalid,,20250614,Japan,APAC,13-17,Organic,Japanese,0
5161,viewer_05161,viewer05161@example.invalid,,20240704,Canada,North America,35-44,Creator,French,1
5162,viewer_05162,viewer05162@example.invalid,,20240422,Mexico,Latin America,18-24,Paid Social,German,1
5163,viewer_05163,viewer05163@example.invalid,,20250922,Indonesia,APAC,45+,Search,Portuguese,0
5164,viewer_05164,viewer05164@example.invalid,,20240118,France,Europe,25-34,Referral,Spanish,1
5165,viewer_05165,viewer05165@example.invalid,,20240723,Germany,Europe,13-17,Organic,English,1
5166,viewer_05166,viewer05166@example.invalid,3561,20251003,Brazil,Latin America,35-44,Creator,Japanese,0
5167,viewer_05167,viewer05167@example.invalid,,20250222,United States,North America,18-24,Paid Social,French,1
5168,viewer_05168,viewer05168@example.invalid,,20240205,Japan,APAC,45+,Search,German,1
5169,viewer_05169,viewer05169@example.invalid,,20240705,Canada,North America,25-34,Referral,Portuguese,0
5170,viewer_05170,viewer05170@example.invalid,,20250922,Mexico,Latin America,13-17,Organic,Spanish,1
5171,viewer_05171,viewer05171@example.invalid,,20240701,Indonesia,APAC,35-44,Creator,English,1
5172,viewer_05172,viewer05172@example.invalid,,20251105,France,Europe,18-24,Paid Social,Japanese,0
5173,viewer_05173,viewer05173@example.invalid,4616,20250721,Germany,Europe,45+,Search,French,1
5174,viewer_05174,viewer05174@example.invalid,,20250531,Brazil,Latin America,25-34,Referral,German,1
5175,viewer_05175,viewer05175@example.invalid,,20230406,United States,North America,13-17,Organic,Portuguese,0
5176,viewer_05176,viewer05176@example.invalid,,20250915,Japan,APAC,35-44,Creator,Spanish,1
5177,viewer_05177,viewer05177@example.invalid,,20240730,Canada,North America,18-24,Paid Social,English,1
5178,viewer_05178,viewer05178@example.invalid,,20250729,Mexico,Latin America,45+,Search,Japanese,0
5179,viewer_05179,viewer05179@example.invalid,,20230912,Indonesia,APAC,25-34,Referral,French,1
5180,viewer_05180,viewer05180@example.invalid,4223,20231103,France,Europe,13-17,Organic,German,1
5181,viewer_05181,viewer05181@example.invalid,,20240930,Germany,Europe,35-44,Creator,Portuguese,0
5182,viewer_05182,viewer05182@example.invalid,,20230309,Brazil,Latin America,18-24,Paid Social,Spanish,1
5183,viewer_05183,viewer05183@example.invalid,,20231031,United States,North America,45+,Search,English,1
5184,viewer_05184,viewer05184@example.invalid,,20250611,Japan,APAC,25-34,Referral,Japanese,0
5185,viewer_05185,viewer05185@example.invalid,,20250308,Canada,North America,13-17,Organic,French,1
5186,viewer_05186,viewer05186@example.invalid,,20250611,Mexico,Latin America,35-44,Creator,German,1
5187,viewer_05187,viewer05187@example.invalid,4574,20230224,Indonesia,APAC,18-24,Paid Social,Portuguese,0
5188,viewer_05188,viewer05188@example.invalid,,20230804,France,Europe,45+,Search,Spanish,1
5189,viewer_05189,viewer05189@example.invalid,,20240815,Germany,Europe,25-34,Referral,English,1
5190,viewer_05190,viewer05190@example.invalid,,20230316,Brazil,Latin America,13-17,Organic,Japanese,0
5191,viewer_05191,viewer05191@example.invalid,,20240908,United States,North America,35-44,Creator,French,1
5192,viewer_05192,viewer05192@example.invalid,,20241213,Japan,APAC,18-24,Paid Social,German,1
5193,viewer_05193,viewer05193@example.invalid,,20250128,Canada,North America,45+,Search,Portuguese,0
5194,viewer_05194,viewer05194@example.invalid,2909,20231231,Mexico,Latin America,25-34,Referral,Spanish,1
5195,viewer_05195,viewer05195@example.invalid,,20240829,Indonesia,APAC,13-17,Organic,English,1
5196,viewer_05196,viewer05196@example.invalid,,20240610,France,Europe,35-44,Creator,Japanese,0
5197,viewer_05197,viewer05197@example.invalid,,20250522,Germany,Europe,18-24,Paid Social,French,1
5198,viewer_05198,viewer05198@example.invalid,,20240701,Brazil,Latin America,45+,Search,German,1
5199,viewer_05199,viewer05199@example.invalid,,20231106,United States,North America,25-34,Referral,Portuguese,0
5200,viewer_05200,viewer05200@example.invalid,,20251224,Japan,APAC,13-17,Organic,Spanish,1
5201,viewer_05201,viewer05201@example.invalid,327,20230109,Canada,North America,35-44,Creator,English,1
5202,viewer_05202,viewer05202@example.invalid,,20240425,Mexico,Latin America,18-24,Paid Social,Japanese,0
5203,viewer_05203,viewer05203@example.invalid,,20250504,Indonesia,APAC,45+,Search,French,1
5204,viewer_05204,viewer05204@example.invalid,,20230524,France,Europe,25-34,Referral,German,1
5205,viewer_05205,viewer05205@example.invalid,,20230823,Germany,Europe,13-17,Organic,Portuguese,0
5206,viewer_05206,viewer05206@example.invalid,,20240413,Brazil,Latin America,35-44,Creator,Spanish,1
5207,viewer_05207,viewer05207@example.invalid,,20250729,United States,North America,18-24,Paid Social,English,1
5208,viewer_05208,viewer05208@example.invalid,3508,20251204,Japan,APAC,45+,Search,Japanese,0
5209,viewer_05209,viewer05209@example.invalid,,20230128,Canada,North America,25-34,Referral,French,1
5210,viewer_05210,viewer05210@example.invalid,,20230416,Mexico,Latin America,13-17,Organic,German,1
5211,viewer_05211,viewer05211@example.invalid,,20240208,Indonesia,APAC,35-44,Creator,Portuguese,0
5212,viewer_05212,viewer05212@example.invalid,,20230914,France,Europe,18-24,Paid Social,Spanish,1
5213,viewer_05213,viewer05213@example.invalid,,20240201,Germany,Europe,45+,Search,English,1
5214,viewer_05214,viewer05214@example.invalid,,20250912,Brazil,Latin America,25-34,Referral,Japanese,0
5215,viewer_05215,viewer05215@example.invalid,4497,20241119,United States,North America,13-17,Organic,French,1
5216,viewer_05216,viewer05216@example.invalid,,20251213,Japan,APAC,35-44,Creator,German,1
5217,viewer_05217,viewer05217@example.invalid,,20250829,Canada,North America,18-24,Paid Social,Portuguese,0
5218,viewer_05218,viewer05218@example.invalid,,20250811,Mexico,Latin America,45+,Search,Spanish,1
5219,viewer_05219,viewer05219@example.invalid,,20231026,Indonesia,APAC,25-34,Referral,English,1
5220,viewer_05220,viewer05220@example.invalid,,20230128,France,Europe,13-17,Organic,Japanese,0
5221,viewer_05221,viewer05221@example.invalid,,20230104,Germany,Europe,35-44,Creator,French,1
5222,viewer_05222,viewer05222@example.invalid,1118,20241122,Brazil,Latin America,18-24,Paid Social,German,1
5223,viewer_05223,viewer05223@example.invalid,,20240610,United States,North America,45+,Search,Portuguese,0
5224,viewer_05224,viewer05224@example.invalid,,20230128,Japan,APAC,25-34,Referral,Spanish,1
5225,viewer_05225,viewer05225@example.invalid,,20240722,Canada,North America,13-17,Organic,English,1
5226,viewer_05226,viewer05226@example.invalid,,20251125,Mexico,Latin America,35-44,Creator,Japanese,0
5227,viewer_05227,viewer05227@example.invalid,,20240501,Indonesia,APAC,18-24,Paid Social,French,1
5228,viewer_05228,viewer05228@example.invalid,,20230227,France,Europe,45+,Search,German,1
5229,viewer_05229,viewer05229@example.invalid,4227,20250809,Germany,Europe,25-34,Referral,Portuguese,0
5230,viewer_05230,viewer05230@example.invalid,,20250515,Brazil,Latin America,13-17,Organic,Spanish,1
5231,viewer_05231,viewer05231@example.invalid,,20230404,United States,North America,35-44,Creator,English,1
5232,viewer_05232,viewer05232@example.invalid,,20231102,Japan,APAC,18-24,Paid Social,Japanese,0
5233,viewer_05233,viewer05233@example.invalid,,20230924,Canada,North America,45+,Search,French,1
5234,viewer_05234,viewer05234@example.invalid,,20240606,Mexico,Latin America,25-34,Referral,German,1
5235,viewer_05235,viewer05235@example.invalid,,20251128,Indonesia,APAC,13-17,Organic,Portuguese,0
5236,viewer_05236,viewer05236@example.invalid,1514,20230706,France,Europe,35-44,Creator,Spanish,1
5237,viewer_05237,viewer05237@example.invalid,,20240916,Germany,Europe,18-24,Paid Social,English,1
5238,viewer_05238,viewer05238@example.invalid,,20240329,Brazil,Latin America,45+,Search,Japanese,0
5239,viewer_05239,viewer05239@example.invalid,,20231127,United States,North America,25-34,Referral,French,1
5240,viewer_05240,viewer05240@example.invalid,,20230920,Japan,APAC,13-17,Organic,German,1
5241,viewer_05241,viewer05241@example.invalid,,20230906,Canada,North America,35-44,Creator,Portuguese,0
5242,viewer_05242,viewer05242@example.invalid,,20231021,Mexico,Latin America,18-24,Paid Social,Spanish,1
5243,viewer_05243,viewer05243@example.invalid,1395,20250815,Indonesia,APAC,45+,Search,English,1
5244,viewer_05244,viewer05244@example.invalid,,20230126,France,Europe,25-34,Referral,Japanese,0
5245,viewer_05245,viewer05245@example.invalid,,20240927,Germany,Europe,13-17,Organic,French,1
5246,viewer_05246,viewer05246@example.invalid,,20250731,Brazil,Latin America,35-44,Creator,German,1
5247,viewer_05247,viewer05247@example.invalid,,20250714,United States,North America,18-24,Paid Social,Portuguese,0
5248,viewer_05248,viewer05248@example.invalid,,20241123,Japan,APAC,45+,Search,Spanish,1
5249,viewer_05249,viewer05249@example.invalid,,20251130,Canada,North America,25-34,Referral,English,1
5250,viewer_05250,viewer05250@example.invalid,3676,20240307,Mexico,Latin America,13-17,Organic,Japanese,0
5251,viewer_05251,viewer05251@example.invalid,,20230623,Indonesia,APAC,35-44,Creator,French,1
5252,viewer_05252,viewer05252@example.invalid,,20230924,France,Europe,18-24,Paid Social,German,1
5253,viewer_05253,viewer05253@example.invalid,,20230501,Germany,Europe,45+,Search,Portuguese,0
5254,viewer_05254,viewer05254@example.invalid,,20250105,Brazil,Latin America,25-34,Referral,Spanish,1
5255,viewer_05255,viewer05255@example.invalid,,20240105,United States,North America,13-17,Organic,English,1
5256,viewer_05256,viewer05256@example.invalid,,20250701,Japan,APAC,35-44,Creator,Japanese,0
5257,viewer_05257,viewer05257@example.invalid,1605,20230614,Canada,North America,18-24,Paid Social,French,1
5258,viewer_05258,viewer05258@example.invalid,,20250326,Mexico,Latin America,45+,Search,German,1
5259,viewer_05259,viewer05259@example.invalid,,20240219,Indonesia,APAC,25-34,Referral,Portuguese,0
5260,viewer_05260,viewer05260@example.invalid,,20240706,France,Europe,13-17,Organic,Spanish,1
5261,viewer_05261,viewer05261@example.invalid,,20230903,Germany,Europe,35-44,Creator,English,1
5262,viewer_05262,viewer05262@example.invalid,,20240223,Brazil,Latin America,18-24,Paid Social,Japanese,0
5263,viewer_05263,viewer05263@example.invalid,,20250803,United States,North America,45+,Search,French,1
5264,viewer_05264,viewer05264@example.invalid,1257,20231005,Japan,APAC,25-34,Referral,German,1
5265,viewer_05265,viewer05265@example.invalid,,20240617,Canada,North America,13-17,Organic,Portuguese,0
5266,viewer_05266,viewer05266@example.invalid,,20240821,Mexico,Latin America,35-44,Creator,Spanish,1
5267,viewer_05267,viewer05267@example.invalid,,20230312,Indonesia,APAC,18-24,Paid Social,English,1
5268,viewer_05268,viewer05268@example.invalid,,20250818,France,Europe,45+,Search,Japanese,0
5269,viewer_05269,viewer05269@example.invalid,,20230727,Germany,Europe,25-34,Referral,French,1
5270,viewer_05270,viewer05270@example.invalid,,20231018,Brazil,Latin America,13-17,Organic,German,1
5271,viewer_05271,viewer05271@example.invalid,1773,20250513,United States,North America,35-44,Creator,Portuguese,0
5272,viewer_05272,viewer05272@example.invalid,,20241218,Japan,APAC,18-24,Paid Social,Spanish,1
5273,viewer_05273,viewer05273@example.invalid,,20230822,Canada,North America,45+,Search,English,1
5274,viewer_05274,viewer05274@example.invalid,,20240608,Mexico,Latin America,25-34,Referral,Japanese,0
5275,viewer_05275,viewer05275@example.invalid,,20231003,Indonesia,APAC,13-17,Organic,French,1
5276,viewer_05276,viewer05276@example.invalid,,20240525,France,Europe,35-44,Creator,German,1
5277,viewer_05277,viewer05277@example.invalid,,20250709,Germany,Europe,18-24,Paid Social,Portuguese,0
5278,viewer_05278,viewer05278@example.invalid,805,20230502,Brazil,Latin America,45+,Search,Spanish,1
5279,viewer_05279,viewer05279@example.invalid,,20240812,United States,North America,25-34,Referral,English,1
5280,viewer_05280,viewer05280@example.invalid,,20250402,Japan,APAC,13-17,Organic,Japanese,0
5281,viewer_05281,viewer05281@example.invalid,,20230728,Canada,North America,35-44,Creator,French,1
5282,viewer_05282,viewer05282@example.invalid,,20250123,Mexico,Latin America,18-24,Paid Social,German,1
5283,viewer_05283,viewer05283@example.invalid,,20230825,Indonesia,APAC,45+,Search,Portuguese,0
5284,viewer_05284,viewer05284@example.invalid,,20230406,France,Europe,25-34,Referral,Spanish,1
5285,viewer_05285,viewer05285@example.invalid,1530,20250512,Germany,Europe,13-17,Organic,English,1
5286,viewer_05286,viewer05286@example.invalid,,20240505,Brazil,Latin America,35-44,Creator,Japanese,0
5287,viewer_05287,viewer05287@example.invalid,,20240731,United States,North America,18-24,Paid Social,French,1
5288,viewer_05288,viewer05288@example.invalid,,20241224,Japan,APAC,45+,Search,German,1
5289,viewer_05289,viewer05289@example.invalid,,20231225,Canada,North America,25-34,Referral,Portuguese,0
5290,viewer_05290,viewer05290@example.invalid,,20230502,Mexico,Latin America,13-17,Organic,Spanish,1
5291,viewer_05291,viewer05291@example.invalid,,20241021,Indonesia,APAC,35-44,Creator,English,1
5292,viewer_05292,viewer05292@example.invalid,1387,20241215,France,Europe,18-24,Paid Social,Japanese,0
5293,viewer_05293,viewer05293@example.invalid,,20240208,Germany,Europe,45+,Search,French,1
5294,viewer_05294,viewer05294@example.invalid,,20251104,Brazil,Latin America,25-34,Referral,German,1
5295,viewer_05295,viewer05295@example.invalid,,20240424,United States,North America,13-17,Organic,Portuguese,0
5296,viewer_05296,viewer05296@example.invalid,,20250630,Japan,APAC,35-44,Creator,Spanish,1
5297,viewer_05297,viewer05297@example.invalid,,20250508,Canada,North America,18-24,Paid Social,English,1
5298,viewer_05298,viewer05298@example.invalid,,20240724,Mexico,Latin America,45+,Search,Japanese,0
5299,viewer_05299,viewer05299@example.invalid,4605,20240415,Indonesia,APAC,25-34,Referral,French,1
5300,viewer_05300,viewer05300@example.invalid,,20250128,France,Europe,13-17,Organic,German,1
5301,viewer_05301,viewer05301@example.invalid,,20240501,Germany,Europe,35-44,Creator,Portuguese,0
5302,viewer_05302,viewer05302@example.invalid,,20250525,Brazil,Latin America,18-24,Paid Social,Spanish,1
5303,viewer_05303,viewer05303@example.invalid,,20240425,United States,North America,45+,Search,English,1
5304,viewer_05304,viewer05304@example.invalid,,20250925,Japan,APAC,25-34,Referral,Japanese,0
5305,viewer_05305,viewer05305@example.invalid,,20231013,Canada,North America,13-17,Organic,French,1
5306,viewer_05306,viewer05306@example.invalid,2569,20230726,Mexico,Latin America,35-44,Creator,German,1
5307,viewer_05307,viewer05307@example.invalid,,20250821,Indonesia,APAC,18-24,Paid Social,Portuguese,0
5308,viewer_05308,viewer05308@example.invalid,,20241208,France,Europe,45+,Search,Spanish,1
5309,viewer_05309,viewer05309@example.invalid,,20250708,Germany,Europe,25-34,Referral,English,1
5310,viewer_05310,viewer05310@example.invalid,,20230427,Brazil,Latin America,13-17,Organic,Japanese,0
5311,viewer_05311,viewer05311@example.invalid,,20231024,United States,North America,35-44,Creator,French,1
5312,viewer_05312,viewer05312@example.invalid,,20250811,Japan,APAC,18-24,Paid Social,German,1
5313,viewer_05313,viewer05313@example.invalid,4502,20240410,Canada,North America,45+,Search,Portuguese,0
5314,viewer_05314,viewer05314@example.invalid,,20251222,Mexico,Latin America,25-34,Referral,Spanish,1
5315,viewer_05315,viewer05315@example.invalid,,20250324,Indonesia,APAC,13-17,Organic,English,1
5316,viewer_05316,viewer05316@example.invalid,,20251021,France,Europe,35-44,Creator,Japanese,0
5317,viewer_05317,viewer05317@example.invalid,,20250225,Germany,Europe,18-24,Paid Social,French,1
5318,viewer_05318,viewer05318@example.invalid,,20230417,Brazil,Latin America,45+,Search,German,1
5319,viewer_05319,viewer05319@example.invalid,,20230903,United States,North America,25-34,Referral,Portuguese,0
5320,viewer_05320,viewer05320@example.invalid,318,20231210,Japan,APAC,13-17,Organic,Spanish,1
5321,viewer_05321,viewer05321@example.invalid,,20230129,Canada,North America,35-44,Creator,English,1
5322,viewer_05322,viewer05322@example.invalid,,20250609,Mexico,Latin America,18-24,Paid Social,Japanese,0
5323,viewer_05323,viewer05323@example.invalid,,20250317,Indonesia,APAC,45+,Search,French,1
5324,viewer_05324,viewer05324@example.invalid,,20240314,France,Europe,25-34,Referral,German,1
5325,viewer_05325,viewer05325@example.invalid,,20240318,Germany,Europe,13-17,Organic,Portuguese,0
5326,viewer_05326,viewer05326@example.invalid,,20240517,Brazil,Latin America,35-44,Creator,Spanish,1
5327,viewer_05327,viewer05327@example.invalid,1764,20240228,United States,North America,18-24,Paid Social,English,1
5328,viewer_05328,viewer05328@example.invalid,,20240803,Japan,APAC,45+,Search,Japanese,0
5329,viewer_05329,viewer05329@example.invalid,,20250903,Canada,North America,25-34,Referral,French,1
5330,viewer_05330,viewer05330@example.invalid,,20250516,Mexico,Latin America,13-17,Organic,German,1
5331,viewer_05331,viewer05331@example.invalid,,20230123,Indonesia,APAC,35-44,Creator,Portuguese,0
5332,viewer_05332,viewer05332@example.invalid,,20240102,France,Europe,18-24,Paid Social,Spanish,1
5333,viewer_05333,viewer05333@example.invalid,,20250722,Germany,Europe,45+,Search,English,1
5334,viewer_05334,viewer05334@example.invalid,3533,20250104,Brazil,Latin America,25-34,Referral,Japanese,0
5335,viewer_05335,viewer05335@example.invalid,,20240912,United States,North America,13-17,Organic,French,1
5336,viewer_05336,viewer05336@example.invalid,,20230327,Japan,APAC,35-44,Creator,German,1
5337,viewer_05337,viewer05337@example.invalid,,20241215,Canada,North America,18-24,Paid Social,Portuguese,0
5338,viewer_05338,viewer05338@example.invalid,,20251122,Mexico,Latin America,45+,Search,Spanish,1
5339,viewer_05339,viewer05339@example.invalid,,20230718,Indonesia,APAC,25-34,Referral,English,1
5340,viewer_05340,viewer05340@example.invalid,,20231006,France,Europe,13-17,Organic,Japanese,0
5341,viewer_05341,viewer05341@example.invalid,596,20250329,Germany,Europe,35-44,Creator,French,1
5342,viewer_05342,viewer05342@example.invalid,,20250829,Brazil,Latin America,18-24,Paid Social,German,1
5343,viewer_05343,viewer05343@example.invalid,,20230609,United States,North America,45+,Search,Portuguese,0
5344,viewer_05344,viewer05344@example.invalid,,20230401,Japan,APAC,25-34,Referral,Spanish,1
5345,viewer_05345,viewer05345@example.invalid,,20241020,Canada,North America,13-17,Organic,English,1
5346,viewer_05346,viewer05346@example.invalid,,20250706,Mexico,Latin America,35-44,Creator,Japanese,0
5347,viewer_05347,viewer05347@example.invalid,,20240925,Indonesia,APAC,18-24,Paid Social,French,1
5348,viewer_05348,viewer05348@example.invalid,2272,20250406,France,Europe,45+,Search,German,1
5349,viewer_05349,viewer05349@example.invalid,,20241227,Germany,Europe,25-34,Referral,Portuguese,0
5350,viewer_05350,viewer05350@example.invalid,,20240811,Brazil,Latin America,13-17,Organic,Spanish,1
5351,viewer_05351,viewer05351@example.invalid,,20230725,United States,North America,35-44,Creator,English,1
5352,viewer_05352,viewer05352@example.invalid,,20230713,Japan,APAC,18-24,Paid Social,Japanese,0
5353,viewer_05353,viewer05353@example.invalid,,20250410,Canada,North America,45+,Search,French,1
5354,viewer_05354,viewer05354@example.invalid,,20250723,Mexico,Latin America,25-34,Referral,German,1
5355,viewer_05355,viewer05355@example.invalid,663,20250711,Indonesia,APAC,13-17,Organic,Portuguese,0
5356,viewer_05356,viewer05356@example.invalid,,20230305,France,Europe,35-44,Creator,Spanish,1
5357,viewer_05357,viewer05357@example.invalid,,20230817,Germany,Europe,18-24,Paid Social,English,1
5358,viewer_05358,viewer05358@example.invalid,,20251217,Brazil,Latin America,45+,Search,Japanese,0
5359,viewer_05359,viewer05359@example.invalid,,20250322,United States,North America,25-34,Referral,French,1
5360,viewer_05360,viewer05360@example.invalid,,20240916,Japan,APAC,13-17,Organic,German,1
5361,viewer_05361,viewer05361@example.invalid,,20250322,Canada,North America,35-44,Creator,Portuguese,0
5362,viewer_05362,viewer05362@example.invalid,337,20250208,Mexico,Latin America,18-24,Paid Social,Spanish,1
5363,viewer_05363,viewer05363@example.invalid,,20251214,Indonesia,APAC,45+,Search,English,1
5364,viewer_05364,viewer05364@example.invalid,,20230115,France,Europe,25-34,Referral,Japanese,0
5365,viewer_05365,viewer05365@example.invalid,,20250726,Germany,Europe,13-17,Organic,French,1
5366,viewer_05366,viewer05366@example.invalid,,20250504,Brazil,Latin America,35-44,Creator,German,1
5367,viewer_05367,viewer05367@example.invalid,,20240203,United States,North America,18-24,Paid Social,Portuguese,0
5368,viewer_05368,viewer05368@example.invalid,,20251122,Japan,APAC,45+,Search,Spanish,1
5369,viewer_05369,viewer05369@example.invalid,2227,20251221,Canada,North America,25-34,Referral,English,1
5370,viewer_05370,viewer05370@example.invalid,,20241128,Mexico,Latin America,13-17,Organic,Japanese,0
5371,viewer_05371,viewer05371@example.invalid,,20240126,Indonesia,APAC,35-44,Creator,French,1
5372,viewer_05372,viewer05372@example.invalid,,20240920,France,Europe,18-24,Paid Social,German,1
5373,viewer_05373,viewer05373@example.invalid,,20251119,Germany,Europe,45+,Search,Portuguese,0
5374,viewer_05374,viewer05374@example.invalid,,20250528,Brazil,Latin America,25-34,Referral,Spanish,1
5375,viewer_05375,viewer05375@example.invalid,,20230619,United States,North America,13-17,Organic,English,1
5376,viewer_05376,viewer05376@example.invalid,617,20240514,Japan,APAC,35-44,Creator,Japanese,0
5377,viewer_05377,viewer05377@example.invalid,,20241203,Canada,North America,18-24,Paid Social,French,1
5378,viewer_05378,viewer05378@example.invalid,,20241110,Mexico,Latin America,45+,Search,German,1
5379,viewer_05379,viewer05379@example.invalid,,20230813,Indonesia,APAC,25-34,Referral,Portuguese,0
5380,viewer_05380,viewer05380@example.invalid,,20230620,France,Europe,13-17,Organic,Spanish,1
5381,viewer_05381,viewer05381@example.invalid,,20230610,Germany,Europe,35-44,Creator,English,1
5382,viewer_05382,viewer05382@example.invalid,,20230910,Brazil,Latin America,18-24,Paid Social,Japanese,0
5383,viewer_05383,viewer05383@example.invalid,75,20240318,United States,North America,45+,Search,French,1
5384,viewer_05384,viewer05384@example.invalid,,20240212,Japan,APAC,25-34,Referral,German,1
5385,viewer_05385,viewer05385@example.invalid,,20240614,Canada,North America,13-17,Organic,Portuguese,0
5386,viewer_05386,viewer05386@example.invalid,,20250625,Mexico,Latin America,35-44,Creator,Spanish,1
5387,viewer_05387,viewer05387@example.invalid,,20230101,Indonesia,APAC,18-24,Paid Social,English,1
5388,viewer_05388,viewer05388@example.invalid,,20230608,France,Europe,45+,Search,Japanese,0
5389,viewer_05389,viewer05389@example.invalid,,20240326,Germany,Europe,25-34,Referral,French,1
5390,viewer_05390,viewer05390@example.invalid,1344,20240308,Brazil,Latin America,13-17,Organic,German,1
5391,viewer_05391,viewer05391@example.invalid,,20250620,United States,North America,35-44,Creator,Portuguese,0
5392,viewer_05392,viewer05392@example.invalid,,20240711,Japan,APAC,18-24,Paid Social,Spanish,1
5393,viewer_05393,viewer05393@example.invalid,,20231223,Canada,North America,45+,Search,English,1
5394,viewer_05394,viewer05394@example.invalid,,20230812,Mexico,Latin America,25-34,Referral,Japanese,0
5395,viewer_05395,viewer05395@example.invalid,,20240218,Indonesia,APAC,13-17,Organic,French,1
5396,viewer_05396,viewer05396@example.invalid,,20240215,France,Europe,35-44,Creator,German,1
5397,viewer_05397,viewer05397@example.invalid,2604,20250719,Germany,Europe,18-24,Paid Social,Portuguese,0
5398,viewer_05398,viewer05398@example.invalid,,20250217,Brazil,Latin America,45+,Search,Spanish,1
5399,viewer_05399,viewer05399@example.invalid,,20250917,United States,North America,25-34,Referral,English,1
5400,viewer_05400,viewer05400@example.invalid,,20250118,Japan,APAC,13-17,Organic,Japanese,0
5401,viewer_05401,viewer05401@example.invalid,,20230308,Canada,North America,35-44,Creator,French,1
5402,viewer_05402,viewer05402@example.invalid,,20241202,Mexico,Latin America,18-24,Paid Social,German,1
5403,viewer_05403,viewer05403@example.invalid,,20240421,Indonesia,APAC,45+,Search,Portuguese,0
5404,viewer_05404,viewer05404@example.invalid,4773,20231120,France,Europe,25-34,Referral,Spanish,1
5405,viewer_05405,viewer05405@example.invalid,,20251230,Germany,Europe,13-17,Organic,English,1
5406,viewer_05406,viewer05406@example.invalid,,20250530,Brazil,Latin America,35-44,Creator,Japanese,0
5407,viewer_05407,viewer05407@example.invalid,,20230315,United States,North America,18-24,Paid Social,French,1
5408,viewer_05408,viewer05408@example.invalid,,20250127,Japan,APAC,45+,Search,German,1
5409,viewer_05409,viewer05409@example.invalid,,20240829,Canada,North America,25-34,Referral,Portuguese,0
5410,viewer_05410,viewer05410@example.invalid,,20230604,Mexico,Latin America,13-17,Organic,Spanish,1
5411,viewer_05411,viewer05411@example.invalid,3942,20250817,Indonesia,APAC,35-44,Creator,English,1
5412,viewer_05412,viewer05412@example.invalid,,20230608,France,Europe,18-24,Paid Social,Japanese,0
5413,viewer_05413,viewer05413@example.invalid,,20231226,Germany,Europe,45+,Search,French,1
5414,viewer_05414,viewer05414@example.invalid,,20230416,Brazil,Latin America,25-34,Referral,German,1
5415,viewer_05415,viewer05415@example.invalid,,20251225,United States,North America,13-17,Organic,Portuguese,0
5416,viewer_05416,viewer05416@example.invalid,,20240429,Japan,APAC,35-44,Creator,Spanish,1
5417,viewer_05417,viewer05417@example.invalid,,20250705,Canada,North America,18-24,Paid Social,English,1
5418,viewer_05418,viewer05418@example.invalid,5062,20241011,Mexico,Latin America,45+,Search,Japanese,0
5419,viewer_05419,viewer05419@example.invalid,,20250323,Indonesia,APAC,25-34,Referral,French,1
5420,viewer_05420,viewer05420@example.invalid,,20250725,France,Europe,13-17,Organic,German,1
5421,viewer_05421,viewer05421@example.invalid,,20250208,Germany,Europe,35-44,Creator,Portuguese,0
5422,viewer_05422,viewer05422@example.invalid,,20231120,Brazil,Latin America,18-24,Paid Social,Spanish,1
5423,viewer_05423,viewer05423@example.invalid,,20240117,United States,North America,45+,Search,English,1
5424,viewer_05424,viewer05424@example.invalid,,20240304,Japan,APAC,25-34,Referral,Japanese,0
5425,viewer_05425,viewer05425@example.invalid,734,20240102,Canada,North America,13-17,Organic,French,1
5426,viewer_05426,viewer05426@example.invalid,,20251008,Mexico,Latin America,35-44,Creator,German,1
5427,viewer_05427,viewer05427@example.invalid,,20230208,Indonesia,APAC,18-24,Paid Social,Portuguese,0
5428,viewer_05428,viewer05428@example.invalid,,20230817,France,Europe,45+,Search,Spanish,1
5429,viewer_05429,viewer05429@example.invalid,,20250904,Germany,Europe,25-34,Referral,English,1
5430,viewer_05430,viewer05430@example.invalid,,20230912,Brazil,Latin America,13-17,Organic,Japanese,0
5431,viewer_05431,viewer05431@example.invalid,,20230830,United States,North America,35-44,Creator,French,1
5432,viewer_05432,viewer05432@example.invalid,640,20231006,Japan,APAC,18-24,Paid Social,German,1
5433,viewer_05433,viewer05433@example.invalid,,20250112,Canada,North America,45+,Search,Portuguese,0
5434,viewer_05434,viewer05434@example.invalid,,20230727,Mexico,Latin America,25-34,Referral,Spanish,1
5435,viewer_05435,viewer05435@example.invalid,,20230802,Indonesia,APAC,13-17,Organic,English,1
5436,viewer_05436,viewer05436@example.invalid,,20230124,France,Europe,35-44,Creator,Japanese,0
5437,viewer_05437,viewer05437@example.invalid,,20250910,Germany,Europe,18-24,Paid Social,French,1
5438,viewer_05438,viewer05438@example.invalid,,20230128,Brazil,Latin America,45+,Search,German,1
5439,viewer_05439,viewer05439@example.invalid,1973,20250108,United States,North America,25-34,Referral,Portuguese,0
5440,viewer_05440,viewer05440@example.invalid,,20231018,Japan,APAC,13-17,Organic,Spanish,1
5441,viewer_05441,viewer05441@example.invalid,,20251122,Canada,North America,35-44,Creator,English,1
5442,viewer_05442,viewer05442@example.invalid,,20240421,Mexico,Latin America,18-24,Paid Social,Japanese,0
5443,viewer_05443,viewer05443@example.invalid,,20240919,Indonesia,APAC,45+,Search,French,1
5444,viewer_05444,viewer05444@example.invalid,,20250219,France,Europe,25-34,Referral,German,1
5445,viewer_05445,viewer05445@example.invalid,,20240501,Germany,Europe,13-17,Organic,Portuguese,0
5446,viewer_05446,viewer05446@example.invalid,4998,20240524,Brazil,Latin America,35-44,Creator,Spanish,1
5447,viewer_05447,viewer05447@example.invalid,,20240912,United States,North America,18-24,Paid Social,English,1
5448,viewer_05448,viewer05448@example.invalid,,20250703,Japan,APAC,45+,Search,Japanese,0
5449,viewer_05449,viewer05449@example.invalid,,20240111,Canada,North America,25-34,Referral,French,1
5450,viewer_05450,viewer05450@example.invalid,,20240812,Mexico,Latin America,13-17,Organic,German,1
5451,viewer_05451,viewer05451@example.invalid,,20251220,Indonesia,APAC,35-44,Creator,Portuguese,0
5452,viewer_05452,viewer05452@example.invalid,,20240109,France,Europe,18-24,Paid Social,Spanish,1
5453,viewer_05453,viewer05453@example.invalid,3632,20250319,Germany,Europe,45+,Search,English,1
5454,viewer_05454,viewer05454@example.invalid,,20250127,Brazil,Latin America,25-34,Referral,Japanese,0
5455,viewer_05455,viewer05455@example.invalid,,20250613,United States,North America,13-17,Organic,French,1
5456,viewer_05456,viewer05456@example.invalid,,20250806,Japan,APAC,35-44,Creator,German,1
5457,viewer_05457,viewer05457@example.invalid,,20241113,Canada,North America,18-24,Paid Social,Portuguese,0
5458,viewer_05458,viewer05458@example.invalid,,20240814,Mexico,Latin America,45+,Search,Spanish,1
5459,viewer_05459,viewer05459@example.invalid,,20230804,Indonesia,APAC,25-34,Referral,English,1
5460,viewer_05460,viewer05460@example.invalid,3385,20240730,France,Europe,13-17,Organic,Japanese,0
5461,viewer_05461,viewer05461@example.invalid,,20240918,Germany,Europe,35-44,Creator,French,1
5462,viewer_05462,viewer05462@example.invalid,,20250517,Brazil,Latin America,18-24,Paid Social,German,1
5463,viewer_05463,viewer05463@example.invalid,,20230910,United States,North America,45+,Search,Portuguese,0
5464,viewer_05464,viewer05464@example.invalid,,20231002,Japan,APAC,25-34,Referral,Spanish,1
5465,viewer_05465,viewer05465@example.invalid,,20230623,Canada,North America,13-17,Organic,English,1
5466,viewer_05466,viewer05466@example.invalid,,20250707,Mexico,Latin America,35-44,Creator,Japanese,0
5467,viewer_05467,viewer05467@example.invalid,2687,20230114,Indonesia,APAC,18-24,Paid Social,French,1
5468,viewer_05468,viewer05468@example.invalid,,20231212,France,Europe,45+,Search,German,1
5469,viewer_05469,viewer05469@example.invalid,,20230612,Germany,Europe,25-34,Referral,Portuguese,0
5470,viewer_05470,viewer05470@example.invalid,,20230501,Brazil,Latin America,13-17,Organic,Spanish,1
5471,viewer_05471,viewer05471@example.invalid,,20231022,United States,North America,35-44,Creator,English,1
5472,viewer_05472,viewer05472@example.invalid,,20251111,Japan,APAC,18-24,Paid Social,Japanese,0
5473,viewer_05473,viewer05473@example.invalid,,20230531,Canada,North America,45+,Search,French,1
5474,viewer_05474,viewer05474@example.invalid,5268,20250430,Mexico,Latin America,25-34,Referral,German,1
5475,viewer_05475,viewer05475@example.invalid,,20250529,Indonesia,APAC,13-17,Organic,Portuguese,0
5476,viewer_05476,viewer05476@example.invalid,,20240905,France,Europe,35-44,Creator,Spanish,1
5477,viewer_05477,viewer05477@example.invalid,,20240701,Germany,Europe,18-24,Paid Social,English,1
5478,viewer_05478,viewer05478@example.invalid,,20240926,Brazil,Latin America,45+,Search,Japanese,0
5479,viewer_05479,viewer05479@example.invalid,,20241104,United States,North America,25-34,Referral,French,1
5480,viewer_05480,viewer05480@example.invalid,,20230602,Japan,APAC,13-17,Organic,German,1
5481,viewer_05481,viewer05481@example.invalid,5187,20250522,Canada,North America,35-44,Creator,Portuguese,0
5482,viewer_05482,viewer05482@example.invalid,,20240706,Mexico,Latin America,18-24,Paid Social,Spanish,1
5483,viewer_05483,viewer05483@example.invalid,,20230308,Indonesia,APAC,45+,Search,English,1
5484,viewer_05484,viewer05484@example.invalid,,20231003,France,Europe,25-34,Referral,Japanese,0
5485,viewer_05485,viewer05485@example.invalid,,20250628,Germany,Europe,13-17,Organic,French,1
5486,viewer_05486,viewer05486@example.invalid,,20250127,Brazil,Latin America,35-44,Creator,German,1
5487,viewer_05487,viewer05487@example.invalid,,20241112,United States,North America,18-24,Paid Social,Portuguese,0
5488,viewer_05488,viewer05488@example.invalid,3415,20240922,Japan,APAC,45+,Search,Spanish,1
5489,viewer_05489,viewer05489@example.invalid,,20250216,Canada,North America,25-34,Referral,English,1
5490,viewer_05490,viewer05490@example.invalid,,20241219,Mexico,Latin America,13-17,Organic,Japanese,0
5491,viewer_05491,viewer05491@example.invalid,,20230722,Indonesia,APAC,35-44,Creator,French,1
5492,viewer_05492,viewer05492@example.invalid,,20230313,France,Europe,18-24,Paid Social,German,1
5493,viewer_05493,viewer05493@example.invalid,,20230417,Germany,Europe,45+,Search,Portuguese,0
5494,viewer_05494,viewer05494@example.invalid,,20240515,Brazil,Latin America,25-34,Referral,Spanish,1
5495,viewer_05495,viewer05495@example.invalid,4032,20240515,United States,North America,13-17,Organic,English,1
5496,viewer_05496,viewer05496@example.invalid,,20240226,Japan,APAC,35-44,Creator,Japanese,0
5497,viewer_05497,viewer05497@example.invalid,,20230716,Canada,North America,18-24,Paid Social,French,1
5498,viewer_05498,viewer05498@example.invalid,,20251225,Mexico,Latin America,45+,Search,German,1
5499,viewer_05499,viewer05499@example.invalid,,20250828,Indonesia,APAC,25-34,Referral,Portuguese,0
5500,viewer_05500,viewer05500@example.invalid,,20231230,France,Europe,13-17,Organic,Spanish,1
5501,viewer_05501,viewer05501@example.invalid,,20250426,Germany,Europe,35-44,Creator,English,1
5502,viewer_05502,viewer05502@example.invalid,748,20230919,Brazil,Latin America,18-24,Paid Social,Japanese,0
5503,viewer_05503,viewer05503@example.invalid,,20250803,United States,North America,45+,Search,French,1
5504,viewer_05504,viewer05504@example.invalid,,20241222,Japan,APAC,25-34,Referral,German,1
5505,viewer_05505,viewer05505@example.invalid,,20230719,Canada,North America,13-17,Organic,Portuguese,0
5506,viewer_05506,viewer05506@example.invalid,,20250120,Mexico,Latin America,35-44,Creator,Spanish,1
5507,viewer_05507,viewer05507@example.invalid,,20230624,Indonesia,APAC,18-24,Paid Social,English,1
5508,viewer_05508,viewer05508@example.invalid,,20240318,France,Europe,45+,Search,Japanese,0
5509,viewer_05509,viewer05509@example.invalid,292,20230404,Germany,Europe,25-34,Referral,French,1
5510,viewer_05510,viewer05510@example.invalid,,20250513,Brazil,Latin America,13-17,Organic,German,1
5511,viewer_05511,viewer05511@example.invalid,,20230113,United States,North America,35-44,Creator,Portuguese,0
5512,viewer_05512,viewer05512@example.invalid,,20241121,Japan,APAC,18-24,Paid Social,Spanish,1
5513,viewer_05513,viewer05513@example.invalid,,20240820,Canada,North America,45+,Search,English,1
5514,viewer_05514,viewer05514@example.invalid,,20240903,Mexico,Latin America,25-34,Referral,Japanese,0
5515,viewer_05515,viewer05515@example.invalid,,20240621,Indonesia,APAC,13-17,Organic,French,1
5516,viewer_05516,viewer05516@example.invalid,5344,20230826,France,Europe,35-44,Creator,German,1
5517,viewer_05517,viewer05517@example.invalid,,20240722,Germany,Europe,18-24,Paid Social,Portuguese,0
5518,viewer_05518,viewer05518@example.invalid,,20240520,Brazil,Latin America,45+,Search,Spanish,1
5519,viewer_05519,viewer05519@example.invalid,,20230324,United States,North America,25-34,Referral,English,1
5520,viewer_05520,viewer05520@example.invalid,,20230422,Japan,APAC,13-17,Organic,Japanese,0
5521,viewer_05521,viewer05521@example.invalid,,20250526,Canada,North America,35-44,Creator,French,1
5522,viewer_05522,viewer05522@example.invalid,,20250825,Mexico,Latin America,18-24,Paid Social,German,1
5523,viewer_05523,viewer05523@example.invalid,1453,20240925,Indonesia,APAC,45+,Search,Portuguese,0
5524,viewer_05524,viewer05524@example.invalid,,20230106,France,Europe,25-34,Referral,Spanish,1
5525,viewer_05525,viewer05525@example.invalid,,20241204,Germany,Europe,13-17,Organic,English,1
5526,viewer_05526,viewer05526@example.invalid,,20250303,Brazil,Latin America,35-44,Creator,Japanese,0
5527,viewer_05527,viewer05527@example.invalid,,20240822,United States,North America,18-24,Paid Social,French,1
5528,viewer_05528,viewer05528@example.invalid,,20230203,Japan,APAC,45+,Search,German,1
5529,viewer_05529,viewer05529@example.invalid,,20240812,Canada,North America,25-34,Referral,Portuguese,0
5530,viewer_05530,viewer05530@example.invalid,2876,20230826,Mexico,Latin America,13-17,Organic,Spanish,1
5531,viewer_05531,viewer05531@example.invalid,,20250403,Indonesia,APAC,35-44,Creator,English,1
5532,viewer_05532,viewer05532@example.invalid,,20251214,France,Europe,18-24,Paid Social,Japanese,0
5533,viewer_05533,viewer05533@example.invalid,,20250723,Germany,Europe,45+,Search,French,1
5534,viewer_05534,viewer05534@example.invalid,,20241211,Brazil,Latin America,25-34,Referral,German,1
5535,viewer_05535,viewer05535@example.invalid,,20231223,United States,North America,13-17,Organic,Portuguese,0
5536,viewer_05536,viewer05536@example.invalid,,20250108,Japan,APAC,35-44,Creator,Spanish,1
5537,viewer_05537,viewer05537@example.invalid,2575,20230216,Canada,North America,18-24,Paid Social,English,1
5538,viewer_05538,viewer05538@example.invalid,,20231216,Mexico,Latin America,45+,Search,Japanese,0
5539,viewer_05539,viewer05539@example.invalid,,20250724,Indonesia,APAC,25-34,Referral,French,1
5540,viewer_05540,viewer05540@example.invalid,,20250321,France,Europe,13-17,Organic,German,1
5541,viewer_05541,viewer05541@example.invalid,,20241129,Germany,Europe,35-44,Creator,Portuguese,0
5542,viewer_05542,viewer05542@example.invalid,,20250912,Brazil,Latin America,18-24,Paid Social,Spanish,1
5543,viewer_05543,viewer05543@example.invalid,,20251118,United States,North America,45+,Search,English,1
5544,viewer_05544,viewer05544@example.invalid,25,20250721,Japan,APAC,25-34,Referral,Japanese,0
5545,viewer_05545,viewer05545@example.invalid,,20230701,Canada,North America,13-17,Organic,French,1
5546,viewer_05546,viewer05546@example.invalid,,20240302,Mexico,Latin America,35-44,Creator,German,1
5547,viewer_05547,viewer05547@example.invalid,,20230619,Indonesia,APAC,18-24,Paid Social,Portuguese,0
5548,viewer_05548,viewer05548@example.invalid,,20240421,France,Europe,45+,Search,Spanish,1
5549,viewer_05549,viewer05549@example.invalid,,20240327,Germany,Europe,25-34,Referral,English,1
5550,viewer_05550,viewer05550@example.invalid,,20251009,Brazil,Latin America,13-17,Organic,Japanese,0
5551,viewer_05551,viewer05551@example.invalid,2238,20240528,United States,North America,35-44,Creator,French,1
5552,viewer_05552,viewer05552@example.invalid,,20251201,Japan,APAC,18-24,Paid Social,German,1
5553,viewer_05553,viewer05553@example.invalid,,20230924,Canada,North America,45+,Search,Portuguese,0
5554,viewer_05554,viewer05554@example.invalid,,20230327,Mexico,Latin America,25-34,Referral,Spanish,1
5555,viewer_05555,viewer05555@example.invalid,,20251119,Indonesia,APAC,13-17,Organic,English,1
5556,viewer_05556,viewer05556@example.invalid,,20231002,France,Europe,35-44,Creator,Japanese,0
5557,viewer_05557,viewer05557@example.invalid,,20230319,Germany,Europe,18-24,Paid Social,French,1
5558,viewer_05558,viewer05558@example.invalid,2893,20230423,Brazil,Latin America,45+,Search,German,1
5559,viewer_05559,viewer05559@example.invalid,,20240211,United States,North America,25-34,Referral,Portuguese,0
5560,viewer_05560,viewer05560@example.invalid,,20231020,Japan,APAC,13-17,Organic,Spanish,1
5561,viewer_05561,viewer05561@example.invalid,,20240904,Canada,North America,35-44,Creator,English,1
5562,viewer_05562,viewer05562@example.invalid,,20240924,Mexico,Latin America,18-24,Paid Social,Japanese,0
5563,viewer_05563,viewer05563@example.invalid,,20240205,Indonesia,APAC,45+,Search,French,1
5564,viewer_05564,viewer05564@example.invalid,,20240310,France,Europe,25-34,Referral,German,1
5565,viewer_05565,viewer05565@example.invalid,2873,20240721,Germany,Europe,13-17,Organic,Portuguese,0
5566,viewer_05566,viewer05566@example.invalid,,20251028,Brazil,Latin America,35-44,Creator,Spanish,1
5567,viewer_05567,viewer05567@example.invalid,,20230602,United States,North America,18-24,Paid Social,English,1
5568,viewer_05568,viewer05568@example.invalid,,20250815,Japan,APAC,45+,Search,Japanese,0
5569,viewer_05569,viewer05569@example.invalid,,20230313,Canada,North America,25-34,Referral,French,1
5570,viewer_05570,viewer05570@example.invalid,,20240926,Mexico,Latin America,13-17,Organic,German,1
5571,viewer_05571,viewer05571@example.invalid,,20241110,Indonesia,APAC,35-44,Creator,Portuguese,0
5572,viewer_05572,viewer05572@example.invalid,3102,20241020,France,Europe,18-24,Paid Social,Spanish,1
5573,viewer_05573,viewer05573@example.invalid,,20230327,Germany,Europe,45+,Search,English,1
5574,viewer_05574,viewer05574@example.invalid,,20240717,Brazil,Latin America,25-34,Referral,Japanese,0
5575,viewer_05575,viewer05575@example.invalid,,20250705,United States,North America,13-17,Organic,French,1
5576,viewer_05576,viewer05576@example.invalid,,20240720,Japan,APAC,35-44,Creator,German,1
5577,viewer_05577,viewer05577@example.invalid,,20250814,Canada,North America,18-24,Paid Social,Portuguese,0
5578,viewer_05578,viewer05578@example.invalid,,20250819,Mexico,Latin America,45+,Search,Spanish,1
5579,viewer_05579,viewer05579@example.invalid,309,20240901,Indonesia,APAC,25-34,Referral,English,1
5580,viewer_05580,viewer05580@example.invalid,,20240521,France,Europe,13-17,Organic,Japanese,0
5581,viewer_05581,viewer05581@example.invalid,,20250320,Germany,Europe,35-44,Creator,French,1
5582,viewer_05582,viewer05582@example.invalid,,20240420,Brazil,Latin America,18-24,Paid Social,German,1
5583,viewer_05583,viewer05583@example.invalid,,20240403,United States,North America,45+,Search,Portuguese,0
5584,viewer_05584,viewer05584@example.invalid,,20240601,Japan,APAC,25-34,Referral,Spanish,1
5585,viewer_05585,viewer05585@example.invalid,,20230325,Canada,North America,13-17,Organic,English,1
5586,viewer_05586,viewer05586@example.invalid,2744,20240731,Mexico,Latin America,35-44,Creator,Japanese,0
5587,viewer_05587,viewer05587@example.invalid,,20230403,Indonesia,APAC,18-24,Paid Social,French,1
5588,viewer_05588,viewer05588@example.invalid,,20230821,France,Europe,45+,Search,German,1
5589,viewer_05589,viewer05589@example.invalid,,20240302,Germany,Europe,25-34,Referral,Portuguese,0
5590,viewer_05590,viewer05590@example.invalid,,20231010,Brazil,Latin America,13-17,Organic,Spanish,1
5591,viewer_05591,viewer05591@example.invalid,,20250716,United States,North America,35-44,Creator,English,1
5592,viewer_05592,viewer05592@example.invalid,,20250321,Japan,APAC,18-24,Paid Social,Japanese,0
5593,viewer_05593,viewer05593@example.invalid,4690,20230608,Canada,North America,45+,Search,French,1
5594,viewer_05594,viewer05594@example.invalid,,20230625,Mexico,Latin America,25-34,Referral,German,1
5595,viewer_05595,viewer05595@example.invalid,,20241215,Indonesia,APAC,13-17,Organic,Portuguese,0
5596,viewer_05596,viewer05596@example.invalid,,20230616,France,Europe,35-44,Creator,Spanish,1
5597,viewer_05597,viewer05597@example.invalid,,20251031,Germany,Europe,18-24,Paid Social,English,1
5598,viewer_05598,viewer05598@example.invalid,,20230410,Brazil,Latin America,45+,Search,Japanese,0
5599,viewer_05599,viewer05599@example.invalid,,20250921,United States,North America,25-34,Referral,French,1
5600,viewer_05600,viewer05600@example.invalid,611,20230625,Japan,APAC,13-17,Organic,German,1
5601,viewer_05601,viewer05601@example.invalid,,20230713,Canada,North America,35-44,Creator,Portuguese,0
5602,viewer_05602,viewer05602@example.invalid,,20230616,Mexico,Latin America,18-24,Paid Social,Spanish,1
5603,viewer_05603,viewer05603@example.invalid,,20251204,Indonesia,APAC,45+,Search,English,1
5604,viewer_05604,viewer05604@example.invalid,,20250904,France,Europe,25-34,Referral,Japanese,0
5605,viewer_05605,viewer05605@example.invalid,,20240206,Germany,Europe,13-17,Organic,French,1
5606,viewer_05606,viewer05606@example.invalid,,20240221,Brazil,Latin America,35-44,Creator,German,1
5607,viewer_05607,viewer05607@example.invalid,3719,20231107,United States,North America,18-24,Paid Social,Portuguese,0
5608,viewer_05608,viewer05608@example.invalid,,20240611,Japan,APAC,45+,Search,Spanish,1
5609,viewer_05609,viewer05609@example.invalid,,20240314,Canada,North America,25-34,Referral,English,1
5610,viewer_05610,viewer05610@example.invalid,,20250824,Mexico,Latin America,13-17,Organic,Japanese,0
5611,viewer_05611,viewer05611@example.invalid,,20250901,Indonesia,APAC,35-44,Creator,French,1
5612,viewer_05612,viewer05612@example.invalid,,20231121,France,Europe,18-24,Paid Social,German,1
5613,viewer_05613,viewer05613@example.invalid,,20230402,Germany,Europe,45+,Search,Portuguese,0
5614,viewer_05614,viewer05614@example.invalid,4205,20240419,Brazil,Latin America,25-34,Referral,Spanish,1
5615,viewer_05615,viewer05615@example.invalid,,20240124,United States,North America,13-17,Organic,English,1
5616,viewer_05616,viewer05616@example.invalid,,20250728,Japan,APAC,35-44,Creator,Japanese,0
5617,viewer_05617,viewer05617@example.invalid,,20230214,Canada,North America,18-24,Paid Social,French,1
5618,viewer_05618,viewer05618@example.invalid,,20251225,Mexico,Latin America,45+,Search,German,1
5619,viewer_05619,viewer05619@example.invalid,,20240212,Indonesia,APAC,25-34,Referral,Portuguese,0
5620,viewer_05620,viewer05620@example.invalid,,20240526,France,Europe,13-17,Organic,Spanish,1
5621,viewer_05621,viewer05621@example.invalid,3718,20240124,Germany,Europe,35-44,Creator,English,1
5622,viewer_05622,viewer05622@example.invalid,,20251108,Brazil,Latin America,18-24,Paid Social,Japanese,0
5623,viewer_05623,viewer05623@example.invalid,,20230810,United States,North America,45+,Search,French,1
5624,viewer_05624,viewer05624@example.invalid,,20251002,Japan,APAC,25-34,Referral,German,1
5625,viewer_05625,viewer05625@example.invalid,,20230228,Canada,North America,13-17,Organic,Portuguese,0
5626,viewer_05626,viewer05626@example.invalid,,20230207,Mexico,Latin America,35-44,Creator,Spanish,1
5627,viewer_05627,viewer05627@example.invalid,,20250111,Indonesia,APAC,18-24,Paid Social,English,1
5628,viewer_05628,viewer05628@example.invalid,1038,20250111,France,Europe,45+,Search,Japanese,0
5629,viewer_05629,viewer05629@example.invalid,,20250428,Germany,Europe,25-34,Referral,French,1
5630,viewer_05630,viewer05630@example.invalid,,20241006,Brazil,Latin America,13-17,Organic,German,1
5631,viewer_05631,viewer05631@example.invalid,,20240331,United States,North America,35-44,Creator,Portuguese,0
5632,viewer_05632,viewer05632@example.invalid,,20241209,Japan,APAC,18-24,Paid Social,Spanish,1
5633,viewer_05633,viewer05633@example.invalid,,20240501,Canada,North America,45+,Search,English,1
5634,viewer_05634,viewer05634@example.invalid,,20240909,Mexico,Latin America,25-34,Referral,Japanese,0
5635,viewer_05635,viewer05635@example.invalid,3954,20241014,Indonesia,APAC,13-17,Organic,French,1
5636,viewer_05636,viewer05636@example.invalid,,20251201,France,Europe,35-44,Creator,German,1
5637,viewer_05637,viewer05637@example.invalid,,20240128,Germany,Europe,18-24,Paid Social,Portuguese,0
5638,viewer_05638,viewer05638@example.invalid,,20251003,Brazil,Latin America,45+,Search,Spanish,1
5639,viewer_05639,viewer05639@example.invalid,,20250224,United States,North America,25-34,Referral,English,1
5640,viewer_05640,viewer05640@example.invalid,,20230423,Japan,APAC,13-17,Organic,Japanese,0
5641,viewer_05641,viewer05641@example.invalid,,20250605,Canada,North America,35-44,Creator,French,1
5642,viewer_05642,viewer05642@example.invalid,2442,20230601,Mexico,Latin America,18-24,Paid Social,German,1
5643,viewer_05643,viewer05643@example.invalid,,20230408,Indonesia,APAC,45+,Search,Portuguese,0
5644,viewer_05644,viewer05644@example.invalid,,20231022,France,Europe,25-34,Referral,Spanish,1
5645,viewer_05645,viewer05645@example.invalid,,20240911,Germany,Europe,13-17,Organic,English,1
5646,viewer_05646,viewer05646@example.invalid,,20240831,Brazil,Latin America,35-44,Creator,Japanese,0
5647,viewer_05647,viewer05647@example.invalid,,20240313,United States,North America,18-24,Paid Social,French,1
5648,viewer_05648,viewer05648@example.invalid,,20250605,Japan,APAC,45+,Search,German,1
5649,viewer_05649,viewer05649@example.invalid,3979,20231225,Canada,North America,25-34,Referral,Portuguese,0
5650,viewer_05650,viewer05650@example.invalid,,20251212,Mexico,Latin America,13-17,Organic,Spanish,1
5651,viewer_05651,viewer05651@example.invalid,,20250301,Indonesia,APAC,35-44,Creator,English,1
5652,viewer_05652,viewer05652@example.invalid,,20240912,France,Europe,18-24,Paid Social,Japanese,0
5653,viewer_05653,viewer05653@example.invalid,,20230711,Germany,Europe,45+,Search,French,1
5654,viewer_05654,viewer05654@example.invalid,,20240122,Brazil,Latin America,25-34,Referral,German,1
5655,viewer_05655,viewer05655@example.invalid,,20250106,United States,North America,13-17,Organic,Portuguese,0
5656,viewer_05656,viewer05656@example.invalid,1645,20231207,Japan,APAC,35-44,Creator,Spanish,1
5657,viewer_05657,viewer05657@example.invalid,,20240609,Canada,North America,18-24,Paid Social,English,1
5658,viewer_05658,viewer05658@example.invalid,,20250127,Mexico,Latin America,45+,Search,Japanese,0
5659,viewer_05659,viewer05659@example.invalid,,20251218,Indonesia,APAC,25-34,Referral,French,1
5660,viewer_05660,viewer05660@example.invalid,,20241021,France,Europe,13-17,Organic,German,1
5661,viewer_05661,viewer05661@example.invalid,,20250505,Germany,Europe,35-44,Creator,Portuguese,0
5662,viewer_05662,viewer05662@example.invalid,,20240613,Brazil,Latin America,18-24,Paid Social,Spanish,1
5663,viewer_05663,viewer05663@example.invalid,3551,20240424,United States,North America,45+,Search,English,1
5664,viewer_05664,viewer05664@example.invalid,,20240723,Japan,APAC,25-34,Referral,Japanese,0
5665,viewer_05665,viewer05665@example.invalid,,20230120,Canada,North America,13-17,Organic,French,1
5666,viewer_05666,viewer05666@example.invalid,,20240823,Mexico,Latin America,35-44,Creator,German,1
5667,viewer_05667,viewer05667@example.invalid,,20241028,Indonesia,APAC,18-24,Paid Social,Portuguese,0
5668,viewer_05668,viewer05668@example.invalid,,20241003,France,Europe,45+,Search,Spanish,1
5669,viewer_05669,viewer05669@example.invalid,,20250305,Germany,Europe,25-34,Referral,English,1
5670,viewer_05670,viewer05670@example.invalid,4106,20230618,Brazil,Latin America,13-17,Organic,Japanese,0
5671,viewer_05671,viewer05671@example.invalid,,20230308,United States,North America,35-44,Creator,French,1
5672,viewer_05672,viewer05672@example.invalid,,20250924,Japan,APAC,18-24,Paid Social,German,1
5673,viewer_05673,viewer05673@example.invalid,,20251112,Canada,North America,45+,Search,Portuguese,0
5674,viewer_05674,viewer05674@example.invalid,,20250515,Mexico,Latin America,25-34,Referral,Spanish,1
5675,viewer_05675,viewer05675@example.invalid,,20250916,Indonesia,APAC,13-17,Organic,English,1
5676,viewer_05676,viewer05676@example.invalid,,20251016,France,Europe,35-44,Creator,Japanese,0
5677,viewer_05677,viewer05677@example.invalid,4462,20230604,Germany,Europe,18-24,Paid Social,French,1
5678,viewer_05678,viewer05678@example.invalid,,20250503,Brazil,Latin America,45+,Search,German,1
5679,viewer_05679,viewer05679@example.invalid,,20231126,United States,North America,25-34,Referral,Portuguese,0
5680,viewer_05680,viewer05680@example.invalid,,20231108,Japan,APAC,13-17,Organic,Spanish,1
5681,viewer_05681,viewer05681@example.invalid,,20231011,Canada,North America,35-44,Creator,English,1
5682,viewer_05682,viewer05682@example.invalid,,20250114,Mexico,Latin America,18-24,Paid Social,Japanese,0
5683,viewer_05683,viewer05683@example.invalid,,20230105,Indonesia,APAC,45+,Search,French,1
5684,viewer_05684,viewer05684@example.invalid,4580,20251220,France,Europe,25-34,Referral,German,1
5685,viewer_05685,viewer05685@example.invalid,,20230803,Germany,Europe,13-17,Organic,Portuguese,0
5686,viewer_05686,viewer05686@example.invalid,,20250811,Brazil,Latin America,35-44,Creator,Spanish,1
5687,viewer_05687,viewer05687@example.invalid,,20240315,United States,North America,18-24,Paid Social,English,1
5688,viewer_05688,viewer05688@example.invalid,,20230302,Japan,APAC,45+,Search,Japanese,0
5689,viewer_05689,viewer05689@example.invalid,,20230607,Canada,North America,25-34,Referral,French,1
5690,viewer_05690,viewer05690@example.invalid,,20240525,Mexico,Latin America,13-17,Organic,German,1
5691,viewer_05691,viewer05691@example.invalid,5635,20241011,Indonesia,APAC,35-44,Creator,Portuguese,0
5692,viewer_05692,viewer05692@example.invalid,,20251014,France,Europe,18-24,Paid Social,Spanish,1
5693,viewer_05693,viewer05693@example.invalid,,20250312,Germany,Europe,45+,Search,English,1
5694,viewer_05694,viewer05694@example.invalid,,20250604,Brazil,Latin America,25-34,Referral,Japanese,0
5695,viewer_05695,viewer05695@example.invalid,,20241230,United States,North America,13-17,Organic,French,1
5696,viewer_05696,viewer05696@example.invalid,,20230820,Japan,APAC,35-44,Creator,German,1
5697,viewer_05697,viewer05697@example.invalid,,20230727,Canada,North America,18-24,Paid Social,Portuguese,0
5698,viewer_05698,viewer05698@example.invalid,2617,20250119,Mexico,Latin America,45+,Search,Spanish,1
5699,viewer_05699,viewer05699@example.invalid,,20250725,Indonesia,APAC,25-34,Referral,English,1
5700,viewer_05700,viewer05700@example.invalid,,20240912,France,Europe,13-17,Organic,Japanese,0
5701,viewer_05701,viewer05701@example.invalid,,20240111,Germany,Europe,35-44,Creator,French,1
5702,viewer_05702,viewer05702@example.invalid,,20230909,Brazil,Latin America,18-24,Paid Social,German,1
5703,viewer_05703,viewer05703@example.invalid,,20230526,United States,North America,45+,Search,Portuguese,0
5704,viewer_05704,viewer05704@example.invalid,,20250114,Japan,APAC,25-34,Referral,Spanish,1
5705,viewer_05705,viewer05705@example.invalid,1078,20240107,Canada,North America,13-17,Organic,English,1
5706,viewer_05706,viewer05706@example.invalid,,20230706,Mexico,Latin America,35-44,Creator,Japanese,0
5707,viewer_05707,viewer05707@example.invalid,,20230626,Indonesia,APAC,18-24,Paid Social,French,1
5708,viewer_05708,viewer05708@example.invalid,,20230218,France,Europe,45+,Search,German,1
5709,viewer_05709,viewer05709@example.invalid,,20230415,Germany,Europe,25-34,Referral,Portuguese,0
5710,viewer_05710,viewer05710@example.invalid,,20251223,Brazil,Latin America,13-17,Organic,Spanish,1
5711,viewer_05711,viewer05711@example.invalid,,20250105,United States,North America,35-44,Creator,English,1
5712,viewer_05712,viewer05712@example.invalid,2254,20230515,Japan,APAC,18-24,Paid Social,Japanese,0
5713,viewer_05713,viewer05713@example.invalid,,20230929,Canada,North America,45+,Search,French,1
5714,viewer_05714,viewer05714@example.invalid,,20250418,Mexico,Latin America,25-34,Referral,German,1
5715,viewer_05715,viewer05715@example.invalid,,20250117,Indonesia,APAC,13-17,Organic,Portuguese,0
5716,viewer_05716,viewer05716@example.invalid,,20230927,France,Europe,35-44,Creator,Spanish,1
5717,viewer_05717,viewer05717@example.invalid,,20241231,Germany,Europe,18-24,Paid Social,English,1
5718,viewer_05718,viewer05718@example.invalid,,20250318,Brazil,Latin America,45+,Search,Japanese,0
5719,viewer_05719,viewer05719@example.invalid,3247,20241110,United States,North America,25-34,Referral,French,1
5720,viewer_05720,viewer05720@example.invalid,,20250127,Japan,APAC,13-17,Organic,German,1
5721,viewer_05721,viewer05721@example.invalid,,20231011,Canada,North America,35-44,Creator,Portuguese,0
5722,viewer_05722,viewer05722@example.invalid,,20250425,Mexico,Latin America,18-24,Paid Social,Spanish,1
5723,viewer_05723,viewer05723@example.invalid,,20250829,Indonesia,APAC,45+,Search,English,1
5724,viewer_05724,viewer05724@example.invalid,,20230116,France,Europe,25-34,Referral,Japanese,0
5725,viewer_05725,viewer05725@example.invalid,,20250811,Germany,Europe,13-17,Organic,French,1
5726,viewer_05726,viewer05726@example.invalid,4571,20250528,Brazil,Latin America,35-44,Creator,German,1
5727,viewer_05727,viewer05727@example.invalid,,20251207,United States,North America,18-24,Paid Social,Portuguese,0
5728,viewer_05728,viewer05728@example.invalid,,20231230,Japan,APAC,45+,Search,Spanish,1
5729,viewer_05729,viewer05729@example.invalid,,20240224,Canada,North America,25-34,Referral,English,1
5730,viewer_05730,viewer05730@example.invalid,,20240804,Mexico,Latin America,13-17,Organic,Japanese,0
5731,viewer_05731,viewer05731@example.invalid,,20250605,Indonesia,APAC,35-44,Creator,French,1
5732,viewer_05732,viewer05732@example.invalid,,20240927,France,Europe,18-24,Paid Social,German,1
5733,viewer_05733,viewer05733@example.invalid,425,20241024,Germany,Europe,45+,Search,Portuguese,0
5734,viewer_05734,viewer05734@example.invalid,,20250427,Brazil,Latin America,25-34,Referral,Spanish,1
5735,viewer_05735,viewer05735@example.invalid,,20240210,United States,North America,13-17,Organic,English,1
5736,viewer_05736,viewer05736@example.invalid,,20250910,Japan,APAC,35-44,Creator,Japanese,0
5737,viewer_05737,viewer05737@example.invalid,,20230713,Canada,North America,18-24,Paid Social,French,1
5738,viewer_05738,viewer05738@example.invalid,,20240610,Mexico,Latin America,45+,Search,German,1
5739,viewer_05739,viewer05739@example.invalid,,20231216,Indonesia,APAC,25-34,Referral,Portuguese,0
5740,viewer_05740,viewer05740@example.invalid,4391,20240214,France,Europe,13-17,Organic,Spanish,1
5741,viewer_05741,viewer05741@example.invalid,,20250712,Germany,Europe,35-44,Creator,English,1
5742,viewer_05742,viewer05742@example.invalid,,20240129,Brazil,Latin America,18-24,Paid Social,Japanese,0
5743,viewer_05743,viewer05743@example.invalid,,20250607,United States,North America,45+,Search,French,1
5744,viewer_05744,viewer05744@example.invalid,,20250909,Japan,APAC,25-34,Referral,German,1
5745,viewer_05745,viewer05745@example.invalid,,20231125,Canada,North America,13-17,Organic,Portuguese,0
5746,viewer_05746,viewer05746@example.invalid,,20231223,Mexico,Latin America,35-44,Creator,Spanish,1
5747,viewer_05747,viewer05747@example.invalid,504,20240722,Indonesia,APAC,18-24,Paid Social,English,1
5748,viewer_05748,viewer05748@example.invalid,,20240123,France,Europe,45+,Search,Japanese,0
5749,viewer_05749,viewer05749@example.invalid,,20230817,Germany,Europe,25-34,Referral,French,1
5750,viewer_05750,viewer05750@example.invalid,,20250523,Brazil,Latin America,13-17,Organic,German,1
5751,viewer_05751,viewer05751@example.invalid,,20240229,United States,North America,35-44,Creator,Portuguese,0
5752,viewer_05752,viewer05752@example.invalid,,20241104,Japan,APAC,18-24,Paid Social,Spanish,1
5753,viewer_05753,viewer05753@example.invalid,,20240630,Canada,North America,45+,Search,English,1
5754,viewer_05754,viewer05754@example.invalid,1939,20240303,Mexico,Latin America,25-34,Referral,Japanese,0
5755,viewer_05755,viewer05755@example.invalid,,20250519,Indonesia,APAC,13-17,Organic,French,1
5756,viewer_05756,viewer05756@example.invalid,,20241219,France,Europe,35-44,Creator,German,1
5757,viewer_05757,viewer05757@example.invalid,,20251112,Germany,Europe,18-24,Paid Social,Portuguese,0
5758,viewer_05758,viewer05758@example.invalid,,20231006,Brazil,Latin America,45+,Search,Spanish,1
5759,viewer_05759,viewer05759@example.invalid,,20230702,United States,North America,25-34,Referral,English,1
5760,viewer_05760,viewer05760@example.invalid,,20230423,Japan,APAC,13-17,Organic,Japanese,0
5761,viewer_05761,viewer05761@example.invalid,288,20230304,Canada,North America,35-44,Creator,French,1
5762,viewer_05762,viewer05762@example.invalid,,20230415,Mexico,Latin America,18-24,Paid Social,German,1
5763,viewer_05763,viewer05763@example.invalid,,20240807,Indonesia,APAC,45+,Search,Portuguese,0
5764,viewer_05764,viewer05764@example.invalid,,20230126,France,Europe,25-34,Referral,Spanish,1
5765,viewer_05765,viewer05765@example.invalid,,20250512,Germany,Europe,13-17,Organic,English,1
5766,viewer_05766,viewer05766@example.invalid,,20240601,Brazil,Latin America,35-44,Creator,Japanese,0
5767,viewer_05767,viewer05767@example.invalid,,20230429,United States,North America,18-24,Paid Social,French,1
5768,viewer_05768,viewer05768@example.invalid,3730,20230727,Japan,APAC,45+,Search,German,1
5769,viewer_05769,viewer05769@example.invalid,,20250719,Canada,North America,25-34,Referral,Portuguese,0
5770,viewer_05770,viewer05770@example.invalid,,20241005,Mexico,Latin America,13-17,Organic,Spanish,1
5771,viewer_05771,viewer05771@example.invalid,,20241001,Indonesia,APAC,35-44,Creator,English,1
5772,viewer_05772,viewer05772@example.invalid,,20240228,France,Europe,18-24,Paid Social,Japanese,0
5773,viewer_05773,viewer05773@example.invalid,,20240827,Germany,Europe,45+,Search,French,1
5774,viewer_05774,viewer05774@example.invalid,,20230814,Brazil,Latin America,25-34,Referral,German,1
5775,viewer_05775,viewer05775@example.invalid,2162,20250629,United States,North America,13-17,Organic,Portuguese,0
5776,viewer_05776,viewer05776@example.invalid,,20240306,Japan,APAC,35-44,Creator,Spanish,1
5777,viewer_05777,viewer05777@example.invalid,,20241221,Canada,North America,18-24,Paid Social,English,1
5778,viewer_05778,viewer05778@example.invalid,,20250902,Mexico,Latin America,45+,Search,Japanese,0
5779,viewer_05779,viewer05779@example.invalid,,20240301,Indonesia,APAC,25-34,Referral,French,1
5780,viewer_05780,viewer05780@example.invalid,,20251023,France,Europe,13-17,Organic,German,1
5781,viewer_05781,viewer05781@example.invalid,,20230907,Germany,Europe,35-44,Creator,Portuguese,0
5782,viewer_05782,viewer05782@example.invalid,4922,20230121,Brazil,Latin America,18-24,Paid Social,Spanish,1
5783,viewer_05783,viewer05783@example.invalid,,20240411,United States,North America,45+,Search,English,1
5784,viewer_05784,viewer05784@example.invalid,,20250607,Japan,APAC,25-34,Referral,Japanese,0
5785,viewer_05785,viewer05785@example.invalid,,20240511,Canada,North America,13-17,Organic,French,1
5786,viewer_05786,viewer05786@example.invalid,,20230823,Mexico,Latin America,35-44,Creator,German,1
5787,viewer_05787,viewer05787@example.invalid,,20231013,Indonesia,APAC,18-24,Paid Social,Portuguese,0
5788,viewer_05788,viewer05788@example.invalid,,20230806,France,Europe,45+,Search,Spanish,1
5789,viewer_05789,viewer05789@example.invalid,2443,20250223,Germany,Europe,25-34,Referral,English,1
5790,viewer_05790,viewer05790@example.invalid,,20250325,Brazil,Latin America,13-17,Organic,Japanese,0
5791,viewer_05791,viewer05791@example.invalid,,20250928,United States,North America,35-44,Creator,French,1
5792,viewer_05792,viewer05792@example.invalid,,20240514,Japan,APAC,18-24,Paid Social,German,1
5793,viewer_05793,viewer05793@example.invalid,,20230414,Canada,North America,45+,Search,Portuguese,0
5794,viewer_05794,viewer05794@example.invalid,,20250818,Mexico,Latin America,25-34,Referral,Spanish,1
5795,viewer_05795,viewer05795@example.invalid,,20250813,Indonesia,APAC,13-17,Organic,English,1
5796,viewer_05796,viewer05796@example.invalid,4708,20251209,France,Europe,35-44,Creator,Japanese,0
5797,viewer_05797,viewer05797@example.invalid,,20230929,Germany,Europe,18-24,Paid Social,French,1
5798,viewer_05798,viewer05798@example.invalid,,20230905,Brazil,Latin America,45+,Search,German,1
5799,viewer_05799,viewer05799@example.invalid,,20230826,United States,North America,25-34,Referral,Portuguese,0
5800,viewer_05800,viewer05800@example.invalid,,20230819,Japan,APAC,13-17,Organic,Spanish,1
5801,viewer_05801,viewer05801@example.invalid,,20240923,Canada,North America,35-44,Creator,English,1
5802,viewer_05802,viewer05802@example.invalid,,20230611,Mexico,Latin America,18-24,Paid Social,Japanese,0
5803,viewer_05803,viewer05803@example.invalid,3863,20250105,Indonesia,APAC,45+,Search,French,1
5804,viewer_05804,viewer05804@example.invalid,,20230912,France,Europe,25-34,Referral,German,1
5805,viewer_05805,viewer05805@example.invalid,,20231118,Germany,Europe,13-17,Organic,Portuguese,0
5806,viewer_05806,viewer05806@example.invalid,,20240504,Brazil,Latin America,35-44,Creator,Spanish,1
5807,viewer_05807,viewer05807@example.invalid,,20230713,United States,North America,18-24,Paid Social,English,1
5808,viewer_05808,viewer05808@example.invalid,,20250308,Japan,APAC,45+,Search,Japanese,0
5809,viewer_05809,viewer05809@example.invalid,,20240421,Canada,North America,25-34,Referral,French,1
5810,viewer_05810,viewer05810@example.invalid,1215,20250318,Mexico,Latin America,13-17,Organic,German,1
5811,viewer_05811,viewer05811@example.invalid,,20230224,Indonesia,APAC,35-44,Creator,Portuguese,0
5812,viewer_05812,viewer05812@example.invalid,,20231013,France,Europe,18-24,Paid Social,Spanish,1
5813,viewer_05813,viewer05813@example.invalid,,20231123,Germany,Europe,45+,Search,English,1
5814,viewer_05814,viewer05814@example.invalid,,20241121,Brazil,Latin America,25-34,Referral,Japanese,0
5815,viewer_05815,viewer05815@example.invalid,,20231006,United States,North America,13-17,Organic,French,1
5816,viewer_05816,viewer05816@example.invalid,,20250509,Japan,APAC,35-44,Creator,German,1
5817,viewer_05817,viewer05817@example.invalid,4950,20250505,Canada,North America,18-24,Paid Social,Portuguese,0
5818,viewer_05818,viewer05818@example.invalid,,20230920,Mexico,Latin America,45+,Search,Spanish,1
5819,viewer_05819,viewer05819@example.invalid,,20230717,Indonesia,APAC,25-34,Referral,English,1
5820,viewer_05820,viewer05820@example.invalid,,20230918,France,Europe,13-17,Organic,Japanese,0
5821,viewer_05821,viewer05821@example.invalid,,20230318,Germany,Europe,35-44,Creator,French,1
5822,viewer_05822,viewer05822@example.invalid,,20241103,Brazil,Latin America,18-24,Paid Social,German,1
5823,viewer_05823,viewer05823@example.invalid,,20240428,United States,North America,45+,Search,Portuguese,0
5824,viewer_05824,viewer05824@example.invalid,3422,20251229,Japan,APAC,25-34,Referral,Spanish,1
5825,viewer_05825,viewer05825@example.invalid,,20250313,Canada,North America,13-17,Organic,English,1
5826,viewer_05826,viewer05826@example.invalid,,20250816,Mexico,Latin America,35-44,Creator,Japanese,0
5827,viewer_05827,viewer05827@example.invalid,,20250121,Indonesia,APAC,18-24,Paid Social,French,1
5828,viewer_05828,viewer05828@example.invalid,,20230526,France,Europe,45+,Search,German,1
5829,viewer_05829,viewer05829@example.invalid,,20230410,Germany,Europe,25-34,Referral,Portuguese,0
5830,viewer_05830,viewer05830@example.invalid,,20230707,Brazil,Latin America,13-17,Organic,Spanish,1
5831,viewer_05831,viewer05831@example.invalid,2629,20240210,United States,North America,35-44,Creator,English,1
5832,viewer_05832,viewer05832@example.invalid,,20240725,Japan,APAC,18-24,Paid Social,Japanese,0
5833,viewer_05833,viewer05833@example.invalid,,20250107,Canada,North America,45+,Search,French,1
5834,viewer_05834,viewer05834@example.invalid,,20231103,Mexico,Latin America,25-34,Referral,German,1
5835,viewer_05835,viewer05835@example.invalid,,20240221,Indonesia,APAC,13-17,Organic,Portuguese,0
5836,viewer_05836,viewer05836@example.invalid,,20240917,France,Europe,35-44,Creator,Spanish,1
5837,viewer_05837,viewer05837@example.invalid,,20230724,Germany,Europe,18-24,Paid Social,English,1
5838,viewer_05838,viewer05838@example.invalid,657,20230816,Brazil,Latin America,45+,Search,Japanese,0
5839,viewer_05839,viewer05839@example.invalid,,20240726,United States,North America,25-34,Referral,French,1
5840,viewer_05840,viewer05840@example.invalid,,20240425,Japan,APAC,13-17,Organic,German,1
5841,viewer_05841,viewer05841@example.invalid,,20241021,Canada,North America,35-44,Creator,Portuguese,0
5842,viewer_05842,viewer05842@example.invalid,,20230705,Mexico,Latin America,18-24,Paid Social,Spanish,1
5843,viewer_05843,viewer05843@example.invalid,,20240229,Indonesia,APAC,45+,Search,English,1
5844,viewer_05844,viewer05844@example.invalid,,20250528,France,Europe,25-34,Referral,Japanese,0
5845,viewer_05845,viewer05845@example.invalid,940,20250511,Germany,Europe,13-17,Organic,French,1
5846,viewer_05846,viewer05846@example.invalid,,20250131,Brazil,Latin America,35-44,Creator,German,1
5847,viewer_05847,viewer05847@example.invalid,,20251118,United States,North America,18-24,Paid Social,Portuguese,0
5848,viewer_05848,viewer05848@example.invalid,,20240407,Japan,APAC,45+,Search,Spanish,1
5849,viewer_05849,viewer05849@example.invalid,,20240927,Canada,North America,25-34,Referral,English,1
5850,viewer_05850,viewer05850@example.invalid,,20230823,Mexico,Latin America,13-17,Organic,Japanese,0
5851,viewer_05851,viewer05851@example.invalid,,20250106,Indonesia,APAC,35-44,Creator,French,1
5852,viewer_05852,viewer05852@example.invalid,1096,20231021,France,Europe,18-24,Paid Social,German,1
5853,viewer_05853,viewer05853@example.invalid,,20240314,Germany,Europe,45+,Search,Portuguese,0
5854,viewer_05854,viewer05854@example.invalid,,20250508,Brazil,Latin America,25-34,Referral,Spanish,1
5855,viewer_05855,viewer05855@example.invalid,,20240626,United States,North America,13-17,Organic,English,1
5856,viewer_05856,viewer05856@example.invalid,,20231002,Japan,APAC,35-44,Creator,Japanese,0
5857,viewer_05857,viewer05857@example.invalid,,20230124,Canada,North America,18-24,Paid Social,French,1
5858,viewer_05858,viewer05858@example.invalid,,20230710,Mexico,Latin America,45+,Search,German,1
5859,viewer_05859,viewer05859@example.invalid,1078,20230421,Indonesia,APAC,25-34,Referral,Portuguese,0
5860,viewer_05860,viewer05860@example.invalid,,20250624,France,Europe,13-17,Organic,Spanish,1
5861,viewer_05861,viewer05861@example.invalid,,20231125,Germany,Europe,35-44,Creator,English,1
5862,viewer_05862,viewer05862@example.invalid,,20250606,Brazil,Latin America,18-24,Paid Social,Japanese,0
5863,viewer_05863,viewer05863@example.invalid,,20230209,United States,North America,45+,Search,French,1
5864,viewer_05864,viewer05864@example.invalid,,20231107,Japan,APAC,25-34,Referral,German,1
5865,viewer_05865,viewer05865@example.invalid,,20251220,Canada,North America,13-17,Organic,Portuguese,0
5866,viewer_05866,viewer05866@example.invalid,478,20230928,Mexico,Latin America,35-44,Creator,Spanish,1
5867,viewer_05867,viewer05867@example.invalid,,20240615,Indonesia,APAC,18-24,Paid Social,English,1
5868,viewer_05868,viewer05868@example.invalid,,20240430,France,Europe,45+,Search,Japanese,0
5869,viewer_05869,viewer05869@example.invalid,,20230624,Germany,Europe,25-34,Referral,French,1
5870,viewer_05870,viewer05870@example.invalid,,20240204,Brazil,Latin America,13-17,Organic,German,1
5871,viewer_05871,viewer05871@example.invalid,,20230415,United States,North America,35-44,Creator,Portuguese,0
5872,viewer_05872,viewer05872@example.invalid,,20230401,Japan,APAC,18-24,Paid Social,Spanish,1
5873,viewer_05873,viewer05873@example.invalid,3562,20241211,Canada,North America,45+,Search,English,1
5874,viewer_05874,viewer05874@example.invalid,,20251006,Mexico,Latin America,25-34,Referral,Japanese,0
5875,viewer_05875,viewer05875@example.invalid,,20230629,Indonesia,APAC,13-17,Organic,French,1
5876,viewer_05876,viewer05876@example.invalid,,20231201,France,Europe,35-44,Creator,German,1
5877,viewer_05877,viewer05877@example.invalid,,20241126,Germany,Europe,18-24,Paid Social,Portuguese,0
5878,viewer_05878,viewer05878@example.invalid,,20250511,Brazil,Latin America,45+,Search,Spanish,1
5879,viewer_05879,viewer05879@example.invalid,,20250902,United States,North America,25-34,Referral,English,1
5880,viewer_05880,viewer05880@example.invalid,3035,20250924,Japan,APAC,13-17,Organic,Japanese,0
5881,viewer_05881,viewer05881@example.invalid,,20240506,Canada,North America,35-44,Creator,French,1
5882,viewer_05882,viewer05882@example.invalid,,20251129,Mexico,Latin America,18-24,Paid Social,German,1
5883,viewer_05883,viewer05883@example.invalid,,20230515,Indonesia,APAC,45+,Search,Portuguese,0
5884,viewer_05884,viewer05884@example.invalid,,20230518,France,Europe,25-34,Referral,Spanish,1
5885,viewer_05885,viewer05885@example.invalid,,20250206,Germany,Europe,13-17,Organic,English,1
5886,viewer_05886,viewer05886@example.invalid,,20240825,Brazil,Latin America,35-44,Creator,Japanese,0
5887,viewer_05887,viewer05887@example.invalid,3648,20231004,United States,North America,18-24,Paid Social,French,1
5888,viewer_05888,viewer05888@example.invalid,,20250429,Japan,APAC,45+,Search,German,1
5889,viewer_05889,viewer05889@example.invalid,,20240622,Canada,North America,25-34,Referral,Portuguese,0
5890,viewer_05890,viewer05890@example.invalid,,20250916,Mexico,Latin America,13-17,Organic,Spanish,1
5891,viewer_05891,viewer05891@example.invalid,,20241221,Indonesia,APAC,35-44,Creator,English,1
5892,viewer_05892,viewer05892@example.invalid,,20251010,France,Europe,18-24,Paid Social,Japanese,0
5893,viewer_05893,viewer05893@example.invalid,,20230601,Germany,Europe,45+,Search,French,1
5894,viewer_05894,viewer05894@example.invalid,1113,20250214,Brazil,Latin America,25-34,Referral,German,1
5895,viewer_05895,viewer05895@example.invalid,,20241110,United States,North America,13-17,Organic,Portuguese,0
5896,viewer_05896,viewer05896@example.invalid,,20231105,Japan,APAC,35-44,Creator,Spanish,1
5897,viewer_05897,viewer05897@example.invalid,,20251130,Canada,North America,18-24,Paid Social,English,1
5898,viewer_05898,viewer05898@example.invalid,,20241102,Mexico,Latin America,45+,Search,Japanese,0
5899,viewer_05899,viewer05899@example.invalid,,20230220,Indonesia,APAC,25-34,Referral,French,1
5900,viewer_05900,viewer05900@example.invalid,,20230911,France,Europe,13-17,Organic,German,1
5901,viewer_05901,viewer05901@example.invalid,816,20250507,Germany,Europe,35-44,Creator,Portuguese,0
5902,viewer_05902,viewer05902@example.invalid,,20241224,Brazil,Latin America,18-24,Paid Social,Spanish,1
5903,viewer_05903,viewer05903@example.invalid,,20230222,United States,North America,45+,Search,English,1
5904,viewer_05904,viewer05904@example.invalid,,20230709,Japan,APAC,25-34,Referral,Japanese,0
5905,viewer_05905,viewer05905@example.invalid,,20250412,Canada,North America,13-17,Organic,French,1
5906,viewer_05906,viewer05906@example.invalid,,20241012,Mexico,Latin America,35-44,Creator,German,1
5907,viewer_05907,viewer05907@example.invalid,,20240524,Indonesia,APAC,18-24,Paid Social,Portuguese,0
5908,viewer_05908,viewer05908@example.invalid,5148,20231108,France,Europe,45+,Search,Spanish,1
5909,viewer_05909,viewer05909@example.invalid,,20231215,Germany,Europe,25-34,Referral,English,1
5910,viewer_05910,viewer05910@example.invalid,,20230720,Brazil,Latin America,13-17,Organic,Japanese,0
5911,viewer_05911,viewer05911@example.invalid,,20240713,United States,North America,35-44,Creator,French,1
5912,viewer_05912,viewer05912@example.invalid,,20241018,Japan,APAC,18-24,Paid Social,German,1
5913,viewer_05913,viewer05913@example.invalid,,20250503,Canada,North America,45+,Search,Portuguese,0
5914,viewer_05914,viewer05914@example.invalid,,20250605,Mexico,Latin America,25-34,Referral,Spanish,1
5915,viewer_05915,viewer05915@example.invalid,2309,20241120,Indonesia,APAC,13-17,Organic,English,1
5916,viewer_05916,viewer05916@example.invalid,,20230823,France,Europe,35-44,Creator,Japanese,0
5917,viewer_05917,viewer05917@example.invalid,,20230511,Germany,Europe,18-24,Paid Social,French,1
5918,viewer_05918,viewer05918@example.invalid,,20230712,Brazil,Latin America,45+,Search,German,1
5919,viewer_05919,viewer05919@example.invalid,,20250421,United States,North America,25-34,Referral,Portuguese,0
5920,viewer_05920,viewer05920@example.invalid,,20240622,Japan,APAC,13-17,Organic,Spanish,1
5921,viewer_05921,viewer05921@example.invalid,,20230712,Canada,North America,35-44,Creator,English,1
5922,viewer_05922,viewer05922@example.invalid,4436,20240102,Mexico,Latin America,18-24,Paid Social,Japanese,0
5923,viewer_05923,viewer05923@example.invalid,,20250609,Indonesia,APAC,45+,Search,French,1
5924,viewer_05924,viewer05924@example.invalid,,20250819,France,Europe,25-34,Referral,German,1
5925,viewer_05925,viewer05925@example.invalid,,20230610,Germany,Europe,13-17,Organic,Portuguese,0
5926,viewer_05926,viewer05926@example.invalid,,20241018,Brazil,Latin America,35-44,Creator,Spanish,1
5927,viewer_05927,viewer05927@example.invalid,,20250330,United States,North America,18-24,Paid Social,English,1
5928,viewer_05928,viewer05928@example.invalid,,20230126,Japan,APAC,45+,Search,Japanese,0
5929,viewer_05929,viewer05929@example.invalid,115,20230211,Canada,North America,25-34,Referral,French,1
5930,viewer_05930,viewer05930@example.invalid,,20241212,Mexico,Latin America,13-17,Organic,German,1
5931,viewer_05931,viewer05931@example.invalid,,20250825,Indonesia,APAC,35-44,Creator,Portuguese,0
5932,viewer_05932,viewer05932@example.invalid,,20230323,France,Europe,18-24,Paid Social,Spanish,1
5933,viewer_05933,viewer05933@example.invalid,,20240920,Germany,Europe,45+,Search,English,1
5934,viewer_05934,viewer05934@example.invalid,,20240822,Brazil,Latin America,25-34,Referral,Japanese,0
5935,viewer_05935,viewer05935@example.invalid,,20240621,United States,North America,13-17,Organic,French,1
5936,viewer_05936,viewer05936@example.invalid,4322,20230815,Japan,APAC,35-44,Creator,German,1
5937,viewer_05937,viewer05937@example.invalid,,20250411,Canada,North America,18-24,Paid Social,Portuguese,0
5938,viewer_05938,viewer05938@example.invalid,,20230808,Mexico,Latin America,45+,Search,Spanish,1
5939,viewer_05939,viewer05939@example.invalid,,20230805,Indonesia,APAC,25-34,Referral,English,1
5940,viewer_05940,viewer05940@example.invalid,,20251217,France,Europe,13-17,Organic,Japanese,0
5941,viewer_05941,viewer05941@example.invalid,,20230215,Germany,Europe,35-44,Creator,French,1
5942,viewer_05942,viewer05942@example.invalid,,20240930,Brazil,Latin America,18-24,Paid Social,German,1
5943,viewer_05943,viewer05943@example.invalid,1073,20241008,United States,North America,45+,Search,Portuguese,0
5944,viewer_05944,viewer05944@example.invalid,,20240104,Japan,APAC,25-34,Referral,Spanish,1
5945,viewer_05945,viewer05945@example.invalid,,20230110,Canada,North America,13-17,Organic,English,1
5946,viewer_05946,viewer05946@example.invalid,,20230919,Mexico,Latin America,35-44,Creator,Japanese,0
5947,viewer_05947,viewer05947@example.invalid,,20230320,Indonesia,APAC,18-24,Paid Social,French,1
5948,viewer_05948,viewer05948@example.invalid,,20230828,France,Europe,45+,Search,German,1
5949,viewer_05949,viewer05949@example.invalid,,20250109,Germany,Europe,25-34,Referral,Portuguese,0
5950,viewer_05950,viewer05950@example.invalid,851,20230905,Brazil,Latin America,13-17,Organic,Spanish,1
5951,viewer_05951,viewer05951@example.invalid,,20230904,United States,North America,35-44,Creator,English,1
5952,viewer_05952,viewer05952@example.invalid,,20251019,Japan,APAC,18-24,Paid Social,Japanese,0
5953,viewer_05953,viewer05953@example.invalid,,20240808,Canada,North America,45+,Search,French,1
5954,viewer_05954,viewer05954@example.invalid,,20250510,Mexico,Latin America,25-34,Referral,German,1
5955,viewer_05955,viewer05955@example.invalid,,20231018,Indonesia,APAC,13-17,Organic,Portuguese,0
5956,viewer_05956,viewer05956@example.invalid,,20230513,France,Europe,35-44,Creator,Spanish,1
5957,viewer_05957,viewer05957@example.invalid,2965,20250713,Germany,Europe,18-24,Paid Social,English,1
5958,viewer_05958,viewer05958@example.invalid,,20230809,Brazil,Latin America,45+,Search,Japanese,0
5959,viewer_05959,viewer05959@example.invalid,,20250923,United States,North America,25-34,Referral,French,1
5960,viewer_05960,viewer05960@example.invalid,,20231031,Japan,APAC,13-17,Organic,German,1
5961,viewer_05961,viewer05961@example.invalid,,20251015,Canada,North America,35-44,Creator,Portuguese,0
5962,viewer_05962,viewer05962@example.invalid,,20240426,Mexico,Latin America,18-24,Paid Social,Spanish,1
5963,viewer_05963,viewer05963@example.invalid,,20231230,Indonesia,APAC,45+,Search,English,1
5964,viewer_05964,viewer05964@example.invalid,2329,20241201,France,Europe,25-34,Referral,Japanese,0
5965,viewer_05965,viewer05965@example.invalid,,20241216,Germany,Europe,13-17,Organic,French,1
5966,viewer_05966,viewer05966@example.invalid,,20241018,Brazil,Latin America,35-44,Creator,German,1
5967,viewer_05967,viewer05967@example.invalid,,20250716,United States,North America,18-24,Paid Social,Portuguese,0
5968,viewer_05968,viewer05968@example.invalid,,20230409,Japan,APAC,45+,Search,Spanish,1
5969,viewer_05969,viewer05969@example.invalid,,20241029,Canada,North America,25-34,Referral,English,1
5970,viewer_05970,viewer05970@example.invalid,,20250504,Mexico,Latin America,13-17,Organic,Japanese,0
5971,viewer_05971,viewer05971@example.invalid,4512,20231219,Indonesia,APAC,35-44,Creator,French,1
5972,viewer_05972,viewer05972@example.invalid,,20230602,France,Europe,18-24,Paid Social,German,1
5973,viewer_05973,viewer05973@example.invalid,,20240624,Germany,Europe,45+,Search,Portuguese,0
5974,viewer_05974,viewer05974@example.invalid,,20250725,Brazil,Latin America,25-34,Referral,Spanish,1
5975,viewer_05975,viewer05975@example.invalid,,20240323,United States,North America,13-17,Organic,English,1
5976,viewer_05976,viewer05976@example.invalid,,20240309,Japan,APAC,35-44,Creator,Japanese,0
5977,viewer_05977,viewer05977@example.invalid,,20240804,Canada,North America,18-24,Paid Social,French,1
5978,viewer_05978,viewer05978@example.invalid,1329,20240629,Mexico,Latin America,45+,Search,German,1
5979,viewer_05979,viewer05979@example.invalid,,20230710,Indonesia,APAC,25-34,Referral,Portuguese,0
5980,viewer_05980,viewer05980@example.invalid,,20231106,France,Europe,13-17,Organic,Spanish,1
5981,viewer_05981,viewer05981@example.invalid,,20231104,Germany,Europe,35-44,Creator,English,1
5982,viewer_05982,viewer05982@example.invalid,,20241109,Brazil,Latin America,18-24,Paid Social,Japanese,0
5983,viewer_05983,viewer05983@example.invalid,,20240620,United States,North America,45+,Search,French,1
5984,viewer_05984,viewer05984@example.invalid,,20240419,Japan,APAC,25-34,Referral,German,1
5985,viewer_05985,viewer05985@example.invalid,3660,20251102,Canada,North America,13-17,Organic,Portuguese,0
5986,viewer_05986,viewer05986@example.invalid,,20250113,Mexico,Latin America,35-44,Creator,Spanish,1
5987,viewer_05987,viewer05987@example.invalid,,20230129,Indonesia,APAC,18-24,Paid Social,English,1
5988,viewer_05988,viewer05988@example.invalid,,20231207,France,Europe,45+,Search,Japanese,0
5989,viewer_05989,viewer05989@example.invalid,,20240507,Germany,Europe,25-34,Referral,French,1
5990,viewer_05990,viewer05990@example.invalid,,20241028,Brazil,Latin America,13-17,Organic,German,1
5991,viewer_05991,viewer05991@example.invalid,,20231228,United States,North America,35-44,Creator,Portuguese,0
5992,viewer_05992,viewer05992@example.invalid,88,20250830,Japan,APAC,18-24,Paid Social,Spanish,1
5993,viewer_05993,viewer05993@example.invalid,,20230731,Canada,North America,45+,Search,English,1
5994,viewer_05994,viewer05994@example.invalid,,20240825,Mexico,Latin America,25-34,Referral,Japanese,0
5995,viewer_05995,viewer05995@example.invalid,,20230204,Indonesia,APAC,13-17,Organic,French,1
5996,viewer_05996,viewer05996@example.invalid,,20250208,France,Europe,35-44,Creator,German,1
5997,viewer_05997,viewer05997@example.invalid,,20240307,Germany,Europe,18-24,Paid Social,Portuguese,0
5998,viewer_05998,viewer05998@example.invalid,,20250504,Brazil,Latin America,45+,Search,Spanish,1
5999,viewer_05999,viewer05999@example.invalid,2440,20251031,United States,North America,25-34,Referral,English,1
6000,viewer_06000,viewer06000@example.invalid,,20231119,Japan,APAC,13-17,Organic,Japanese,0
