subscription_id,user_id,start_date_key,end_date_key,plan_name,billing_cycle,status,monthly_price_usd,discount_usd,recognized_revenue_usd,cancellation_reason
1,38,20240814,20250814,Family,Monthly,Cancelled,14.99,0.0,179.88,Low Usage
2,75,20250423,20251020,Premium,Monthly,Cancelled,9.99,0.0,59.94,Low Usage
3,112,20240614,20241211,Fan,Monthly,Cancelled,5.99,0.0,35.94,Price
4,149,20251031,,Family,Annual,Active,14.99,0.0,29.98,
5,186,20241205,,Premium,Monthly,Active,9.99,0.0,119.88,
6,223,20230628,20230926,Fan,Monthly,Cancelled,5.99,0.0,17.97,Price
7,260,20250216,,Family,Monthly,Active,14.99,0.0,149.9,
8,297,20230715,20230814,Premium,Annual,Cancelled,9.99,0.0,9.99,Low Usage
9,334,20231119,20240517,Fan,Monthly,Cancelled,5.99,1.2,28.74,Price
10,371,20240913,,Family,Monthly,Active,14.99,0.0,224.85,
11,408,20230728,20240727,Premium,Monthly,Cancelled,9.99,0.0,119.88,Low Usage
12,445,20241112,20241212,Fan,Annual,Cancelled,5.99,0.0,5.99,Price
13,482,20230523,20230821,Family,Monthly,Cancelled,14.99,0.0,44.97,Low Usage
14,519,20250206,,Premium,Monthly,Active,9.99,0.0,99.9,
15,556,20230325,,Fan,Monthly,Active,5.99,0.0,71.88,
16,593,20250423,,Family,Annual,Active,14.99,0.0,119.92,
17,630,20250608,,Premium,Monthly,Active,9.99,0.0,59.94,
18,667,20250711,,Fan,Monthly,Active,5.99,1.2,23.95,
19,704,20240726,20241024,Family,Monthly,Cancelled,14.99,0.0,44.97,Low Usage
20,741,20231021,,Premium,Annual,Active,9.99,0.0,239.76,
21,778,20231221,20240618,Fan,Monthly,Cancelled,5.99,0.0,35.94,Price
22,815,20240611,20240909,Family,Monthly,Cancelled,14.99,0.0,44.97,Low Usage
23,852,20241011,20250109,Premium,Monthly,Cancelled,9.99,0.0,29.97,Low Usage
24,889,20240816,20250816,Fan,Annual,Cancelled,5.99,0.0,71.88,Price
25,926,20231016,,Family,Monthly,Active,14.99,0.0,179.88,
26,963,20240424,20241021,Premium,Monthly,Cancelled,9.99,0.0,59.94,Low Usage
27,1000,20230310,20230409,Fan,Monthly,Cancelled,5.99,1.2,4.79,Price
28,1037,20230906,20240304,Family,Annual,Cancelled,14.99,0.0,89.94,Low Usage
29,1074,20240704,20240803,Premium,Monthly,Cancelled,9.99,0.0,9.99,Low Usage
30,1111,20240411,,Fan,Monthly,Active,5.99,0.0,17.97,
31,1148,20230124,20250123,Family,Monthly,Cancelled,14.99,0.0,359.76,Low Usage
32,1185,20240308,20240904,Premium,Annual,Cancelled,9.99,0.0,59.94,Low Usage
33,1222,20230201,20230303,Fan,Monthly,Cancelled,5.99,0.0,5.99,Price
34,1259,20240101,20251231,Family,Monthly,Cancelled,14.99,0.0,359.76,Low Usage
35,1296,20240827,,Premium,Monthly,Active,9.99,0.0,9.99,
36,1333,20250426,,Fan,Annual,Active,5.99,1.2,38.32,
37,1370,20250509,20250807,Family,Monthly,Cancelled,14.99,0.0,44.97,Low Usage
38,1407,20230703,20231230,Premium,Monthly,Cancelled,9.99,0.0,59.94,Low Usage
39,1444,20230510,20231106,Fan,Monthly,Cancelled,5.99,0.0,35.94,Price
40,1481,20230228,,Family,Annual,Active,14.99,0.0,89.94,
41,1518,20240303,,Premium,Monthly,Active,9.99,0.0,219.78,
42,1555,20240509,20240608,Fan,Monthly,Cancelled,5.99,0.0,5.99,Price
43,1592,20231209,20241208,Family,Monthly,Cancelled,14.99,0.0,179.88,Low Usage
44,1629,20250430,20251027,Premium,Annual,Cancelled,9.99,0.0,59.94,Low Usage
45,1666,20230126,,Fan,Monthly,Active,5.99,1.2,28.74,
46,1703,20250824,20250923,Family,Monthly,Cancelled,14.99,0.0,14.99,Low Usage
47,1740,20240623,20240723,Premium,Monthly,Cancelled,9.99,0.0,9.99,Low Usage
48,1777,20250903,,Fan,Annual,Active,5.99,0.0,23.96,
49,1814,20230214,20230515,Family,Monthly,Cancelled,14.99,0.0,44.97,Low Usage
50,1851,20250414,,Premium,Monthly,Active,9.99,0.0,29.97,
51,1888,20230321,20230420,Fan,Monthly,Cancelled,5.99,0.0,5.99,Price
52,1925,20240907,20241206,Family,Annual,Cancelled,14.99,0.0,44.97,Low Usage
53,1962,20240201,,Premium,Monthly,Active,9.99,0.0,229.77,
54,1999,20250310,,Fan,Monthly,Active,5.99,1.2,43.11,
55,2036,20240403,,Family,Monthly,Active,14.99,0.0,44.97,
56,2073,20250524,,Premium,Annual,Active,9.99,0.0,69.93,
57,2110,20230630,20250629,Fan,Monthly,Cancelled,5.99,0.0,143.76,Price
58,2147,20240217,20240815,Family,Monthly,Cancelled,14.99,0.0,89.94,Low Usage
59,2184,20240716,,Premium,Monthly,Active,9.99,0.0,169.83,
60,2221,20230402,,Fan,Annual,Active,5.99,0.0,5.99,
61,2258,20230310,20240309,Family,Monthly,Cancelled,14.99,0.0,179.88,Low Usage
62,2295,20250319,20250915,Premium,Monthly,Cancelled,9.99,0.0,59.94,Low Usage
63,2332,20231224,20241223,Fan,Monthly,Cancelled,5.99,1.2,57.48,Price
64,2369,20240703,20241230,Family,Annual,Cancelled,14.99,0.0,89.94,Low Usage
65,2406,20230109,,Premium,Monthly,Active,9.99,0.0,59.94,
66,2443,20231212,20240311,Fan,Monthly,Cancelled,5.99,0.0,17.97,Price
67,2480,20230913,20250912,Family,Monthly,Cancelled,14.99,0.0,359.76,Low Usage
68,2517,20240428,20250428,Premium,Annual,Cancelled,9.99,0.0,119.88,Low Usage
69,2554,20231118,20251117,Fan,Monthly,Cancelled,5.99,0.0,143.76,Price
70,2591,20250304,,Family,Monthly,Active,14.99,0.0,14.99,
71,2628,20240806,20240905,Premium,Monthly,Cancelled,9.99,0.0,9.99,Low Usage
72,2665,20240108,,Fan,Annual,Active,5.99,1.2,114.96,
73,2702,20250502,,Family,Monthly,Active,14.99,0.0,119.92,
74,2739,20240326,20240425,Premium,Monthly,Cancelled,9.99,0.0,9.99,Low Usage
75,2776,20241107,,Fan,Monthly,Active,5.99,0.0,5.99,
76,2813,20240211,,Family,Annual,Active,14.99,0.0,344.77,
77,2850,20230228,20230330,Premium,Monthly,Cancelled,9.99,0.0,9.99,Low Usage
78,2887,20250117,20250216,Fan,Monthly,Cancelled,5.99,0.0,5.99,Price
79,2924,20240902,20250301,Family,Monthly,Cancelled,14.99,0.0,89.94,Low Usage
80,2961,20231226,,Premium,Annual,Active,9.99,0.0,9.99,
81,2998,20250101,,Fan,Monthly,Active,5.99,1.2,57.48,
82,3035,20230224,20250223,Family,Monthly,Cancelled,14.99,0.0,359.76,Low Usage
83,3072,20241011,,Premium,Monthly,Active,9.99,0.0,139.86,
84,3109,20241227,20250126,Fan,Annual,Cancelled,5.99,0.0,5.99,Price
85,3146,20241220,,Family,Monthly,Active,14.99,0.0,179.88,
86,3183,20230928,20240927,Premium,Monthly,Cancelled,9.99,0.0,119.88,Low Usage
87,3220,20240124,,Fan,Monthly,Active,5.99,0.0,137.77,
88,3257,20231218,20240117,Family,Annual,Cancelled,14.99,0.0,14.99,Low Usage
89,3294,20250113,20250712,Premium,Monthly,Cancelled,9.99,0.0,59.94,Low Usage
90,3331,20230721,,Fan,Monthly,Active,5.99,1.2,28.74,
91,3368,20241113,20241213,Family,Monthly,Cancelled,14.99,0.0,14.99,Low Usage
92,3405,20250112,20250412,Premium,Annual,Cancelled,9.99,0.0,29.97,Low Usage
93,3442,20230825,20240824,Fan,Monthly,Cancelled,5.99,0.0,71.88,Price
94,3479,20240322,,Family,Monthly,Active,14.99,0.0,314.79,
95,3516,20241104,,Premium,Monthly,Active,9.99,0.0,29.97,
96,3553,20250109,,Fan,Annual,Active,5.99,0.0,65.89,
97,3590,20250123,,Family,Monthly,Active,14.99,0.0,164.89,
98,3627,20240123,20240721,Premium,Monthly,Cancelled,9.99,0.0,59.94,Low Usage
99,3664,20230129,20250128,Fan,Monthly,Cancelled,5.99,1.2,114.96,Price
100,3701,20240503,,Family,Annual,Active,14.99,0.0,179.88,
101,3738,20240110,,Premium,Monthly,Active,9.99,0.0,239.76,
102,3775,20250421,20251018,Fan,Monthly,Cancelled,5.99,0.0,35.94,Price
103,3812,20230825,20240221,Family,Monthly,Cancelled,14.99,0.0,89.94,Low Usage
104,3849,20230707,20250706,Premium,Annual,Cancelled,9.99,0.0,239.76,Low Usage
105,3886,20240201,,Fan,Monthly,Active,5.99,0.0,17.97,
106,3923,20230925,20231224,Family,Monthly,Cancelled,14.99,0.0,44.97,Low Usage
107,3960,20250719,20250818,Premium,Monthly,Cancelled,9.99,0.0,9.99,Low Usage
108,3997,20241115,20251115,Fan,Annual,Cancelled,5.99,1.2,57.48,Price
109,4034,20230326,20230624,Family,Monthly,Cancelled,14.99,0.0,44.97,Low Usage
110,4071,20230518,,Premium,Monthly,Active,9.99,0.0,119.88,
111,4108,20231007,20240404,Fan,Monthly,Cancelled,5.99,0.0,35.94,Price
112,4145,20230409,20240408,Family,Annual,Cancelled,14.99,0.0,179.88,Low Usage
113,4182,20240401,20240630,Premium,Monthly,Cancelled,9.99,0.0,29.97,Low Usage
114,4219,20250901,,Fan,Monthly,Active,5.99,0.0,23.96,
115,4256,20240203,,Family,Monthly,Active,14.99,0.0,14.99,
116,4293,20241114,20241214,Premium,Annual,Cancelled,9.99,0.0,9.99,Low Usage
117,4330,20250922,,Fan,Monthly,Active,5.99,1.2,14.37,
118,4367,20250215,20250814,Family,Monthly,Cancelled,14.99,0.0,89.94,Low Usage
119,4404,20240829,,Premium,Monthly,Active,9.99,0.0,159.84,
120,4441,20230802,,Fan,Annual,Active,5.99,0.0,71.88,
121,4478,20241001,20241230,Family,Monthly,Cancelled,14.99,0.0,44.97,Low Usage
122,4515,20251112,20251212,Premium,Monthly,Cancelled,9.99,0.0,9.99,Low Usage
123,4552,20240303,20240601,Fan,Monthly,Cancelled,5.99,0.0,17.97,Price
124,4589,20240624,20240724,Family,Annual,Cancelled,14.99,0.0,14.99,Low Usage
125,4626,20230905,,Premium,Monthly,Active,9.99,0.0,29.97,
126,4663,20250811,,Fan,Monthly,Active,5.99,1.2,19.16,
127,4700,20230903,20240301,Family,Monthly,Cancelled,14.99,0.0,89.94,Low Usage
128,4737,20250812,,Premium,Annual,Active,9.99,0.0,39.96,
129,4774,20240724,20240823,Fan,Monthly,Cancelled,5.99,0.0,5.99,Price
130,4811,20231211,,Family,Monthly,Active,14.99,0.0,89.94,
131,4848,20240529,20240827,Premium,Monthly,Cancelled,9.99,0.0,29.97,Low Usage
132,4885,20250727,20250826,Fan,Annual,Cancelled,5.99,0.0,5.99,Price
133,4922,20230722,20230821,Family,Monthly,Cancelled,14.99,0.0,14.99,Low Usage
134,4959,20230604,20230704,Premium,Monthly,Cancelled,9.99,0.0,9.99,Low Usage
135,4996,20230116,,Fan,Monthly,Active,5.99,1.2,4.79,
136,5033,20240310,20240906,Family,Annual,Cancelled,14.99,0.0,89.94,Low Usage
137,5070,20231001,20240329,Premium,Monthly,Cancelled,9.99,0.0,59.94,Low Usage
138,5107,20240527,20241123,Fan,Monthly,Cancelled,5.99,0.0,35.94,Price
139,5144,20250815,20250914,Family,Monthly,Cancelled,14.99,0.0,14.99,Low Usage
140,5181,20250311,,Premium,Annual,Active,9.99,0.0,29.97,
141,5218,20230307,20230406,Fan,Monthly,Cancelled,5.99,0.0,5.99,Price
142,5255,20250331,,Family,Monthly,Active,14.99,0.0,134.91,
143,5292,20251026,,Premium,Monthly,Active,9.99,0.0,19.98,
144,5329,20230107,20240107,Fan,Annual,Cancelled,5.99,1.2,57.48,Price
145,5366,20251024,,Family,Monthly,Active,14.99,0.0,29.98,
146,5403,20230728,20240727,Premium,Monthly,Cancelled,9.99,0.0,119.88,Low Usage
147,5440,20231221,20251220,Fan,Monthly,Cancelled,5.99,0.0,143.76,Price
148,5477,20250412,20251009,Family,Annual,Cancelled,14.99,0.0,89.94,Low Usage
149,5514,20240522,20241118,Premium,Monthly,Cancelled,9.99,0.0,59.94,Low Usage
150,5551,20240423,,Fan,Monthly,Active,5.99,0.0,35.94,
151,5588,20240721,,Family,Monthly,Active,14.99,0.0,254.83,
152,5625,20230209,20230808,Premium,Annual,Cancelled,9.99,0.0,59.94,Low Usage
153,5662,20240918,20241217,Fan,Monthly,Cancelled,5.99,1.2,14.37,Price
154,5699,20240312,20250312,Family,Monthly,Cancelled,14.99,0.0,179.88,Low Usage
155,5736,20230122,,Premium,Monthly,Active,9.99,0.0,9.99,
156,5773,20240918,20241217,Fan,Annual,Cancelled,5.99,0.0,17.97,Price
157,5810,20240519,20240618,Family,Monthly,Cancelled,14.99,0.0,14.99,Low Usage
158,5847,20250502,,Premium,Monthly,Active,9.99,0.0,79.92,
159,5884,20250413,,Fan,Monthly,Active,5.99,0.0,47.92,
160,5921,20231122,,Family,Annual,Active,14.99,0.0,89.94,
161,5958,20240826,20250222,Premium,Monthly,Cancelled,9.99,0.0,59.94,Low Usage
162,5995,20240629,20250629,Fan,Monthly,Cancelled,5.99,1.2,57.48,Price
163,32,20230527,20231123,Family,Monthly,Cancelled,14.99,0.0,89.94,Low Usage
164,69,20240819,20240918,Premium,Annual,Cancelled,9.99,0.0,9.99,Low Usage
165,106,20230722,,Fan,Monthly,Active,5.99,0.0,5.99,
166,143,20251012,,Family,Monthly,Active,14.99,0.0,29.98,
167,180,20230504,20250503,Premium,Monthly,Cancelled,9.99,0.0,239.76,Low Usage
168,217,20230522,20250521,Fan,Annual,Cancelled,5.99,0.0,143.76,Price
169,254,20241115,,Family,Monthly,Active,14.99,0.0,194.87,
170,291,20241116,,Premium,Monthly,Active,9.99,0.0,59.94,
171,328,20250425,,Fan,Monthly,Active,5.99,1.2,38.32,
172,365,20240530,20240828,Family,Annual,Cancelled,14.99,0.0,44.97,Low Usage
173,402,20250328,,Premium,Monthly,Active,9.99,0.0,89.91,
174,439,20251006,,Fan,Monthly,Active,5.99,0.0,11.98,
175,476,20230124,,Family,Monthly,Active,14.99,0.0,359.76,
176,513,20240226,20250225,Premium,Annual,Cancelled,9.99,0.0,119.88,Low Usage
177,550,20251108,,Fan,Monthly,Active,5.99,0.0,5.99,
178,587,20230814,20230913,Family,Monthly,Cancelled,14.99,0.0,14.99,Low Usage
179,624,20250503,20250602,Premium,Monthly,Cancelled,9.99,0.0,9.99,Low Usage
180,661,20240913,,Fan,Annual,Active,5.99,1.2,71.85,
181,698,20250221,20250522,Family,Monthly,Cancelled,14.99,0.0,44.97,Low Usage
182,735,20251016,20251115,Premium,Monthly,Cancelled,9.99,0.0,9.99,Low Usage
183,772,20251024,,Fan,Monthly,Active,5.99,0.0,11.98,
184,809,20230617,20250616,Family,Annual,Cancelled,14.99,0.0,359.76,Low Usage
185,846,20250305,,Premium,Monthly,Active,9.99,0.0,29.97,
186,883,20241108,20241208,Fan,Monthly,Cancelled,5.99,0.0,5.99,Price
187,920,20230105,20230704,Family,Monthly,Cancelled,14.99,0.0,89.94,Low Usage
188,957,20250502,20250601,Premium,Annual,Cancelled,9.99,0.0,9.99,Low Usage
189,994,20251030,,Fan,Monthly,Active,5.99,1.2,9.58,
190,1031,20231015,,Family,Monthly,Active,14.99,0.0,44.97,
191,1068,20251008,,Premium,Monthly,Active,9.99,0.0,19.98,
192,1105,20230522,20230820,Fan,Annual,Cancelled,5.99,0.0,17.97,Price
193,1142,20240617,,Family,Monthly,Active,14.99,0.0,269.82,
194,1179,20241222,20251222,Premium,Monthly,Cancelled,9.99,0.0,119.88,Low Usage
195,1216,20250703,,Fan,Monthly,Active,5.99,0.0,5.99,
196,1253,20230410,20230709,Family,Annual,Cancelled,14.99,0.0,44.97,Low Usage
197,1290,20240603,20250603,Premium,Monthly,Cancelled,9.99,0.0,119.88,Low Usage
198,1327,20240604,,Fan,Monthly,Active,5.99,1.2,91.01,
199,1364,20230405,20230505,Family,Monthly,Cancelled,14.99,0.0,14.99,Low Usage
200,1401,20230529,,Premium,Annual,Active,9.99,0.0,239.76,
201,1438,20231130,20251129,Fan,Monthly,Cancelled,5.99,0.0,143.76,Price
202,1475,20240612,,Family,Monthly,Active,14.99,0.0,269.82,
203,1512,20241101,,Premium,Monthly,Active,9.99,0.0,139.86,
204,1549,20240130,20250129,Fan,Annual,Cancelled,5.99,0.0,71.88,Price
205,1586,20240530,,Family,Monthly,Active,14.99,0.0,89.94,
206,1623,20240426,20240526,Premium,Monthly,Cancelled,9.99,0.0,9.99,Low Usage
207,1660,20251113,20251213,Fan,Monthly,Cancelled,5.99,1.2,4.79,Price
208,1697,20230620,20230918,Family,Annual,Cancelled,14.99,0.0,44.97,Low Usage
209,1734,20230826,20250825,Premium,Monthly,Cancelled,9.99,0.0,239.76,Low Usage
210,1771,20240515,,Fan,Monthly,Active,5.99,0.0,17.97,
211,1808,20240720,20250720,Family,Monthly,Cancelled,14.99,0.0,179.88,Low Usage
212,1845,20250924,,Premium,Annual,Active,9.99,0.0,29.97,
213,1882,20230301,20230530,Fan,Monthly,Cancelled,5.99,0.0,17.97,Price
214,1919,20241106,,Family,Monthly,Active,14.99,0.0,209.86,
215,1956,20240526,,Premium,Monthly,Active,9.99,0.0,29.97,
216,1993,20230710,20240106,Fan,Annual,Cancelled,5.99,1.2,28.74,Price
217,2030,20240614,20250614,Family,Monthly,Cancelled,14.99,0.0,179.88,Low Usage
218,2067,20230819,20240818,Premium,Monthly,Cancelled,9.99,0.0,119.88,Low Usage
219,2104,20250109,20250409,Fan,Monthly,Cancelled,5.99,0.0,17.97,Price
220,2141,20230325,,Family,Annual,Active,14.99,0.0,89.94,
221,2178,20230421,20240420,Premium,Monthly,Cancelled,9.99,0.0,119.88,Low Usage
222,2215,20230412,20230711,Fan,Monthly,Cancelled,5.99,0.0,17.97,Price
223,2252,20250602,20250831,Family,Monthly,Cancelled,14.99,0.0,44.97,Low Usage
224,2289,20240526,20240625,Premium,Annual,Cancelled,9.99,0.0,9.99,Low Usage
225,2326,20250405,,Fan,Monthly,Active,5.99,1.2,28.74,
226,2363,20230828,20240827,Family,Monthly,Cancelled,14.99,0.0,179.88,Low Usage
227,2400,20231104,20251103,Premium,Monthly,Cancelled,9.99,0.0,239.76,Low Usage
228,2437,20240114,,Fan,Annual,Active,5.99,0.0,137.77,
229,2474,20230103,20230403,Family,Monthly,Cancelled,14.99,0.0,44.97,Low Usage
230,2511,20230927,,Premium,Monthly,Active,9.99,0.0,239.76,
231,2548,20240310,20240906,Fan,Monthly,Cancelled,5.99,0.0,35.94,Price
232,2585,20250826,,Family,Annual,Active,14.99,0.0,59.96,
233,2622,20230117,20230716,Premium,Monthly,Cancelled,9.99,0.0,59.94,Low Usage
234,2659,20230530,20250529,Fan,Monthly,Cancelled,5.99,1.2,114.96,Price
235,2696,20230916,,Family,Monthly,Active,14.99,0.0,14.99,
236,2733,20240917,20250917,Premium,Annual,Cancelled,9.99,0.0,119.88,Low Usage
237,2770,20240905,20250304,Fan,Monthly,Cancelled,5.99,0.0,35.94,Price
238,2807,20240322,20240620,Family,Monthly,Cancelled,14.99,0.0,44.97,Low Usage
239,2844,20230709,20231007,Premium,Monthly,Cancelled,9.99,0.0,29.97,Low Usage
240,2881,20241003,,Fan,Annual,Active,5.99,0.0,17.97,
241,2918,20250530,20251126,Family,Monthly,Cancelled,14.99,0.0,89.94,Low Usage
242,2955,20250405,,Premium,Monthly,Active,9.99,0.0,89.91,
243,2992,20240706,20250102,Fan,Monthly,Cancelled,5.99,1.2,28.74,Price
244,3029,20240114,20250113,Family,Annual,Cancelled,14.99,0.0,179.88,Low Usage
245,3066,20240428,,Premium,Monthly,Active,9.99,0.0,9.99,
246,3103,20241212,20250111,Fan,Monthly,Cancelled,5.99,0.0,5.99,Price
247,3140,20230403,20250402,Family,Monthly,Cancelled,14.99,0.0,359.76,Low Usage
248,3177,20250414,,Premium,Annual,Active,9.99,0.0,79.92,
249,3214,20250102,,Fan,Monthly,Active,5.99,0.0,71.88,
250,3251,20230429,,Family,Monthly,Active,14.99,0.0,359.76,
251,3288,20240513,20240811,Premium,Monthly,Cancelled,9.99,0.0,29.97,Low Usage
252,3325,20230913,20231212,Fan,Annual,Cancelled,5.99,1.2,14.37,Price
253,3362,20250322,20250620,Family,Monthly,Cancelled,14.99,0.0,44.97,Low Usage
254,3399,20240613,20240911,Premium,Monthly,Cancelled,9.99,0.0,29.97,Low Usage
255,3436,20230309,,Fan,Monthly,Active,5.99,0.0,5.99,
256,3473,20231025,20240422,Family,Annual,Cancelled,14.99,0.0,89.94,Low Usage
257,3510,20230410,20240409,Premium,Monthly,Cancelled,9.99,0.0,119.88,Low Usage
258,3547,20230516,20230814,Fan,Monthly,Cancelled,5.99,0.0,17.97,Price
259,3584,20250927,,Family,Monthly,Active,14.99,0.0,44.97,
260,3621,20230715,,Premium,Annual,Active,9.99,0.0,59.94,
261,3658,20230813,20230912,Fan,Monthly,Cancelled,5.99,1.2,4.79,Price
262,3695,20250227,20250826,Family,Monthly,Cancelled,14.99,0.0,89.94,Low Usage
263,3732,20230131,20230302,Premium,Monthly,Cancelled,9.99,0.0,9.99,Low Usage
264,3769,20240215,,Fan,Annual,Active,5.99,0.0,131.78,
265,3806,20240106,,Family,Monthly,Active,14.99,0.0,44.97,
266,3843,20250407,20250507,Premium,Monthly,Cancelled,9.99,0.0,9.99,Low Usage
267,3880,20231122,20251121,Fan,Monthly,Cancelled,5.99,0.0,143.76,Price
268,3917,20240427,20250427,Family,Annual,Cancelled,14.99,0.0,179.88,Low Usage
269,3954,20240417,20240716,Premium,Monthly,Cancelled,9.99,0.0,29.97,Low Usage
270,3991,20240813,,Fan,Monthly,Active,5.99,1.2,76.64,
271,4028,20240808,20250204,Family,Monthly,Cancelled,14.99,0.0,89.94,Low Usage
272,4065,20230409,20250408,Premium,Annual,Cancelled,9.99,0.0,239.76,Low Usage
273,4102,20250212,,Fan,Monthly,Active,5.99,0.0,59.9,
274,4139,20241230,20250129,Family,Monthly,Cancelled,14.99,0.0,14.99,Low Usage
275,4176,20240214,,Premium,Monthly,Active,9.99,0.0,59.94,
276,4213,20240430,20240729,Fan,Annual,Cancelled,5.99,0.0,17.97,Price
277,4250,20250623,,Family,Monthly,Active,14.99,0.0,89.94,
278,4287,20240731,20240830,Premium,Monthly,Cancelled,9.99,0.0,9.99,Low Usage
279,4324,20250430,,Fan,Monthly,Active,5.99,1.2,38.32,
280,4361,20250820,,Family,Annual,Active,14.99,0.0,59.96,
281,4398,20230204,20230306,Premium,Monthly,Cancelled,9.99,0.0,9.99,Low Usage
282,4435,20231002,20251001,Fan,Monthly,Cancelled,5.99,0.0,143.76,Price
283,4472,20250219,20250818,Family,Monthly,Cancelled,14.99,0.0,89.94,Low Usage
284,4509,20230311,20230907,Premium,Annual,Cancelled,9.99,0.0,59.94,Low Usage
285,4546,20241021,,Fan,Monthly,Active,5.99,0.0,5.99,
286,4583,20231220,20251219,Family,Monthly,Cancelled,14.99,0.0,359.76,Low Usage
287,4620,20251010,,Premium,Monthly,Active,9.99,0.0,19.98,
288,4657,20250719,,Fan,Annual,Active,5.99,1.2,23.95,
289,4694,20240527,20250527,Family,Monthly,Cancelled,14.99,0.0,179.88,Low Usage
290,4731,20250726,,Premium,Monthly,Active,9.99,0.0,29.97,
291,4768,20241206,20250306,Fan,Monthly,Cancelled,5.99,0.0,17.97,Price
292,4805,20230813,20240812,Family,Annual,Cancelled,14.99,0.0,179.88,Low Usage
293,4842,20251101,,Premium,Monthly,Active,9.99,0.0,19.98,
294,4879,20240722,20250118,Fan,Monthly,Cancelled,5.99,0.0,35.94,Price
295,4916,20250811,,Family,Monthly,Active,14.99,0.0,44.97,
296,4953,20230221,20230820,Premium,Annual,Cancelled,9.99,0.0,59.94,Low Usage
297,4990,20241014,20251014,Fan,Monthly,Cancelled,5.99,1.2,57.48,Price
298,5027,20230626,20250625,Family,Monthly,Cancelled,14.99,0.0,359.76,Low Usage
299,5064,20250725,20251023,Premium,Monthly,Cancelled,9.99,0.0,29.97,Low Usage
300,5101,20230627,,Fan,Annual,Active,5.99,0.0,5.99,
301,5138,20241112,20250210,Family,Monthly,Cancelled,14.99,0.0,44.97,Low Usage
302,5175,20250508,,Premium,Monthly,Active,9.99,0.0,69.93,
303,5212,20251021,,Fan,Monthly,Active,5.99,0.0,11.98,
304,5249,20230201,20240201,Family,Annual,Cancelled,14.99,0.0,179.88,Low Usage
305,5286,20240514,,Premium,Monthly,Active,9.99,0.0,29.97,
306,5323,20240628,20240728,Fan,Monthly,Cancelled,5.99,1.2,4.79,Price
307,5360,20240519,20241115,Family,Monthly,Cancelled,14.99,0.0,89.94,Low Usage
308,5397,20231012,20241011,Premium,Annual,Cancelled,9.99,0.0,119.88,Low Usage
309,5434,20230916,20240314,Fan,Monthly,Cancelled,5.99,0.0,35.94,Price
310,5471,20241221,,Family,Monthly,Active,14.99,0.0,179.88,
311,5508,20240729,20241027,Premium,Monthly,Cancelled,9.99,0.0,29.97,Low Usage
312,5545,20250520,,Fan,Annual,Active,5.99,0.0,41.93,
313,5582,20230204,20240204,Family,Monthly,Cancelled,14.99,0.0,179.88,Low Usage
314,5619,20230731,20250730,Premium,Monthly,Cancelled,9.99,0.0,239.76,Low Usage
315,5656,20240301,,Fan,Monthly,Active,5.99,1.2,14.37,
316,5693,20240705,20250705,Family,Annual,Cancelled,14.99,0.0,179.88,Low Usage
317,5730,20250316,20250614,Premium,Monthly,Cancelled,9.99,0.0,29.97,Low Usage
318,5767,20250215,,Fan,Monthly,Active,5.99,0.0,59.9,
319,5804,20250829,20251127,Family,Monthly,Cancelled,14.99,0.0,44.97,Low Usage
320,5841,20250917,,Premium,Annual,Active,9.99,0.0,29.97,
321,5878,20251007,,Fan,Monthly,Active,5.99,0.0,11.98,
322,5915,20251112,20251212,Family,Monthly,Cancelled,14.99,0.0,14.99,Low Usage
323,5952,20241220,,Premium,Monthly,Active,9.99,0.0,119.88,
324,5989,20241020,20251020,Fan,Annual,Cancelled,5.99,1.2,57.48,Price
325,26,20241126,,Family,Monthly,Active,14.99,0.0,44.97,
326,63,20240816,20241114,Premium,Monthly,Cancelled,9.99,0.0,29.97,Low Usage
327,100,20240822,20250218,Fan,Monthly,Cancelled,5.99,0.0,35.94,Price
328,137,20240820,20250216,Family,Annual,Cancelled,14.99,0.0,89.94,Low Usage
329,174,20230704,20230803,Premium,Monthly,Cancelled,9.99,0.0,9.99,Low Usage
330,211,20250710,,Fan,Monthly,Active,5.99,0.0,29.95,
331,248,20250921,20251220,Family,Monthly,Cancelled,14.99,0.0,44.97,Low Usage
332,285,20240808,20241106,Premium,Annual,Cancelled,9.99,0.0,29.97,Low Usage
333,322,20231120,20251119,Fan,Monthly,Cancelled,5.99,1.2,114.96,Price
334,359,20230624,20250623,Family,Monthly,Cancelled,14.99,0.0,359.76,Low Usage
335,396,20250319,,Premium,Monthly,Active,9.99,0.0,59.94,
336,433,20250129,20250728,Fan,Annual,Cancelled,5.99,0.0,35.94,Price
337,470,20240910,20250309,Family,Monthly,Cancelled,14.99,0.0,89.94,Low Usage
338,507,20250831,20250930,Premium,Monthly,Cancelled,9.99,0.0,9.99,Low Usage
339,544,20240108,20240207,Fan,Monthly,Cancelled,5.99,0.0,5.99,Price
340,581,20230908,,Family,Annual,Active,14.99,0.0,359.76,
341,618,20241223,20250323,Premium,Monthly,Cancelled,9.99,0.0,29.97,Low Usage
342,655,20230119,20230419,Fan,Monthly,Cancelled,5.99,1.2,14.37,Price
343,692,20250320,20250618,Family,Monthly,Cancelled,14.99,0.0,44.97,Low Usage
344,729,20250806,,Premium,Annual,Active,9.99,0.0,39.96,
345,766,20241017,,Fan,Monthly,Active,5.99,0.0,35.94,
346,803,20230116,20240116,Family,Monthly,Cancelled,14.99,0.0,179.88,Low Usage
347,840,20230224,20250223,Premium,Monthly,Cancelled,9.99,0.0,239.76,Low Usage
348,877,20250204,20250306,Fan,Annual,Cancelled,5.99,0.0,5.99,Price
349,914,20250705,,Family,Monthly,Active,14.99,0.0,89.94,
350,951,20230929,,Premium,Monthly,Active,9.99,0.0,9.99,
351,988,20251107,,Fan,Monthly,Active,5.99,1.2,4.79,
352,1025,20230805,20231103,Family,Annual,Cancelled,14.99,0.0,44.97,Low Usage
353,1062,20250906,,Premium,Monthly,Active,9.99,0.0,29.97,
354,1099,20230805,20231103,Fan,Monthly,Cancelled,5.99,0.0,17.97,Price
355,1136,20240105,,Family,Monthly,Active,14.99,0.0,179.88,
356,1173,20240817,,Premium,Annual,Active,9.99,0.0,159.84,
357,1210,20240731,20250731,Fan,Monthly,Cancelled,5.99,0.0,71.88,Price
358,1247,20250810,20251108,Family,Monthly,Cancelled,14.99,0.0,44.97,Low Usage
359,1284,20230506,20250505,Premium,Monthly,Cancelled,9.99,0.0,239.76,Low Usage
360,1321,20250630,,Fan,Annual,Active,5.99,1.2,14.37,
361,1358,20230219,20230321,Family,Monthly,Cancelled,14.99,0.0,14.99,Low Usage
362,1395,20240925,,Premium,Monthly,Active,9.99,0.0,149.85,
363,1432,20241008,20250106,Fan,Monthly,Cancelled,5.99,0.0,17.97,Price
364,1469,20250428,,Family,Annual,Active,14.99,0.0,119.92,
365,1506,20240816,,Premium,Monthly,Active,9.99,0.0,159.84,
366,1543,20240714,,Fan,Monthly,Active,5.99,0.0,101.83,
367,1580,20251027,20251126,Family,Monthly,Cancelled,14.99,0.0,14.99,Low Usage
368,1617,20240514,20240812,Premium,Annual,Cancelled,9.99,0.0,29.97,Low Usage
369,1654,20250621,20250919,Fan,Monthly,Cancelled,5.99,1.2,14.37,Price
370,1691,20250116,,Family,Monthly,Active,14.99,0.0,89.94,
371,1728,20230511,20230610,Premium,Monthly,Cancelled,9.99,0.0,9.99,Low Usage
372,1765,20231002,20240330,Fan,Annual,Cancelled,5.99,0.0,35.94,Price
373,1802,20230101,20230131,Family,Monthly,Cancelled,14.99,0.0,14.99,Low Usage
374,1839,20250707,20250806,Premium,Monthly,Cancelled,9.99,0.0,9.99,Low Usage
375,1876,20240622,,Fan,Monthly,Active,5.99,0.0,107.82,
376,1913,20251030,20251129,Family,Annual,Cancelled,14.99,0.0,14.99,Low Usage
377,1950,20251104,,Premium,Monthly,Active,9.99,0.0,9.99,
378,1987,20250718,,Fan,Monthly,Active,5.99,1.2,23.95,
379,2024,20241101,20250130,Family,Monthly,Cancelled,14.99,0.0,44.97,Low Usage
380,2061,20250910,,Premium,Annual,Active,9.99,0.0,29.97,
381,2098,20230829,20231127,Fan,Monthly,Cancelled,5.99,0.0,17.97,Price
382,2135,20241129,20250227,Family,Monthly,Cancelled,14.99,0.0,44.97,Low Usage
383,2172,20230701,20230929,Premium,Monthly,Cancelled,9.99,0.0,29.97,Low Usage
384,2209,20250130,20250301,Fan,Annual,Cancelled,5.99,0.0,5.99,Price
385,2246,20250616,,Family,Monthly,Active,14.99,0.0,89.94,
386,2283,20231012,20240409,Premium,Monthly,Cancelled,9.99,0.0,59.94,Low Usage
387,2320,20231111,20251110,Fan,Monthly,Cancelled,5.99,1.2,114.96,Price
388,2357,20250331,,Family,Annual,Active,14.99,0.0,134.91,
389,2394,20240528,20240826,Premium,Monthly,Cancelled,9.99,0.0,29.97,Low Usage
390,2431,20231215,,Fan,Monthly,Active,5.99,0.0,17.97,
391,2468,20250531,20250630,Family,Monthly,Cancelled,14.99,0.0,14.99,Low Usage
392,2505,20240125,20250124,Premium,Annual,Cancelled,9.99,0.0,119.88,Low Usage
393,2542,20240801,,Fan,Monthly,Active,5.99,0.0,101.83,
394,2579,20231102,20240131,Family,Monthly,Cancelled,14.99,0.0,44.97,Low Usage
395,2616,20240823,,Premium,Monthly,Active,9.99,0.0,59.94,
396,2653,20250310,20250608,Fan,Annual,Cancelled,5.99,1.2,14.37,Price
397,2690,20250905,20251204,Family,Monthly,Cancelled,14.99,0.0,44.97,Low Usage
398,2727,20250624,,Premium,Monthly,Active,9.99,0.0,59.94,
399,2764,20231201,20240529,Fan,Monthly,Cancelled,5.99,0.0,35.94,Price
400,2801,20230922,,Family,Annual,Active,14.99,0.0,14.99,
401,2838,20240819,20241117,Premium,Monthly,Cancelled,9.99,0.0,29.97,Low Usage
402,2875,20230422,20231019,Fan,Monthly,Cancelled,5.99,0.0,35.94,Price
403,2912,20240801,20250801,Family,Monthly,Cancelled,14.99,0.0,179.88,Low Usage
404,2949,20240326,20240624,Premium,Annual,Cancelled,9.99,0.0,29.97,Low Usage
405,2986,20230409,,Fan,Monthly,Active,5.99,1.2,28.74,
406,3023,20240522,20240820,Family,Monthly,Cancelled,14.99,0.0,44.97,Low Usage
407,3060,20230106,20240106,Premium,Monthly,Cancelled,9.99,0.0,119.88,Low Usage
408,3097,20250110,,Fan,Annual,Active,5.99,0.0,65.89,
409,3134,20240806,20240905,Family,Monthly,Cancelled,14.99,0.0,14.99,Low Usage
410,3171,20240706,,Premium,Monthly,Active,9.99,0.0,119.88,
411,3208,20230918,20231018,Fan,Monthly,Cancelled,5.99,0.0,5.99,Price
412,3245,20230429,20230728,Family,Annual,Cancelled,14.99,0.0,44.97,Low Usage
413,3282,20230901,20240831,Premium,Monthly,Cancelled,9.99,0.0,119.88,Low Usage
414,3319,20230402,20230701,Fan,Monthly,Cancelled,5.99,1.2,14.37,Price
415,3356,20231113,,Family,Monthly,Active,14.99,0.0,89.94,
416,3393,20250521,20251117,Premium,Annual,Cancelled,9.99,0.0,59.94,Low Usage
417,3430,20230804,20240803,Fan,Monthly,Cancelled,5.99,0.0,71.88,Price
418,3467,20250407,20251004,Family,Monthly,Cancelled,14.99,0.0,89.94,Low Usage
419,3504,20240807,20250203,Premium,Monthly,Cancelled,9.99,0.0,59.94,Low Usage
420,3541,20240530,,Fan,Annual,Active,5.99,0.0,17.97,
421,3578,20230208,20250207,Family,Monthly,Cancelled,14.99,0.0,359.76,Low Usage
422,3615,20240304,20240831,Premium,Monthly,Cancelled,9.99,0.0,59.94,Low Usage
423,3652,20240512,20240611,Fan,Monthly,Cancelled,5.99,1.2,4.79,Price
424,3689,20240508,20250508,Family,Annual,Cancelled,14.99,0.0,179.88,Low Usage
425,3726,20241203,,Premium,Monthly,Active,9.99,0.0,119.88,
426,3763,20231117,20240515,Fan,Monthly,Cancelled,5.99,0.0,35.94,Price
427,3800,20230305,20250304,Family,Monthly,Cancelled,14.99,0.0,359.76,Low Usage
428,3837,20250422,,Premium,Annual,Active,9.99,0.0,79.92,
429,3874,20241109,20250207,Fan,Monthly,Cancelled,5.99,0.0,17.97,Price
430,3911,20250128,,Family,Monthly,Active,14.99,0.0,44.97,
431,3948,20230513,20250512,Premium,Monthly,Cancelled,9.99,0.0,239.76,Low Usage
432,3985,20250506,20251102,Fan,Annual,Cancelled,5.99,1.2,28.74,Price
433,4022,20250726,20250825,Family,Monthly,Cancelled,14.99,0.0,14.99,Low Usage
434,4059,20230810,20230909,Premium,Monthly,Cancelled,9.99,0.0,9.99,Low Usage
435,4096,20241207,,Fan,Monthly,Active,5.99,0.0,17.97,
436,4133,20230404,20230703,Family,Annual,Cancelled,14.99,0.0,44.97,Low Usage
437,4170,20230722,20250721,Premium,Monthly,Cancelled,9.99,0.0,239.76,Low Usage
438,4207,20240508,,Fan,Monthly,Active,5.99,0.0,119.8,
439,4244,20230306,20230604,Family,Monthly,Cancelled,14.99,0.0,44.97,Low Usage
440,4281,20241011,,Premium,Annual,Active,9.99,0.0,119.88,
441,4318,20240530,20240629,Fan,Monthly,Cancelled,5.99,1.2,4.79,Price
442,4355,20241029,20250127,Family,Monthly,Cancelled,14.99,0.0,44.97,Low Usage
443,4392,20230319,20240318,Premium,Monthly,Cancelled,9.99,0.0,119.88,Low Usage
444,4429,20250216,20250517,Fan,Annual,Cancelled,5.99,0.0,17.97,Price
445,4466,20230802,,Family,Monthly,Active,14.99,0.0,44.97,
446,4503,20230901,20231130,Premium,Monthly,Cancelled,9.99,0.0,29.97,Low Usage
447,4540,20240902,20241201,Fan,Monthly,Cancelled,5.99,0.0,17.97,Price
448,4577,20240730,,Family,Annual,Active,14.99,0.0,254.83,
449,4614,20240330,,Premium,Monthly,Active,9.99,0.0,209.79,
450,4651,20240523,,Fan,Monthly,Active,5.99,1.2,14.37,
451,4688,20251030,,Family,Monthly,Active,14.99,0.0,29.98,
452,4725,20230923,20240321,Premium,Annual,Cancelled,9.99,0.0,59.94,Low Usage
453,4762,20251009,,Fan,Monthly,Active,5.99,0.0,11.98,
454,4799,20240206,,Family,Monthly,Active,14.99,0.0,344.77,
455,4836,20230409,,Premium,Monthly,Active,9.99,0.0,59.94,
456,4873,20250828,,Fan,Annual,Active,5.99,0.0,23.96,
457,4910,20230515,20230813,Family,Monthly,Cancelled,14.99,0.0,44.97,Low Usage
458,4947,20230211,20230313,Premium,Monthly,Cancelled,9.99,0.0,9.99,Low Usage
459,4984,20230627,20230925,Fan,Monthly,Cancelled,5.99,1.2,14.37,Price
460,5021,20240918,,Family,Annual,Active,14.99,0.0,224.85,
461,5058,20230822,20240218,Premium,Monthly,Cancelled,9.99,0.0,59.94,Low Usage
462,5095,20250905,,Fan,Monthly,Active,5.99,0.0,17.97,
463,5132,20240604,20241201,Family,Monthly,Cancelled,14.99,0.0,89.94,Low Usage
464,5169,20240918,20250918,Premium,Annual,Cancelled,9.99,0.0,119.88,Low Usage
465,5206,20240322,,Fan,Monthly,Active,5.99,0.0,125.79,
466,5243,20241220,20250618,Family,Monthly,Cancelled,14.99,0.0,89.94,Low Usage
467,5280,20241224,20250622,Premium,Monthly,Cancelled,9.99,0.0,59.94,Low Usage
468,5317,20250227,20250528,Fan,Annual,Cancelled,5.99,1.2,14.37,Price
469,5354,20241224,20250123,Family,Monthly,Cancelled,14.99,0.0,14.99,Low Usage
470,5391,20230417,,Premium,Monthly,Active,9.99,0.0,119.88,
471,5428,20240404,20250404,Fan,Monthly,Cancelled,5.99,0.0,71.88,Price
472,5465,20241023,,Family,Annual,Active,14.99,0.0,209.86,
473,5502,20251014,,Premium,Monthly,Active,9.99,0.0,19.98,
474,5539,20250605,,Fan,Monthly,Active,5.99,0.0,41.93,
475,5576,20241025,,Family,Monthly,Active,14.99,0.0,89.94,
476,5613,20240121,20240719,Premium,Annual,Cancelled,9.99,0.0,59.94,Low Usage
477,5650,20230206,20240206,Fan,Monthly,Cancelled,5.99,1.2,57.48,Price
478,5687,20230322,20240321,Family,Monthly,Cancelled,14.99,0.0,179.88,Low Usage
479,5724,20250502,20250601,Premium,Monthly,Cancelled,9.99,0.0,9.99,Low Usage
480,5761,20230725,,Fan,Annual,Active,5.99,0.0,17.97,
481,5798,20230402,20250401,Family,Monthly,Cancelled,14.99,0.0,359.76,Low Usage
482,5835,20230408,20250407,Premium,Monthly,Cancelled,9.99,0.0,239.76,Low Usage
483,5872,20250509,20251105,Fan,Monthly,Cancelled,5.99,0.0,35.94,Price
484,5909,20240508,20250508,Family,Annual,Cancelled,14.99,0.0,179.88,Low Usage
485,5946,20250524,,Premium,Monthly,Active,9.99,0.0,9.99,
486,5983,20250429,,Fan,Monthly,Active,5.99,1.2,38.32,
487,20,20230721,20240117,Family,Monthly,Cancelled,14.99,0.0,89.94,Low Usage
488,57,20241224,20251224,Premium,Annual,Cancelled,9.99,0.0,119.88,Low Usage
489,94,20230205,20240205,Fan,Monthly,Cancelled,5.99,0.0,71.88,Price
490,131,20230711,,Family,Monthly,Active,14.99,0.0,179.88,
491,168,20240729,20250125,Premium,Monthly,Cancelled,9.99,0.0,59.94,Low Usage
492,205,20230809,20240205,Fan,Annual,Cancelled,5.99,0.0,35.94,Price
493,242,20230324,20240323,Family,Monthly,Cancelled,14.99,0.0,179.88,Low Usage
494,279,20240930,20241229,Premium,Monthly,Cancelled,9.99,0.0,29.97,Low Usage
495,316,20250804,,Fan,Monthly,Active,5.99,1.2,23.95,
496,353,20241002,20250331,Family,Annual,Cancelled,14.99,0.0,89.94,Low Usage
497,390,20240724,,Premium,Monthly,Active,9.99,0.0,169.83,
498,427,20230131,20250130,Fan,Monthly,Cancelled,5.99,0.0,143.76,Price
499,464,20230712,20240711,Family,Monthly,Cancelled,14.99,0.0,179.88,Low Usage
500,501,20231228,,Premium,Annual,Active,9.99,0.0,59.94,
501,538,20250318,20250914,Fan,Monthly,Cancelled,5.99,0.0,35.94,Price
502,575,20240626,20250626,Family,Monthly,Cancelled,14.99,0.0,179.88,Low Usage
503,612,20231217,20240316,Premium,Monthly,Cancelled,9.99,0.0,29.97,Low Usage
504,649,20250416,20251013,Fan,Annual,Cancelled,5.99,1.2,28.74,Price
505,686,20240210,,Family,Monthly,Active,14.99,0.0,14.99,
506,723,20231112,20231212,Premium,Monthly,Cancelled,9.99,0.0,9.99,Low Usage
507,760,20231024,20240122,Fan,Monthly,Cancelled,5.99,0.0,17.97,Price
508,797,20230920,20231219,Family,Annual,Cancelled,14.99,0.0,44.97,Low Usage
509,834,20240408,20240707,Premium,Monthly,Cancelled,9.99,0.0,29.97,Low Usage
510,871,20250629,,Fan,Monthly,Active,5.99,0.0,17.97,
511,908,20230509,20230608,Family,Monthly,Cancelled,14.99,0.0,14.99,Low Usage
512,945,20250222,,Premium,Annual,Active,9.99,0.0,99.9,
513,982,20230904,20240302,Fan,Monthly,Cancelled,5.99,1.2,28.74,Price
514,1019,20240325,20240623,Family,Monthly,Cancelled,14.99,0.0,44.97,Low Usage
515,1056,20230624,,Premium,Monthly,Active,9.99,0.0,119.88,
516,1093,20240711,20250107,Fan,Annual,Cancelled,5.99,0.0,35.94,Price
517,1130,20230128,20240128,Family,Monthly,Cancelled,14.99,0.0,179.88,Low Usage
518,1167,20240310,20240906,Premium,Monthly,Cancelled,9.99,0.0,59.94,Low Usage
519,1204,20230728,20250727,Fan,Monthly,Cancelled,5.99,0.0,143.76,Price
520,1241,20230730,,Family,Annual,Active,14.99,0.0,89.94,
521,1278,20250726,,Premium,Monthly,Active,9.99,0.0,49.95,
522,1315,20240205,,Fan,Monthly,Active,5.99,1.2,110.17,
523,1352,20250810,,Family,Monthly,Active,14.99,0.0,59.96,
524,1389,20230515,20230614,Premium,Annual,Cancelled,9.99,0.0,9.99,Low Usage
525,1426,20251024,,Fan,Monthly,Active,5.99,0.0,11.98,
526,1463,20240919,,Family,Monthly,Active,14.99,0.0,224.85,
527,1500,20250601,20251128,Premium,Monthly,Cancelled,9.99,0.0,59.94,Low Usage
528,1537,20230305,20230404,Fan,Annual,Cancelled,5.99,0.0,5.99,Price
529,1574,20230917,20231017,Family,Monthly,Cancelled,14.99,0.0,14.99,Low Usage
530,1611,20230630,,Premium,Monthly,Active,9.99,0.0,29.97,
531,1648,20240528,,Fan,Monthly,Active,5.99,1.2,91.01,
532,1685,20250207,20250508,Family,Annual,Cancelled,14.99,0.0,44.97,Low Usage
533,1722,20240804,20240903,Premium,Monthly,Cancelled,9.99,0.0,9.99,Low Usage
534,1759,20240525,,Fan,Monthly,Active,5.99,0.0,113.81,
535,1796,20230404,,Family,Monthly,Active,14.99,0.0,89.94,
536,1833,20230321,20240320,Premium,Annual,Cancelled,9.99,0.0,119.88,Low Usage
537,1870,20250317,20250913,Fan,Monthly,Cancelled,5.99,0.0,35.94,Price
538,1907,20241224,,Family,Monthly,Active,14.99,0.0,179.88,
539,1944,20251109,,Premium,Monthly,Active,9.99,0.0,9.99,
540,1981,20241014,,Fan,Annual,Active,5.99,1.2,4.79,
541,2018,20230428,20231025,Family,Monthly,Cancelled,14.99,0.0,89.94,Low Usage
542,2055,20230428,20230727,Premium,Monthly,Cancelled,9.99,0.0,29.97,Low Usage
543,2092,20250404,,Fan,Monthly,Active,5.99,0.0,53.91,
544,2129,20251009,20251108,Family,Annual,Cancelled,14.99,0.0,14.99,Low Usage
545,2166,20230108,,Premium,Monthly,Active,9.99,0.0,119.88,
546,2203,20230318,20250317,Fan,Monthly,Cancelled,5.99,0.0,143.76,Price
547,2240,20250416,20251013,Family,Monthly,Cancelled,14.99,0.0,89.94,Low Usage
548,2277,20230713,20240109,Premium,Annual,Cancelled,9.99,0.0,59.94,Low Usage
549,2314,20230624,20231221,Fan,Monthly,Cancelled,5.99,1.2,28.74,Price
550,2351,20250518,,Family,Monthly,Active,14.99,0.0,104.93,
551,2388,20250519,,Premium,Monthly,Active,9.99,0.0,69.93,
552,2425,20240309,20240905,Fan,Annual,Cancelled,5.99,0.0,35.94,Price
553,2462,20231104,20241103,Family,Monthly,Cancelled,14.99,0.0,179.88,Low Usage
554,2499,20240710,,Premium,Monthly,Active,9.99,0.0,179.82,
555,2536,20240702,,Fan,Monthly,Active,5.99,0.0,107.82,
556,2573,20240515,,Family,Annual,Active,14.99,0.0,284.81,
557,2610,20241124,20250523,Premium,Monthly,Cancelled,9.99,0.0,59.94,Low Usage
558,2647,20250321,,Fan,Monthly,Active,5.99,1.2,43.11,
559,2684,20240318,20240616,Family,Monthly,Cancelled,14.99,0.0,44.97,Low Usage
560,2721,20250418,,Premium,Annual,Active,9.99,0.0,59.94,
561,2758,20241113,20251113,Fan,Monthly,Cancelled,5.99,0.0,71.88,Price
562,2795,20241017,,Family,Monthly,Active,14.99,0.0,209.86,
563,2832,20230209,20230311,Premium,Monthly,Cancelled,9.99,0.0,9.99,Low Usage
564,2869,20251104,,Fan,Annual,Active,5.99,0.0,5.99,
565,2906,20231204,,Family,Monthly,Active,14.99,0.0,179.88,
566,2943,20230803,20240130,Premium,Monthly,Cancelled,9.99,0.0,59.94,Low Usage
567,2980,20240609,20250609,Fan,Monthly,Cancelled,5.99,1.2,57.48,Price
568,3017,20251010,,Family,Annual,Active,14.99,0.0,29.98,
569,3054,20250925,20251224,Premium,Monthly,Cancelled,9.99,0.0,29.97,Low Usage
570,3091,20250610,,Fan,Monthly,Active,5.99,0.0,5.99,
571,3128,20230301,20240229,Family,Monthly,Cancelled,14.99,0.0,179.88,Low Usage
572,3165,20240708,20250104,Premium,Annual,Cancelled,9.99,0.0,59.94,Low Usage
573,3202,20250315,20250414,Fan,Monthly,Cancelled,5.99,0.0,5.99,Price
574,3239,20231113,20241112,Family,Monthly,Cancelled,14.99,0.0,179.88,Low Usage
575,3276,20250514,,Premium,Monthly,Active,9.99,0.0,69.93,
576,3313,20240916,20250315,Fan,Annual,Cancelled,5.99,1.2,28.74,Price
577,3350,20250731,20250830,Family,Monthly,Cancelled,14.99,0.0,14.99,Low Usage
578,3387,20240612,20240910,Premium,Monthly,Cancelled,9.99,0.0,29.97,Low Usage
579,3424,20250811,,Fan,Monthly,Active,5.99,0.0,23.96,
580,3461,20231003,,Family,Annual,Active,14.99,0.0,14.99,
581,3498,20250327,,Premium,Monthly,Active,9.99,0.0,89.91,
582,3535,20240627,20241224,Fan,Monthly,Cancelled,5.99,0.0,35.94,Price
583,3572,20250502,20251029,Family,Monthly,Cancelled,14.99,0.0,89.94,Low Usage
584,3609,20230920,20240318,Premium,Annual,Cancelled,9.99,0.0,59.94,Low Usage
585,3646,20240206,,Fan,Monthly,Active,5.99,1.2,14.37,
586,3683,20240827,20250223,Family,Monthly,Cancelled,14.99,0.0,89.94,Low Usage
587,3720,20240111,20240210,Premium,Monthly,Cancelled,9.99,0.0,9.99,Low Usage
588,3757,20230929,20250928,Fan,Annual,Cancelled,5.99,0.0,143.76,Price
589,3794,20251022,,Family,Monthly,Active,14.99,0.0,29.98,
590,3831,20240411,,Premium,Monthly,Active,9.99,0.0,209.79,
591,3868,20250513,20251109,Fan,Monthly,Cancelled,5.99,0.0,35.94,Price
592,3905,20240901,20250228,Family,Annual,Cancelled,14.99,0.0,89.94,Low Usage
593,3942,20250217,,Premium,Monthly,Active,9.99,0.0,99.9,
594,3979,20240923,20250923,Fan,Monthly,Cancelled,5.99,1.2,57.48,Price
595,4016,20251014,,Family,Monthly,Active,14.99,0.0,29.98,
596,4053,20250427,20250726,Premium,Annual,Cancelled,9.99,0.0,29.97,Low Usage
597,4090,20230324,20250323,Fan,Monthly,Cancelled,5.99,0.0,143.76,Price
598,4127,20250926,20251026,Family,Monthly,Cancelled,14.99,0.0,14.99,Low Usage
599,4164,20250324,20250423,Premium,Monthly,Cancelled,9.99,0.0,9.99,Low Usage
600,4201,20250831,,Fan,Annual,Active,5.99,0.0,23.96,
601,4238,20250203,20250802,Family,Monthly,Cancelled,14.99,0.0,89.94,Low Usage
602,4275,20250312,,Premium,Monthly,Active,9.99,0.0,89.91,
603,4312,20231219,20240318,Fan,Monthly,Cancelled,5.99,1.2,14.37,Price
604,4349,20250622,20250722,Family,Annual,Cancelled,14.99,0.0,14.99,Low Usage
605,4386,20230617,,Premium,Monthly,Active,9.99,0.0,9.99,
606,4423,20250815,20251113,Fan,Monthly,Cancelled,5.99,0.0,17.97,Price
607,4460,20240714,20240813,Family,Monthly,Cancelled,14.99,0.0,14.99,Low Usage
608,4497,20250602,20250702,Premium,Annual,Cancelled,9.99,0.0,9.99,Low Usage
609,4534,20230216,20240216,Fan,Monthly,Cancelled,5.99,0.0,71.88,Price
610,4571,20240824,,Family,Monthly,Active,14.99,0.0,44.97,
611,4608,20230103,20240103,Premium,Monthly,Cancelled,9.99,0.0,119.88,Low Usage
612,4645,20240207,20240805,Fan,Annual,Cancelled,5.99,1.2,28.74,Price
613,4682,20251001,,Family,Monthly,Active,14.99,0.0,44.97,
614,4719,20250902,,Premium,Monthly,Active,9.99,0.0,39.96,
615,4756,20250822,,Fan,Monthly,Active,5.99,0.0,23.96,
616,4793,20230206,20240206,Family,Annual,Cancelled,14.99,0.0,179.88,Low Usage
617,4830,20230521,20230620,Premium,Monthly,Cancelled,9.99,0.0,9.99,Low Usage
618,4867,20250814,,Fan,Monthly,Active,5.99,0.0,23.96,
619,4904,20240105,20240404,Family,Monthly,Cancelled,14.99,0.0,44.97,Low Usage
620,4941,20240217,,Premium,Annual,Active,9.99,0.0,9.99,
621,4978,20230304,20230831,Fan,Monthly,Cancelled,5.99,1.2,28.74,Price
622,5015,20250125,,Family,Monthly,Active,14.99,0.0,164.89,
623,5052,20250221,20250522,Premium,Monthly,Cancelled,9.99,0.0,29.97,Low Usage
624,5089,20230325,20240324,Fan,Annual,Cancelled,5.99,0.0,71.88,Price
625,5126,20250316,,Family,Monthly,Active,14.99,0.0,89.94,
626,5163,20250125,20250425,Premium,Monthly,Cancelled,9.99,0.0,29.97,Low Usage
627,5200,20231005,20251004,Fan,Monthly,Cancelled,5.99,0.0,143.76,Price
628,5237,20240222,,Family,Annual,Active,14.99,0.0,329.78,
629,5274,20241118,,Premium,Monthly,Active,9.99,0.0,129.87,
630,5311,20241031,,Fan,Monthly,Active,5.99,1.2,67.06,
631,5348,20250428,20251025,Family,Monthly,Cancelled,14.99,0.0,89.94,Low Usage
632,5385,20240126,20250125,Premium,Annual,Cancelled,9.99,0.0,119.88,Low Usage
633,5422,20240610,20241207,Fan,Monthly,Cancelled,5.99,0.0,35.94,Price
634,5459,20230515,20240514,Family,Monthly,Cancelled,14.99,0.0,179.88,Low Usage
635,5496,20230315,,Premium,Monthly,Active,9.99,0.0,239.76,
636,5533,20250525,,Fan,Annual,Active,5.99,0.0,41.93,
637,5570,20231221,20251220,Family,Monthly,Cancelled,14.99,0.0,359.76,Low Usage
638,5607,20250817,20251115,Premium,Monthly,Cancelled,9.99,0.0,29.97,Low Usage
639,5644,20240919,20241218,Fan,Monthly,Cancelled,5.99,1.2,14.37,Price
640,5681,20230303,,Family,Annual,Active,14.99,0.0,359.76,
641,5718,20250825,,Premium,Monthly,Active,9.99,0.0,39.96,
642,5755,20230309,20230607,Fan,Monthly,Cancelled,5.99,0.0,17.97,Price
643,5792,20250308,,Family,Monthly,Active,14.99,0.0,134.91,
644,5829,20240526,,Premium,Annual,Active,9.99,0.0,189.81,
645,5866,20230927,,Fan,Monthly,Active,5.99,0.0,143.76,
646,5903,20250521,,Family,Monthly,Active,14.99,0.0,104.93,
647,5940,20231217,20251216,Premium,Monthly,Cancelled,9.99,0.0,239.76,Low Usage
648,5977,20230914,20231014,Fan,Annual,Cancelled,5.99,1.2,4.79,Price
649,14,20240522,20241118,Family,Monthly,Cancelled,14.99,0.0,89.94,Low Usage
650,51,20250522,,Premium,Monthly,Active,9.99,0.0,9.99,
651,88,20250822,,Fan,Monthly,Active,5.99,0.0,23.96,
652,125,20250121,20250720,Family,Annual,Cancelled,14.99,0.0,89.94,Low Usage
653,162,20240515,,Premium,Monthly,Active,9.99,0.0,189.81,
654,199,20240303,20240601,Fan,Monthly,Cancelled,5.99,0.0,17.97,Price
655,236,20231113,,Family,Monthly,Active,14.99,0.0,89.94,
656,273,20241109,20251109,Premium,Annual,Cancelled,9.99,0.0,119.88,Low Usage
657,310,20230119,20230218,Fan,Monthly,Cancelled,5.99,1.2,4.79,Price
658,347,20240717,20250717,Family,Monthly,Cancelled,14.99,0.0,179.88,Low Usage
659,384,20231025,20240422,Premium,Monthly,Cancelled,9.99,0.0,59.94,Low Usage
660,421,20240228,,Fan,Annual,Active,5.99,0.0,71.88,
661,458,20250827,20251125,Family,Monthly,Cancelled,14.99,0.0,44.97,Low Usage
662,495,20250628,20250926,Premium,Monthly,Cancelled,9.99,0.0,29.97,Low Usage
663,532,20250619,,Fan,Monthly,Active,5.99,0.0,35.94,
664,569,20241203,20250601,Family,Annual,Cancelled,14.99,0.0,89.94,Low Usage
665,606,20241015,,Premium,Monthly,Active,9.99,0.0,29.97,
666,643,20250515,,Fan,Monthly,Active,5.99,1.2,33.53,
667,680,20230111,20250110,Family,Monthly,Cancelled,14.99,0.0,359.76,Low Usage
668,717,20240604,,Premium,Annual,Active,9.99,0.0,189.81,
669,754,20230723,20230822,Fan,Monthly,Cancelled,5.99,0.0,5.99,Price
670,791,20230519,,Family,Monthly,Active,14.99,0.0,44.97,
671,828,20241122,,Premium,Monthly,Active,9.99,0.0,129.87,
672,865,20230427,20231024,Fan,Annual,Cancelled,5.99,0.0,35.94,Price
673,902,20230315,20250314,Family,Monthly,Cancelled,14.99,0.0,359.76,Low Usage
674,939,20231009,20240406,Premium,Monthly,Cancelled,9.99,0.0,59.94,Low Usage
675,976,20230923,,Fan,Monthly,Active,5.99,1.2,14.37,
676,1013,20230511,20250510,Family,Annual,Cancelled,14.99,0.0,359.76,Low Usage
677,1050,20230316,20240315,Premium,Monthly,Cancelled,9.99,0.0,119.88,Low Usage
678,1087,20250620,20250720,Fan,Monthly,Cancelled,5.99,0.0,5.99,Price
679,1124,20250729,,Family,Monthly,Active,14.99,0.0,74.95,
680,1161,20240530,,Premium,Annual,Active,9.99,0.0,9.99,
681,1198,20240122,20240720,Fan,Monthly,Cancelled,5.99,0.0,35.94,Price
682,1235,20240708,20241006,Family,Monthly,Cancelled,14.99,0.0,44.97,Low Usage
683,1272,20251025,20251124,Premium,Monthly,Cancelled,9.99,0.0,9.99,Low Usage
684,1309,20250805,,Fan,Annual,Active,5.99,1.2,19.16,
685,1346,20231216,,Family,Monthly,Active,14.99,0.0,44.97,
686,1383,20241205,20250305,Premium,Monthly,Cancelled,9.99,0.0,29.97,Low Usage
687,1420,20230126,20250125,Fan,Monthly,Cancelled,5.99,0.0,143.76,Price
688,1457,20250601,20251128,Family,Annual,Cancelled,14.99,0.0,89.94,Low Usage
689,1494,20240309,,Premium,Monthly,Active,9.99,0.0,219.78,
690,1531,20230116,,Fan,Monthly,Active,5.99,0.0,71.88,
691,1568,20231227,20251226,Family,Monthly,Cancelled,14.99,0.0,359.76,Low Usage
692,1605,20230908,20240907,Premium,Annual,Cancelled,9.99,0.0,119.88,Low Usage
693,1642,20241205,20251205,Fan,Monthly,Cancelled,5.99,1.2,57.48,Price
694,1679,20240128,20250127,Family,Monthly,Cancelled,14.99,0.0,179.88,Low Usage
695,1716,20230127,,Premium,Monthly,Active,9.99,0.0,29.97,
696,1753,20250514,20251110,Fan,Annual,Cancelled,5.99,0.0,35.94,Price
697,1790,20251009,,Family,Monthly,Active,14.99,0.0,29.98,
698,1827,20250618,,Premium,Monthly,Active,9.99,0.0,59.94,
699,1864,20250216,20250517,Fan,Monthly,Cancelled,5.99,0.0,17.97,Price
700,1901,20230528,,Family,Annual,Active,14.99,0.0,44.97,
701,1938,20240731,20240830,Premium,Monthly,Cancelled,9.99,0.0,9.99,Low Usage
702,1975,20240415,20241012,Fan,Monthly,Cancelled,5.99,1.2,28.74,Price
703,2012,20230831,20240830,Family,Monthly,Cancelled,14.99,0.0,179.88,Low Usage
704,2049,20241228,20250127,Premium,Annual,Cancelled,9.99,0.0,9.99,Low Usage
705,2086,20231108,,Fan,Monthly,Active,5.99,0.0,143.76,
706,2123,20230104,20230703,Family,Monthly,Cancelled,14.99,0.0,89.94,Low Usage
707,2160,20230614,20250613,Premium,Monthly,Cancelled,9.99,0.0,239.76,Low Usage
708,2197,20240629,20240927,Fan,Annual,Cancelled,5.99,0.0,17.97,Price
709,2234,20230820,20250819,Family,Monthly,Cancelled,14.99,0.0,359.76,Low Usage
710,2271,20250611,,Premium,Monthly,Active,9.99,0.0,29.97,
711,2308,20240502,20240731,Fan,Monthly,Cancelled,5.99,1.2,14.37,Price
712,2345,20240712,20240811,Family,Annual,Cancelled,14.99,0.0,14.99,Low Usage
713,2382,20231025,20241024,Premium,Monthly,Cancelled,9.99,0.0,119.88,Low Usage
714,2419,20231122,20240220,Fan,Monthly,Cancelled,5.99,0.0,17.97,Price
715,2456,20231018,,Family,Monthly,Active,14.99,0.0,179.88,
716,2493,20230630,20250629,Premium,Annual,Cancelled,9.99,0.0,239.76,Low Usage
717,2530,20250324,,Fan,Monthly,Active,5.99,0.0,53.91,
718,2567,20240415,,Family,Monthly,Active,14.99,0.0,299.8,
719,2604,20240713,20241011,Premium,Monthly,Cancelled,9.99,0.0,29.97,Low Usage
720,2641,20241005,,Fan,Annual,Active,5.99,1.2,71.85,
721,2678,20251024,,Family,Monthly,Active,14.99,0.0,29.98,
722,2715,20230224,20250223,Premium,Monthly,Cancelled,9.99,0.0,239.76,Low Usage
723,2752,20230512,20230611,Fan,Monthly,Cancelled,5.99,0.0,5.99,Price
724,2789,20230909,20240307,Family,Annual,Cancelled,14.99,0.0,89.94,Low Usage
725,2826,20251116,,Premium,Monthly,Active,9.99,0.0,9.99,
726,2863,20230727,20230826,Fan,Monthly,Cancelled,5.99,0.0,5.99,Price
727,2900,20231220,20251219,Family,Monthly,Cancelled,14.99,0.0,359.76,Low Usage
728,2937,20230319,20250318,Premium,Annual,Cancelled,9.99,0.0,239.76,Low Usage
729,2974,20230802,20240801,Fan,Monthly,Cancelled,5.99,1.2,57.48,Price
730,3011,20241225,,Family,Monthly,Active,14.99,0.0,14.99,
731,3048,20240325,20240424,Premium,Monthly,Cancelled,9.99,0.0,9.99,Low Usage
732,3085,20250513,20250612,Fan,Annual,Cancelled,5.99,0.0,5.99,Price
733,3122,20230727,20250726,Family,Monthly,Cancelled,14.99,0.0,359.76,Low Usage
734,3159,20251007,,Premium,Monthly,Active,9.99,0.0,19.98,
735,3196,20240318,,Fan,Monthly,Active,5.99,0.0,5.99,
736,3233,20231108,20240506,Family,Annual,Cancelled,14.99,0.0,89.94,Low Usage
737,3270,20250724,20250823,Premium,Monthly,Cancelled,9.99,0.0,9.99,Low Usage
738,3307,20250125,20250425,Fan,Monthly,Cancelled,5.99,1.2,14.37,Price
739,3344,20231030,20241029,Family,Monthly,Cancelled,14.99,0.0,179.88,Low Usage
740,3381,20250813,,Premium,Annual,Active,9.99,0.0,29.97,
741,3418,20240706,20250102,Fan,Monthly,Cancelled,5.99,0.0,35.94,Price
742,3455,20250128,20250227,Family,Monthly,Cancelled,14.99,0.0,14.99,Low Usage
743,3492,20240917,20241216,Premium,Monthly,Cancelled,9.99,0.0,29.97,Low Usage
744,3529,20240514,20240812,Fan,Annual,Cancelled,5.99,0.0,17.97,Price
745,3566,20240818,,Family,Monthly,Active,14.99,0.0,239.84,
746,3603,20250828,20250927,Premium,Monthly,Cancelled,9.99,0.0,9.99,Low Usage
747,3640,20240521,20241117,Fan,Monthly,Cancelled,5.99,1.2,28.74,Price
748,3677,20230608,20250607,Family,Annual,Cancelled,14.99,0.0,359.76,Low Usage
749,3714,20250309,20250905,Premium,Monthly,Cancelled,9.99,0.0,59.94,Low Usage
750,3751,20231212,,Fan,Monthly,Active,5.99,0.0,5.99,
751,3788,20230721,20250720,Family,Monthly,Cancelled,14.99,0.0,359.76,Low Usage
752,3825,20231205,20240602,Premium,Annual,Cancelled,9.99,0.0,59.94,Low Usage
753,3862,20241104,20241204,Fan,Monthly,Cancelled,5.99,0.0,5.99,Price
754,3899,20251012,,Family,Monthly,Active,14.99,0.0,29.98,
755,3936,20240403,,Premium,Monthly,Active,9.99,0.0,59.94,
756,3973,20240818,,Fan,Annual,Active,5.99,1.2,76.64,
757,4010,20240315,20250315,Family,Monthly,Cancelled,14.99,0.0,179.88,Low Usage
758,4047,20251024,,Premium,Monthly,Active,9.99,0.0,19.98,
759,4084,20240624,20240922,Fan,Monthly,Cancelled,5.99,0.0,17.97,Price
760,4121,20240419,,Family,Annual,Active,14.99,0.0,179.88,
761,4158,20250610,,Premium,Monthly,Active,9.99,0.0,59.94,
762,4195,20250303,,Fan,Monthly,Active,5.99,0.0,59.9,
763,4232,20250622,,Family,Monthly,Active,14.99,0.0,89.94,
764,4269,20241205,20250104,Premium,Annual,Cancelled,9.99,0.0,9.99,Low Usage
765,4306,20240118,,Fan,Monthly,Active,5.99,1.2,4.79,
766,4343,20240429,20240728,Family,Monthly,Cancelled,14.99,0.0,44.97,Low Usage
767,4380,20240607,20250607,Premium,Monthly,Cancelled,9.99,0.0,119.88,Low Usage
768,4417,20231227,20241226,Fan,Annual,Cancelled,5.99,0.0,71.88,Price
769,4454,20230512,20240511,Family,Monthly,Cancelled,14.99,0.0,179.88,Low Usage
770,4491,20250919,,Premium,Monthly,Active,9.99,0.0,9.99,
771,4528,20230917,20250916,Fan,Monthly,Cancelled,5.99,0.0,143.76,Price
772,4565,20250820,,Family,Annual,Active,14.99,0.0,59.96,
773,4602,20240817,20241115,Premium,Monthly,Cancelled,9.99,0.0,29.97,Low Usage
774,4639,20230112,20230711,Fan,Monthly,Cancelled,5.99,1.2,28.74,Price
775,4676,20230727,,Family,Monthly,Active,14.99,0.0,89.94,
776,4713,20230306,20230405,Premium,Annual,Cancelled,9.99,0.0,9.99,Low Usage
777,4750,20240218,,Fan,Monthly,Active,5.99,0.0,131.78,
778,4787,20250102,,Family,Monthly,Active,14.99,0.0,179.88,
779,4824,20250326,20250425,Premium,Monthly,Cancelled,9.99,0.0,9.99,Low Usage
780,4861,20251114,,Fan,Annual,Active,5.99,0.0,5.99,
781,4898,20250515,20251111,Family,Monthly,Cancelled,14.99,0.0,89.94,Low Usage
782,4935,20230704,20240703,Premium,Monthly,Cancelled,9.99,0.0,119.88,Low Usage
783,4972,20241122,20250220,Fan,Monthly,Cancelled,5.99,1.2,14.37,Price
784,5009,20250826,,Family,Annual,Active,14.99,0.0,59.96,
785,5046,20230329,,Premium,Monthly,Active,9.99,0.0,29.97,
786,5083,20241025,20251025,Fan,Monthly,Cancelled,5.99,0.0,71.88,Price
787,5120,20250214,,Family,Monthly,Active,14.99,0.0,149.9,
788,5157,20231204,20251203,Premium,Annual,Cancelled,9.99,0.0,239.76,Low Usage
789,5194,20240817,20250817,Fan,Monthly,Cancelled,5.99,0.0,71.88,Price
790,5231,20241113,,Family,Monthly,Active,14.99,0.0,179.88,
791,5268,20230410,20231007,Premium,Monthly,Cancelled,9.99,0.0,59.94,Low Usage
792,5305,20231030,20241029,Fan,Annual,Cancelled,5.99,1.2,57.48,Price
793,5342,20250731,,Family,Monthly,Active,14.99,0.0,74.95,
794,5379,20230222,20230523,Premium,Monthly,Cancelled,9.99,0.0,29.97,Low Usage
795,5416,20250303,,Fan,Monthly,Active,5.99,0.0,35.94,
796,5453,20230305,20230404,Family,Annual,Cancelled,14.99,0.0,14.99,Low Usage
797,5490,20250312,20250908,Premium,Monthly,Cancelled,9.99,0.0,59.94,Low Usage
798,5527,20230331,20230927,Fan,Monthly,Cancelled,5.99,0.0,35.94,Price
799,5564,20230521,20250520,Family,Monthly,Cancelled,14.99,0.0,359.76,Low Usage
800,5601,20230625,,Premium,Annual,Active,9.99,0.0,239.76,
801,5638,20230720,20230819,Fan,Monthly,Cancelled,5.99,1.2,4.79,Price
802,5675,20250905,20251005,Family,Monthly,Cancelled,14.99,0.0,14.99,Low Usage
803,5712,20230621,20230721,Premium,Monthly,Cancelled,9.99,0.0,9.99,Low Usage
804,5749,20230731,20231029,Fan,Annual,Cancelled,5.99,0.0,17.97,Price
805,5786,20231005,,Family,Monthly,Active,14.99,0.0,179.88,
806,5823,20231227,20240126,Premium,Monthly,Cancelled,9.99,0.0,9.99,Low Usage
807,5860,20241223,20250323,Fan,Monthly,Cancelled,5.99,0.0,17.97,Price
808,5897,20241209,20250607,Family,Annual,Cancelled,14.99,0.0,89.94,Low Usage
809,5934,20240605,20250605,Premium,Monthly,Cancelled,9.99,0.0,119.88,Low Usage
810,5971,20231205,,Fan,Monthly,Active,5.99,1.2,4.79,
811,8,20240710,,Family,Monthly,Active,14.99,0.0,269.82,
812,45,20231211,20240310,Premium,Annual,Cancelled,9.99,0.0,29.97,Low Usage
813,82,20240121,20240420,Fan,Monthly,Cancelled,5.99,0.0,17.97,Price
814,119,20240415,20241012,Family,Monthly,Cancelled,14.99,0.0,89.94,Low Usage
815,156,20230810,,Premium,Monthly,Active,9.99,0.0,119.88,
816,193,20240307,20240903,Fan,Annual,Cancelled,5.99,0.0,35.94,Price
817,230,20250602,20250831,Family,Monthly,Cancelled,14.99,0.0,44.97,Low Usage
818,267,20250107,20250407,Premium,Monthly,Cancelled,9.99,0.0,29.97,Low Usage
819,304,20230710,20250709,Fan,Monthly,Cancelled,5.99,1.2,114.96,Price
820,341,20250206,,Family,Annual,Active,14.99,0.0,149.9,
821,378,20241010,20251010,Premium,Monthly,Cancelled,9.99,0.0,119.88,Low Usage
822,415,20250523,20250622,Fan,Monthly,Cancelled,5.99,0.0,5.99,Price
823,452,20250218,,Family,Monthly,Active,14.99,0.0,149.9,
824,489,20230724,20240723,Premium,Annual,Cancelled,9.99,0.0,119.88,Low Usage
825,526,20230718,,Fan,Monthly,Active,5.99,0.0,5.99,
826,563,20231006,20240403,Family,Monthly,Cancelled,14.99,0.0,89.94,Low Usage
827,600,20251106,20251206,Premium,Monthly,Cancelled,9.99,0.0,9.99,Low Usage
828,637,20240704,,Fan,Annual,Active,5.99,1.2,86.22,
829,674,20240616,,Family,Monthly,Active,14.99,0.0,269.82,
830,711,20240705,,Premium,Monthly,Active,9.99,0.0,119.88,
831,748,20230404,20231001,Fan,Monthly,Cancelled,5.99,0.0,35.94,Price
832,785,20250307,20250406,Family,Annual,Cancelled,14.99,0.0,14.99,Low Usage
833,822,20250205,20250804,Premium,Monthly,Cancelled,9.99,0.0,59.94,Low Usage
834,859,20250507,20250606,Fan,Monthly,Cancelled,5.99,0.0,5.99,Price
835,896,20231221,,Family,Monthly,Active,14.99,0.0,359.76,
836,933,20231127,20231227,Premium,Annual,Cancelled,9.99,0.0,9.99,Low Usage
837,970,20240215,20240515,Fan,Monthly,Cancelled,5.99,1.2,14.37,Price
838,1007,20240510,20241106,Family,Monthly,Cancelled,14.99,0.0,89.94,Low Usage
839,1044,20231216,20251215,Premium,Monthly,Cancelled,9.99,0.0,239.76,Low Usage
840,1081,20240201,,Fan,Annual,Active,5.99,0.0,5.99,
841,1118,20240729,,Family,Monthly,Active,14.99,0.0,254.83,
842,1155,20231206,20240603,Premium,Monthly,Cancelled,9.99,0.0,59.94,Low Usage
843,1192,20230228,20250227,Fan,Monthly,Cancelled,5.99,0.0,143.76,Price
844,1229,20250516,,Family,Annual,Active,14.99,0.0,104.93,
845,1266,20250527,,Premium,Monthly,Active,9.99,0.0,69.93,
846,1303,20230126,20240126,Fan,Monthly,Cancelled,5.99,1.2,57.48,Price
847,1340,20251105,,Family,Monthly,Active,14.99,0.0,14.99,
848,1377,20241027,20251027,Premium,Annual,Cancelled,9.99,0.0,119.88,Low Usage
849,1414,20240913,20241013,Fan,Monthly,Cancelled,5.99,0.0,5.99,Price
850,1451,20240423,,Family,Monthly,Active,14.99,0.0,299.8,
851,1488,20250705,,Premium,Monthly,Active,9.99,0.0,59.94,
852,1525,20250626,,Fan,Annual,Active,5.99,0.0,35.94,
853,1562,20250819,,Family,Monthly,Active,14.99,0.0,59.96,
854,1599,20230322,20230918,Premium,Monthly,Cancelled,9.99,0.0,59.94,Low Usage
855,1636,20250928,,Fan,Monthly,Active,5.99,1.2,14.37,
856,1673,20240513,20240612,Family,Annual,Cancelled,14.99,0.0,14.99,Low Usage
857,1710,20230708,20250707,Premium,Monthly,Cancelled,9.99,0.0,239.76,Low Usage
858,1747,20231229,20240328,Fan,Monthly,Cancelled,5.99,0.0,17.97,Price
859,1784,20240101,20241231,Family,Monthly,Cancelled,14.99,0.0,179.88,Low Usage
860,1821,20230821,,Premium,Annual,Active,9.99,0.0,239.76,
861,1858,20231125,20251124,Fan,Monthly,Cancelled,5.99,0.0,143.76,Price
862,1895,20250424,,Family,Monthly,Active,14.99,0.0,119.92,
863,1932,20240826,20250826,Premium,Monthly,Cancelled,9.99,0.0,119.88,Low Usage
864,1969,20240701,20240929,Fan,Annual,Cancelled,5.99,1.2,14.37,Price
865,2006,20231112,,Family,Monthly,Active,14.99,0.0,179.88,
866,2043,20250423,,Premium,Monthly,Active,9.99,0.0,79.92,
867,2080,20231016,20240413,Fan,Monthly,Cancelled,5.99,0.0,35.94,Price
868,2117,20240926,20250325,Family,Annual,Cancelled,14.99,0.0,89.94,Low Usage
869,2154,20251003,,Premium,Monthly,Active,9.99,0.0,29.97,
870,2191,20240102,,Fan,Monthly,Active,5.99,0.0,5.99,
871,2228,20250506,,Family,Monthly,Active,14.99,0.0,119.92,
872,2265,20231105,20240203,Premium,Annual,Cancelled,9.99,0.0,29.97,Low Usage
873,2302,20250904,,Fan,Monthly,Active,5.99,1.2,14.37,
874,2339,20240924,,Family,Monthly,Active,14.99,0.0,224.85,
875,2376,20240710,,Premium,Monthly,Active,9.99,0.0,29.97,
876,2413,20250818,,Fan,Annual,Active,5.99,0.0,23.96,
877,2450,20250220,20250819,Family,Monthly,Cancelled,14.99,0.0,89.94,Low Usage
878,2487,20241008,,Premium,Monthly,Active,9.99,0.0,149.85,
879,2524,20230926,20240925,Fan,Monthly,Cancelled,5.99,0.0,71.88,Price
880,2561,20240713,,Family,Annual,Active,14.99,0.0,254.83,
881,2598,20250531,,Premium,Monthly,Active,9.99,0.0,69.93,
882,2635,20240916,20250315,Fan,Monthly,Cancelled,5.99,1.2,28.74,Price
883,2672,20230205,20230804,Family,Monthly,Cancelled,14.99,0.0,89.94,Low Usage
884,2709,20240128,20240427,Premium,Annual,Cancelled,9.99,0.0,29.97,Low Usage
885,2746,20250816,,Fan,Monthly,Active,5.99,0.0,5.99,
886,2783,20240818,,Family,Monthly,Active,14.99,0.0,239.84,
887,2820,20240915,20250314,Premium,Monthly,Cancelled,9.99,0.0,59.94,Low Usage
888,2857,20240930,20250930,Fan,Annual,Cancelled,5.99,0.0,71.88,Price
889,2894,20250128,,Family,Monthly,Active,14.99,0.0,164.89,
890,2931,20230704,,Premium,Monthly,Active,9.99,0.0,119.88,
891,2968,20240209,20240807,Fan,Monthly,Cancelled,5.99,1.2,28.74,Price
892,3005,20240208,20250207,Family,Annual,Cancelled,14.99,0.0,179.88,Low Usage
893,3042,20240111,20240210,Premium,Monthly,Cancelled,9.99,0.0,9.99,Low Usage
894,3079,20230904,20250903,Fan,Monthly,Cancelled,5.99,0.0,143.76,Price
895,3116,20240515,,Family,Monthly,Active,14.99,0.0,284.81,
896,3153,20230120,20230420,Premium,Annual,Cancelled,9.99,0.0,29.97,Low Usage
897,3190,20230520,20240519,Fan,Monthly,Cancelled,5.99,0.0,71.88,Price
898,3227,20240120,20250119,Family,Monthly,Cancelled,14.99,0.0,179.88,Low Usage
899,3264,20250329,20250925,Premium,Monthly,Cancelled,9.99,0.0,59.94,Low Usage
900,3301,20241118,,Fan,Annual,Active,5.99,1.2,4.79,
901,3338,20250618,,Family,Monthly,Active,14.99,0.0,89.94,
902,3375,20241226,,Premium,Monthly,Active,9.99,0.0,119.88,
903,3412,20250105,20250405,Fan,Monthly,Cancelled,5.99,0.0,17.97,Price
904,3449,20230621,20231218,Family,Annual,Cancelled,14.99,0.0,89.94,Low Usage
905,3486,20240118,,Premium,Monthly,Active,9.99,0.0,119.88,
906,3523,20241126,,Fan,Monthly,Active,5.99,0.0,77.87,
907,3560,20250927,,Family,Monthly,Active,14.99,0.0,44.97,
908,3597,20230709,20230808,Premium,Annual,Cancelled,9.99,0.0,9.99,Low Usage
909,3634,20251101,20251201,Fan,Monthly,Cancelled,5.99,1.2,4.79,Price
910,3671,20240827,,Family,Monthly,Active,14.99,0.0,179.88,
911,3708,20250304,,Premium,Monthly,Active,9.99,0.0,99.9,
912,3745,20250421,20250720,Fan,Annual,Cancelled,5.99,0.0,17.97,Price
913,3782,20250925,,Family,Monthly,Active,14.99,0.0,44.97,
914,3819,20250724,20251022,Premium,Monthly,Cancelled,9.99,0.0,29.97,Low Usage
915,3856,20240508,,Fan,Monthly,Active,5.99,0.0,71.88,
916,3893,20240429,20240728,Family,Annual,Cancelled,14.99,0.0,44.97,Low Usage
917,3930,20240616,20250616,Premium,Monthly,Cancelled,9.99,0.0,119.88,Low Usage
918,3967,20240106,20240704,Fan,Monthly,Cancelled,5.99,1.2,28.74,Price
919,4004,20241013,20241112,Family,Monthly,Cancelled,14.99,0.0,14.99,Low Usage
920,4041,20240331,,Premium,Annual,Active,9.99,0.0,59.94,
921,4078,20240119,20250118,Fan,Monthly,Cancelled,5.99,0.0,71.88,Price
922,4115,20240713,20250109,Family,Monthly,Cancelled,14.99,0.0,89.94,Low Usage
923,4152,20240910,20250309,Premium,Monthly,Cancelled,9.99,0.0,59.94,Low Usage
924,4189,20250510,20251106,Fan,Annual,Cancelled,5.99,0.0,35.94,Price
925,4226,20250224,,Family,Monthly,Active,14.99,0.0,149.9,
926,4263,20230610,20230908,Premium,Monthly,Cancelled,9.99,0.0,29.97,Low Usage
927,4300,20240701,20241228,Fan,Monthly,Cancelled,5.99,1.2,28.74,Price
928,4337,20230924,20231223,Family,Annual,Cancelled,14.99,0.0,44.97,Low Usage
929,4374,20251018,20251117,Premium,Monthly,Cancelled,9.99,0.0,9.99,Low Usage
930,4411,20240404,,Fan,Monthly,Active,5.99,0.0,71.88,
931,4448,20240704,20241231,Family,Monthly,Cancelled,14.99,0.0,89.94,Low Usage
932,4485,20241122,20251122,Premium,Annual,Cancelled,9.99,0.0,119.88,Low Usage
933,4522,20251005,,Fan,Monthly,Active,5.99,0.0,11.98,
934,4559,20241016,20250114,Family,Monthly,Cancelled,14.99,0.0,44.97,Low Usage
935,4596,20230607,,Premium,Monthly,Active,9.99,0.0,119.88,
936,4633,20250408,,Fan,Annual,Active,5.99,1.2,38.32,
937,4670,20250111,20250710,Family,Monthly,Cancelled,14.99,0.0,89.94,Low Usage
938,4707,20250504,,Premium,Monthly,Active,9.99,0.0,79.92,
939,4744,20230829,20250828,Fan,Monthly,Cancelled,5.99,0.0,143.76,Price
940,4781,20230512,,Family,Annual,Active,14.99,0.0,179.88,
941,4818,20250911,20251011,Premium,Monthly,Cancelled,9.99,0.0,9.99,Low Usage
942,4855,20230511,20230610,Fan,Monthly,Cancelled,5.99,0.0,5.99,Price
943,4892,20231115,20241114,Family,Monthly,Cancelled,14.99,0.0,179.88,Low Usage
944,4929,20230817,20231115,Premium,Annual,Cancelled,9.99,0.0,29.97,Low Usage
945,4966,20251103,,Fan,Monthly,Active,5.99,1.2,4.79,
946,5003,20230518,20231114,Family,Monthly,Cancelled,14.99,0.0,89.94,Low Usage
947,5040,20240304,20240602,Premium,Monthly,Cancelled,9.99,0.0,29.97,Low Usage
948,5077,20250705,,Fan,Annual,Active,5.99,0.0,35.94,
949,5114,20240905,20250905,Family,Monthly,Cancelled,14.99,0.0,179.88,Low Usage
950,5151,20250710,,Premium,Monthly,Active,9.99,0.0,29.97,
951,5188,20250806,,Fan,Monthly,Active,5.99,0.0,23.96,
952,5225,20240819,,Family,Annual,Active,14.99,0.0,239.84,
953,5262,20230125,20250124,Premium,Monthly,Cancelled,9.99,0.0,239.76,Low Usage
954,5299,20231013,20240410,Fan,Monthly,Cancelled,5.99,1.2,28.74,Price
955,5336,20250529,,Family,Monthly,Active,14.99,0.0,104.93,
956,5373,20240408,20240508,Premium,Annual,Cancelled,9.99,0.0,9.99,Low Usage
957,5410,20240528,20240627,Fan,Monthly,Cancelled,5.99,0.0,5.99,Price
958,5447,20251002,,Family,Monthly,Active,14.99,0.0,44.97,
959,5484,20240912,20241211,Premium,Monthly,Cancelled,9.99,0.0,29.97,Low Usage
960,5521,20230718,,Fan,Annual,Active,5.99,0.0,17.97,
961,5558,20250808,20251106,Family,Monthly,Cancelled,14.99,0.0,44.97,Low Usage
962,5595,20230221,20230323,Premium,Monthly,Cancelled,9.99,0.0,9.99,Low Usage
963,5632,20240411,20241008,Fan,Monthly,Cancelled,5.99,1.2,28.74,Price
964,5669,20230221,20230820,Family,Annual,Cancelled,14.99,0.0,89.94,Low Usage
965,5706,20241021,,Premium,Monthly,Active,9.99,0.0,59.94,
966,5743,20241113,,Fan,Monthly,Active,5.99,0.0,77.87,
967,5780,20230504,20230603,Family,Monthly,Cancelled,14.99,0.0,14.99,Low Usage
968,5817,20240325,,Premium,Annual,Active,9.99,0.0,209.79,
969,5854,20241104,,Fan,Monthly,Active,5.99,0.0,83.86,
970,5891,20240513,,Family,Monthly,Active,14.99,0.0,284.81,
971,5928,20250118,20250418,Premium,Monthly,Cancelled,9.99,0.0,29.97,Low Usage
972,5965,20230211,20240211,Fan,Annual,Cancelled,5.99,1.2,57.48,Price
973,2,20250725,20251023,Family,Monthly,Cancelled,14.99,0.0,44.97,Low Usage
974,39,20230921,20240920,Premium,Monthly,Cancelled,9.99,0.0,119.88,Low Usage
975,76,20250610,,Fan,Monthly,Active,5.99,0.0,35.94,
976,113,20240819,20240918,Family,Annual,Cancelled,14.99,0.0,14.99,Low Usage
977,150,20230829,20250828,Premium,Monthly,Cancelled,9.99,0.0,239.76,Low Usage
978,187,20231008,20251007,Fan,Monthly,Cancelled,5.99,0.0,143.76,Price
979,224,20240107,20250106,Family,Monthly,Cancelled,14.99,0.0,179.88,Low Usage
980,261,20230823,,Premium,Annual,Active,9.99,0.0,9.99,
981,298,20230919,20231019,Fan,Monthly,Cancelled,5.99,1.2,4.79,Price
982,335,20230624,20231221,Family,Monthly,Cancelled,14.99,0.0,89.94,Low Usage
983,372,20230614,20230912,Premium,Monthly,Cancelled,9.99,0.0,29.97,Low Usage
984,409,20251023,20251122,Fan,Annual,Cancelled,5.99,0.0,5.99,Price
985,446,20230702,,Family,Monthly,Active,14.99,0.0,89.94,
986,483,20240412,20250412,Premium,Monthly,Cancelled,9.99,0.0,119.88,Low Usage
987,520,20231126,20240224,Fan,Monthly,Cancelled,5.99,0.0,17.97,Price
988,557,20250623,,Family,Annual,Active,14.99,0.0,89.94,
989,594,20241027,20250125,Premium,Monthly,Cancelled,9.99,0.0,29.97,Low Usage
990,631,20240107,,Fan,Monthly,Active,5.99,1.2,4.79,
991,668,20230327,20230426,Family,Monthly,Cancelled,14.99,0.0,14.99,Low Usage
992,705,20231125,20240523,Premium,Annual,Cancelled,9.99,0.0,59.94,Low Usage
993,742,20230408,20240407,Fan,Monthly,Cancelled,5.99,0.0,71.88,Price
994,779,20231020,20241019,Family,Monthly,Cancelled,14.99,0.0,179.88,Low Usage
995,816,20230130,,Premium,Monthly,Active,9.99,0.0,239.76,
996,853,20250901,20251130,Fan,Annual,Cancelled,5.99,0.0,17.97,Price
997,890,20240719,20250719,Family,Monthly,Cancelled,14.99,0.0,179.88,Low Usage
998,927,20241001,20241031,Premium,Monthly,Cancelled,9.99,0.0,9.99,Low Usage
999,964,20241202,,Fan,Monthly,Active,5.99,1.2,62.27,
1000,1001,20250206,,Family,Annual,Active,14.99,0.0,44.97,
1001,1038,20250205,20250506,Premium,Monthly,Cancelled,9.99,0.0,29.97,Low Usage
1002,1075,20230205,20250204,Fan,Monthly,Cancelled,5.99,0.0,143.76,Price
1003,1112,20250209,20250311,Family,Monthly,Cancelled,14.99,0.0,14.99,Low Usage
1004,1149,20250318,20250616,Premium,Annual,Cancelled,9.99,0.0,29.97,Low Usage
1005,1186,20250522,,Fan,Monthly,Active,5.99,0.0,5.99,
1006,1223,20230307,20230903,Family,Monthly,Cancelled,14.99,0.0,89.94,Low Usage
1007,1260,20250812,,Premium,Monthly,Active,9.99,0.0,39.96,
1008,1297,20240704,20250704,Fan,Annual,Cancelled,5.99,1.2,57.48,Price
1009,1334,20230430,20230530,Family,Monthly,Cancelled,14.99,0.0,14.99,Low Usage
1010,1371,20250814,,Premium,Monthly,Active,9.99,0.0,29.97,
1011,1408,20230107,20230706,Fan,Monthly,Cancelled,5.99,0.0,35.94,Price
1012,1445,20231206,20240105,Family,Annual,Cancelled,14.99,0.0,14.99,Low Usage
1013,1482,20230630,20250629,Premium,Monthly,Cancelled,9.99,0.0,239.76,Low Usage
1014,1519,20250306,20250405,Fan,Monthly,Cancelled,5.99,0.0,5.99,Price
1015,1556,20241009,,Family,Monthly,Active,14.99,0.0,14.99,
1016,1593,20230321,20230619,Premium,Annual,Cancelled,9.99,0.0,29.97,Low Usage
1017,1630,20250415,20250714,Fan,Monthly,Cancelled,5.99,1.2,14.37,Price
1018,1667,20250804,,Family,Monthly,Active,14.99,0.0,74.95,
1019,1704,20240701,20250701,Premium,Monthly,Cancelled,9.99,0.0,119.88,Low Usage
1020,1741,20250516,,Fan,Annual,Active,5.99,0.0,35.94,
1021,1778,20250902,,Family,Monthly,Active,14.99,0.0,59.96,
1022,1815,20240504,20240802,Premium,Monthly,Cancelled,9.99,0.0,29.97,Low Usage
1023,1852,20230117,20230216,Fan,Monthly,Cancelled,5.99,0.0,5.99,Price
1024,1889,20251113,,Family,Annual,Active,14.99,0.0,14.99,
1025,1926,20241114,,Premium,Monthly,Active,9.99,0.0,29.97,
1026,1963,20231003,20241002,Fan,Monthly,Cancelled,5.99,1.2,57.48,Price
1027,2000,20250918,,Family,Monthly,Active,14.99,0.0,44.97,
1028,2037,20241030,20251030,Premium,Annual,Cancelled,9.99,0.0,119.88,Low Usage
1029,2074,20230326,20230425,Fan,Monthly,Cancelled,5.99,0.0,5.99,Price
1030,2111,20230221,,Family,Monthly,Active,14.99,0.0,359.76,
1031,2148,20250225,20250824,Premium,Monthly,Cancelled,9.99,0.0,59.94,Low Usage
1032,2185,20250903,,Fan,Annual,Active,5.99,0.0,23.96,
1033,2222,20250930,20251229,Family,Monthly,Cancelled,14.99,0.0,44.97,Low Usage
1034,2259,20230530,20250529,Premium,Monthly,Cancelled,9.99,0.0,239.76,Low Usage
1035,2296,20230523,,Fan,Monthly,Active,5.99,1.2,114.96,
1036,2333,20240409,,Family,Annual,Active,14.99,0.0,314.79,
1037,2370,20250108,,Premium,Monthly,Active,9.99,0.0,109.89,
1038,2407,20240531,20241127,Fan,Monthly,Cancelled,5.99,0.0,35.94,Price
1039,2444,20240107,,Family,Monthly,Active,14.99,0.0,359.76,
1040,2481,20241221,,Premium,Annual,Active,9.99,0.0,29.97,
1041,2518,20250321,20250917,Fan,Monthly,Cancelled,5.99,0.0,35.94,Price
1042,2555,20250321,,Family,Monthly,Active,14.99,0.0,134.91,
1043,2592,20241101,20251101,Premium,Monthly,Cancelled,9.99,0.0,119.88,Low Usage
1044,2629,20230601,20230830,Fan,Annual,Cancelled,5.99,1.2,14.37,Price
1045,2666,20230815,,Family,Monthly,Active,14.99,0.0,359.76,
1046,2703,20251017,20251116,Premium,Monthly,Cancelled,9.99,0.0,9.99,Low Usage
1047,2740,20230529,20231125,Fan,Monthly,Cancelled,5.99,0.0,35.94,Price
1048,2777,20251110,,Family,Annual,Active,14.99,0.0,14.99,
1049,2814,20230418,20250417,Premium,Monthly,Cancelled,9.99,0.0,239.76,Low Usage
1050,2851,20251014,,Fan,Monthly,Active,5.99,0.0,11.98,
1051,2888,20250702,,Family,Monthly,Active,14.99,0.0,89.94,
1052,2925,20250222,20250523,Premium,Annual,Cancelled,9.99,0.0,29.97,Low Usage
1053,2962,20230131,20250130,Fan,Monthly,Cancelled,5.99,1.2,114.96,Price
1054,2999,20240930,20250930,Family,Monthly,Cancelled,14.99,0.0,179.88,Low Usage
1055,3036,20250825,,Premium,Monthly,Active,9.99,0.0,39.96,
1056,3073,20230718,20231016,Fan,Annual,Cancelled,5.99,0.0,17.97,Price
1057,3110,20230627,20250626,Family,Monthly,Cancelled,14.99,0.0,359.76,Low Usage
1058,3147,20230206,20230507,Premium,Monthly,Cancelled,9.99,0.0,29.97,Low Usage
1059,3184,20250428,20250727,Fan,Monthly,Cancelled,5.99,0.0,17.97,Price
1060,3221,20250920,,Family,Annual,Active,14.99,0.0,44.97,
1061,3258,20240924,20241024,Premium,Monthly,Cancelled,9.99,0.0,9.99,Low Usage
1062,3295,20250802,,Fan,Monthly,Active,5.99,1.2,23.95,
1063,3332,20240905,,Family,Monthly,Active,14.99,0.0,239.84,
1064,3369,20230825,20231123,Premium,Annual,Cancelled,9.99,0.0,29.97,Low Usage
1065,3406,20230327,,Fan,Monthly,Active,5.99,0.0,143.76,
1066,3443,20240520,20240619,Family,Monthly,Cancelled,14.99,0.0,14.99,Low Usage
1067,3480,20240121,20250120,Premium,Monthly,Cancelled,9.99,0.0,119.88,Low Usage
1068,3517,20230522,20250521,Fan,Annual,Cancelled,5.99,0.0,143.76,Price
1069,3554,20230902,20250901,Family,Monthly,Cancelled,14.99,0.0,359.76,Low Usage
1070,3591,20230804,,Premium,Monthly,Active,9.99,0.0,29.97,
1071,3628,20241203,20250102,Fan,Monthly,Cancelled,5.99,1.2,4.79,Price
1072,3665,20230804,20231102,Family,Annual,Cancelled,14.99,0.0,44.97,Low Usage
1073,3702,20240419,,Premium,Monthly,Active,9.99,0.0,199.8,
1074,3739,20250430,,Fan,Monthly,Active,5.99,0.0,47.92,
1075,3776,20231205,,Family,Monthly,Active,14.99,0.0,14.99,
1076,3813,20251030,,Premium,Annual,Active,9.99,0.0,19.98,
1077,3850,20230511,20231107,Fan,Monthly,Cancelled,5.99,0.0,35.94,Price
1078,3887,20241116,20251116,Family,Monthly,Cancelled,14.99,0.0,179.88,Low Usage
1079,3924,20240119,20240218,Premium,Monthly,Cancelled,9.99,0.0,9.99,Low Usage
1080,3961,20251014,,Fan,Annual,Active,5.99,1.2,9.58,
1081,3998,20241003,20250101,Family,Monthly,Cancelled,14.99,0.0,44.97,Low Usage
1082,4035,20251020,,Premium,Monthly,Active,9.99,0.0,19.98,
1083,4072,20241117,20241217,Fan,Monthly,Cancelled,5.99,0.0,5.99,Price
1084,4109,20240221,20250220,Family,Annual,Cancelled,14.99,0.0,179.88,Low Usage
1085,4146,20241016,,Premium,Monthly,Active,9.99,0.0,9.99,
1086,4183,20231015,20240113,Fan,Monthly,Cancelled,5.99,0.0,17.97,Price
1087,4220,20250827,,Family,Monthly,Active,14.99,0.0,59.96,
1088,4257,20250801,,Premium,Annual,Active,9.99,0.0,49.95,
1089,4294,20240202,20250201,Fan,Monthly,Cancelled,5.99,1.2,57.48,Price
1090,4331,20250612,,Family,Monthly,Active,14.99,0.0,14.99,
1091,4368,20250202,20250503,Premium,Monthly,Cancelled,9.99,0.0,29.97,Low Usage
1092,4405,20230911,20250910,Fan,Annual,Cancelled,5.99,0.0,143.76,Price
1093,4442,20230710,20240106,Family,Monthly,Cancelled,14.99,0.0,89.94,Low Usage
1094,4479,20250607,,Premium,Monthly,Active,9.99,0.0,59.94,
1095,4516,20251026,,Fan,Monthly,Active,5.99,0.0,11.98,
1096,4553,20240205,20240505,Family,Annual,Cancelled,14.99,0.0,44.97,Low Usage
1097,4590,20230304,20240303,Premium,Monthly,Cancelled,9.99,0.0,119.88,Low Usage
1098,4627,20240227,20240328,Fan,Monthly,Cancelled,5.99,1.2,4.79,Price
1099,4664,20250226,20250328,Family,Monthly,Cancelled,14.99,0.0,14.99,Low Usage
1100,4701,20230207,,Premium,Annual,Active,9.99,0.0,239.76,
1101,4738,20240920,20241219,Fan,Monthly,Cancelled,5.99,0.0,17.97,Price
1102,4775,20231128,20240226,Family,Monthly,Cancelled,14.99,0.0,44.97,Low Usage
1103,4812,20250818,,Premium,Monthly,Active,9.99,0.0,39.96,
1104,4849,20250722,20250821,Fan,Annual,Cancelled,5.99,0.0,5.99,Price
1105,4886,20230326,,Family,Monthly,Active,14.99,0.0,14.99,
1106,4923,20230303,20250302,Premium,Monthly,Cancelled,9.99,0.0,239.76,Low Usage
1107,4960,20250507,20251103,Fan,Monthly,Cancelled,5.99,1.2,28.74,Price
1108,4997,20250417,,Family,Annual,Active,14.99,0.0,119.92,
1109,5034,20240902,20241002,Premium,Monthly,Cancelled,9.99,0.0,9.99,Low Usage
1110,5071,20241017,,Fan,Monthly,Active,5.99,0.0,5.99,
1111,5108,20240124,20240722,Family,Monthly,Cancelled,14.99,0.0,89.94,Low Usage
1112,5145,20231027,20251026,Premium,Annual,Cancelled,9.99,0.0,239.76,Low Usage
1113,5182,20240607,,Fan,Monthly,Active,5.99,0.0,113.81,
1114,5219,20251018,20251117,Family,Monthly,Cancelled,14.99,0.0,14.99,Low Usage
1115,5256,20240930,,Premium,Monthly,Active,9.99,0.0,29.97,
1116,5293,20230429,20230728,Fan,Annual,Cancelled,5.99,1.2,14.37,Price
1117,5330,20230207,20230309,Family,Monthly,Cancelled,14.99,0.0,14.99,Low Usage
1118,5367,20231223,20241222,Premium,Monthly,Cancelled,9.99,0.0,119.88,Low Usage
1119,5404,20241118,20250216,Fan,Monthly,Cancelled,5.99,0.0,17.97,Price
1120,5441,20251006,,Family,Annual,Active,14.99,0.0,29.98,
1121,5478,20241006,,Premium,Monthly,Active,9.99,0.0,149.85,
1122,5515,20240229,20240529,Fan,Monthly,Cancelled,5.99,0.0,17.97,Price
1123,5552,20240308,20240606,Family,Monthly,Cancelled,14.99,0.0,44.97,Low Usage
1124,5589,20240618,20240718,Premium,Annual,Cancelled,9.99,0.0,9.99,Low Usage
1125,5626,20230318,,Fan,Monthly,Active,5.99,1.2,114.96,
1126,5663,20240404,20240504,Family,Monthly,Cancelled,14.99,0.0,14.99,Low Usage
1127,5700,20230705,20240101,Premium,Monthly,Cancelled,9.99,0.0,59.94,Low Usage
1128,5737,20240626,20240726,Fan,Annual,Cancelled,5.99,0.0,5.99,Price
1129,5774,20250430,,Family,Monthly,Active,14.99,0.0,119.92,
1130,5811,20250515,,Premium,Monthly,Active,9.99,0.0,69.93,
1131,5848,20240424,,Fan,Monthly,Active,5.99,0.0,119.8,
1132,5885,20241013,,Family,Annual,Active,14.99,0.0,209.86,
1133,5922,20231118,20241117,Premium,Monthly,Cancelled,9.99,0.0,119.88,Low Usage
1134,5959,20250702,20250930,Fan,Monthly,Cancelled,5.99,1.2,14.37,Price
1135,5996,20230805,,Family,Monthly,Active,14.99,0.0,44.97,
1136,33,20250415,20250714,Premium,Annual,Cancelled,9.99,0.0,29.97,Low Usage
1137,70,20250717,,Fan,Monthly,Active,5.99,0.0,29.95,
1138,107,20250501,20250531,Family,Monthly,Cancelled,14.99,0.0,14.99,Low Usage
1139,144,20251029,20251128,Premium,Monthly,Cancelled,9.99,0.0,9.99,Low Usage
1140,181,20230729,,Fan,Annual,Active,5.99,0.0,71.88,
1141,218,20231026,20251025,Family,Monthly,Cancelled,14.99,0.0,359.76,Low Usage
1142,255,20240727,,Premium,Monthly,Active,9.99,0.0,169.83,
1143,292,20230320,20250319,Fan,Monthly,Cancelled,5.99,1.2,114.96,Price
1144,329,20231004,20251003,Family,Annual,Cancelled,14.99,0.0,359.76,Low Usage
1145,366,20250520,,Premium,Monthly,Active,9.99,0.0,59.94,
1146,403,20231217,20241216,Fan,Monthly,Cancelled,5.99,0.0,71.88,Price
1147,440,20230913,20231013,Family,Monthly,Cancelled,14.99,0.0,14.99,Low Usage
1148,477,20240517,20240616,Premium,Annual,Cancelled,9.99,0.0,9.99,Low Usage
1149,514,20250622,20250722,Fan,Monthly,Cancelled,5.99,0.0,5.99,Price
1150,551,20230417,,Family,Monthly,Active,14.99,0.0,89.94,
1151,588,20240213,20250212,Premium,Monthly,Cancelled,9.99,0.0,119.88,Low Usage
1152,625,20231013,20241012,Fan,Annual,Cancelled,5.99,1.2,57.48,Price
1153,662,20250226,,Family,Monthly,Active,14.99,0.0,149.9,
1154,699,20250921,,Premium,Monthly,Active,9.99,0.0,29.97,
1155,736,20231204,,Fan,Monthly,Active,5.99,0.0,143.76,
1156,773,20240409,20241006,Family,Annual,Cancelled,14.99,0.0,89.94,Low Usage
1157,810,20231119,20231219,Premium,Monthly,Cancelled,9.99,0.0,9.99,Low Usage
1158,847,20230109,20230409,Fan,Monthly,Cancelled,5.99,0.0,17.97,Price
1159,884,20230831,20240227,Family,Monthly,Cancelled,14.99,0.0,89.94,Low Usage
1160,921,20231201,,Premium,Annual,Active,9.99,0.0,59.94,
1161,958,20240203,20250202,Fan,Monthly,Cancelled,5.99,1.2,57.48,Price
1162,995,20250407,20251004,Family,Monthly,Cancelled,14.99,0.0,89.94,Low Usage
1163,1032,20240912,20241012,Premium,Monthly,Cancelled,9.99,0.0,9.99,Low Usage
1164,1069,20241231,20251231,Fan,Annual,Cancelled,5.99,0.0,71.88,Price
1165,1106,20240719,,Family,Monthly,Active,14.99,0.0,89.94,
1166,1143,20250511,,Premium,Monthly,Active,9.99,0.0,69.93,
1167,1180,20251027,20251126,Fan,Monthly,Cancelled,5.99,0.0,5.99,Price
1168,1217,20241222,,Family,Annual,Active,14.99,0.0,179.88,
1169,1254,20240929,20241228,Premium,Monthly,Cancelled,9.99,0.0,29.97,Low Usage
1170,1291,20250404,,Fan,Monthly,Active,5.99,1.2,4.79,
1171,1328,20231207,20241206,Family,Monthly,Cancelled,14.99,0.0,179.88,Low Usage
1172,1365,20250323,20250621,Premium,Annual,Cancelled,9.99,0.0,29.97,Low Usage
1173,1402,20240413,,Fan,Monthly,Active,5.99,0.0,119.8,
1174,1439,20231007,20251006,Family,Monthly,Cancelled,14.99,0.0,359.76,Low Usage
1175,1476,20230403,,Premium,Monthly,Active,9.99,0.0,239.76,
1176,1513,20250109,,Fan,Annual,Active,5.99,0.0,65.89,
1177,1550,20231027,20251026,Family,Monthly,Cancelled,14.99,0.0,359.76,Low Usage
1178,1587,20231025,20241024,Premium,Monthly,Cancelled,9.99,0.0,119.88,Low Usage
1179,1624,20240715,,Fan,Monthly,Active,5.99,1.2,81.43,
1180,1661,20240224,,Family,Annual,Active,14.99,0.0,329.78,
1181,1698,20231014,20240112,Premium,Monthly,Cancelled,9.99,0.0,29.97,Low Usage
1182,1735,20230826,20231124,Fan,Monthly,Cancelled,5.99,0.0,17.97,Price
1183,1772,20241010,20251010,Family,Monthly,Cancelled,14.99,0.0,179.88,Low Usage
1184,1809,20240519,20241115,Premium,Annual,Cancelled,9.99,0.0,59.94,Low Usage
1185,1846,20251101,,Fan,Monthly,Active,5.99,0.0,5.99,
1186,1883,20230311,20250310,Family,Monthly,Cancelled,14.99,0.0,359.76,Low Usage
1187,1920,20240508,,Premium,Monthly,Active,9.99,0.0,199.8,
1188,1957,20241119,20251119,Fan,Annual,Cancelled,5.99,1.2,57.48,Price
1189,1994,20230114,20230713,Family,Monthly,Cancelled,14.99,0.0,89.94,Low Usage
1190,2031,20230307,,Premium,Monthly,Active,9.99,0.0,9.99,
1191,2068,20230925,20231025,Fan,Monthly,Cancelled,5.99,0.0,5.99,Price
1192,2105,20230913,20231013,Family,Annual,Cancelled,14.99,0.0,14.99,Low Usage
1193,2142,20230215,20230516,Premium,Monthly,Cancelled,9.99,0.0,29.97,Low Usage
1194,2179,20250306,,Fan,Monthly,Active,5.99,0.0,59.9,
1195,2216,20230416,,Family,Monthly,Active,14.99,0.0,44.97,
1196,2253,20230109,20240109,Premium,Annual,Cancelled,9.99,0.0,119.88,Low Usage
1197,2290,20250501,20251028,Fan,Monthly,Cancelled,5.99,1.2,28.74,Price
1198,2327,20231214,20240611,Family,Monthly,Cancelled,14.99,0.0,89.94,Low Usage
1199,2364,20230916,20240915,Premium,Monthly,Cancelled,9.99,0.0,119.88,Low Usage
1200,2401,20241123,,Fan,Annual,Active,5.99,0.0,17.97,
1201,2438,20240112,20250111,Family,Monthly,Cancelled,14.99,0.0,179.88,Low Usage
1202,2475,20230308,20250307,Premium,Monthly,Cancelled,9.99,0.0,239.76,Low Usage
1203,2512,20240319,,Fan,Monthly,Active,5.99,0.0,125.79,
1204,2549,20230629,20230927,Family,Annual,Cancelled,14.99,0.0,44.97,Low Usage
1205,2586,20231013,,Premium,Monthly,Active,9.99,0.0,9.99,
1206,2623,20250628,,Fan,Monthly,Active,5.99,1.2,28.74,
1207,2660,20230816,20231114,Family,Monthly,Cancelled,14.99,0.0,44.97,Low Usage
1208,2697,20230826,20230925,Premium,Annual,Cancelled,9.99,0.0,9.99,Low Usage
1209,2734,20250919,,Fan,Monthly,Active,5.99,0.0,17.97,
1210,2771,20240420,,Family,Monthly,Active,14.99,0.0,89.94,
1211,2808,20250525,,Premium,Monthly,Active,9.99,0.0,69.93,
1212,2845,20250620,20250720,Fan,Annual,Cancelled,5.99,0.0,5.99,Price
1213,2882,20231120,20240218,Family,Monthly,Cancelled,14.99,0.0,44.97,Low Usage
1214,2919,20241214,20250314,Premium,Monthly,Cancelled,9.99,0.0,29.97,Low Usage
1215,2956,20240422,,Fan,Monthly,Active,5.99,1.2,28.74,
1216,2993,20240717,20240816,Family,Annual,Cancelled,14.99,0.0,14.99,Low Usage
1217,3030,20230425,20250424,Premium,Monthly,Cancelled,9.99,0.0,239.76,Low Usage
1218,3067,20230329,20230627,Fan,Monthly,Cancelled,5.99,0.0,17.97,Price
1219,3104,20250602,20251129,Family,Monthly,Cancelled,14.99,0.0,89.94,Low Usage
1220,3141,20250205,,Premium,Annual,Active,9.99,0.0,109.89,
1221,3178,20240115,20240713,Fan,Monthly,Cancelled,5.99,0.0,35.94,Price
1222,3215,20230703,20250702,Family,Monthly,Cancelled,14.99,0.0,359.76,Low Usage
1223,3252,20250127,,Premium,Monthly,Active,9.99,0.0,109.89,
1224,3289,20240203,20240304,Fan,Annual,Cancelled,5.99,1.2,4.79,Price
1225,3326,20240228,,Family,Monthly,Active,14.99,0.0,14.99,
1226,3363,20251012,,Premium,Monthly,Active,9.99,0.0,19.98,
1227,3400,20251029,,Fan,Monthly,Active,5.99,0.0,11.98,
1228,3437,20230312,20230610,Family,Annual,Cancelled,14.99,0.0,44.97,Low Usage
1229,3474,20230412,20230711,Premium,Monthly,Cancelled,9.99,0.0,29.97,Low Usage
1230,3511,20230115,,Fan,Monthly,Active,5.99,0.0,5.99,
1231,3548,20241030,20250128,Family,Monthly,Cancelled,14.99,0.0,44.97,Low Usage
1232,3585,20250725,,Premium,Annual,Active,9.99,0.0,49.95,
1233,3622,20240226,,Fan,Monthly,Active,5.99,1.2,105.38,
1234,3659,20250416,,Family,Monthly,Active,14.99,0.0,119.92,
1235,3696,20251030,,Premium,Monthly,Active,9.99,0.0,19.98,
1236,3733,20230123,20230222,Fan,Annual,Cancelled,5.99,0.0,5.99,Price
1237,3770,20250528,,Family,Monthly,Active,14.99,0.0,104.93,
1238,3807,20240825,20240924,Premium,Monthly,Cancelled,9.99,0.0,9.99,Low Usage
1239,3844,20250123,20250423,Fan,Monthly,Cancelled,5.99,0.0,17.97,Price
1240,3881,20240819,,Family,Annual,Active,14.99,0.0,179.88,
1241,3918,20231201,20240529,Premium,Monthly,Cancelled,9.99,0.0,59.94,Low Usage
1242,3955,20251019,,Fan,Monthly,Active,5.99,1.2,9.58,
1243,3992,20250919,20251218,Family,Monthly,Cancelled,14.99,0.0,44.97,Low Usage
1244,4029,20250901,,Premium,Annual,Active,9.99,0.0,39.96,
1245,4066,20251012,,Fan,Monthly,Active,5.99,0.0,11.98,
1246,4103,20240129,20240228,Family,Monthly,Cancelled,14.99,0.0,14.99,Low Usage
1247,4140,20240213,20240811,Premium,Monthly,Cancelled,9.99,0.0,59.94,Low Usage
1248,4177,20230909,20250908,Fan,Annual,Cancelled,5.99,0.0,143.76,Price
1249,4214,20230301,20230828,Family,Monthly,Cancelled,14.99,0.0,89.94,Low Usage
1250,4251,20240801,,Premium,Monthly,Active,9.99,0.0,119.88,
1251,4288,20250804,20251102,Fan,Monthly,Cancelled,5.99,1.2,14.37,Price
1252,4325,20231107,20231207,Family,Annual,Cancelled,14.99,0.0,14.99,Low Usage
1253,4362,20230212,20230314,Premium,Monthly,Cancelled,9.99,0.0,9.99,Low Usage
1254,4399,20241005,20250103,Fan,Monthly,Cancelled,5.99,0.0,17.97,Price
1255,4436,20240611,,Family,Monthly,Active,14.99,0.0,269.82,
1256,4473,20240402,20250402,Premium,Annual,Cancelled,9.99,0.0,119.88,Low Usage
1257,4510,20231216,20240613,Fan,Monthly,Cancelled,5.99,0.0,35.94,Price
1258,4547,20251020,,Family,Monthly,Active,14.99,0.0,29.98,
1259,4584,20240816,20250212,Premium,Monthly,Cancelled,9.99,0.0,59.94,Low Usage
1260,4621,20230311,,Fan,Annual,Active,5.99,1.2,57.48,
1261,4658,20250409,20250509,Family,Monthly,Cancelled,14.99,0.0,14.99,Low Usage
1262,4695,20230712,20230811,Premium,Monthly,Cancelled,9.99,0.0,9.99,Low Usage
1263,4732,20240125,20240224,Fan,Monthly,Cancelled,5.99,0.0,5.99,Price
1264,4769,20250716,,Family,Annual,Active,14.99,0.0,74.95,
1265,4806,20230516,,Premium,Monthly,Active,9.99,0.0,239.76,
1266,4843,20241209,20250108,Fan,Monthly,Cancelled,5.99,0.0,5.99,Price
1267,4880,20231218,20251217,Family,Monthly,Cancelled,14.99,0.0,359.76,Low Usage
1268,4917,20240219,20240817,Premium,Annual,Cancelled,9.99,0.0,59.94,Low Usage
1269,4954,20230328,20230626,Fan,Monthly,Cancelled,5.99,1.2,14.37,Price
1270,4991,20231223,,Family,Monthly,Active,14.99,0.0,89.94,
1271,5028,20230314,20240313,Premium,Monthly,Cancelled,9.99,0.0,119.88,Low Usage
1272,5065,20241217,20250615,Fan,Annual,Cancelled,5.99,0.0,35.94,Price
1273,5102,20230322,20230918,Family,Monthly,Cancelled,14.99,0.0,89.94,Low Usage
1274,5139,20231023,20231122,Premium,Monthly,Cancelled,9.99,0.0,9.99,Low Usage
1275,5176,20250521,,Fan,Monthly,Active,5.99,0.0,41.93,
1276,5213,20250401,20250928,Family,Annual,Cancelled,14.99,0.0,89.94,Low Usage
1277,5250,20250313,,Premium,Monthly,Active,9.99,0.0,89.91,
1278,5287,20240107,20240705,Fan,Monthly,Cancelled,5.99,1.2,28.74,Price
1279,5324,20250127,20250726,Family,Monthly,Cancelled,14.99,0.0,89.94,Low Usage
1280,5361,20240216,,Premium,Annual,Active,9.99,0.0,119.88,
1281,5398,20230106,20250105,Fan,Monthly,Cancelled,5.99,0.0,143.76,Price
1282,5435,20230328,20230427,Family,Monthly,Cancelled,14.99,0.0,14.99,Low Usage
1283,5472,20230412,20231009,Premium,Monthly,Cancelled,9.99,0.0,59.94,Low Usage
1284,5509,20230331,20230927,Fan,Annual,Cancelled,5.99,0.0,35.94,Price
1285,5546,20241027,,Family,Monthly,Active,14.99,0.0,14.99,
1286,5583,20240727,20240826,Premium,Monthly,Cancelled,9.99,0.0,9.99,Low Usage
1287,5620,20250428,20250528,Fan,Monthly,Cancelled,5.99,1.2,4.79,Price
1288,5657,20230816,20231114,Family,Annual,Cancelled,14.99,0.0,44.97,Low Usage
1289,5694,20240125,20240723,Premium,Monthly,Cancelled,9.99,0.0,59.94,Low Usage
1290,5731,20230102,,Fan,Monthly,Active,5.99,0.0,71.88,
1291,5768,20240525,,Family,Monthly,Active,14.99,0.0,284.81,
1292,5805,20230420,20230520,Premium,Annual,Cancelled,9.99,0.0,9.99,Low Usage
1293,5842,20240701,20250701,Fan,Monthly,Cancelled,5.99,0.0,71.88,Price
1294,5879,20250322,20250918,Family,Monthly,Cancelled,14.99,0.0,89.94,Low Usage
1295,5916,20250129,,Premium,Monthly,Active,9.99,0.0,109.89,
1296,5953,20231012,20231111,Fan,Annual,Cancelled,5.99,1.2,4.79,Price
1297,5990,20230526,20231122,Family,Monthly,Cancelled,14.99,0.0,89.94,Low Usage
1298,27,20250715,,Premium,Monthly,Active,9.99,0.0,49.95,
1299,64,20250428,,Fan,Monthly,Active,5.99,0.0,47.92,
1300,101,20250509,,Family,Annual,Active,14.99,0.0,44.97,
1301,138,20231221,20251220,Premium,Monthly,Cancelled,9.99,0.0,239.76,Low Usage
1302,175,20240315,20250315,Fan,Monthly,Cancelled,5.99,0.0,71.88,Price
1303,212,20230919,20250918,Family,Monthly,Cancelled,14.99,0.0,359.76,Low Usage
1304,249,20231024,20251023,Premium,Annual,Cancelled,9.99,0.0,239.76,Low Usage
1305,286,20240318,,Fan,Monthly,Active,5.99,1.2,28.74,
1306,323,20240728,20241026,Family,Monthly,Cancelled,14.99,0.0,44.97,Low Usage
1307,360,20240223,,Premium,Monthly,Active,9.99,0.0,219.78,
1308,397,20240106,,Fan,Annual,Active,5.99,0.0,143.76,
1309,434,20230818,20231116,Family,Monthly,Cancelled,14.99,0.0,44.97,Low Usage
1310,471,20240228,,Premium,Monthly,Active,9.99,0.0,219.78,
1311,508,20230105,20230204,Fan,Monthly,Cancelled,5.99,0.0,5.99,Price
1312,545,20240410,20241007,Family,Annual,Cancelled,14.99,0.0,89.94,Low Usage
1313,582,20250426,20251023,Premium,Monthly,Cancelled,9.99,0.0,59.94,Low Usage
1314,619,20240205,20240803,Fan,Monthly,Cancelled,5.99,1.2,28.74,Price
1315,656,20250218,,Family,Monthly,Active,14.99,0.0,149.9,
1316,693,20240819,20241117,Premium,Annual,Cancelled,9.99,0.0,29.97,Low Usage
1317,730,20250817,,Fan,Monthly,Active,5.99,0.0,23.96,
1318,767,20241023,20241122,Family,Monthly,Cancelled,14.99,0.0,14.99,Low Usage
1319,804,20230206,20240206,Premium,Monthly,Cancelled,9.99,0.0,119.88,Low Usage
1320,841,20250402,,Fan,Annual,Active,5.99,0.0,17.97,
1321,878,20240911,20241210,Family,Monthly,Cancelled,14.99,0.0,44.97,Low Usage
1322,915,20230630,20230730,Premium,Monthly,Cancelled,9.99,0.0,9.99,Low Usage
1323,952,20230620,20230918,Fan,Monthly,Cancelled,5.99,1.2,14.37,Price
1324,989,20250316,,Family,Annual,Active,14.99,0.0,134.91,
1325,1026,20240807,,Premium,Monthly,Active,9.99,0.0,169.83,
1326,1063,20250627,20250727,Fan,Monthly,Cancelled,5.99,0.0,5.99,Price
1327,1100,20231106,20231206,Family,Monthly,Cancelled,14.99,0.0,14.99,Low Usage
1328,1137,20230917,20250916,Premium,Annual,Cancelled,9.99,0.0,239.76,Low Usage
1329,1174,20230727,20230826,Fan,Monthly,Cancelled,5.99,0.0,5.99,Price
1330,1211,20240129,,Family,Monthly,Active,14.99,0.0,44.97,
1331,1248,20240421,,Premium,Monthly,Active,9.99,0.0,199.8,
1332,1285,20241013,20250111,Fan,Annual,Cancelled,5.99,1.2,14.37,Price
1333,1322,20230227,20230528,Family,Monthly,Cancelled,14.99,0.0,44.97,Low Usage
1334,1359,20230324,20240323,Premium,Monthly,Cancelled,9.99,0.0,119.88,Low Usage
1335,1396,20230421,,Fan,Monthly,Active,5.99,0.0,71.88,
1336,1433,20240603,20241130,Family,Annual,Cancelled,14.99,0.0,89.94,Low Usage
1337,1470,20240123,20240721,Premium,Monthly,Cancelled,9.99,0.0,59.94,Low Usage
1338,1507,20230128,20230227,Fan,Monthly,Cancelled,5.99,0.0,5.99,Price
1339,1544,20240917,20241017,Family,Monthly,Cancelled,14.99,0.0,14.99,Low Usage
1340,1581,20250503,,Premium,Annual,Active,9.99,0.0,29.97,
1341,1618,20230825,20240824,Fan,Monthly,Cancelled,5.99,1.2,57.48,Price
1342,1655,20230718,20230817,Family,Monthly,Cancelled,14.99,0.0,14.99,Low Usage
1343,1692,20230715,20230814,Premium,Monthly,Cancelled,9.99,0.0,9.99,Low Usage
1344,1729,20230424,20240423,Fan,Annual,Cancelled,5.99,0.0,71.88,Price
1345,1766,20230205,,Family,Monthly,Active,14.99,0.0,359.76,
1346,1803,20250116,20250715,Premium,Monthly,Cancelled,9.99,0.0,59.94,Low Usage
1347,1840,20240424,,Fan,Monthly,Active,5.99,0.0,119.8,
1348,1877,20250331,20250430,Family,Annual,Cancelled,14.99,0.0,14.99,Low Usage
1349,1914,20240528,20250528,Premium,Monthly,Cancelled,9.99,0.0,119.88,Low Usage
1350,1951,20230805,,Fan,Monthly,Active,5.99,1.2,28.74,
1351,1988,20241204,,Family,Monthly,Active,14.99,0.0,194.87,
1352,2025,20250917,,Premium,Annual,Active,9.99,0.0,29.97,
1353,2062,20230811,20230910,Fan,Monthly,Cancelled,5.99,0.0,5.99,Price
1354,2099,20230203,20250202,Family,Monthly,Cancelled,14.99,0.0,359.76,Low Usage
1355,2136,20250513,,Premium,Monthly,Active,9.99,0.0,59.94,
1356,2173,20250729,,Fan,Annual,Active,5.99,0.0,29.95,
1357,2210,20230310,20230906,Family,Monthly,Cancelled,14.99,0.0,89.94,Low Usage
1358,2247,20230729,20230828,Premium,Monthly,Cancelled,9.99,0.0,9.99,Low Usage
1359,2284,20240316,20240912,Fan,Monthly,Cancelled,5.99,1.2,28.74,Price
1360,2321,20231124,,Family,Annual,Active,14.99,0.0,359.76,
1361,2358,20240218,,Premium,Monthly,Active,9.99,0.0,219.78,
1362,2395,20241214,20250612,Fan,Monthly,Cancelled,5.99,0.0,35.94,Price
1363,2432,20241226,20250326,Family,Monthly,Cancelled,14.99,0.0,44.97,Low Usage
1364,2469,20250614,,Premium,Annual,Active,9.99,0.0,59.94,
1365,2506,20240805,,Fan,Monthly,Active,5.99,0.0,71.88,
1366,2543,20250107,,Family,Monthly,Active,14.99,0.0,164.89,
1367,2580,20231013,20241012,Premium,Monthly,Cancelled,9.99,0.0,119.88,Low Usage
1368,2617,20240714,20250714,Fan,Annual,Cancelled,5.99,1.2,57.48,Price
1369,2654,20240531,20241127,Family,Monthly,Cancelled,14.99,0.0,89.94,Low Usage
1370,2691,20240524,,Premium,Monthly,Active,9.99,0.0,119.88,
1371,2728,20231106,20241105,Fan,Monthly,Cancelled,5.99,0.0,71.88,Price
1372,2765,20230406,20250405,Family,Annual,Cancelled,14.99,0.0,359.76,Low Usage
1373,2802,20241230,,Premium,Monthly,Active,9.99,0.0,119.88,
1374,2839,20230202,20250201,Fan,Monthly,Cancelled,5.99,0.0,143.76,Price
1375,2876,20230111,,Family,Monthly,Active,14.99,0.0,14.99,
1376,2913,20230813,20240209,Premium,Annual,Cancelled,9.99,0.0,59.94,Low Usage
1377,2950,20250729,,Fan,Monthly,Active,5.99,1.2,23.95,
1378,2987,20230721,20240720,Family,Monthly,Cancelled,14.99,0.0,179.88,Low Usage
1379,3024,20231008,20241007,Premium,Monthly,Cancelled,9.99,0.0,119.88,Low Usage
1380,3061,20230517,,Fan,Annual,Active,5.99,0.0,35.94,
1381,3098,20241101,20250130,Family,Monthly,Cancelled,14.99,0.0,44.97,Low Usage
1382,3135,20230115,20230415,Premium,Monthly,Cancelled,9.99,0.0,29.97,Low Usage
1383,3172,20230210,20230312,Fan,Monthly,Cancelled,5.99,0.0,5.99,Price
1384,3209,20240331,20240927,Family,Annual,Cancelled,14.99,0.0,89.94,Low Usage
1385,3246,20240720,,Premium,Monthly,Active,9.99,0.0,59.94,
1386,3283,20240429,20240529,Fan,Monthly,Cancelled,5.99,1.2,4.79,Price
1387,3320,20230305,20240304,Family,Monthly,Cancelled,14.99,0.0,179.88,Low Usage
1388,3357,20230219,20230818,Premium,Annual,Cancelled,9.99,0.0,59.94,Low Usage
1389,3394,20230823,20250822,Fan,Monthly,Cancelled,5.99,0.0,143.76,Price
1390,3431,20230828,,Family,Monthly,Active,14.99,0.0,359.76,
1391,3468,20250226,,Premium,Monthly,Active,9.99,0.0,99.9,
1392,3505,20241009,20251009,Fan,Annual,Cancelled,5.99,0.0,71.88,Price
1393,3542,20250416,,Family,Monthly,Active,14.99,0.0,119.92,
1394,3579,20230816,20230915,Premium,Monthly,Cancelled,9.99,0.0,9.99,Low Usage
1395,3616,20241026,,Fan,Monthly,Active,5.99,1.2,28.74,
1396,3653,20230915,20240914,Family,Annual,Cancelled,14.99,0.0,179.88,Low Usage
1397,3690,20240324,,Premium,Monthly,Active,9.99,0.0,209.79,
1398,3727,20240409,,Fan,Monthly,Active,5.99,0.0,125.79,
1399,3764,20251106,,Family,Monthly,Active,14.99,0.0,14.99,
1400,3801,20250120,,Premium,Annual,Active,9.99,0.0,9.99,
1401,3838,20251024,,Fan,Monthly,Active,5.99,0.0,11.98,
1402,3875,20240706,20241004,Family,Monthly,Cancelled,14.99,0.0,44.97,Low Usage
1403,3912,20230213,20250212,Premium,Monthly,Cancelled,9.99,0.0,239.76,Low Usage
1404,3949,20240827,20240926,Fan,Annual,Cancelled,5.99,1.2,4.79,Price
1405,3986,20230416,,Family,Monthly,Active,14.99,0.0,179.88,
1406,4023,20231126,20251125,Premium,Monthly,Cancelled,9.99,0.0,239.76,Low Usage
1407,4060,20230525,20250524,Fan,Monthly,Cancelled,5.99,0.0,143.76,Price
1408,4097,20250226,,Family,Annual,Active,14.99,0.0,149.9,
1409,4134,20240623,,Premium,Monthly,Active,9.99,0.0,179.82,
1410,4171,20230812,,Fan,Monthly,Active,5.99,0.0,17.97,
1411,4208,20241207,20251207,Family,Monthly,Cancelled,14.99,0.0,179.88,Low Usage
1412,4245,20250519,,Premium,Annual,Active,9.99,0.0,69.93,
1413,4282,20230805,20240201,Fan,Monthly,Cancelled,5.99,1.2,28.74,Price
1414,4319,20240310,20240906,Family,Monthly,Cancelled,14.99,0.0,89.94,Low Usage
1415,4356,20251006,,Premium,Monthly,Active,9.99,0.0,19.98,
1416,4393,20241227,20250126,Fan,Annual,Cancelled,5.99,0.0,5.99,Price
1417,4430,20230620,20250619,Family,Monthly,Cancelled,14.99,0.0,359.76,Low Usage
1418,4467,20240924,20241223,Premium,Monthly,Cancelled,9.99,0.0,29.97,Low Usage
1419,4504,20240411,,Fan,Monthly,Active,5.99,0.0,125.79,
1420,4541,20240626,,Family,Annual,Active,14.99,0.0,14.99,
1421,4578,20240428,20241025,Premium,Monthly,Cancelled,9.99,0.0,59.94,Low Usage
1422,4615,20250708,,Fan,Monthly,Active,5.99,1.2,23.95,
1423,4652,20250921,,Family,Monthly,Active,14.99,0.0,44.97,
1424,4689,20240510,20241106,Premium,Annual,Cancelled,9.99,0.0,59.94,Low Usage
1425,4726,20250920,,Fan,Monthly,Active,5.99,0.0,5.99,
1426,4763,20240507,20250507,Family,Monthly,Cancelled,14.99,0.0,179.88,Low Usage
1427,4800,20240112,20240211,Premium,Monthly,Cancelled,9.99,0.0,9.99,Low Usage
1428,4837,20250104,,Fan,Annual,Active,5.99,0.0,71.88,
1429,4874,20241206,20250105,Family,Monthly,Cancelled,14.99,0.0,14.99,Low Usage
1430,4911,20240325,,Premium,Monthly,Active,9.99,0.0,59.94,
1431,4948,20240628,,Fan,Monthly,Active,5.99,1.2,86.22,
1432,4985,20250318,,Family,Annual,Active,14.99,0.0,134.91,
1433,5022,20240728,20240827,Premium,Monthly,Cancelled,9.99,0.0,9.99,Low Usage
1434,5059,20241007,20250105,Fan,Monthly,Cancelled,5.99,0.0,17.97,Price
1435,5096,20241116,,Family,Monthly,Active,14.99,0.0,89.94,
1436,5133,20231002,20251001,Premium,Annual,Cancelled,9.99,0.0,239.76,Low Usage
1437,5170,20240505,20240803,Fan,Monthly,Cancelled,5.99,0.0,17.97,Price
1438,5207,20250807,,Family,Monthly,Active,14.99,0.0,59.96,
1439,5244,20240820,20240919,Premium,Monthly,Cancelled,9.99,0.0,9.99,Low Usage
1440,5281,20250601,,Fan,Annual,Active,5.99,1.2,14.37,
1441,5318,20240806,20241104,Family,Monthly,Cancelled,14.99,0.0,44.97,Low Usage
1442,5355,20230324,20240323,Premium,Monthly,Cancelled,9.99,0.0,119.88,Low Usage
1443,5392,20250319,20250915,Fan,Monthly,Cancelled,5.99,0.0,35.94,Price
1444,5429,20241019,20250417,Family,Annual,Cancelled,14.99,0.0,89.94,Low Usage
1445,5466,20231110,,Premium,Monthly,Active,9.99,0.0,29.97,
1446,5503,20241020,20251020,Fan,Monthly,Cancelled,5.99,0.0,71.88,Price
1447,5540,20231110,20241109,Family,Monthly,Cancelled,14.99,0.0,179.88,Low Usage
1448,5577,20251011,,Premium,Annual,Active,9.99,0.0,19.98,
1449,5614,20231024,20240122,Fan,Monthly,Cancelled,5.99,1.2,14.37,Price
1450,5651,20251002,,Family,Monthly,Active,14.99,0.0,44.97,
1451,5688,20251013,,Premium,Monthly,Active,9.99,0.0,19.98,
1452,5725,20250708,,Fan,Annual,Active,5.99,0.0,29.95,
1453,5762,20230210,20250209,Family,Monthly,Cancelled,14.99,0.0,359.76,Low Usage
1454,5799,20240829,20250225,Premium,Monthly,Cancelled,9.99,0.0,59.94,Low Usage
1455,5836,20250602,,Fan,Monthly,Active,5.99,0.0,41.93,
1456,5873,20240730,20250730,Family,Annual,Cancelled,14.99,0.0,179.88,Low Usage
1457,5910,20250704,,Premium,Monthly,Active,9.99,0.0,59.94,
1458,5947,20250831,20250930,Fan,Monthly,Cancelled,5.99,1.2,4.79,Price
1459,5984,20250911,20251210,Family,Monthly,Cancelled,14.99,0.0,44.97,Low Usage
1460,21,20230323,,Premium,Annual,Active,9.99,0.0,9.99,
1461,58,20231012,20251011,Fan,Monthly,Cancelled,5.99,0.0,143.76,Price
1462,95,20230510,20240509,Family,Monthly,Cancelled,14.99,0.0,179.88,Low Usage
1463,132,20230128,20250127,Premium,Monthly,Cancelled,9.99,0.0,239.76,Low Usage
1464,169,20230613,20240612,Fan,Annual,Cancelled,5.99,0.0,71.88,Price
1465,206,20240711,,Family,Monthly,Active,14.99,0.0,179.88,
1466,243,20231205,20251204,Premium,Monthly,Cancelled,9.99,0.0,239.76,Low Usage
1467,280,20240128,20240427,Fan,Monthly,Cancelled,5.99,1.2,14.37,Price
1468,317,20250206,,Family,Annual,Active,14.99,0.0,149.9,
1469,354,20250412,,Premium,Monthly,Active,9.99,0.0,79.92,
1470,391,20230907,,Fan,Monthly,Active,5.99,0.0,143.76,
1471,428,20250429,,Family,Monthly,Active,14.99,0.0,119.92,
1472,465,20241029,,Premium,Annual,Active,9.99,0.0,139.86,
1473,502,20240212,20240512,Fan,Monthly,Cancelled,5.99,0.0,17.97,Price
1474,539,20230609,20240608,Family,Monthly,Cancelled,14.99,0.0,179.88,Low Usage
1475,576,20240611,,Premium,Monthly,Active,9.99,0.0,9.99,
1476,613,20240102,,Fan,Annual,Active,5.99,1.2,114.96,
1477,650,20250808,,Family,Monthly,Active,14.99,0.0,59.96,
1478,687,20230521,20230819,Premium,Monthly,Cancelled,9.99,0.0,29.97,Low Usage
1479,724,20250317,20250615,Fan,Monthly,Cancelled,5.99,0.0,17.97,Price
1480,761,20240707,,Family,Annual,Active,14.99,0.0,269.82,
1481,798,20250723,20251021,Premium,Monthly,Cancelled,9.99,0.0,29.97,Low Usage
1482,835,20250415,,Fan,Monthly,Active,5.99,0.0,47.92,
1483,872,20240729,20250729,Family,Monthly,Cancelled,14.99,0.0,179.88,Low Usage
1484,909,20231111,20251110,Premium,Annual,Cancelled,9.99,0.0,239.76,Low Usage
1485,946,20250724,,Fan,Monthly,Active,5.99,1.2,23.95,
1486,983,20231114,20240212,Family,Monthly,Cancelled,14.99,0.0,44.97,Low Usage
1487,1020,20230807,20231105,Premium,Monthly,Cancelled,9.99,0.0,29.97,Low Usage
1488,1057,20251023,,Fan,Annual,Active,5.99,0.0,11.98,
1489,1094,20250911,,Family,Monthly,Active,14.99,0.0,44.97,
1490,1131,20241107,,Premium,Monthly,Active,9.99,0.0,139.86,
1491,1168,20241231,20251231,Fan,Monthly,Cancelled,5.99,0.0,71.88,Price
1492,1205,20250412,20251009,Family,Annual,Cancelled,14.99,0.0,89.94,Low Usage
1493,1242,20240809,20241107,Premium,Monthly,Cancelled,9.99,0.0,29.97,Low Usage
1494,1279,20240502,20240601,Fan,Monthly,Cancelled,5.99,1.2,4.79,Price
1495,1316,20250722,,Family,Monthly,Active,14.99,0.0,74.95,
1496,1353,20230218,20250217,Premium,Annual,Cancelled,9.99,0.0,239.76,Low Usage
1497,1390,20250530,,Fan,Monthly,Active,5.99,0.0,41.93,
1498,1427,20240407,20241004,Family,Monthly,Cancelled,14.99,0.0,89.94,Low Usage
1499,1464,20230611,20231208,Premium,Monthly,Cancelled,9.99,0.0,59.94,Low Usage
1500,1501,20250814,,Fan,Annual,Active,5.99,0.0,23.96,
1501,1538,20230903,20240301,Family,Monthly,Cancelled,14.99,0.0,89.94,Low Usage
1502,1575,20241021,,Premium,Monthly,Active,9.99,0.0,139.86,
1503,1612,20230826,20240222,Fan,Monthly,Cancelled,5.99,1.2,28.74,Price
1504,1649,20250916,20251215,Family,Annual,Cancelled,14.99,0.0,44.97,Low Usage
1505,1686,20250705,,Premium,Monthly,Active,9.99,0.0,59.94,
1506,1723,20250704,20251002,Fan,Monthly,Cancelled,5.99,0.0,17.97,Price
1507,1760,20230612,20250611,Family,Monthly,Cancelled,14.99,0.0,359.76,Low Usage
1508,1797,20250512,20250611,Premium,Annual,Cancelled,9.99,0.0,9.99,Low Usage
1509,1834,20241128,20251128,Fan,Monthly,Cancelled,5.99,0.0,71.88,Price
1510,1871,20240130,,Family,Monthly,Active,14.99,0.0,179.88,
1511,1908,20230503,20240502,Premium,Monthly,Cancelled,9.99,0.0,119.88,Low Usage
1512,1945,20240705,20240804,Fan,Annual,Cancelled,5.99,1.2,4.79,Price
1513,1982,20240811,20240910,Family,Monthly,Cancelled,14.99,0.0,14.99,Low Usage
1514,2019,20240615,20250615,Premium,Monthly,Cancelled,9.99,0.0,119.88,Low Usage
1515,2056,20251016,,Fan,Monthly,Active,5.99,0.0,11.98,
1516,2093,20240701,20240929,Family,Annual,Cancelled,14.99,0.0,44.97,Low Usage
1517,2130,20231218,20240117,Premium,Monthly,Cancelled,9.99,0.0,9.99,Low Usage
1518,2167,20230603,20240602,Fan,Monthly,Cancelled,5.99,0.0,71.88,Price
1519,2204,20250524,20250822,Family,Monthly,Cancelled,14.99,0.0,44.97,Low Usage
1520,2241,20251109,,Premium,Annual,Active,9.99,0.0,9.99,
1521,2278,20230209,20230808,Fan,Monthly,Cancelled,5.99,1.2,28.74,Price
1522,2315,20250312,,Family,Monthly,Active,14.99,0.0,134.91,
1523,2352,20230817,20240213,Premium,Monthly,Cancelled,9.99,0.0,59.94,Low Usage
1524,2389,20240424,20240723,Fan,Annual,Cancelled,5.99,0.0,17.97,Price
1525,2426,20230908,,Family,Monthly,Active,14.99,0.0,89.94,
1526,2463,20250322,20250421,Premium,Monthly,Cancelled,9.99,0.0,9.99,Low Usage
1527,2500,20240129,,Fan,Monthly,Active,5.99,0.0,137.77,
1528,2537,20251023,,Family,Annual,Active,14.99,0.0,29.98,
1529,2574,20230831,20240227,Premium,Monthly,Cancelled,9.99,0.0,59.94,Low Usage
1530,2611,20240301,,Fan,Monthly,Active,5.99,1.2,105.38,
1531,2648,20240720,20241018,Family,Monthly,Cancelled,14.99,0.0,44.97,Low Usage
1532,2685,20230815,20250814,Premium,Annual,Cancelled,9.99,0.0,239.76,Low Usage
1533,2722,20240311,,Fan,Monthly,Active,5.99,0.0,131.78,
1534,2759,20230929,20240928,Family,Monthly,Cancelled,14.99,0.0,179.88,Low Usage
1535,2796,20230216,,Premium,Monthly,Active,9.99,0.0,9.99,
1536,2833,20240826,20250222,Fan,Annual,Cancelled,5.99,0.0,35.94,Price
1537,2870,20241228,20250626,Family,Monthly,Cancelled,14.99,0.0,89.94,Low Usage
1538,2907,20240422,,Premium,Monthly,Active,9.99,0.0,199.8,
1539,2944,20250131,20250730,Fan,Monthly,Cancelled,5.99,1.2,28.74,Price
1540,2981,20231113,,Family,Annual,Active,14.99,0.0,359.76,
1541,3018,20231219,20240118,Premium,Monthly,Cancelled,9.99,0.0,9.99,Low Usage
1542,3055,20230626,20231223,Fan,Monthly,Cancelled,5.99,0.0,35.94,Price
1543,3092,20241129,20251129,Family,Monthly,Cancelled,14.99,0.0,179.88,Low Usage
1544,3129,20230902,20231201,Premium,Annual,Cancelled,9.99,0.0,29.97,Low Usage
1545,3166,20250113,,Fan,Monthly,Active,5.99,0.0,17.97,
1546,3203,20230818,20231116,Family,Monthly,Cancelled,14.99,0.0,44.97,Low Usage
1547,3240,20240327,,Premium,Monthly,Active,9.99,0.0,209.79,
1548,3277,20231104,20231204,Fan,Annual,Cancelled,5.99,1.2,4.79,Price
1549,3314,20230419,20240418,Family,Monthly,Cancelled,14.99,0.0,179.88,Low Usage
1550,3351,20241211,,Premium,Monthly,Active,9.99,0.0,9.99,
1551,3388,20241229,20251229,Fan,Monthly,Cancelled,5.99,0.0,71.88,Price
1552,3425,20250311,20250410,Family,Annual,Cancelled,14.99,0.0,14.99,Low Usage
1553,3462,20241216,,Premium,Monthly,Active,9.99,0.0,119.88,
1554,3499,20230703,20231001,Fan,Monthly,Cancelled,5.99,0.0,17.97,Price
1555,3536,20240808,,Family,Monthly,Active,14.99,0.0,254.83,
1556,3573,20240315,20240613,Premium,Annual,Cancelled,9.99,0.0,29.97,Low Usage
1557,3610,20240723,20250119,Fan,Monthly,Cancelled,5.99,1.2,28.74,Price
1558,3647,20251031,,Family,Monthly,Active,14.99,0.0,29.98,
1559,3684,20251009,20251108,Premium,Monthly,Cancelled,9.99,0.0,9.99,Low Usage
1560,3721,20251006,,Fan,Annual,Active,5.99,0.0,11.98,
1561,3758,20240830,,Family,Monthly,Active,14.99,0.0,239.84,
1562,3795,20240103,20240402,Premium,Monthly,Cancelled,9.99,0.0,29.97,Low Usage
1563,3832,20241001,20241031,Fan,Monthly,Cancelled,5.99,0.0,5.99,Price
1564,3869,20230113,20250112,Family,Annual,Cancelled,14.99,0.0,359.76,Low Usage
1565,3906,20250402,,Premium,Monthly,Active,9.99,0.0,59.94,
1566,3943,20230609,20230709,Fan,Monthly,Cancelled,5.99,1.2,4.79,Price
1567,3980,20230309,20230408,Family,Monthly,Cancelled,14.99,0.0,14.99,Low Usage
1568,4017,20251115,,Premium,Annual,Active,9.99,0.0,9.99,
1569,4054,20250107,20250706,Fan,Monthly,Cancelled,5.99,0.0,35.94,Price
1570,4091,20240513,,Family,Monthly,Active,14.99,0.0,14.99,
1571,4128,20240131,,Premium,Monthly,Active,9.99,0.0,229.77,
1572,4165,20241217,20250116,Fan,Annual,Cancelled,5.99,0.0,5.99,Price
1573,4202,20230425,20230525,Family,Monthly,Cancelled,14.99,0.0,14.99,Low Usage
1574,4239,20240822,,Premium,Monthly,Active,9.99,0.0,159.84,
1575,4276,20250717,,Fan,Monthly,Active,5.99,1.2,23.95,
1576,4313,20241024,20241123,Family,Annual,Cancelled,14.99,0.0,14.99,Low Usage
1577,4350,20230814,20240210,Premium,Monthly,Cancelled,9.99,0.0,59.94,Low Usage
1578,4387,20241026,20250124,Fan,Monthly,Cancelled,5.99,0.0,17.97,Price
1579,4424,20241216,20250614,Family,Monthly,Cancelled,14.99,0.0,89.94,Low Usage
1580,4461,20230620,,Premium,Annual,Active,9.99,0.0,119.88,
1581,4498,20231106,20231206,Fan,Monthly,Cancelled,5.99,0.0,5.99,Price
1582,4535,20240119,20250118,Family,Monthly,Cancelled,14.99,0.0,179.88,Low Usage
1583,4572,20230317,20230615,Premium,Monthly,Cancelled,9.99,0.0,29.97,Low Usage
1584,4609,20230314,20230612,Fan,Annual,Cancelled,5.99,1.2,14.37,Price
1585,4646,20241231,,Family,Monthly,Active,14.99,0.0,44.97,
1586,4683,20250118,20250717,Premium,Monthly,Cancelled,9.99,0.0,59.94,Low Usage
1587,4720,20241114,20241214,Fan,Monthly,Cancelled,5.99,0.0,5.99,Price
1588,4757,20241205,20250104,Family,Annual,Cancelled,14.99,0.0,14.99,Low Usage
1589,4794,20250307,20250903,Premium,Monthly,Cancelled,9.99,0.0,59.94,Low Usage
1590,4831,20240307,,Fan,Monthly,Active,5.99,0.0,5.99,
1591,4868,20251002,,Family,Monthly,Active,14.99,0.0,44.97,
1592,4905,20230112,20230711,Premium,Annual,Cancelled,9.99,0.0,59.94,Low Usage
1593,4942,20250314,20250612,Fan,Monthly,Cancelled,5.99,1.2,14.37,Price
1594,4979,20250423,,Family,Monthly,Active,14.99,0.0,119.92,
1595,5016,20231126,,Premium,Monthly,Active,9.99,0.0,59.94,
1596,5053,20231021,20241020,Fan,Annual,Cancelled,5.99,0.0,71.88,Price
1597,5090,20251029,,Family,Monthly,Active,14.99,0.0,29.98,
1598,5127,20230326,20230425,Premium,Monthly,Cancelled,9.99,0.0,9.99,Low Usage
1599,5164,20250104,20250404,Fan,Monthly,Cancelled,5.99,0.0,17.97,Price
1600,5201,20250223,,Family,Annual,Active,14.99,0.0,149.9,
1601,5238,20230112,20230211,Premium,Monthly,Cancelled,9.99,0.0,9.99,Low Usage
1602,5275,20230303,20230402,Fan,Monthly,Cancelled,5.99,1.2,4.79,Price
1603,5312,20231210,20240309,Family,Monthly,Cancelled,14.99,0.0,44.97,Low Usage
1604,5349,20231206,20240305,Premium,Annual,Cancelled,9.99,0.0,29.97,Low Usage
1605,5386,20230130,,Fan,Monthly,Active,5.99,0.0,5.99,
1606,5423,20230803,20240130,Family,Monthly,Cancelled,14.99,0.0,89.94,Low Usage
1607,5460,20241219,,Premium,Monthly,Active,9.99,0.0,119.88,
1608,5497,20231020,20251019,Fan,Annual,Cancelled,5.99,0.0,143.76,Price
1609,5534,20230913,20231212,Family,Monthly,Cancelled,14.99,0.0,44.97,Low Usage
1610,5571,20250616,,Premium,Monthly,Active,9.99,0.0,59.94,
1611,5608,20230412,20250411,Fan,Monthly,Cancelled,5.99,1.2,114.96,Price
1612,5645,20250604,,Family,Annual,Active,14.99,0.0,104.93,
1613,5682,20230725,20231023,Premium,Monthly,Cancelled,9.99,0.0,29.97,Low Usage
1614,5719,20250404,20250703,Fan,Monthly,Cancelled,5.99,0.0,17.97,Price
1615,5756,20230223,,Family,Monthly,Active,14.99,0.0,89.94,
1616,5793,20250308,20250606,Premium,Annual,Cancelled,9.99,0.0,29.97,Low Usage
1617,5830,20230324,20240323,Fan,Monthly,Cancelled,5.99,0.0,71.88,Price
1618,5867,20231026,20240423,Family,Monthly,Cancelled,14.99,0.0,89.94,Low Usage
1619,5904,20230730,20240126,Premium,Monthly,Cancelled,9.99,0.0,59.94,Low Usage
1620,5941,20251115,,Fan,Annual,Active,5.99,1.2,4.79,
1621,5978,20240730,20240829,Family,Monthly,Cancelled,14.99,0.0,14.99,Low Usage
1622,15,20230613,20231210,Premium,Monthly,Cancelled,9.99,0.0,59.94,Low Usage
1623,52,20230331,20240330,Fan,Monthly,Cancelled,5.99,0.0,71.88,Price
1624,89,20241022,20241121,Family,Annual,Cancelled,14.99,0.0,14.99,Low Usage
1625,126,20231112,,Premium,Monthly,Active,9.99,0.0,29.97,
1626,163,20251018,20251117,Fan,Monthly,Cancelled,5.99,0.0,5.99,Price
1627,200,20250128,20250428,Family,Monthly,Cancelled,14.99,0.0,44.97,Low Usage
1628,237,20250921,20251220,Premium,Annual,Cancelled,9.99,0.0,29.97,Low Usage
1629,274,20241223,20250122,Fan,Monthly,Cancelled,5.99,1.2,4.79,Price
1630,311,20230427,,Family,Monthly,Active,14.99,0.0,89.94,
1631,348,20241017,,Premium,Monthly,Active,9.99,0.0,139.86,
1632,385,20230416,20250415,Fan,Annual,Cancelled,5.99,0.0,143.76,Price
1633,422,20230822,20231120,Family,Monthly,Cancelled,14.99,0.0,44.97,Low Usage
1634,459,20250503,20250602,Premium,Monthly,Cancelled,9.99,0.0,9.99,Low Usage
1635,496,20240721,,Fan,Monthly,Active,5.99,0.0,35.94,
1636,533,20240103,20240701,Family,Annual,Cancelled,14.99,0.0,89.94,Low Usage
1637,570,20240605,20240705,Premium,Monthly,Cancelled,9.99,0.0,9.99,Low Usage
1638,607,20230426,20230725,Fan,Monthly,Cancelled,5.99,1.2,14.37,Price
1639,644,20240521,20241117,Family,Monthly,Cancelled,14.99,0.0,89.94,Low Usage
1640,681,20251014,,Premium,Annual,Active,9.99,0.0,19.98,
1641,718,20240928,20250928,Fan,Monthly,Cancelled,5.99,0.0,71.88,Price
1642,755,20241225,20250325,Family,Monthly,Cancelled,14.99,0.0,44.97,Low Usage
1643,792,20230918,20250917,Premium,Monthly,Cancelled,9.99,0.0,239.76,Low Usage
1644,829,20250117,,Fan,Annual,Active,5.99,0.0,65.89,
1645,866,20230413,,Family,Monthly,Active,14.99,0.0,179.88,
1646,903,20230314,20250313,Premium,Monthly,Cancelled,9.99,0.0,239.76,Low Usage
1647,940,20230408,20240407,Fan,Monthly,Cancelled,5.99,1.2,57.48,Price
1648,977,20240226,,Family,Annual,Active,14.99,0.0,329.78,
1649,1014,20250131,,Premium,Monthly,Active,9.99,0.0,109.89,
1650,1051,20240423,,Fan,Monthly,Active,5.99,0.0,71.88,
1651,1088,20231009,20240406,Family,Monthly,Cancelled,14.99,0.0,89.94,Low Usage
1652,1125,20240502,20241029,Premium,Annual,Cancelled,9.99,0.0,59.94,Low Usage
1653,1162,20250731,20250830,Fan,Monthly,Cancelled,5.99,0.0,5.99,Price
1654,1199,20240221,20240521,Family,Monthly,Cancelled,14.99,0.0,44.97,Low Usage
1655,1236,20230704,,Premium,Monthly,Active,9.99,0.0,59.94,
1656,1273,20230510,20230609,Fan,Annual,Cancelled,5.99,1.2,4.79,Price
1657,1310,20230626,20231223,Family,Monthly,Cancelled,14.99,0.0,89.94,Low Usage
1658,1347,20230529,20230827,Premium,Monthly,Cancelled,9.99,0.0,29.97,Low Usage
1659,1384,20240910,20250910,Fan,Monthly,Cancelled,5.99,0.0,71.88,Price
1660,1421,20241218,,Family,Annual,Active,14.99,0.0,44.97,
1661,1458,20250909,,Premium,Monthly,Active,9.99,0.0,29.97,
1662,1495,20250204,20250505,Fan,Monthly,Cancelled,5.99,0.0,17.97,Price
1663,1532,20250922,20251022,Family,Monthly,Cancelled,14.99,0.0,14.99,Low Usage
1664,1569,20240717,20250717,Premium,Annual,Cancelled,9.99,0.0,119.88,Low Usage
1665,1606,20230108,,Fan,Monthly,Active,5.99,1.2,28.74,
1666,1643,20251008,,Family,Monthly,Active,14.99,0.0,29.98,
1667,1680,20230128,20230727,Premium,Monthly,Cancelled,9.99,0.0,59.94,Low Usage
1668,1717,20241029,,Fan,Annual,Active,5.99,0.0,83.86,
1669,1754,20250805,,Family,Monthly,Active,14.99,0.0,59.96,
1670,1791,20251103,,Premium,Monthly,Active,9.99,0.0,9.99,
1671,1828,20230518,20230617,Fan,Monthly,Cancelled,5.99,0.0,5.99,Price
1672,1865,20241201,20241231,Family,Annual,Cancelled,14.99,0.0,14.99,Low Usage
1673,1902,20240609,20241206,Premium,Monthly,Cancelled,9.99,0.0,59.94,Low Usage
1674,1939,20250509,20251105,Fan,Monthly,Cancelled,5.99,1.2,28.74,Price
1675,1976,20241108,,Family,Monthly,Active,14.99,0.0,179.88,
1676,2013,20240129,20240727,Premium,Annual,Cancelled,9.99,0.0,59.94,Low Usage
1677,2050,20240107,,Fan,Monthly,Active,5.99,0.0,143.76,
1678,2087,20240619,20240719,Family,Monthly,Cancelled,14.99,0.0,14.99,Low Usage
1679,2124,20250717,,Premium,Monthly,Active,9.99,0.0,49.95,
1680,2161,20250429,,Fan,Annual,Active,5.99,0.0,5.99,
1681,2198,20250803,,Family,Monthly,Active,14.99,0.0,74.95,
1682,2235,20240720,20241018,Premium,Monthly,Cancelled,9.99,0.0,29.97,Low Usage
1683,2272,20230504,20250503,Fan,Monthly,Cancelled,5.99,1.2,114.96,Price
1684,2309,20230803,20231101,Family,Annual,Cancelled,14.99,0.0,44.97,Low Usage
1685,2346,20250924,,Premium,Monthly,Active,9.99,0.0,29.97,
1686,2383,20241023,,Fan,Monthly,Active,5.99,0.0,83.86,
1687,2420,20230313,20230412,Family,Monthly,Cancelled,14.99,0.0,14.99,Low Usage
1688,2457,20250519,20250618,Premium,Annual,Cancelled,9.99,0.0,9.99,Low Usage
1689,2494,20230428,20250427,Fan,Monthly,Cancelled,5.99,0.0,143.76,Price
1690,2531,20251005,,Family,Monthly,Active,14.99,0.0,29.98,
1691,2568,20250605,20251202,Premium,Monthly,Cancelled,9.99,0.0,59.94,Low Usage
1692,2605,20240716,,Fan,Annual,Active,5.99,1.2,81.43,
1693,2642,20240406,20250406,Family,Monthly,Cancelled,14.99,0.0,179.88,Low Usage
1694,2679,20251008,,Premium,Monthly,Active,9.99,0.0,19.98,
1695,2716,20250221,,Fan,Monthly,Active,5.99,0.0,5.99,
1696,2753,20250411,20250710,Family,Annual,Cancelled,14.99,0.0,44.97,Low Usage
1697,2790,20230124,20240124,Premium,Monthly,Cancelled,9.99,0.0,119.88,Low Usage
1698,2827,20230213,20230812,Fan,Monthly,Cancelled,5.99,0.0,35.94,Price
1699,2864,20241108,20251108,Family,Monthly,Cancelled,14.99,0.0,179.88,Low Usage
1700,2901,20230916,,Premium,Annual,Active,9.99,0.0,29.97,
1701,2938,20241124,20250222,Fan,Monthly,Cancelled,5.99,1.2,14.37,Price
1702,2975,20230111,20240111,Family,Monthly,Cancelled,14.99,0.0,179.88,Low Usage
1703,3012,20240531,20240630,Premium,Monthly,Cancelled,9.99,0.0,9.99,Low Usage
1704,3049,20240809,,Fan,Annual,Active,5.99,0.0,101.83,
1705,3086,20230123,,Family,Monthly,Active,14.99,0.0,179.88,
1706,3123,20240214,20250213,Premium,Monthly,Cancelled,9.99,0.0,119.88,Low Usage
1707,3160,20241221,20250321,Fan,Monthly,Cancelled,5.99,0.0,17.97,Price
1708,3197,20240830,20240929,Family,Annual,Cancelled,14.99,0.0,14.99,Low Usage
1709,3234,20251002,20251101,Premium,Monthly,Cancelled,9.99,0.0,9.99,Low Usage
1710,3271,20230807,,Fan,Monthly,Active,5.99,1.2,4.79,
1711,3308,20231015,20251014,Family,Monthly,Cancelled,14.99,0.0,359.76,Low Usage
1712,3345,20230805,20250804,Premium,Annual,Cancelled,9.99,0.0,239.76,Low Usage
1713,3382,20230806,20240805,Fan,Monthly,Cancelled,5.99,0.0,71.88,Price
1714,3419,20250511,20251107,Family,Monthly,Cancelled,14.99,0.0,89.94,Low Usage
1715,3456,20241111,,Premium,Monthly,Active,9.99,0.0,29.97,
1716,3493,20250928,,Fan,Annual,Active,5.99,0.0,17.97,
1717,3530,20240217,,Family,Monthly,Active,14.99,0.0,329.78,
1718,3567,20240917,20241017,Premium,Monthly,Cancelled,9.99,0.0,9.99,Low Usage
1719,3604,20230601,20230701,Fan,Monthly,Cancelled,5.99,1.2,4.79,Price
1720,3641,20230331,,Family,Annual,Active,14.99,0.0,179.88,
1721,3678,20240407,20250407,Premium,Monthly,Cancelled,9.99,0.0,119.88,Low Usage
1722,3715,20230502,20250501,Fan,Monthly,Cancelled,5.99,0.0,143.76,Price
1723,3752,20240104,,Family,Monthly,Active,14.99,0.0,359.76,
1724,3789,20230208,20250207,Premium,Annual,Cancelled,9.99,0.0,239.76,Low Usage
1725,3826,20241108,,Fan,Monthly,Active,5.99,0.0,5.99,
1726,3863,20250907,,Family,Monthly,Active,14.99,0.0,44.97,
1727,3900,20250403,,Premium,Monthly,Active,9.99,0.0,89.91,
1728,3937,20240903,20250302,Fan,Annual,Cancelled,5.99,1.2,28.74,Price
1729,3974,20231017,20251016,Family,Monthly,Cancelled,14.99,0.0,359.76,Low Usage
1730,4011,20250420,,Premium,Monthly,Active,9.99,0.0,79.92,
1731,4048,20240306,,Fan,Monthly,Active,5.99,0.0,131.78,
1732,4085,20230325,20250324,Family,Annual,Cancelled,14.99,0.0,359.76,Low Usage
1733,4122,20240508,20241104,Premium,Monthly,Cancelled,9.99,0.0,59.94,Low Usage
1734,4159,20240810,20250810,Fan,Monthly,Cancelled,5.99,0.0,71.88,Price
1735,4196,20240806,,Family,Monthly,Active,14.99,0.0,44.97,
1736,4233,20230312,20250311,Premium,Annual,Cancelled,9.99,0.0,239.76,Low Usage
1737,4270,20230826,20231124,Fan,Monthly,Cancelled,5.99,1.2,14.37,Price
1738,4307,20250603,20250703,Family,Monthly,Cancelled,14.99,0.0,14.99,Low Usage
1739,4344,20230123,20230222,Premium,Monthly,Cancelled,9.99,0.0,9.99,Low Usage
1740,4381,20240124,,Fan,Annual,Active,5.99,0.0,35.94,
1741,4418,20240624,20250624,Family,Monthly,Cancelled,14.99,0.0,179.88,Low Usage
1742,4455,20250112,,Premium,Monthly,Active,9.99,0.0,109.89,
1743,4492,20250411,,Fan,Monthly,Active,5.99,0.0,47.92,
1744,4529,20250617,,Family,Annual,Active,14.99,0.0,89.94,
1745,4566,20241229,,Premium,Monthly,Active,9.99,0.0,59.94,
1746,4603,20250814,,Fan,Monthly,Active,5.99,1.2,19.16,
1747,4640,20231003,20240331,Family,Monthly,Cancelled,14.99,0.0,89.94,Low Usage
1748,4677,20250907,20251007,Premium,Annual,Cancelled,9.99,0.0,9.99,Low Usage
1749,4714,20241002,20251002,Fan,Monthly,Cancelled,5.99,0.0,71.88,Price
1750,4751,20240816,,Family,Monthly,Active,14.99,0.0,179.88,
1751,4788,20230713,20250712,Premium,Monthly,Cancelled,9.99,0.0,239.76,Low Usage
1752,4825,20241013,20250411,Fan,Annual,Cancelled,5.99,0.0,35.94,Price
1753,4862,20251027,20251126,Family,Monthly,Cancelled,14.99,0.0,14.99,Low Usage
1754,4899,20230421,20230521,Premium,Monthly,Cancelled,9.99,0.0,9.99,Low Usage
1755,4936,20230121,,Fan,Monthly,Active,5.99,1.2,57.48,
1756,4973,20230413,20250412,Family,Annual,Cancelled,14.99,0.0,359.76,Low Usage
1757,5010,20241209,20250607,Premium,Monthly,Cancelled,9.99,0.0,59.94,Low Usage
1758,5047,20240209,20240310,Fan,Monthly,Cancelled,5.99,0.0,5.99,Price
1759,5084,20250630,20250928,Family,Monthly,Cancelled,14.99,0.0,44.97,Low Usage
1760,5121,20250710,,Premium,Annual,Active,9.99,0.0,49.95,
1761,5158,20231201,20240229,Fan,Monthly,Cancelled,5.99,0.0,17.97,Price
1762,5195,20230430,20240429,Family,Monthly,Cancelled,14.99,0.0,179.88,Low Usage
1763,5232,20230621,20231218,Premium,Monthly,Cancelled,9.99,0.0,59.94,Low Usage
1764,5269,20250702,20250930,Fan,Annual,Cancelled,5.99,1.2,14.37,Price
1765,5306,20240921,,Family,Monthly,Active,14.99,0.0,224.85,
1766,5343,20230830,20231128,Premium,Monthly,Cancelled,9.99,0.0,29.97,Low Usage
1767,5380,20230730,20231028,Fan,Monthly,Cancelled,5.99,0.0,17.97,Price
1768,5417,20230501,20230730,Family,Annual,Cancelled,14.99,0.0,44.97,Low Usage
1769,5454,20241126,20241226,Premium,Monthly,Cancelled,9.99,0.0,9.99,Low Usage
1770,5491,20241031,,Fan,Monthly,Active,5.99,0.0,17.97,
1771,5528,20230121,20230220,Family,Monthly,Cancelled,14.99,0.0,14.99,Low Usage
1772,5565,20241225,,Premium,Annual,Active,9.99,0.0,119.88,
1773,5602,20230519,20230817,Fan,Monthly,Cancelled,5.99,1.2,14.37,Price
1774,5639,20240610,20240908,Family,Monthly,Cancelled,14.99,0.0,44.97,Low Usage
1775,5676,20230820,,Premium,Monthly,Active,9.99,0.0,239.76,
1776,5713,20250905,20251005,Fan,Annual,Cancelled,5.99,0.0,5.99,Price
1777,5750,20241116,20250214,Family,Monthly,Cancelled,14.99,0.0,44.97,Low Usage
1778,5787,20250925,,Premium,Monthly,Active,9.99,0.0,29.97,
1779,5824,20230611,20250610,Fan,Monthly,Cancelled,5.99,0.0,143.76,Price
1780,5861,20250317,,Family,Annual,Active,14.99,0.0,14.99,
1781,5898,20230409,20230708,Premium,Monthly,Cancelled,9.99,0.0,29.97,Low Usage
1782,5935,20240318,20240616,Fan,Monthly,Cancelled,5.99,1.2,14.37,Price
1783,5972,20240929,20241029,Family,Monthly,Cancelled,14.99,0.0,14.99,Low Usage
1784,9,20240121,20240220,Premium,Annual,Cancelled,9.99,0.0,9.99,Low Usage
1785,46,20230827,,Fan,Monthly,Active,5.99,0.0,143.76,
1786,83,20240324,20250324,Family,Monthly,Cancelled,14.99,0.0,179.88,Low Usage
1787,120,20231218,20241217,Premium,Monthly,Cancelled,9.99,0.0,119.88,Low Usage
1788,157,20240721,,Fan,Annual,Active,5.99,0.0,101.83,
1789,194,20250812,,Family,Monthly,Active,14.99,0.0,59.96,
1790,231,20251018,,Premium,Monthly,Active,9.99,0.0,19.98,
1791,268,20240430,20240530,Fan,Monthly,Cancelled,5.99,1.2,4.79,Price
1792,305,20230530,20240529,Family,Annual,Cancelled,14.99,0.0,179.88,Low Usage
1793,342,20240212,,Premium,Monthly,Active,9.99,0.0,219.78,
1794,379,20230106,20230406,Fan,Monthly,Cancelled,5.99,0.0,17.97,Price
1795,416,20241104,,Family,Monthly,Active,14.99,0.0,179.88,
1796,453,20240910,20250910,Premium,Annual,Cancelled,9.99,0.0,119.88,Low Usage
1797,490,20240818,,Fan,Monthly,Active,5.99,0.0,95.84,
1798,527,20230116,20230416,Family,Monthly,Cancelled,14.99,0.0,44.97,Low Usage
1799,564,20240222,20240522,Premium,Monthly,Cancelled,9.99,0.0,29.97,Low Usage
1800,601,20240923,,Fan,Annual,Active,5.99,1.2,28.74,
1801,638,20250930,,Family,Monthly,Active,14.99,0.0,44.97,
1802,675,20230617,20250616,Premium,Monthly,Cancelled,9.99,0.0,239.76,Low Usage
1803,712,20250115,20250714,Fan,Monthly,Cancelled,5.99,0.0,35.94,Price
1804,749,20250411,20250710,Family,Annual,Cancelled,14.99,0.0,44.97,Low Usage
1805,786,20250509,,Premium,Monthly,Active,9.99,0.0,69.93,
1806,823,20230223,20250222,Fan,Monthly,Cancelled,5.99,0.0,143.76,Price
1807,860,20230328,20250327,Family,Monthly,Cancelled,14.99,0.0,359.76,Low Usage
1808,897,20250122,20250221,Premium,Annual,Cancelled,9.99,0.0,9.99,Low Usage
1809,934,20250112,20250412,Fan,Monthly,Cancelled,5.99,1.2,14.37,Price
1810,971,20250610,,Family,Monthly,Active,14.99,0.0,89.94,
1811,1008,20230623,20250622,Premium,Monthly,Cancelled,9.99,0.0,239.76,Low Usage
1812,1045,20240408,,Fan,Annual,Active,5.99,0.0,125.79,
1813,1082,20241006,20241105,Family,Monthly,Cancelled,14.99,0.0,14.99,Low Usage
1814,1119,20250218,20250519,Premium,Monthly,Cancelled,9.99,0.0,29.97,Low Usage
1815,1156,20230822,,Fan,Monthly,Active,5.99,0.0,71.88,
1816,1193,20230625,20231222,Family,Annual,Cancelled,14.99,0.0,89.94,Low Usage
1817,1230,20230506,20231102,Premium,Monthly,Cancelled,9.99,0.0,59.94,Low Usage
1818,1267,20251103,,Fan,Monthly,Active,5.99,1.2,4.79,
1819,1304,20250801,20250831,Family,Monthly,Cancelled,14.99,0.0,14.99,Low Usage
1820,1341,20240325,,Premium,Annual,Active,9.99,0.0,9.99,
1821,1378,20250914,,Fan,Monthly,Active,5.99,0.0,17.97,
1822,1415,20230608,20231205,Family,Monthly,Cancelled,14.99,0.0,89.94,Low Usage
1823,1452,20241102,20251102,Premium,Monthly,Cancelled,9.99,0.0,119.88,Low Usage
1824,1489,20230710,20240106,Fan,Annual,Cancelled,5.99,0.0,35.94,Price
1825,1526,20240703,,Family,Monthly,Active,14.99,0.0,44.97,
1826,1563,20250128,20250227,Premium,Monthly,Cancelled,9.99,0.0,9.99,Low Usage
1827,1600,20230414,20231011,Fan,Monthly,Cancelled,5.99,1.2,28.74,Price
1828,1637,20230922,20231221,Family,Annual,Cancelled,14.99,0.0,44.97,Low Usage
1829,1674,20230605,20250604,Premium,Monthly,Cancelled,9.99,0.0,239.76,Low Usage
1830,1711,20250522,,Fan,Monthly,Active,5.99,0.0,41.93,
1831,1748,20230304,20230831,Family,Monthly,Cancelled,14.99,0.0,89.94,Low Usage
1832,1785,20230706,20250705,Premium,Annual,Cancelled,9.99,0.0,239.76,Low Usage
1833,1822,20230901,20240831,Fan,Monthly,Cancelled,5.99,0.0,71.88,Price
1834,1859,20250204,,Family,Monthly,Active,14.99,0.0,164.89,
1835,1896,20250329,,Premium,Monthly,Active,9.99,0.0,89.91,
1836,1933,20240823,20240922,Fan,Annual,Cancelled,5.99,1.2,4.79,Price
1837,1970,20241023,20241122,Family,Monthly,Cancelled,14.99,0.0,14.99,Low Usage
1838,2007,20250621,,Premium,Monthly,Active,9.99,0.0,59.94,
1839,2044,20240613,20240911,Fan,Monthly,Cancelled,5.99,0.0,17.97,Price
1840,2081,20240130,,Family,Annual,Active,14.99,0.0,89.94,
1841,2118,20250818,,Premium,Monthly,Active,9.99,0.0,39.96,
1842,2155,20240607,,Fan,Monthly,Active,5.99,0.0,113.81,
1843,2192,20241008,20251008,Family,Monthly,Cancelled,14.99,0.0,179.88,Low Usage
1844,2229,20230818,20250817,Premium,Annual,Cancelled,9.99,0.0,239.76,Low Usage
1845,2266,20250916,,Fan,Monthly,Active,5.99,1.2,14.37,
1846,2303,20250904,20251004,Family,Monthly,Cancelled,14.99,0.0,14.99,Low Usage
1847,2340,20250409,,Premium,Monthly,Active,9.99,0.0,79.92,
1848,2377,20240224,,Fan,Annual,Active,5.99,0.0,131.78,
1849,2414,20251009,,Family,Monthly,Active,14.99,0.0,29.98,
1850,2451,20230103,,Premium,Monthly,Active,9.99,0.0,9.99,
1851,2488,20251028,,Fan,Monthly,Active,5.99,0.0,11.98,
1852,2525,20230701,20240630,Family,Annual,Cancelled,14.99,0.0,179.88,Low Usage
1853,2562,20250420,,Premium,Monthly,Active,9.99,0.0,79.92,
1854,2599,20240620,20240720,Fan,Monthly,Cancelled,5.99,1.2,4.79,Price
1855,2636,20250318,,Family,Monthly,Active,14.99,0.0,44.97,
1856,2673,20250514,20250613,Premium,Annual,Cancelled,9.99,0.0,9.99,Low Usage
1857,2710,20230118,20230418,Fan,Monthly,Cancelled,5.99,0.0,17.97,Price
1858,2747,20250126,,Family,Monthly,Active,14.99,0.0,164.89,
1859,2784,20240716,20250716,Premium,Monthly,Cancelled,9.99,0.0,119.88,Low Usage
1860,2821,20240725,,Fan,Annual,Active,5.99,0.0,35.94,
1861,2858,20241008,20250406,Family,Monthly,Cancelled,14.99,0.0,89.94,Low Usage
1862,2895,20230708,20231006,Premium,Monthly,Cancelled,9.99,0.0,29.97,Low Usage
1863,2932,20240923,20250923,Fan,Monthly,Cancelled,5.99,1.2,57.48,Price
1864,2969,20240123,20240222,Family,Annual,Cancelled,14.99,0.0,14.99,Low Usage
1865,3006,20231003,,Premium,Monthly,Active,9.99,0.0,239.76,
1866,3043,20240929,20250328,Fan,Monthly,Cancelled,5.99,0.0,35.94,Price
1867,3080,20230427,20240426,Family,Monthly,Cancelled,14.99,0.0,179.88,Low Usage
1868,3117,20250504,,Premium,Annual,Active,9.99,0.0,79.92,
1869,3154,20240628,20241225,Fan,Monthly,Cancelled,5.99,0.0,35.94,Price
1870,3191,20250915,,Family,Monthly,Active,14.99,0.0,14.99,
1871,3228,20230330,20240329,Premium,Monthly,Cancelled,9.99,0.0,119.88,Low Usage
1872,3265,20250322,,Fan,Annual,Active,5.99,1.2,43.11,
1873,3302,20250122,,Family,Monthly,Active,14.99,0.0,164.89,
1874,3339,20250223,20250524,Premium,Monthly,Cancelled,9.99,0.0,29.97,Low Usage
1875,3376,20250821,,Fan,Monthly,Active,5.99,0.0,23.96,
1876,3413,20230729,20240125,Family,Annual,Cancelled,14.99,0.0,89.94,Low Usage
1877,3450,20251021,,Premium,Monthly,Active,9.99,0.0,19.98,
1878,3487,20230615,20231212,Fan,Monthly,Cancelled,5.99,0.0,35.94,Price
1879,3524,20230117,20240117,Family,Monthly,Cancelled,14.99,0.0,179.88,Low Usage
1880,3561,20230516,,Premium,Annual,Active,9.99,0.0,29.97,
1881,3598,20240708,20241006,Fan,Monthly,Cancelled,5.99,1.2,14.37,Price
1882,3635,20250426,,Family,Monthly,Active,14.99,0.0,119.92,
1883,3672,20240128,20240726,Premium,Monthly,Cancelled,9.99,0.0,59.94,Low Usage
1884,3709,20250211,20250810,Fan,Annual,Cancelled,5.99,0.0,35.94,Price
1885,3746,20230819,,Family,Monthly,Active,14.99,0.0,359.76,
1886,3783,20240804,,Premium,Monthly,Active,9.99,0.0,169.83,
1887,3820,20240330,20250330,Fan,Monthly,Cancelled,5.99,0.0,71.88,Price
1888,3857,20240521,20240620,Family,Annual,Cancelled,14.99,0.0,14.99,Low Usage
1889,3894,20250712,20251010,Premium,Monthly,Cancelled,9.99,0.0,29.97,Low Usage
1890,3931,20250103,,Fan,Monthly,Active,5.99,1.2,4.79,
1891,3968,20241208,20251208,Family,Monthly,Cancelled,14.99,0.0,179.88,Low Usage
1892,4005,20240128,20240427,Premium,Annual,Cancelled,9.99,0.0,29.97,Low Usage
1893,4042,20240819,,Fan,Monthly,Active,5.99,0.0,95.84,
1894,4079,20250807,20251105,Family,Monthly,Cancelled,14.99,0.0,44.97,Low Usage
1895,4116,20230208,,Premium,Monthly,Active,9.99,0.0,119.88,
1896,4153,20230801,20240731,Fan,Annual,Cancelled,5.99,0.0,71.88,Price
1897,4190,20250504,20250802,Family,Monthly,Cancelled,14.99,0.0,44.97,Low Usage
1898,4227,20240714,20240813,Premium,Monthly,Cancelled,9.99,0.0,9.99,Low Usage
1899,4264,20250325,,Fan,Monthly,Active,5.99,1.2,43.11,
1900,4301,20250305,,Family,Annual,Active,14.99,0.0,89.94,
1901,4338,20240317,20240615,Premium,Monthly,Cancelled,9.99,0.0,29.97,Low Usage
1902,4375,20230827,20231125,Fan,Monthly,Cancelled,5.99,0.0,17.97,Price
1903,4412,20250317,,Family,Monthly,Active,14.99,0.0,134.91,
1904,4449,20231103,20240201,Premium,Annual,Cancelled,9.99,0.0,29.97,Low Usage
1905,4486,20241225,,Fan,Monthly,Active,5.99,0.0,71.88,
1906,4523,20240601,20240830,Family,Monthly,Cancelled,14.99,0.0,44.97,Low Usage
1907,4560,20250304,,Premium,Monthly,Active,9.99,0.0,99.9,
1908,4597,20251112,,Fan,Annual,Active,5.99,1.2,4.79,
1909,4634,20230721,20240720,Family,Monthly,Cancelled,14.99,0.0,179.88,Low Usage
1910,4671,20250324,,Premium,Monthly,Active,9.99,0.0,9.99,
1911,4708,20230715,20230814,Fan,Monthly,Cancelled,5.99,0.0,5.99,Price
1912,4745,20230802,20231031,Family,Annual,Cancelled,14.99,0.0,44.97,Low Usage
1913,4782,20230507,20231103,Premium,Monthly,Cancelled,9.99,0.0,59.94,Low Usage
1914,4819,20231204,20240601,Fan,Monthly,Cancelled,5.99,0.0,35.94,Price
1915,4856,20250526,,Family,Monthly,Active,14.99,0.0,44.97,
1916,4893,20230905,20240303,Premium,Annual,Cancelled,9.99,0.0,59.94,Low Usage
1917,4930,20241229,20250329,Fan,Monthly,Cancelled,5.99,1.2,14.37,Price
1918,4967,20240912,,Family,Monthly,Active,14.99,0.0,224.85,
1919,5004,20230717,20231015,Premium,Monthly,Cancelled,9.99,0.0,29.97,Low Usage
1920,5041,20230117,,Fan,Annual,Active,5.99,0.0,35.94,
1921,5078,20241203,20251203,Family,Monthly,Cancelled,14.99,0.0,179.88,Low Usage
1922,5115,20230128,20230227,Premium,Monthly,Cancelled,9.99,0.0,9.99,Low Usage
1923,5152,20240807,20241105,Fan,Monthly,Cancelled,5.99,0.0,17.97,Price
1924,5189,20231013,20240111,Family,Annual,Cancelled,14.99,0.0,44.97,Low Usage
1925,5226,20240823,,Premium,Monthly,Active,9.99,0.0,29.97,
1926,5263,20231211,20240310,Fan,Monthly,Cancelled,5.99,1.2,14.37,Price
1927,5300,20230127,20230726,Family,Monthly,Cancelled,14.99,0.0,89.94,Low Usage
1928,5337,20240406,20240705,Premium,Annual,Cancelled,9.99,0.0,29.97,Low Usage
1929,5374,20250402,,Fan,Monthly,Active,5.99,0.0,53.91,
1930,5411,20230503,,Family,Monthly,Active,14.99,0.0,179.88,
1931,5448,20241116,20251116,Premium,Monthly,Cancelled,9.99,0.0,119.88,Low Usage
1932,5485,20230923,20231222,Fan,Annual,Cancelled,5.99,0.0,17.97,Price
1933,5522,20230925,20250924,Family,Monthly,Cancelled,14.99,0.0,359.76,Low Usage
1934,5559,20250210,20250511,Premium,Monthly,Cancelled,9.99,0.0,29.97,Low Usage
1935,5596,20240505,,Fan,Monthly,Active,5.99,1.2,28.74,
1936,5633,20240115,20250114,Family,Annual,Cancelled,14.99,0.0,179.88,Low Usage
1937,5670,20240114,20240213,Premium,Monthly,Cancelled,9.99,0.0,9.99,Low Usage
1938,5707,20250502,20250731,Fan,Monthly,Cancelled,5.99,0.0,17.97,Price
1939,5744,20230329,20230627,Family,Monthly,Cancelled,14.99,0.0,44.97,Low Usage
1940,5781,20231223,,Premium,Annual,Active,9.99,0.0,59.94,
1941,5818,20250610,,Fan,Monthly,Active,5.99,0.0,35.94,
1942,5855,20240605,20250605,Family,Monthly,Cancelled,14.99,0.0,179.88,Low Usage
1943,5892,20251022,,Premium,Monthly,Active,9.99,0.0,19.98,
1944,5929,20240319,20240617,Fan,Annual,Cancelled,5.99,1.2,14.37,Price
1945,5966,20250324,,Family,Monthly,Active,14.99,0.0,89.94,
1946,3,20240823,20241121,Premium,Monthly,Cancelled,9.99,0.0,29.97,Low Usage
1947,40,20240429,20250429,Fan,Monthly,Cancelled,5.99,0.0,71.88,Price
1948,77,20250803,,Family,Annual,Active,14.99,0.0,74.95,
1949,114,20251002,,Premium,Monthly,Active,9.99,0.0,29.97,
1950,151,20250112,,Fan,Monthly,Active,5.99,0.0,5.99,
1951,188,20240920,20241219,Family,Monthly,Cancelled,14.99,0.0,44.97,Low Usage
1952,225,20230114,20230414,Premium,Annual,Cancelled,9.99,0.0,29.97,Low Usage
1953,262,20250619,,Fan,Monthly,Active,5.99,1.2,28.74,
1954,299,20250831,,Family,Monthly,Active,14.99,0.0,59.96,
1955,336,20230216,,Premium,Monthly,Active,9.99,0.0,9.99,
1956,373,20240609,20240907,Fan,Annual,Cancelled,5.99,0.0,17.97,Price
1957,410,20240728,,Family,Monthly,Active,14.99,0.0,254.83,
1958,447,20241018,,Premium,Monthly,Active,9.99,0.0,139.86,
1959,484,20250517,20251113,Fan,Monthly,Cancelled,5.99,0.0,35.94,Price
1960,521,20240817,,Family,Annual,Active,14.99,0.0,239.84,
1961,558,20230209,20240209,Premium,Monthly,Cancelled,9.99,0.0,119.88,Low Usage
1962,595,20250512,,Fan,Monthly,Active,5.99,1.2,33.53,
1963,632,20251004,,Family,Monthly,Active,14.99,0.0,29.98,
1964,669,20250703,20250802,Premium,Annual,Cancelled,9.99,0.0,9.99,Low Usage
1965,706,20250206,,Fan,Monthly,Active,5.99,0.0,35.94,
1966,743,20250805,20251103,Family,Monthly,Cancelled,14.99,0.0,44.97,Low Usage
1967,780,20250731,,Premium,Monthly,Active,9.99,0.0,49.95,
1968,817,20240219,20240817,Fan,Annual,Cancelled,5.99,0.0,35.94,Price
1969,854,20230616,20230716,Family,Monthly,Cancelled,14.99,0.0,14.99,Low Usage
1970,891,20230211,,Premium,Monthly,Active,9.99,0.0,59.94,
1971,928,20250811,,Fan,Monthly,Active,5.99,1.2,19.16,
1972,965,20250409,20250509,Family,Annual,Cancelled,14.99,0.0,14.99,Low Usage
1973,1002,20230605,20231202,Premium,Monthly,Cancelled,9.99,0.0,59.94,Low Usage
1974,1039,20240902,20241002,Fan,Monthly,Cancelled,5.99,0.0,5.99,Price
1975,1076,20240513,,Family,Monthly,Active,14.99,0.0,179.88,
1976,1113,20230405,20230505,Premium,Annual,Cancelled,9.99,0.0,9.99,Low Usage
1977,1150,20250106,,Fan,Monthly,Active,5.99,0.0,71.88,
1978,1187,20250210,20250511,Family,Monthly,Cancelled,14.99,0.0,44.97,Low Usage
1979,1224,20240614,20240714,Premium,Monthly,Cancelled,9.99,0.0,9.99,Low Usage
1980,1261,20250930,,Fan,Annual,Active,5.99,1.2,14.37,
1981,1298,20250925,,Family,Monthly,Active,14.99,0.0,44.97,
1982,1335,20240622,20250622,Premium,Monthly,Cancelled,9.99,0.0,119.88,Low Usage
1983,1372,20240526,,Fan,Monthly,Active,5.99,0.0,113.81,
1984,1409,20230822,20250821,Family,Annual,Cancelled,14.99,0.0,359.76,Low Usage
1985,1446,20251103,,Premium,Monthly,Active,9.99,0.0,9.99,
1986,1483,20230801,20230831,Fan,Monthly,Cancelled,5.99,0.0,5.99,Price
1987,1520,20240312,20240610,Family,Monthly,Cancelled,14.99,0.0,44.97,Low Usage
1988,1557,20230319,20240318,Premium,Annual,Cancelled,9.99,0.0,119.88,Low Usage
1989,1594,20240528,20241124,Fan,Monthly,Cancelled,5.99,1.2,28.74,Price
1990,1631,20240315,,Family,Monthly,Active,14.99,0.0,44.97,
1991,1668,20250701,20250929,Premium,Monthly,Cancelled,9.99,0.0,29.97,Low Usage
1992,1705,20241206,20251206,Fan,Annual,Cancelled,5.99,0.0,71.88,Price
1993,1742,20251005,,Family,Monthly,Active,14.99,0.0,29.98,
1994,1779,20250130,20250729,Premium,Monthly,Cancelled,9.99,0.0,59.94,Low Usage
1995,1816,20240815,,Fan,Monthly,Active,5.99,0.0,71.88,
1996,1853,20240704,20241002,Family,Annual,Cancelled,14.99,0.0,44.97,Low Usage
1997,1890,20241118,20250517,Premium,Monthly,Cancelled,9.99,0.0,59.94,Low Usage
1998,1927,20231004,20240102,Fan,Monthly,Cancelled,5.99,1.2,14.37,Price
1999,1964,20230908,20240306,Family,Monthly,Cancelled,14.99,0.0,89.94,Low Usage
2000,2001,20250803,,Premium,Annual,Active,9.99,0.0,9.99,
2001,2038,20250502,20250731,Fan,Monthly,Cancelled,5.99,0.0,17.97,Price
2002,2075,20230108,20230207,Family,Monthly,Cancelled,14.99,0.0,14.99,Low Usage
2003,2112,20241020,20250118,Premium,Monthly,Cancelled,9.99,0.0,29.97,Low Usage
2004,2149,20231203,20241202,Fan,Annual,Cancelled,5.99,0.0,71.88,Price
2005,2186,20240802,,Family,Monthly,Active,14.99,0.0,89.94,
2006,2223,20230731,20240127,Premium,Monthly,Cancelled,9.99,0.0,59.94,Low Usage
2007,2260,20230731,20230830,Fan,Monthly,Cancelled,5.99,1.2,4.79,Price
2008,2297,20250405,,Family,Annual,Active,14.99,0.0,134.91,
2009,2334,20240730,20241028,Premium,Monthly,Cancelled,9.99,0.0,29.97,Low Usage
2010,2371,20251030,,Fan,Monthly,Active,5.99,0.0,11.98,
2011,2408,20230703,20250702,Family,Monthly,Cancelled,14.99,0.0,359.76,Low Usage
2012,2445,20230530,20230629,Premium,Annual,Cancelled,9.99,0.0,9.99,Low Usage
2013,2482,20230820,20250819,Fan,Monthly,Cancelled,5.99,0.0,143.76,Price
2014,2519,20240209,20240807,Family,Monthly,Cancelled,14.99,0.0,89.94,Low Usage
2015,2556,20230605,,Premium,Monthly,Active,9.99,0.0,59.94,
2016,2593,20250211,20250313,Fan,Annual,Cancelled,5.99,1.2,4.79,Price
2017,2630,20250227,,Family,Monthly,Active,14.99,0.0,149.9,
2018,2667,20251023,20251122,Premium,Monthly,Cancelled,9.99,0.0,9.99,Low Usage
2019,2704,20230222,20240222,Fan,Monthly,Cancelled,5.99,0.0,71.88,Price
2020,2741,20250812,,Family,Annual,Active,14.99,0.0,14.99,
2021,2778,20230319,20240318,Premium,Monthly,Cancelled,9.99,0.0,119.88,Low Usage
2022,2815,20250310,,Fan,Monthly,Active,5.99,0.0,53.91,
2023,2852,20230628,20231225,Family,Monthly,Cancelled,14.99,0.0,89.94,Low Usage
2024,2889,20230326,20230624,Premium,Annual,Cancelled,9.99,0.0,29.97,Low Usage
2025,2926,20251114,,Fan,Monthly,Active,5.99,1.2,4.79,
2026,2963,20250906,20251205,Family,Monthly,Cancelled,14.99,0.0,44.97,Low Usage
2027,3000,20251101,,Premium,Monthly,Active,9.99,0.0,19.98,
2028,3037,20230901,20240228,Fan,Annual,Cancelled,5.99,0.0,35.94,Price
2029,3074,20231207,20241206,Family,Monthly,Cancelled,14.99,0.0,179.88,Low Usage
2030,3111,20250505,,Premium,Monthly,Active,9.99,0.0,79.92,
2031,3148,20250301,20250331,Fan,Monthly,Cancelled,5.99,0.0,5.99,Price
2032,3185,20240102,20240630,Family,Annual,Cancelled,14.99,0.0,89.94,Low Usage
2033,3222,20250111,20250411,Premium,Monthly,Cancelled,9.99,0.0,29.97,Low Usage
2034,3259,20231222,20240321,Fan,Monthly,Cancelled,5.99,1.2,14.37,Price
2035,3296,20250602,,Family,Monthly,Active,14.99,0.0,44.97,
2036,3333,20230104,20230404,Premium,Annual,Cancelled,9.99,0.0,29.97,Low Usage
2037,3370,20240829,20250225,Fan,Monthly,Cancelled,5.99,0.0,35.94,Price
2038,3407,20250331,20250430,Family,Monthly,Cancelled,14.99,0.0,14.99,Low Usage
2039,3444,20231114,20231214,Premium,Monthly,Cancelled,9.99,0.0,9.99,Low Usage
2040,3481,20240709,,Fan,Annual,Active,5.99,0.0,71.88,
2041,3518,20250410,,Family,Monthly,Active,14.99,0.0,119.92,
2042,3555,20231006,20240104,Premium,Monthly,Cancelled,9.99,0.0,29.97,Low Usage
2043,3592,20230128,20230428,Fan,Monthly,Cancelled,5.99,1.2,14.37,Price
2044,3629,20240920,20241219,Family,Annual,Cancelled,14.99,0.0,44.97,Low Usage
2045,3666,20250108,,Premium,Monthly,Active,9.99,0.0,109.89,
2046,3703,20231123,20240221,Fan,Monthly,Cancelled,5.99,0.0,17.97,Price
2047,3740,20250917,20251216,Family,Monthly,Cancelled,14.99,0.0,44.97,Low Usage
2048,3777,20230817,20240213,Premium,Annual,Cancelled,9.99,0.0,59.94,Low Usage
2049,3814,20241029,,Fan,Monthly,Active,5.99,0.0,83.86,
2050,3851,20240916,,Family,Monthly,Active,14.99,0.0,224.85,
2051,3888,20240315,20240414,Premium,Monthly,Cancelled,9.99,0.0,9.99,Low Usage
2052,3925,20240214,20250213,Fan,Annual,Cancelled,5.99,1.2,57.48,Price
2053,3962,20240602,20250602,Family,Monthly,Cancelled,14.99,0.0,179.88,Low Usage
2054,3999,20241218,20250616,Premium,Monthly,Cancelled,9.99,0.0,59.94,Low Usage
2055,4036,20241118,,Fan,Monthly,Active,5.99,0.0,77.87,
2056,4073,20250627,,Family,Annual,Active,14.99,0.0,89.94,
2057,4110,20250412,20250711,Premium,Monthly,Cancelled,9.99,0.0,29.97,Low Usage
2058,4147,20230405,20250404,Fan,Monthly,Cancelled,5.99,0.0,143.76,Price
2059,4184,20250822,,Family,Monthly,Active,14.99,0.0,59.96,
2060,4221,20240926,,Premium,Annual,Active,9.99,0.0,119.88,
2061,4258,20230102,20240102,Fan,Monthly,Cancelled,5.99,1.2,57.48,Price
2062,4295,20230909,20231009,Family,Monthly,Cancelled,14.99,0.0,14.99,Low Usage
2063,4332,20230117,20230216,Premium,Monthly,Cancelled,9.99,0.0,9.99,Low Usage
2064,4369,20250124,,Fan,Annual,Active,5.99,0.0,65.89,
2065,4406,20241010,,Family,Monthly,Active,14.99,0.0,89.94,
2066,4443,20230215,20230814,Premium,Monthly,Cancelled,9.99,0.0,59.94,Low Usage
2067,4480,20241113,20250512,Fan,Monthly,Cancelled,5.99,0.0,35.94,Price
2068,4517,20241230,20250129,Family,Annual,Cancelled,14.99,0.0,14.99,Low Usage
2069,4554,20230530,20231126,Premium,Monthly,Cancelled,9.99,0.0,59.94,Low Usage
2070,4591,20250305,,Fan,Monthly,Active,5.99,1.2,14.37,
2071,4628,20231110,20231210,Family,Monthly,Cancelled,14.99,0.0,14.99,Low Usage
2072,4665,20240626,20240726,Premium,Annual,Cancelled,9.99,0.0,9.99,Low Usage
2073,4702,20240129,,Fan,Monthly,Active,5.99,0.0,137.77,
2074,4739,20230530,20231126,Family,Monthly,Cancelled,14.99,0.0,89.94,Low Usage
2075,4776,20230621,,Premium,Monthly,Active,9.99,0.0,119.88,
2076,4813,20250627,20251224,Fan,Annual,Cancelled,5.99,0.0,35.94,Price
2077,4850,20231107,20251106,Family,Monthly,Cancelled,14.99,0.0,359.76,Low Usage
2078,4887,20230517,20230616,Premium,Monthly,Cancelled,9.99,0.0,9.99,Low Usage
2079,4924,20250524,20250822,Fan,Monthly,Cancelled,5.99,1.2,14.37,Price
2080,4961,20240227,,Family,Annual,Active,14.99,0.0,179.88,
2081,4998,20230718,20250717,Premium,Monthly,Cancelled,9.99,0.0,239.76,Low Usage
2082,5035,20231028,20251027,Fan,Monthly,Cancelled,5.99,0.0,143.76,Price
2083,5072,20250706,,Family,Monthly,Active,14.99,0.0,74.95,
2084,5109,20230728,20230827,Premium,Annual,Cancelled,9.99,0.0,9.99,Low Usage
2085,5146,20240826,,Fan,Monthly,Active,5.99,0.0,95.84,
2086,5183,20231102,20251101,Family,Monthly,Cancelled,14.99,0.0,359.76,Low Usage
2087,5220,20250224,,Premium,Monthly,Active,9.99,0.0,99.9,
2088,5257,20251106,,Fan,Annual,Active,5.99,1.2,4.79,
2089,5294,20250910,20251209,Family,Monthly,Cancelled,14.99,0.0,44.97,Low Usage
2090,5331,20250414,,Premium,Monthly,Active,9.99,0.0,79.92,
2091,5368,20240608,20240906,Fan,Monthly,Cancelled,5.99,0.0,17.97,Price
2092,5405,20241101,20250130,Family,Annual,Cancelled,14.99,0.0,44.97,Low Usage
2093,5442,20241210,20250608,Premium,Monthly,Cancelled,9.99,0.0,59.94,Low Usage
2094,5479,20250504,20250603,Fan,Monthly,Cancelled,5.99,0.0,5.99,Price
2095,5516,20241114,,Family,Monthly,Active,14.99,0.0,44.97,
2096,5553,20250514,20250613,Premium,Annual,Cancelled,9.99,0.0,9.99,Low Usage
2097,5590,20250307,20250605,Fan,Monthly,Cancelled,5.99,1.2,14.37,Price
2098,5627,20230603,20231130,Family,Monthly,Cancelled,14.99,0.0,89.94,Low Usage
2099,5664,20250221,20250820,Premium,Monthly,Cancelled,9.99,0.0,59.94,Low Usage
2100,5701,20250328,,Fan,Annual,Active,5.99,0.0,35.94,
2101,5738,20250227,,Family,Monthly,Active,14.99,0.0,149.9,
2102,5775,20250621,,Premium,Monthly,Active,9.99,0.0,59.94,
2103,5812,20230428,20240427,Fan,Monthly,Cancelled,5.99,0.0,71.88,Price
2104,5849,20230301,20230828,Family,Annual,Cancelled,14.99,0.0,89.94,Low Usage
2105,5886,20250525,,Premium,Monthly,Active,9.99,0.0,59.94,
2106,5923,20240204,20240305,Fan,Monthly,Cancelled,5.99,1.2,4.79,Price
2107,5960,20240803,20250130,Family,Monthly,Cancelled,14.99,0.0,89.94,Low Usage
2108,5997,20240121,20240220,Premium,Annual,Cancelled,9.99,0.0,9.99,Low Usage
2109,34,20230206,20240206,Fan,Monthly,Cancelled,5.99,0.0,71.88,Price
2110,71,20240325,,Family,Monthly,Active,14.99,0.0,314.79,
2111,108,20240206,20240307,Premium,Monthly,Cancelled,9.99,0.0,9.99,Low Usage
2112,145,20251026,,Fan,Annual,Active,5.99,0.0,11.98,
2113,182,20240116,20240215,Family,Monthly,Cancelled,14.99,0.0,14.99,Low Usage
2114,219,20250310,20250409,Premium,Monthly,Cancelled,9.99,0.0,9.99,Low Usage
2115,256,20240703,,Fan,Monthly,Active,5.99,1.2,57.48,
2116,293,20250201,20250502,Family,Annual,Cancelled,14.99,0.0,44.97,Low Usage
2117,330,20250808,,Premium,Monthly,Active,9.99,0.0,39.96,
2118,367,20240410,20240709,Fan,Monthly,Cancelled,5.99,0.0,17.97,Price
2119,404,20230426,20230526,Family,Monthly,Cancelled,14.99,0.0,14.99,Low Usage
2120,441,20240311,,Premium,Annual,Active,9.99,0.0,59.94,
2121,478,20230813,20250812,Fan,Monthly,Cancelled,5.99,0.0,143.76,Price
2122,515,20250624,20251221,Family,Monthly,Cancelled,14.99,0.0,89.94,Low Usage
2123,552,20250715,,Premium,Monthly,Active,9.99,0.0,49.95,
2124,589,20230716,20230815,Fan,Annual,Cancelled,5.99,1.2,4.79,Price
2125,626,20230712,,Family,Monthly,Active,14.99,0.0,89.94,
2126,663,20230717,20240113,Premium,Monthly,Cancelled,9.99,0.0,59.94,Low Usage
2127,700,20230826,20230925,Fan,Monthly,Cancelled,5.99,0.0,5.99,Price
2128,737,20240907,20241206,Family,Annual,Cancelled,14.99,0.0,44.97,Low Usage
2129,774,20250219,,Premium,Monthly,Active,9.99,0.0,99.9,
2130,811,20250611,,Fan,Monthly,Active,5.99,0.0,35.94,
2131,848,20230903,20231202,Family,Monthly,Cancelled,14.99,0.0,44.97,Low Usage
2132,885,20230417,20240416,Premium,Annual,Cancelled,9.99,0.0,119.88,Low Usage
2133,922,20240323,20250323,Fan,Monthly,Cancelled,5.99,1.2,57.48,Price
2134,959,20240131,20240430,Family,Monthly,Cancelled,14.99,0.0,44.97,Low Usage
2135,996,20251002,,Premium,Monthly,Active,9.99,0.0,29.97,
2136,1033,20250429,20251026,Fan,Annual,Cancelled,5.99,0.0,35.94,Price
2137,1070,20240327,20240625,Family,Monthly,Cancelled,14.99,0.0,44.97,Low Usage
2138,1107,20230228,20230529,Premium,Monthly,Cancelled,9.99,0.0,29.97,Low Usage
2139,1144,20240330,20240628,Fan,Monthly,Cancelled,5.99,0.0,17.97,Price
2140,1181,20251002,,Family,Annual,Active,14.99,0.0,14.99,
2141,1218,20231217,20240614,Premium,Monthly,Cancelled,9.99,0.0,59.94,Low Usage
2142,1255,20241030,20250428,Fan,Monthly,Cancelled,5.99,1.2,28.74,Price
2143,1292,20250905,20251005,Family,Monthly,Cancelled,14.99,0.0,14.99,Low Usage
2144,1329,20230108,20250107,Premium,Annual,Cancelled,9.99,0.0,239.76,Low Usage
2145,1366,20231023,,Fan,Monthly,Active,5.99,0.0,5.99,
2146,1403,20241022,20241121,Family,Monthly,Cancelled,14.99,0.0,14.99,Low Usage
2147,1440,20230512,20240511,Premium,Monthly,Cancelled,9.99,0.0,119.88,Low Usage
2148,1477,20240509,20250509,Fan,Annual,Cancelled,5.99,0.0,71.88,Price
2149,1514,20231106,20241105,Family,Monthly,Cancelled,14.99,0.0,179.88,Low Usage
2150,1551,20230423,,Premium,Monthly,Active,9.99,0.0,119.88,
2151,1588,20240322,20240421,Fan,Monthly,Cancelled,5.99,1.2,4.79,Price
2152,1625,20250101,,Family,Annual,Active,14.99,0.0,179.88,
2153,1662,20230322,20240321,Premium,Monthly,Cancelled,9.99,0.0,119.88,Low Usage
2154,1699,20250201,20250303,Fan,Monthly,Cancelled,5.99,0.0,5.99,Price
2155,1736,20230325,,Family,Monthly,Active,14.99,0.0,44.97,
2156,1773,20230325,20240324,Premium,Annual,Cancelled,9.99,0.0,119.88,Low Usage
2157,1810,20230805,20250804,Fan,Monthly,Cancelled,5.99,0.0,143.76,Price
2158,1847,20250120,20250719,Family,Monthly,Cancelled,14.99,0.0,89.94,Low Usage
2159,1884,20250702,20250930,Premium,Monthly,Cancelled,9.99,0.0,29.97,Low Usage
2160,1921,20230501,,Fan,Annual,Active,5.99,1.2,28.74,
2161,1958,20230225,20230327,Family,Monthly,Cancelled,14.99,0.0,14.99,Low Usage
2162,1995,20241022,20250120,Premium,Monthly,Cancelled,9.99,0.0,29.97,Low Usage
2163,2032,20250623,,Fan,Monthly,Active,5.99,0.0,35.94,
2164,2069,20231026,20231125,Family,Annual,Cancelled,14.99,0.0,14.99,Low Usage
2165,2106,20240908,,Premium,Monthly,Active,9.99,0.0,29.97,
2166,2143,20240329,20240428,Fan,Monthly,Cancelled,5.99,0.0,5.99,Price
2167,2180,20231125,20241124,Family,Monthly,Cancelled,14.99,0.0,179.88,Low Usage
2168,2217,20240601,20250601,Premium,Annual,Cancelled,9.99,0.0,119.88,Low Usage
2169,2254,20251116,,Fan,Monthly,Active,5.99,1.2,4.79,
2170,2291,20250808,,Family,Monthly,Active,14.99,0.0,59.96,
2171,2328,20230904,20231004,Premium,Monthly,Cancelled,9.99,0.0,9.99,Low Usage
2172,2365,20250211,20250512,Fan,Annual,Cancelled,5.99,0.0,17.97,Price
2173,2402,20240815,20241113,Family,Monthly,Cancelled,14.99,0.0,44.97,Low Usage
2174,2439,20230625,20230923,Premium,Monthly,Cancelled,9.99,0.0,29.97,Low Usage
2175,2476,20230802,,Fan,Monthly,Active,5.99,0.0,35.94,
2176,2513,20250524,,Family,Annual,Active,14.99,0.0,104.93,
2177,2550,20240203,20250202,Premium,Monthly,Cancelled,9.99,0.0,119.88,Low Usage
2178,2587,20251110,20251210,Fan,Monthly,Cancelled,5.99,1.2,4.79,Price
2179,2624,20250614,,Family,Monthly,Active,14.99,0.0,89.94,
2180,2661,20250410,,Premium,Annual,Active,9.99,0.0,29.97,
2181,2698,20230630,20231227,Fan,Monthly,Cancelled,5.99,0.0,35.94,Price
2182,2735,20240831,20250227,Family,Monthly,Cancelled,14.99,0.0,89.94,Low Usage
2183,2772,20251107,,Premium,Monthly,Active,9.99,0.0,9.99,
2184,2809,20230207,20230508,Fan,Annual,Cancelled,5.99,0.0,17.97,Price
2185,2846,20240216,,Family,Monthly,Active,14.99,0.0,44.97,
2186,2883,20240214,,Premium,Monthly,Active,9.99,0.0,219.78,
2187,2920,20230303,20230830,Fan,Monthly,Cancelled,5.99,1.2,28.74,Price
2188,2957,20230920,20240318,Family,Annual,Cancelled,14.99,0.0,89.94,Low Usage
2189,2994,20240525,20250525,Premium,Monthly,Cancelled,9.99,0.0,119.88,Low Usage
2190,3031,20240818,,Fan,Monthly,Active,5.99,0.0,17.97,
2191,3068,20231113,20251112,Family,Monthly,Cancelled,14.99,0.0,359.76,Low Usage
2192,3105,20250802,20250901,Premium,Annual,Cancelled,9.99,0.0,9.99,Low Usage
2193,3142,20250327,20250426,Fan,Monthly,Cancelled,5.99,0.0,5.99,Price
2194,3179,20241203,20251203,Family,Monthly,Cancelled,14.99,0.0,179.88,Low Usage
2195,3216,20250615,,Premium,Monthly,Active,9.99,0.0,59.94,
2196,3253,20251002,20251231,Fan,Annual,Cancelled,5.99,1.2,14.37,Price
2197,3290,20240906,20241205,Family,Monthly,Cancelled,14.99,0.0,44.97,Low Usage
2198,3327,20250301,,Premium,Monthly,Active,9.99,0.0,99.9,
2199,3364,20250725,,Fan,Monthly,Active,5.99,0.0,29.95,
2200,3401,20230109,,Family,Annual,Active,14.99,0.0,14.99,
2201,3438,20250610,20251207,Premium,Monthly,Cancelled,9.99,0.0,59.94,Low Usage
2202,3475,20231127,20240225,Fan,Monthly,Cancelled,5.99,0.0,17.97,Price
2203,3512,20231129,20231229,Family,Monthly,Cancelled,14.99,0.0,14.99,Low Usage
2204,3549,20251115,,Premium,Annual,Active,9.99,0.0,9.99,
2205,3586,20240309,,Fan,Monthly,Active,5.99,1.2,57.48,
2206,3623,20230930,20231229,Family,Monthly,Cancelled,14.99,0.0,44.97,Low Usage
2207,3660,20251102,,Premium,Monthly,Active,9.99,0.0,19.98,
2208,3697,20240504,20240603,Fan,Annual,Cancelled,5.99,0.0,5.99,Price
2209,3734,20230125,20230724,Family,Monthly,Cancelled,14.99,0.0,89.94,Low Usage
2210,3771,20231015,,Premium,Monthly,Active,9.99,0.0,59.94,
2211,3808,20230106,20230205,Fan,Monthly,Cancelled,5.99,0.0,5.99,Price
2212,3845,20251016,,Family,Annual,Active,14.99,0.0,29.98,
2213,3882,20230924,20231223,Premium,Monthly,Cancelled,9.99,0.0,29.97,Low Usage
2214,3919,20250123,20250722,Fan,Monthly,Cancelled,5.99,1.2,28.74,Price
2215,3956,20250310,,Family,Monthly,Active,14.99,0.0,134.91,
2216,3993,20230322,20240321,Premium,Annual,Cancelled,9.99,0.0,119.88,Low Usage
2217,4030,20250904,20251203,Fan,Monthly,Cancelled,5.99,0.0,17.97,Price
2218,4067,20230507,20230606,Family,Monthly,Cancelled,14.99,0.0,14.99,Low Usage
2219,4104,20240825,20250825,Premium,Monthly,Cancelled,9.99,0.0,119.88,Low Usage
2220,4141,20240510,,Fan,Annual,Active,5.99,0.0,71.88,
2221,4178,20251113,,Family,Monthly,Active,14.99,0.0,14.99,
2222,4215,20250817,20251115,Premium,Monthly,Cancelled,9.99,0.0,29.97,Low Usage
2223,4252,20231110,20251109,Fan,Monthly,Cancelled,5.99,1.2,114.96,Price
2224,4289,20240330,20250330,Family,Annual,Cancelled,14.99,0.0,179.88,Low Usage
2225,4326,20240805,,Premium,Monthly,Active,9.99,0.0,59.94,
2226,4363,20250613,,Fan,Monthly,Active,5.99,0.0,35.94,
2227,4400,20241014,,Family,Monthly,Active,14.99,0.0,209.86,
2228,4437,20250213,20250315,Premium,Annual,Cancelled,9.99,0.0,9.99,Low Usage
2229,4474,20250522,,Fan,Monthly,Active,5.99,0.0,41.93,
2230,4511,20240515,,Family,Monthly,Active,14.99,0.0,89.94,
2231,4548,20240821,,Premium,Monthly,Active,9.99,0.0,159.84,
2232,4585,20250819,,Fan,Annual,Active,5.99,1.2,19.16,
2233,4622,20230426,20230725,Family,Monthly,Cancelled,14.99,0.0,44.97,Low Usage
2234,4659,20231110,20240508,Premium,Monthly,Cancelled,9.99,0.0,59.94,Low Usage
2235,4696,20230331,,Fan,Monthly,Active,5.99,0.0,5.99,
2236,4733,20240830,20250830,Family,Annual,Cancelled,14.99,0.0,179.88,Low Usage
2237,4770,20250715,20250814,Premium,Monthly,Cancelled,9.99,0.0,9.99,Low Usage
2238,4807,20250319,20250617,Fan,Monthly,Cancelled,5.99,0.0,17.97,Price
2239,4844,20240710,20240809,Family,Monthly,Cancelled,14.99,0.0,14.99,Low Usage
2240,4881,20240112,,Premium,Annual,Active,9.99,0.0,239.76,
2241,4918,20230714,20230813,Fan,Monthly,Cancelled,5.99,1.2,4.79,Price
2242,4955,20230307,20230605,Family,Monthly,Cancelled,14.99,0.0,44.97,Low Usage
2243,4992,20240513,20240612,Premium,Monthly,Cancelled,9.99,0.0,9.99,Low Usage
2244,5029,20230506,20230804,Fan,Annual,Cancelled,5.99,0.0,17.97,Price
2245,5066,20250709,,Family,Monthly,Active,14.99,0.0,44.97,
2246,5103,20240812,,Premium,Monthly,Active,9.99,0.0,159.84,
2247,5140,20251109,,Fan,Monthly,Active,5.99,0.0,5.99,
2248,5177,20240603,20241130,Family,Annual,Cancelled,14.99,0.0,89.94,Low Usage
2249,5214,20251003,,Premium,Monthly,Active,9.99,0.0,29.97,
2250,5251,20230111,,Fan,Monthly,Active,5.99,1.2,57.48,
2251,5288,20240828,20250828,Family,Monthly,Cancelled,14.99,0.0,179.88,Low Usage
2252,5325,20240508,20240607,Premium,Annual,Cancelled,9.99,0.0,9.99,Low Usage
2253,5362,20240719,20250115,Fan,Monthly,Cancelled,5.99,0.0,35.94,Price
2254,5399,20250227,20250528,Family,Monthly,Cancelled,14.99,0.0,44.97,Low Usage
2255,5436,20231021,,Premium,Monthly,Active,9.99,0.0,119.88,
2256,5473,20230131,20250130,Fan,Annual,Cancelled,5.99,0.0,143.76,Price
2257,5510,20250812,20251110,Family,Monthly,Cancelled,14.99,0.0,44.97,Low Usage
2258,5547,20240630,20241227,Premium,Monthly,Cancelled,9.99,0.0,59.94,Low Usage
2259,5584,20240609,20240709,Fan,Monthly,Cancelled,5.99,1.2,4.79,Price
2260,5621,20241106,,Family,Annual,Active,14.99,0.0,179.88,
2261,5658,20250729,,Premium,Monthly,Active,9.99,0.0,49.95,
2262,5695,20250629,20250927,Fan,Monthly,Cancelled,5.99,0.0,17.97,Price
2263,5732,20240407,20240507,Family,Monthly,Cancelled,14.99,0.0,14.99,Low Usage
2264,5769,20230113,20230212,Premium,Annual,Cancelled,9.99,0.0,9.99,Low Usage
2265,5806,20230725,,Fan,Monthly,Active,5.99,0.0,17.97,
2266,5843,20250528,,Family,Monthly,Active,14.99,0.0,104.93,
2267,5880,20231220,20240319,Premium,Monthly,Cancelled,9.99,0.0,29.97,Low Usage
2268,5917,20231013,20241012,Fan,Annual,Cancelled,5.99,1.2,57.48,Price
2269,5954,20240512,,Family,Monthly,Active,14.99,0.0,284.81,
2270,5991,20251001,,Premium,Monthly,Active,9.99,0.0,29.97,
2271,28,20240219,20240817,Fan,Monthly,Cancelled,5.99,0.0,35.94,Price
2272,65,20230311,20250310,Family,Annual,Cancelled,14.99,0.0,359.76,Low Usage
2273,102,20231212,20240609,Premium,Monthly,Cancelled,9.99,0.0,59.94,Low Usage
2274,139,20230131,20250130,Fan,Monthly,Cancelled,5.99,0.0,143.76,Price
2275,176,20250924,,Family,Monthly,Active,14.99,0.0,44.97,
2276,213,20241004,20250102,Premium,Annual,Cancelled,9.99,0.0,29.97,Low Usage
2277,250,20230523,20230821,Fan,Monthly,Cancelled,5.99,1.2,14.37,Price
2278,287,20240829,20250829,Family,Monthly,Cancelled,14.99,0.0,179.88,Low Usage
2279,324,20230828,20231126,Premium,Monthly,Cancelled,9.99,0.0,29.97,Low Usage
2280,361,20250703,,Fan,Annual,Active,5.99,0.0,35.94,
2281,398,20250731,20251029,Family,Monthly,Cancelled,14.99,0.0,44.97,Low Usage
2282,435,20230611,20250610,Premium,Monthly,Cancelled,9.99,0.0,239.76,Low Usage
2283,472,20230526,20240525,Fan,Monthly,Cancelled,5.99,0.0,71.88,Price
2284,509,20230325,20230921,Family,Annual,Cancelled,14.99,0.0,89.94,Low Usage
2285,546,20230128,,Premium,Monthly,Active,9.99,0.0,119.88,
2286,583,20230110,20250109,Fan,Monthly,Cancelled,5.99,1.2,114.96,Price
2287,620,20240427,20240726,Family,Monthly,Cancelled,14.99,0.0,44.97,Low Usage
2288,657,20230412,20250411,Premium,Annual,Cancelled,9.99,0.0,239.76,Low Usage
2289,694,20230404,20230504,Fan,Monthly,Cancelled,5.99,0.0,5.99,Price
2290,731,20240723,,Family,Monthly,Active,14.99,0.0,254.83,
2291,768,20250620,,Premium,Monthly,Active,9.99,0.0,59.94,
2292,805,20230212,20250211,Fan,Annual,Cancelled,5.99,0.0,143.76,Price
2293,842,20230819,20231117,Family,Monthly,Cancelled,14.99,0.0,44.97,Low Usage
2294,879,20240229,20250228,Premium,Monthly,Cancelled,9.99,0.0,119.88,Low Usage
2295,916,20250404,,Fan,Monthly,Active,5.99,1.2,4.79,
2296,953,20240117,20240216,Family,Annual,Cancelled,14.99,0.0,14.99,Low Usage
2297,990,20241226,20250125,Premium,Monthly,Cancelled,9.99,0.0,9.99,Low Usage
2298,1027,20240913,20241212,Fan,Monthly,Cancelled,5.99,0.0,17.97,Price
2299,1064,20230908,20250907,Family,Monthly,Cancelled,14.99,0.0,359.76,Low Usage
2300,1101,20231002,,Premium,Annual,Active,9.99,0.0,29.97,
2301,1138,20250819,20250918,Fan,Monthly,Cancelled,5.99,0.0,5.99,Price
2302,1175,20241028,20251028,Family,Monthly,Cancelled,14.99,0.0,179.88,Low Usage
2303,1212,20240612,20240712,Premium,Monthly,Cancelled,9.99,0.0,9.99,Low Usage
2304,1249,20250106,20250705,Fan,Annual,Cancelled,5.99,1.2,28.74,Price
2305,1286,20230215,,Family,Monthly,Active,14.99,0.0,14.99,
2306,1323,20240101,20240331,Premium,Monthly,Cancelled,9.99,0.0,29.97,Low Usage
2307,1360,20231029,20251028,Fan,Monthly,Cancelled,5.99,0.0,143.76,Price
2308,1397,20231103,20241102,Family,Annual,Cancelled,14.99,0.0,179.88,Low Usage
2309,1434,20240701,20250701,Premium,Monthly,Cancelled,9.99,0.0,119.88,Low Usage
2310,1471,20240406,,Fan,Monthly,Active,5.99,0.0,71.88,
2311,1508,20240616,20240914,Family,Monthly,Cancelled,14.99,0.0,44.97,Low Usage
2312,1545,20241225,20250623,Premium,Annual,Cancelled,9.99,0.0,59.94,Low Usage
2313,1582,20250324,,Fan,Monthly,Active,5.99,1.2,43.11,
2314,1619,20240617,20240915,Family,Monthly,Cancelled,14.99,0.0,44.97,Low Usage
2315,1656,20230622,,Premium,Monthly,Active,9.99,0.0,59.94,
2316,1693,20231109,20241108,Fan,Annual,Cancelled,5.99,0.0,71.88,Price
2317,1730,20230224,20250223,Family,Monthly,Cancelled,14.99,0.0,359.76,Low Usage
2318,1767,20240509,20240807,Premium,Monthly,Cancelled,9.99,0.0,29.97,Low Usage
2319,1804,20230915,20240313,Fan,Monthly,Cancelled,5.99,0.0,35.94,Price
2320,1841,20250331,,Family,Annual,Active,14.99,0.0,44.97,
2321,1878,20230410,20230510,Premium,Monthly,Cancelled,9.99,0.0,9.99,Low Usage
2322,1915,20250114,,Fan,Monthly,Active,5.99,1.2,52.69,
2323,1952,20230221,20250220,Family,Monthly,Cancelled,14.99,0.0,359.76,Low Usage
2324,1989,20230224,20230326,Premium,Annual,Cancelled,9.99,0.0,9.99,Low Usage
2325,2026,20250907,,Fan,Monthly,Active,5.99,0.0,17.97,
2326,2063,20230629,20250628,Family,Monthly,Cancelled,14.99,0.0,359.76,Low Usage
2327,2100,20230629,20230729,Premium,Monthly,Cancelled,9.99,0.0,9.99,Low Usage
2328,2137,20241022,,Fan,Annual,Active,5.99,0.0,83.86,
2329,2174,20250130,,Family,Monthly,Active,14.99,0.0,164.89,
2330,2211,20240706,,Premium,Monthly,Active,9.99,0.0,59.94,
2331,2248,20250420,20250520,Fan,Monthly,Cancelled,5.99,1.2,4.79,Price
2332,2285,20250501,20250531,Family,Annual,Cancelled,14.99,0.0,14.99,Low Usage
2333,2322,20250510,20250808,Premium,Monthly,Cancelled,9.99,0.0,29.97,Low Usage
2334,2359,20240316,20240415,Fan,Monthly,Cancelled,5.99,0.0,5.99,Price
2335,2396,20241207,,Family,Monthly,Active,14.99,0.0,179.88,
2336,2433,20250202,,Premium,Annual,Active,9.99,0.0,109.89,
2337,2470,20240717,,Fan,Monthly,Active,5.99,0.0,101.83,
2338,2507,20240429,20250429,Family,Monthly,Cancelled,14.99,0.0,179.88,Low Usage
2339,2544,20250416,20250516,Premium,Monthly,Cancelled,9.99,0.0,9.99,Low Usage
2340,2581,20230104,,Fan,Annual,Active,5.99,1.2,114.96,
2341,2618,20231020,20240118,Family,Monthly,Cancelled,14.99,0.0,44.97,Low Usage
2342,2655,20230524,20250523,Premium,Monthly,Cancelled,9.99,0.0,239.76,Low Usage
2343,2692,20231218,20240615,Fan,Monthly,Cancelled,5.99,0.0,35.94,Price
2344,2729,20250113,20250413,Family,Annual,Cancelled,14.99,0.0,44.97,Low Usage
2345,2766,20250717,,Premium,Monthly,Active,9.99,0.0,49.95,
2346,2803,20240527,,Fan,Monthly,Active,5.99,0.0,113.81,
2347,2840,20241027,20250125,Family,Monthly,Cancelled,14.99,0.0,44.97,Low Usage
2348,2877,20231017,20231116,Premium,Annual,Cancelled,9.99,0.0,9.99,Low Usage
2349,2914,20231225,20240324,Fan,Monthly,Cancelled,5.99,1.2,14.37,Price
2350,2951,20251029,,Family,Monthly,Active,14.99,0.0,29.98,
2351,2988,20240812,20250812,Premium,Monthly,Cancelled,9.99,0.0,119.88,Low Usage
2352,3025,20240312,20240411,Fan,Annual,Cancelled,5.99,0.0,5.99,Price
2353,3062,20241015,,Family,Monthly,Active,14.99,0.0,209.86,
2354,3099,20240914,20241014,Premium,Monthly,Cancelled,9.99,0.0,9.99,Low Usage
2355,3136,20230701,,Fan,Monthly,Active,5.99,0.0,143.76,
2356,3173,20251102,20251202,Family,Annual,Cancelled,14.99,0.0,14.99,Low Usage
2357,3210,20240329,20240627,Premium,Monthly,Cancelled,9.99,0.0,29.97,Low Usage
2358,3247,20230617,20240616,Fan,Monthly,Cancelled,5.99,1.2,57.48,Price
2359,3284,20230628,20231225,Family,Monthly,Cancelled,14.99,0.0,89.94,Low Usage
2360,3321,20241005,,Premium,Annual,Active,9.99,0.0,9.99,
2361,3358,20241226,20250125,Fan,Monthly,Cancelled,5.99,0.0,5.99,Price
2362,3395,20241212,20250312,Family,Monthly,Cancelled,14.99,0.0,44.97,Low Usage
2363,3432,20250629,20251226,Premium,Monthly,Cancelled,9.99,0.0,59.94,Low Usage
2364,3469,20240328,20240924,Fan,Annual,Cancelled,5.99,0.0,35.94,Price
2365,3506,20240203,,Family,Monthly,Active,14.99,0.0,344.77,
2366,3543,20250815,,Premium,Monthly,Active,9.99,0.0,39.96,
2367,3580,20250404,20251001,Fan,Monthly,Cancelled,5.99,1.2,28.74,Price
2368,3617,20250122,,Family,Annual,Active,14.99,0.0,164.89,
2369,3654,20230821,20240217,Premium,Monthly,Cancelled,9.99,0.0,59.94,Low Usage
2370,3691,20250520,,Fan,Monthly,Active,5.99,0.0,17.97,
2371,3728,20240824,20250220,Family,Monthly,Cancelled,14.99,0.0,89.94,Low Usage
2372,3765,20241120,,Premium,Annual,Active,9.99,0.0,129.87,
2373,3802,20250411,,Fan,Monthly,Active,5.99,0.0,47.92,
2374,3839,20240721,20241019,Family,Monthly,Cancelled,14.99,0.0,44.97,Low Usage
2375,3876,20240228,,Premium,Monthly,Active,9.99,0.0,219.78,
2376,3913,20240522,20250522,Fan,Annual,Cancelled,5.99,1.2,57.48,Price
2377,3950,20240905,20250905,Family,Monthly,Cancelled,14.99,0.0,179.88,Low Usage
2378,3987,20230727,20230826,Premium,Monthly,Cancelled,9.99,0.0,9.99,Low Usage
2379,4024,20250625,,Fan,Monthly,Active,5.99,0.0,35.94,
2380,4061,20230227,,Family,Annual,Active,14.99,0.0,14.99,
2381,4098,20241015,20241114,Premium,Monthly,Cancelled,9.99,0.0,9.99,Low Usage
2382,4135,20241222,20250322,Fan,Monthly,Cancelled,5.99,0.0,17.97,Price
2383,4172,20230905,20240904,Family,Monthly,Cancelled,14.99,0.0,179.88,Low Usage
2384,4209,20230318,20250317,Premium,Annual,Cancelled,9.99,0.0,239.76,Low Usage
2385,4246,20250827,,Fan,Monthly,Active,5.99,1.2,19.16,
2386,4283,20240102,20240630,Family,Monthly,Cancelled,14.99,0.0,89.94,Low Usage
2387,4320,20241127,,Premium,Monthly,Active,9.99,0.0,129.87,
2388,4357,20230322,20230421,Fan,Annual,Cancelled,5.99,0.0,5.99,Price
2389,4394,20240306,,Family,Monthly,Active,14.99,0.0,329.78,
2390,4431,20231204,,Premium,Monthly,Active,9.99,0.0,119.88,
2391,4468,20240624,,Fan,Monthly,Active,5.99,0.0,107.82,
2392,4505,20240126,20240225,Family,Annual,Cancelled,14.99,0.0,14.99,Low Usage
2393,4542,20250618,20251215,Premium,Monthly,Cancelled,9.99,0.0,59.94,Low Usage
2394,4579,20250718,,Fan,Monthly,Active,5.99,1.2,23.95,
2395,4616,20230919,,Family,Monthly,Active,14.99,0.0,14.99,
2396,4653,20230630,20231227,Premium,Annual,Cancelled,9.99,0.0,59.94,Low Usage
2397,4690,20230722,20240118,Fan,Monthly,Cancelled,5.99,0.0,35.94,Price
2398,4727,20250412,20251009,Family,Monthly,Cancelled,14.99,0.0,89.94,Low Usage
2399,4764,20230518,20240517,Premium,Monthly,Cancelled,9.99,0.0,119.88,Low Usage
2400,4801,20250325,,Fan,Annual,Active,5.99,0.0,17.97,
2401,4838,20250728,,Family,Monthly,Active,14.99,0.0,74.95,
2402,4875,20240703,,Premium,Monthly,Active,9.99,0.0,179.82,
2403,4912,20230908,20240907,Fan,Monthly,Cancelled,5.99,1.2,57.48,Price
2404,4949,20230923,20240922,Family,Annual,Cancelled,14.99,0.0,179.88,Low Usage
2405,4986,20240320,,Premium,Monthly,Active,9.99,0.0,209.79,
2406,5023,20250224,,Fan,Monthly,Active,5.99,0.0,59.9,
2407,5060,20251021,,Family,Monthly,Active,14.99,0.0,29.98,
2408,5097,20241029,20241128,Premium,Annual,Cancelled,9.99,0.0,9.99,Low Usage
2409,5134,20250723,20251021,Fan,Monthly,Cancelled,5.99,0.0,17.97,Price
2410,5171,20240229,,Family,Monthly,Active,14.99,0.0,329.78,
2411,5208,20250524,,Premium,Monthly,Active,9.99,0.0,69.93,
2412,5245,20230317,20250316,Fan,Annual,Cancelled,5.99,1.2,114.96,Price
2413,5282,20230530,20230629,Family,Monthly,Cancelled,14.99,0.0,14.99,Low Usage
2414,5319,20230821,20230920,Premium,Monthly,Cancelled,9.99,0.0,9.99,Low Usage
2415,5356,20250908,,Fan,Monthly,Active,5.99,0.0,17.97,
2416,5393,20240909,20241009,Family,Annual,Cancelled,14.99,0.0,14.99,Low Usage
2417,5430,20230410,20230510,Premium,Monthly,Cancelled,9.99,0.0,9.99,Low Usage
2418,5467,20250525,20250624,Fan,Monthly,Cancelled,5.99,0.0,5.99,Price
2419,5504,20241105,20250203,Family,Monthly,Cancelled,14.99,0.0,44.97,Low Usage
2420,5541,20251028,,Premium,Annual,Active,9.99,0.0,9.99,
2421,5578,20240530,20240629,Fan,Monthly,Cancelled,5.99,1.2,4.79,Price
2422,5615,20230507,20230606,Family,Monthly,Cancelled,14.99,0.0,14.99,Low Usage
2423,5652,20230128,20230227,Premium,Monthly,Cancelled,9.99,0.0,9.99,Low Usage
2424,5689,20240417,,Fan,Annual,Active,5.99,0.0,119.8,
2425,5726,20250712,,Family,Monthly,Active,14.99,0.0,74.95,
2426,5763,20240203,20240304,Premium,Monthly,Cancelled,9.99,0.0,9.99,Low Usage
2427,5800,20250309,20250607,Fan,Monthly,Cancelled,5.99,0.0,17.97,Price
2428,5837,20230109,20240109,Family,Annual,Cancelled,14.99,0.0,179.88,Low Usage
2429,5874,20231119,20240217,Premium,Monthly,Cancelled,9.99,0.0,29.97,Low Usage
2430,5911,20230530,,Fan,Monthly,Active,5.99,1.2,114.96,
2431,5948,20240808,20250808,Family,Monthly,Cancelled,14.99,0.0,179.88,Low Usage
2432,5985,20240527,20250527,Premium,Annual,Cancelled,9.99,0.0,119.88,Low Usage
2433,22,20250607,,Fan,Monthly,Active,5.99,0.0,35.94,
2434,59,20240903,20241202,Family,Monthly,Cancelled,14.99,0.0,44.97,Low Usage
2435,96,20230810,,Premium,Monthly,Active,9.99,0.0,29.97,
2436,133,20230525,20250524,Fan,Annual,Cancelled,5.99,0.0,143.76,Price
2437,170,20240825,20241123,Family,Monthly,Cancelled,14.99,0.0,44.97,Low Usage
2438,207,20250812,,Premium,Monthly,Active,9.99,0.0,39.96,
2439,244,20231228,20251227,Fan,Monthly,Cancelled,5.99,1.2,114.96,Price
2440,281,20241002,,Family,Annual,Active,14.99,0.0,44.97,
2441,318,20230308,20230407,Premium,Monthly,Cancelled,9.99,0.0,9.99,Low Usage
2442,355,20240814,20241112,Fan,Monthly,Cancelled,5.99,0.0,17.97,Price
2443,392,20250506,20251102,Family,Monthly,Cancelled,14.99,0.0,89.94,Low Usage
2444,429,20231003,20240331,Premium,Annual,Cancelled,9.99,0.0,59.94,Low Usage
2445,466,20231111,,Fan,Monthly,Active,5.99,0.0,143.76,
2446,503,20241114,,Family,Monthly,Active,14.99,0.0,194.87,
2447,540,20230702,20250701,Premium,Monthly,Cancelled,9.99,0.0,239.76,Low Usage
2448,577,20250903,,Fan,Annual,Active,5.99,1.2,19.16,
2449,614,20250529,20250827,Family,Monthly,Cancelled,14.99,0.0,44.97,Low Usage
2450,651,20250929,,Premium,Monthly,Active,9.99,0.0,29.97,
2451,688,20240603,20240703,Fan,Monthly,Cancelled,5.99,0.0,5.99,Price
2452,725,20240301,,Family,Annual,Active,14.99,0.0,329.78,
2453,762,20240405,,Premium,Monthly,Active,9.99,0.0,209.79,
2454,799,20240526,,Fan,Monthly,Active,5.99,0.0,113.81,
2455,836,20230907,,Family,Monthly,Active,14.99,0.0,89.94,
2456,873,20240707,20250103,Premium,Annual,Cancelled,9.99,0.0,59.94,Low Usage
2457,910,20240125,20240224,Fan,Monthly,Cancelled,5.99,1.2,4.79,Price
2458,947,20251028,,Family,Monthly,Active,14.99,0.0,29.98,
2459,984,20250411,,Premium,Monthly,Active,9.99,0.0,79.92,
2460,1021,20240121,,Fan,Annual,Active,5.99,0.0,17.97,
2461,1058,20250318,,Family,Monthly,Active,14.99,0.0,134.91,
2462,1095,20240521,20241117,Premium,Monthly,Cancelled,9.99,0.0,59.94,Low Usage
2463,1132,20230301,20230331,Fan,Monthly,Cancelled,5.99,0.0,5.99,Price
2464,1169,20250629,,Family,Annual,Active,14.99,0.0,89.94,
2465,1206,20231101,,Premium,Monthly,Active,9.99,0.0,29.97,
2466,1243,20230322,20250321,Fan,Monthly,Cancelled,5.99,1.2,114.96,Price
2467,1280,20250608,,Family,Monthly,Active,14.99,0.0,89.94,
2468,1317,20250203,20250504,Premium,Annual,Cancelled,9.99,0.0,29.97,Low Usage
2469,1354,20230315,20230911,Fan,Monthly,Cancelled,5.99,0.0,35.94,Price
2470,1391,20240210,,Family,Monthly,Active,14.99,0.0,14.99,
2471,1428,20250128,20250227,Premium,Monthly,Cancelled,9.99,0.0,9.99,Low Usage
2472,1465,20231127,20240225,Fan,Annual,Cancelled,5.99,0.0,17.97,Price
2473,1502,20240326,20240922,Family,Monthly,Cancelled,14.99,0.0,89.94,Low Usage
2474,1539,20230420,20231017,Premium,Monthly,Cancelled,9.99,0.0,59.94,Low Usage
2475,1576,20250424,,Fan,Monthly,Active,5.99,1.2,4.79,
2476,1613,20240523,20250523,Family,Annual,Cancelled,14.99,0.0,179.88,Low Usage
2477,1650,20250812,,Premium,Monthly,Active,9.99,0.0,39.96,
2478,1687,20230414,20230514,Fan,Monthly,Cancelled,5.99,0.0,5.99,Price
2479,1724,20240530,,Family,Monthly,Active,14.99,0.0,284.81,
2480,1761,20250823,,Premium,Annual,Active,9.99,0.0,9.99,
2481,1798,20240609,20240709,Fan,Monthly,Cancelled,5.99,0.0,5.99,Price
2482,1835,20231027,20240125,Family,Monthly,Cancelled,14.99,0.0,44.97,Low Usage
2483,1872,20231006,20240403,Premium,Monthly,Cancelled,9.99,0.0,59.94,Low Usage
2484,1909,20250812,,Fan,Annual,Active,5.99,1.2,19.16,
2485,1946,20240803,,Family,Monthly,Active,14.99,0.0,179.88,
2486,1983,20240510,20250510,Premium,Monthly,Cancelled,9.99,0.0,119.88,Low Usage
2487,2020,20230606,20230904,Fan,Monthly,Cancelled,5.99,0.0,17.97,Price
2488,2057,20250911,,Family,Annual,Active,14.99,0.0,44.97,
2489,2094,20230703,20240702,Premium,Monthly,Cancelled,9.99,0.0,119.88,Low Usage
2490,2131,20230826,,Fan,Monthly,Active,5.99,0.0,17.97,
2491,2168,20241107,,Family,Monthly,Active,14.99,0.0,209.86,
2492,2205,20250423,20250523,Premium,Annual,Cancelled,9.99,0.0,9.99,Low Usage
2493,2242,20240412,20240512,Fan,Monthly,Cancelled,5.99,1.2,4.79,Price
2494,2279,20230515,20240514,Family,Monthly,Cancelled,14.99,0.0,179.88,Low Usage
2495,2316,20231007,,Premium,Monthly,Active,9.99,0.0,239.76,
2496,2353,20250722,20250821,Fan,Annual,Cancelled,5.99,0.0,5.99,Price
2497,2390,20250318,,Family,Monthly,Active,14.99,0.0,134.91,
2498,2427,20230609,20231206,Premium,Monthly,Cancelled,9.99,0.0,59.94,Low Usage
2499,2464,20230514,20230613,Fan,Monthly,Cancelled,5.99,0.0,5.99,Price
2500,2501,20251026,,Family,Annual,Active,14.99,0.0,29.98,
2501,2538,20241115,20251115,Premium,Monthly,Cancelled,9.99,0.0,119.88,Low Usage
2502,2575,20250522,,Fan,Monthly,Active,5.99,1.2,33.53,
2503,2612,20240805,20240904,Family,Monthly,Cancelled,14.99,0.0,14.99,Low Usage
2504,2649,20230614,20240613,Premium,Annual,Cancelled,9.99,0.0,119.88,Low Usage
2505,2686,20230924,,Fan,Monthly,Active,5.99,0.0,71.88,
2506,2723,20241230,20250330,Family,Monthly,Cancelled,14.99,0.0,44.97,Low Usage
2507,2760,20250626,20251223,Premium,Monthly,Cancelled,9.99,0.0,59.94,Low Usage
2508,2797,20230131,20240131,Fan,Annual,Cancelled,5.99,0.0,71.88,Price
2509,2834,20240401,20250401,Family,Monthly,Cancelled,14.99,0.0,179.88,Low Usage
2510,2871,20251110,,Premium,Monthly,Active,9.99,0.0,9.99,
2511,2908,20250511,20251107,Fan,Monthly,Cancelled,5.99,1.2,28.74,Price
2512,2945,20231029,20240426,Family,Annual,Cancelled,14.99,0.0,89.94,Low Usage
2513,2982,20250801,,Premium,Monthly,Active,9.99,0.0,49.95,
2514,3019,20240821,20250217,Fan,Monthly,Cancelled,5.99,0.0,35.94,Price
2515,3056,20230128,,Family,Monthly,Active,14.99,0.0,44.97,
2516,3093,20250106,20250705,Premium,Annual,Cancelled,9.99,0.0,59.94,Low Usage
2517,3130,20250815,,Fan,Monthly,Active,5.99,0.0,23.96,
2518,3167,20230515,20250514,Family,Monthly,Cancelled,14.99,0.0,359.76,Low Usage
2519,3204,20250627,,Premium,Monthly,Active,9.99,0.0,59.94,
2520,3241,20250826,,Fan,Annual,Active,5.99,1.2,19.16,
2521,3278,20230703,20250702,Family,Monthly,Cancelled,14.99,0.0,359.76,Low Usage
2522,3315,20241118,20250216,Premium,Monthly,Cancelled,9.99,0.0,29.97,Low Usage
2523,3352,20230716,20230815,Fan,Monthly,Cancelled,5.99,0.0,5.99,Price
2524,3389,20241008,20241107,Family,Annual,Cancelled,14.99,0.0,14.99,Low Usage
2525,3426,20230202,,Premium,Monthly,Active,9.99,0.0,239.76,
2526,3463,20250614,,Fan,Monthly,Active,5.99,0.0,35.94,
2527,3500,20250226,,Family,Monthly,Active,14.99,0.0,149.9,
2528,3537,20250801,20251030,Premium,Annual,Cancelled,9.99,0.0,29.97,Low Usage
2529,3574,20230814,20230913,Fan,Monthly,Cancelled,5.99,1.2,4.79,Price
2530,3611,20240528,,Family,Monthly,Active,14.99,0.0,179.88,
2531,3648,20250115,,Premium,Monthly,Active,9.99,0.0,109.89,
2532,3685,20240408,20250408,Fan,Annual,Cancelled,5.99,0.0,71.88,Price
2533,3722,20250612,20250712,Family,Monthly,Cancelled,14.99,0.0,14.99,Low Usage
2534,3759,20240815,20240914,Premium,Monthly,Cancelled,9.99,0.0,9.99,Low Usage
2535,3796,20250804,,Fan,Monthly,Active,5.99,0.0,5.99,
2536,3833,20231107,20231207,Family,Annual,Cancelled,14.99,0.0,14.99,Low Usage
2537,3870,20240528,,Premium,Monthly,Active,9.99,0.0,189.81,
2538,3907,20231227,20251226,Fan,Monthly,Cancelled,5.99,1.2,114.96,Price
2539,3944,20230209,20250208,Family,Monthly,Cancelled,14.99,0.0,359.76,Low Usage
2540,3981,20240623,,Premium,Annual,Active,9.99,0.0,59.94,
2541,4018,20251107,,Fan,Monthly,Active,5.99,0.0,5.99,
2542,4055,20240604,20240704,Family,Monthly,Cancelled,14.99,0.0,14.99,Low Usage
2543,4092,20240206,,Premium,Monthly,Active,9.99,0.0,229.77,
2544,4129,20240621,20240721,Fan,Annual,Cancelled,5.99,0.0,5.99,Price
2545,4166,20230930,,Family,Monthly,Active,14.99,0.0,179.88,
2546,4203,20250301,20250331,Premium,Monthly,Cancelled,9.99,0.0,9.99,Low Usage
2547,4240,20241219,20250319,Fan,Monthly,Cancelled,5.99,1.2,14.37,Price
2548,4277,20240930,20250329,Family,Annual,Cancelled,14.99,0.0,89.94,Low Usage
2549,4314,20230103,20230202,Premium,Monthly,Cancelled,9.99,0.0,9.99,Low Usage
2550,4351,20231014,,Fan,Monthly,Active,5.99,0.0,17.97,
2551,4388,20240204,,Family,Monthly,Active,14.99,0.0,344.77,
2552,4425,20231231,20240628,Premium,Annual,Cancelled,9.99,0.0,59.94,Low Usage
2553,4462,20230101,20230401,Fan,Monthly,Cancelled,5.99,0.0,17.97,Price
2554,4499,20250114,,Family,Monthly,Active,14.99,0.0,164.89,
2555,4536,20250604,,Premium,Monthly,Active,9.99,0.0,9.99,
2556,4573,20241214,,Fan,Annual,Active,5.99,1.2,57.48,
2557,4610,20250725,,Family,Monthly,Active,14.99,0.0,74.95,
2558,4647,20241231,,Premium,Monthly,Active,9.99,0.0,119.88,
2559,4684,20240124,20240722,Fan,Monthly,Cancelled,5.99,0.0,35.94,Price
2560,4721,20250621,,Family,Annual,Active,14.99,0.0,44.97,
2561,4758,20240316,20240415,Premium,Monthly,Cancelled,9.99,0.0,9.99,Low Usage
2562,4795,20230724,20240120,Fan,Monthly,Cancelled,5.99,0.0,35.94,Price
2563,4832,20240323,,Family,Monthly,Active,14.99,0.0,314.79,
2564,4869,20250212,20250811,Premium,Annual,Cancelled,9.99,0.0,59.94,Low Usage
2565,4906,20241006,,Fan,Monthly,Active,5.99,1.2,71.85,
2566,4943,20230222,20230324,Family,Monthly,Cancelled,14.99,0.0,14.99,Low Usage
2567,4980,20240112,20240211,Premium,Monthly,Cancelled,9.99,0.0,9.99,Low Usage
2568,5017,20230329,20250328,Fan,Annual,Cancelled,5.99,0.0,143.76,Price
2569,5054,20240701,20241228,Family,Monthly,Cancelled,14.99,0.0,89.94,Low Usage
2570,5091,20241110,,Premium,Monthly,Active,9.99,0.0,129.87,
2571,5128,20250513,,Fan,Monthly,Active,5.99,0.0,41.93,
2572,5165,20251027,20251126,Family,Annual,Cancelled,14.99,0.0,14.99,Low Usage
2573,5202,20230402,20250401,Premium,Monthly,Cancelled,9.99,0.0,239.76,Low Usage
2574,5239,20250609,20251206,Fan,Monthly,Cancelled,5.99,1.2,28.74,Price
2575,5276,20250828,,Family,Monthly,Active,14.99,0.0,59.96,
2576,5313,20230113,20250112,Premium,Annual,Cancelled,9.99,0.0,239.76,Low Usage
2577,5350,20231018,20231117,Fan,Monthly,Cancelled,5.99,0.0,5.99,Price
2578,5387,20250519,,Family,Monthly,Active,14.99,0.0,104.93,
2579,5424,20250528,20250627,Premium,Monthly,Cancelled,9.99,0.0,9.99,Low Usage
2580,5461,20250325,,Fan,Annual,Active,5.99,0.0,5.99,
2581,5498,20240830,20241128,Family,Monthly,Cancelled,14.99,0.0,44.97,Low Usage
2582,5535,20230228,20230529,Premium,Monthly,Cancelled,9.99,0.0,29.97,Low Usage
2583,5572,20231115,20240213,Fan,Monthly,Cancelled,5.99,1.2,14.37,Price
2584,5609,20240606,,Family,Annual,Active,14.99,0.0,284.81,
2585,5646,20240202,,Premium,Monthly,Active,9.99,0.0,29.97,
2586,5683,20230617,20250616,Fan,Monthly,Cancelled,5.99,0.0,143.76,Price
2587,5720,20230505,20230803,Family,Monthly,Cancelled,14.99,0.0,44.97,Low Usage
2588,5757,20240124,,Premium,Annual,Active,9.99,0.0,229.77,
2589,5794,20250603,20250703,Fan,Monthly,Cancelled,5.99,0.0,5.99,Price
2590,5831,20251014,,Family,Monthly,Active,14.99,0.0,29.98,
2591,5868,20250908,,Premium,Monthly,Active,9.99,0.0,29.97,
2592,5905,20250310,20250906,Fan,Annual,Cancelled,5.99,1.2,28.74,Price
2593,5942,20231130,20251129,Family,Monthly,Cancelled,14.99,0.0,359.76,Low Usage
2594,5979,20240429,,Premium,Monthly,Active,9.99,0.0,199.8,
2595,16,20250415,,Fan,Monthly,Active,5.99,0.0,35.94,
2596,53,20240810,,Family,Annual,Active,14.99,0.0,239.84,
2597,90,20230611,20230711,Premium,Monthly,Cancelled,9.99,0.0,9.99,Low Usage
2598,127,20230712,20240108,Fan,Monthly,Cancelled,5.99,0.0,35.94,Price
2599,164,20231029,20240426,Family,Monthly,Cancelled,14.99,0.0,89.94,Low Usage
2600,201,20250703,,Premium,Annual,Active,9.99,0.0,59.94,
2601,238,20240904,20250303,Fan,Monthly,Cancelled,5.99,1.2,28.74,Price
2602,275,20230829,20231127,Family,Monthly,Cancelled,14.99,0.0,44.97,Low Usage
2603,312,20250422,20250522,Premium,Monthly,Cancelled,9.99,0.0,9.99,Low Usage
2604,349,20240823,20240922,Fan,Annual,Cancelled,5.99,0.0,5.99,Price
2605,386,20230707,,Family,Monthly,Active,14.99,0.0,14.99,
2606,423,20250605,20250705,Premium,Monthly,Cancelled,9.99,0.0,9.99,Low Usage
2607,460,20251023,,Fan,Monthly,Active,5.99,0.0,11.98,
2608,497,20231127,20231227,Family,Annual,Cancelled,14.99,0.0,14.99,Low Usage
2609,534,20230626,20250625,Premium,Monthly,Cancelled,9.99,0.0,239.76,Low Usage
2610,571,20230325,,Fan,Monthly,Active,5.99,1.2,28.74,
2611,608,20240703,,Family,Monthly,Active,14.99,0.0,269.82,
2612,645,20231111,20251110,Premium,Annual,Cancelled,9.99,0.0,239.76,Low Usage
2613,682,20240707,,Fan,Monthly,Active,5.99,0.0,107.82,
2614,719,20250419,,Family,Monthly,Active,14.99,0.0,119.92,
2615,756,20250622,,Premium,Monthly,Active,9.99,0.0,59.94,
2616,793,20230913,20231212,Fan,Annual,Cancelled,5.99,0.0,17.97,Price
2617,830,20241029,20241128,Family,Monthly,Cancelled,14.99,0.0,14.99,Low Usage
2618,867,20240816,20241114,Premium,Monthly,Cancelled,9.99,0.0,29.97,Low Usage
2619,904,20250609,20251206,Fan,Monthly,Cancelled,5.99,1.2,28.74,Price
2620,941,20250715,,Family,Annual,Active,14.99,0.0,14.99,
2621,978,20231012,20251011,Premium,Monthly,Cancelled,9.99,0.0,239.76,Low Usage
2622,1015,20240710,20250106,Fan,Monthly,Cancelled,5.99,0.0,35.94,Price
2623,1052,20230507,20231103,Family,Monthly,Cancelled,14.99,0.0,89.94,Low Usage
2624,1089,20230329,20230428,Premium,Annual,Cancelled,9.99,0.0,9.99,Low Usage
2625,1126,20250601,,Fan,Monthly,Active,5.99,0.0,41.93,
2626,1163,20230106,20230205,Family,Monthly,Cancelled,14.99,0.0,14.99,Low Usage
2627,1200,20250221,,Premium,Monthly,Active,9.99,0.0,99.9,
2628,1237,20231101,20240130,Fan,Annual,Cancelled,5.99,1.2,14.37,Price
2629,1274,20241011,,Family,Monthly,Active,14.99,0.0,209.86,
2630,1311,20240810,,Premium,Monthly,Active,9.99,0.0,9.99,
2631,1348,20230706,20240705,Fan,Monthly,Cancelled,5.99,0.0,71.88,Price
2632,1385,20240727,,Family,Annual,Active,14.99,0.0,254.83,
2633,1422,20251107,20251207,Premium,Monthly,Cancelled,9.99,0.0,9.99,Low Usage
2634,1459,20241231,20250331,Fan,Monthly,Cancelled,5.99,0.0,17.97,Price
2635,1496,20240325,,Family,Monthly,Active,14.99,0.0,179.88,
2636,1533,20240607,20240707,Premium,Annual,Cancelled,9.99,0.0,9.99,Low Usage
2637,1570,20250211,20250512,Fan,Monthly,Cancelled,5.99,1.2,14.37,Price
2638,1607,20240618,20240718,Family,Monthly,Cancelled,14.99,0.0,14.99,Low Usage
2639,1644,20230727,20230826,Premium,Monthly,Cancelled,9.99,0.0,9.99,Low Usage
2640,1681,20240428,,Fan,Annual,Active,5.99,0.0,71.88,
2641,1718,20240304,,Family,Monthly,Active,14.99,0.0,329.78,
2642,1755,20240116,20240215,Premium,Monthly,Cancelled,9.99,0.0,9.99,Low Usage
2643,1792,20241120,,Fan,Monthly,Active,5.99,0.0,77.87,
2644,1829,20231115,20240213,Family,Annual,Cancelled,14.99,0.0,44.97,Low Usage
2645,1866,20250711,,Premium,Monthly,Active,9.99,0.0,49.95,
2646,1903,20250411,20250511,Fan,Monthly,Cancelled,5.99,1.2,4.79,Price
2647,1940,20250403,20250702,Family,Monthly,Cancelled,14.99,0.0,44.97,Low Usage
2648,1977,20250417,,Premium,Annual,Active,9.99,0.0,79.92,
2649,2014,20241219,20250118,Fan,Monthly,Cancelled,5.99,0.0,5.99,Price
2650,2051,20230826,,Family,Monthly,Active,14.99,0.0,89.94,
2651,2088,20240727,20241025,Premium,Monthly,Cancelled,9.99,0.0,29.97,Low Usage
2652,2125,20230326,20230922,Fan,Annual,Cancelled,5.99,0.0,35.94,Price
2653,2162,20250508,,Family,Monthly,Active,14.99,0.0,104.93,
2654,2199,20230929,20240327,Premium,Monthly,Cancelled,9.99,0.0,59.94,Low Usage
2655,2236,20241103,,Fan,Monthly,Active,5.99,1.2,28.74,
2656,2273,20240101,20240131,Family,Annual,Cancelled,14.99,0.0,14.99,Low Usage
2657,2310,20250901,20251001,Premium,Monthly,Cancelled,9.99,0.0,9.99,Low Usage
2658,2347,20230802,20240801,Fan,Monthly,Cancelled,5.99,0.0,71.88,Price
2659,2384,20250306,20250902,Family,Monthly,Cancelled,14.99,0.0,89.94,Low Usage
2660,2421,20231119,,Premium,Annual,Active,9.99,0.0,119.88,
2661,2458,20250117,,Fan,Monthly,Active,5.99,0.0,65.89,
2662,2495,20241104,20250503,Family,Monthly,Cancelled,14.99,0.0,89.94,Low Usage
2663,2532,20250211,20250313,Premium,Monthly,Cancelled,9.99,0.0,9.99,Low Usage
2664,2569,20240305,20240404,Fan,Annual,Cancelled,5.99,1.2,4.79,Price
2665,2606,20250725,,Family,Monthly,Active,14.99,0.0,44.97,
2666,2643,20250816,,Premium,Monthly,Active,9.99,0.0,39.96,
2667,2680,20240130,20250129,Fan,Monthly,Cancelled,5.99,0.0,71.88,Price
2668,2717,20250206,,Family,Annual,Active,14.99,0.0,149.9,
2669,2754,20230806,20240202,Premium,Monthly,Cancelled,9.99,0.0,59.94,Low Usage
2670,2791,20240404,,Fan,Monthly,Active,5.99,0.0,17.97,
2671,2828,20240526,20240824,Family,Monthly,Cancelled,14.99,0.0,44.97,Low Usage
2672,2865,20230918,20240917,Premium,Annual,Cancelled,9.99,0.0,119.88,Low Usage
2673,2902,20231117,20240215,Fan,Monthly,Cancelled,5.99,1.2,14.37,Price
2674,2939,20240504,20250504,Family,Monthly,Cancelled,14.99,0.0,179.88,Low Usage
2675,2976,20230721,,Premium,Monthly,Active,9.99,0.0,9.99,
2676,3013,20230818,20240817,Fan,Annual,Cancelled,5.99,0.0,71.88,Price
2677,3050,20240820,20250820,Family,Monthly,Cancelled,14.99,0.0,179.88,Low Usage
2678,3087,20230617,20250616,Premium,Monthly,Cancelled,9.99,0.0,239.76,Low Usage
2679,3124,20250826,,Fan,Monthly,Active,5.99,0.0,23.96,
2680,3161,20230421,,Family,Annual,Active,14.99,0.0,179.88,
2681,3198,20250126,20250725,Premium,Monthly,Cancelled,9.99,0.0,59.94,Low Usage
2682,3235,20240218,20250217,Fan,Monthly,Cancelled,5.99,1.2,57.48,Price
2683,3272,20250607,,Family,Monthly,Active,14.99,0.0,89.94,
2684,3309,20240916,20241215,Premium,Annual,Cancelled,9.99,0.0,29.97,Low Usage
2685,3346,20250510,,Fan,Monthly,Active,5.99,0.0,17.97,
2686,3383,20230330,20230628,Family,Monthly,Cancelled,14.99,0.0,44.97,Low Usage
2687,3420,20250610,,Premium,Monthly,Active,9.99,0.0,59.94,
2688,3457,20250907,,Fan,Annual,Active,5.99,0.0,17.97,
2689,3494,20251029,,Family,Monthly,Active,14.99,0.0,29.98,
2690,3531,20250228,,Premium,Monthly,Active,9.99,0.0,29.97,
2691,3568,20250812,,Fan,Monthly,Active,5.99,1.2,19.16,
2692,3605,20230113,20230712,Family,Annual,Cancelled,14.99,0.0,89.94,Low Usage
2693,3642,20230120,20230219,Premium,Monthly,Cancelled,9.99,0.0,9.99,Low Usage
2694,3679,20240421,20241018,Fan,Monthly,Cancelled,5.99,0.0,35.94,Price
2695,3716,20230118,,Family,Monthly,Active,14.99,0.0,44.97,
2696,3753,20230726,20240122,Premium,Annual,Cancelled,9.99,0.0,59.94,Low Usage
2697,3790,20240329,20240627,Fan,Monthly,Cancelled,5.99,0.0,17.97,Price
2698,3827,20251105,,Family,Monthly,Active,14.99,0.0,14.99,
2699,3864,20241129,20250227,Premium,Monthly,Cancelled,9.99,0.0,29.97,Low Usage
2700,3901,20240505,,Fan,Annual,Active,5.99,1.2,28.74,
2701,3938,20250919,,Family,Monthly,Active,14.99,0.0,44.97,
2702,3975,20230213,20230812,Premium,Monthly,Cancelled,9.99,0.0,59.94,Low Usage
2703,4012,20231217,20240116,Fan,Monthly,Cancelled,5.99,0.0,5.99,Price
2704,4049,20250412,20251009,Family,Annual,Cancelled,14.99,0.0,89.94,Low Usage
2705,4086,20250813,,Premium,Monthly,Active,9.99,0.0,29.97,
2706,4123,20250521,20251117,Fan,Monthly,Cancelled,5.99,0.0,35.94,Price
2707,4160,20250120,20250719,Family,Monthly,Cancelled,14.99,0.0,89.94,Low Usage
2708,4197,20230926,20231225,Premium,Annual,Cancelled,9.99,0.0,29.97,Low Usage
2709,4234,20250424,20250524,Fan,Monthly,Cancelled,5.99,1.2,4.79,Price
2710,4271,20241225,,Family,Monthly,Active,14.99,0.0,89.94,
2711,4308,20241207,20250605,Premium,Monthly,Cancelled,9.99,0.0,59.94,Low Usage
2712,4345,20240708,20250708,Fan,Annual,Cancelled,5.99,0.0,71.88,Price
2713,4382,20230714,20240713,Family,Monthly,Cancelled,14.99,0.0,179.88,Low Usage
2714,4419,20240323,20240919,Premium,Monthly,Cancelled,9.99,0.0,59.94,Low Usage
2715,4456,20230311,,Fan,Monthly,Active,5.99,0.0,143.76,
2716,4493,20251116,,Family,Annual,Active,14.99,0.0,14.99,
2717,4530,20250901,,Premium,Monthly,Active,9.99,0.0,39.96,
2718,4567,20240124,20240423,Fan,Monthly,Cancelled,5.99,1.2,14.37,Price
2719,4604,20250405,,Family,Monthly,Active,14.99,0.0,134.91,
2720,4641,20241126,,Premium,Annual,Active,9.99,0.0,59.94,
2721,4678,20240609,20250609,Fan,Monthly,Cancelled,5.99,0.0,71.88,Price
2722,4715,20250106,20250205,Family,Monthly,Cancelled,14.99,0.0,14.99,Low Usage
2723,4752,20250829,20251127,Premium,Monthly,Cancelled,9.99,0.0,29.97,Low Usage
2724,4789,20240506,,Fan,Annual,Active,5.99,0.0,119.8,
2725,4826,20240909,,Family,Monthly,Active,14.99,0.0,179.88,
2726,4863,20240223,,Premium,Monthly,Active,9.99,0.0,219.78,
2727,4900,20230702,20231229,Fan,Monthly,Cancelled,5.99,1.2,28.74,Price
2728,4937,20240314,20250314,Family,Annual,Cancelled,14.99,0.0,179.88,Low Usage
2729,4974,20231128,20240226,Premium,Monthly,Cancelled,9.99,0.0,29.97,Low Usage
2730,5011,20250709,,Fan,Monthly,Active,5.99,0.0,29.95,
2731,5048,20240403,20250403,Family,Monthly,Cancelled,14.99,0.0,179.88,Low Usage
2732,5085,20250126,,Premium,Annual,Active,9.99,0.0,109.89,
2733,5122,20231001,20250930,Fan,Monthly,Cancelled,5.99,0.0,143.76,Price
2734,5159,20230416,20240415,Family,Monthly,Cancelled,14.99,0.0,179.88,Low Usage
2735,5196,20240829,,Premium,Monthly,Active,9.99,0.0,119.88,
2736,5233,20230216,20230517,Fan,Annual,Cancelled,5.99,1.2,14.37,Price
2737,5270,20230823,20250822,Family,Monthly,Cancelled,14.99,0.0,359.76,Low Usage
2738,5307,20230907,20240305,Premium,Monthly,Cancelled,9.99,0.0,59.94,Low Usage
2739,5344,20240224,20250223,Fan,Monthly,Cancelled,5.99,0.0,71.88,Price
2740,5381,20240928,,Family,Annual,Active,14.99,0.0,89.94,
2741,5418,20240531,20250531,Premium,Monthly,Cancelled,9.99,0.0,119.88,Low Usage
2742,5455,20230703,20231001,Fan,Monthly,Cancelled,5.99,0.0,17.97,Price
2743,5492,20250622,20250920,Family,Monthly,Cancelled,14.99,0.0,44.97,Low Usage
2744,5529,20230320,20230618,Premium,Annual,Cancelled,9.99,0.0,29.97,Low Usage
2745,5566,20251109,,Fan,Monthly,Active,5.99,1.2,4.79,
2746,5603,20240519,,Family,Monthly,Active,14.99,0.0,284.81,
2747,5640,20231120,20241119,Premium,Monthly,Cancelled,9.99,0.0,119.88,Low Usage
2748,5677,20240126,20240225,Fan,Annual,Cancelled,5.99,0.0,5.99,Price
2749,5714,20240901,20241130,Family,Monthly,Cancelled,14.99,0.0,44.97,Low Usage
2750,5751,20250523,,Premium,Monthly,Active,9.99,0.0,59.94,
2751,5788,20230901,20231130,Fan,Monthly,Cancelled,5.99,0.0,17.97,Price
2752,5825,20230217,20230816,Family,Annual,Cancelled,14.99,0.0,89.94,Low Usage
2753,5862,20240120,20250119,Premium,Monthly,Cancelled,9.99,0.0,119.88,Low Usage
2754,5899,20240909,20250308,Fan,Monthly,Cancelled,5.99,1.2,28.74,Price
2755,5936,20250604,,Family,Monthly,Active,14.99,0.0,14.99,
2756,5973,20241118,,Premium,Annual,Active,9.99,0.0,129.87,
2757,10,20250302,20250401,Fan,Monthly,Cancelled,5.99,0.0,5.99,Price
2758,47,20240224,20240822,Family,Monthly,Cancelled,14.99,0.0,89.94,Low Usage
2759,84,20250209,20250510,Premium,Monthly,Cancelled,9.99,0.0,29.97,Low Usage
2760,121,20230716,,Fan,Annual,Active,5.99,0.0,143.76,
2761,158,20230529,20230827,Family,Monthly,Cancelled,14.99,0.0,44.97,Low Usage
2762,195,20240415,20240714,Premium,Monthly,Cancelled,9.99,0.0,29.97,Low Usage
2763,232,20250619,20251216,Fan,Monthly,Cancelled,5.99,1.2,28.74,Price
2764,269,20250211,,Family,Annual,Active,14.99,0.0,149.9,
2765,306,20240217,,Premium,Monthly,Active,9.99,0.0,119.88,
2766,343,20251018,20251117,Fan,Monthly,Cancelled,5.99,0.0,5.99,Price
2767,380,20230814,20240210,Family,Monthly,Cancelled,14.99,0.0,89.94,Low Usage
2768,417,20250406,20250506,Premium,Annual,Cancelled,9.99,0.0,9.99,Low Usage
2769,454,20230223,20240223,Fan,Monthly,Cancelled,5.99,0.0,71.88,Price
2770,491,20241030,,Family,Monthly,Active,14.99,0.0,44.97,
2771,528,20250714,,Premium,Monthly,Active,9.99,0.0,49.95,
2772,565,20240602,20240702,Fan,Annual,Cancelled,5.99,1.2,4.79,Price
2773,602,20231202,20240101,Family,Monthly,Cancelled,14.99,0.0,14.99,Low Usage
2774,639,20231002,20231231,Premium,Monthly,Cancelled,9.99,0.0,29.97,Low Usage
2775,676,20240701,,Fan,Monthly,Active,5.99,0.0,5.99,
2776,713,20250417,20251014,Family,Annual,Cancelled,14.99,0.0,89.94,Low Usage
2777,750,20240408,20240508,Premium,Monthly,Cancelled,9.99,0.0,9.99,Low Usage
2778,787,20251013,20251112,Fan,Monthly,Cancelled,5.99,0.0,5.99,Price
2779,824,20240919,20250919,Family,Monthly,Cancelled,14.99,0.0,179.88,Low Usage
2780,861,20230516,,Premium,Annual,Active,9.99,0.0,119.88,
2781,898,20240917,20241017,Fan,Monthly,Cancelled,5.99,1.2,4.79,Price
2782,935,20231004,20251003,Family,Monthly,Cancelled,14.99,0.0,359.76,Low Usage
2783,972,20241102,20250131,Premium,Monthly,Cancelled,9.99,0.0,29.97,Low Usage
2784,1009,20251101,20251201,Fan,Annual,Cancelled,5.99,0.0,5.99,Price
2785,1046,20250412,,Family,Monthly,Active,14.99,0.0,119.92,
2786,1083,20251101,,Premium,Monthly,Active,9.99,0.0,19.98,
2787,1120,20250106,20250205,Fan,Monthly,Cancelled,5.99,0.0,5.99,Price
2788,1157,20250218,20250320,Family,Annual,Cancelled,14.99,0.0,14.99,Low Usage
2789,1194,20230715,20240111,Premium,Monthly,Cancelled,9.99,0.0,59.94,Low Usage
2790,1231,20240417,,Fan,Monthly,Active,5.99,1.2,28.74,
2791,1268,20240908,20241008,Family,Monthly,Cancelled,14.99,0.0,14.99,Low Usage
2792,1305,20250906,20251205,Premium,Annual,Cancelled,9.99,0.0,29.97,Low Usage
2793,1342,20230312,20230411,Fan,Monthly,Cancelled,5.99,0.0,5.99,Price
2794,1379,20231211,20251210,Family,Monthly,Cancelled,14.99,0.0,359.76,Low Usage
2795,1416,20230126,,Premium,Monthly,Active,9.99,0.0,59.94,
2796,1453,20230917,20231216,Fan,Annual,Cancelled,5.99,0.0,17.97,Price
2797,1490,20231226,20240125,Family,Monthly,Cancelled,14.99,0.0,14.99,Low Usage
2798,1527,20230311,20230907,Premium,Monthly,Cancelled,9.99,0.0,59.94,Low Usage
2799,1564,20251007,20251106,Fan,Monthly,Cancelled,5.99,1.2,4.79,Price
2800,1601,20250602,,Family,Annual,Active,14.99,0.0,44.97,
2801,1638,20240103,20240202,Premium,Monthly,Cancelled,9.99,0.0,9.99,Low Usage
2802,1675,20231009,20240107,Fan,Monthly,Cancelled,5.99,0.0,17.97,Price
2803,1712,20250417,20251014,Family,Monthly,Cancelled,14.99,0.0,89.94,Low Usage
2804,1749,20240525,20240823,Premium,Annual,Cancelled,9.99,0.0,29.97,Low Usage
2805,1786,20240930,,Fan,Monthly,Active,5.99,0.0,35.94,
2806,1823,20241101,20241201,Family,Monthly,Cancelled,14.99,0.0,14.99,Low Usage
2807,1860,20230304,20230602,Premium,Monthly,Cancelled,9.99,0.0,29.97,Low Usage
2808,1897,20240107,20240406,Fan,Annual,Cancelled,5.99,1.2,14.37,Price
2809,1934,20241008,20250106,Family,Monthly,Cancelled,14.99,0.0,44.97,Low Usage
2810,1971,20241006,,Premium,Monthly,Active,9.99,0.0,29.97,
2811,2008,20250609,20250709,Fan,Monthly,Cancelled,5.99,0.0,5.99,Price
2812,2045,20240209,20240310,Family,Annual,Cancelled,14.99,0.0,14.99,Low Usage
2813,2082,20241114,20250513,Premium,Monthly,Cancelled,9.99,0.0,59.94,Low Usage
2814,2119,20240614,20250614,Fan,Monthly,Cancelled,5.99,0.0,71.88,Price
2815,2156,20250302,,Family,Monthly,Active,14.99,0.0,149.9,
2816,2193,20240416,20250416,Premium,Annual,Cancelled,9.99,0.0,119.88,Low Usage
2817,2230,20240911,20250911,Fan,Monthly,Cancelled,5.99,1.2,57.48,Price
2818,2267,20250909,,Family,Monthly,Active,14.99,0.0,44.97,
2819,2304,20230227,20250226,Premium,Monthly,Cancelled,9.99,0.0,239.76,Low Usage
2820,2341,20240302,,Fan,Annual,Active,5.99,0.0,17.97,
2821,2378,20250217,,Family,Monthly,Active,14.99,0.0,149.9,
2822,2415,20240809,,Premium,Monthly,Active,9.99,0.0,169.83,
2823,2452,20240402,20250402,Fan,Monthly,Cancelled,5.99,0.0,71.88,Price
2824,2489,20241002,20251002,Family,Annual,Cancelled,14.99,0.0,179.88,Low Usage
2825,2526,20231108,,Premium,Monthly,Active,9.99,0.0,119.88,
2826,2563,20250828,,Fan,Monthly,Active,5.99,1.2,19.16,
2827,2600,20240331,,Family,Monthly,Active,14.99,0.0,314.79,
2828,2637,20230508,20231104,Premium,Annual,Cancelled,9.99,0.0,59.94,Low Usage
2829,2674,20231127,20240525,Fan,Monthly,Cancelled,5.99,0.0,35.94,Price
2830,2711,20240719,,Family,Monthly,Active,14.99,0.0,44.97,
2831,2748,20251031,,Premium,Monthly,Active,9.99,0.0,19.98,
2832,2785,20230710,20240709,Fan,Annual,Cancelled,5.99,0.0,71.88,Price
2833,2822,20251110,20251210,Family,Monthly,Cancelled,14.99,0.0,14.99,Low Usage
2834,2859,20250720,20251018,Premium,Monthly,Cancelled,9.99,0.0,29.97,Low Usage
2835,2896,20230216,,Fan,Monthly,Active,5.99,1.2,57.48,
2836,2933,20230218,20230320,Family,Annual,Cancelled,14.99,0.0,14.99,Low Usage
2837,2970,20230211,20230512,Premium,Monthly,Cancelled,9.99,0.0,29.97,Low Usage
2838,3007,20250625,20250725,Fan,Monthly,Cancelled,5.99,0.0,5.99,Price
2839,3044,20230429,20231026,Family,Monthly,Cancelled,14.99,0.0,89.94,Low Usage
2840,3081,20240814,,Premium,Annual,Active,9.99,0.0,59.94,
2841,3118,20241221,20251221,Fan,Monthly,Cancelled,5.99,0.0,71.88,Price
2842,3155,20240806,20250806,Family,Monthly,Cancelled,14.99,0.0,179.88,Low Usage
2843,3192,20240731,20250127,Premium,Monthly,Cancelled,9.99,0.0,59.94,Low Usage
2844,3229,20240918,20241217,Fan,Annual,Cancelled,5.99,1.2,14.37,Price
2845,3266,20230610,,Family,Monthly,Active,14.99,0.0,14.99,
2846,3303,20250120,,Premium,Monthly,Active,9.99,0.0,109.89,
2847,3340,20240614,20240714,Fan,Monthly,Cancelled,5.99,0.0,5.99,Price
2848,3377,20240206,20240804,Family,Annual,Cancelled,14.99,0.0,89.94,Low Usage
2849,3414,20250707,20250806,Premium,Monthly,Cancelled,9.99,0.0,9.99,Low Usage
2850,3451,20250613,,Fan,Monthly,Active,5.99,0.0,35.94,
2851,3488,20240308,20240904,Family,Monthly,Cancelled,14.99,0.0,89.94,Low Usage
2852,3525,20240318,20240417,Premium,Annual,Cancelled,9.99,0.0,9.99,Low Usage
2853,3562,20250314,20250910,Fan,Monthly,Cancelled,5.99,1.2,28.74,Price
2854,3599,20240818,,Family,Monthly,Active,14.99,0.0,239.84,
2855,3636,20251107,,Premium,Monthly,Active,9.99,0.0,9.99,
2856,3673,20240830,20250226,Fan,Annual,Cancelled,5.99,0.0,35.94,Price
2857,3710,20240513,20241109,Family,Monthly,Cancelled,14.99,0.0,89.94,Low Usage
2858,3747,20240712,20250712,Premium,Monthly,Cancelled,9.99,0.0,119.88,Low Usage
2859,3784,20230731,20230830,Fan,Monthly,Cancelled,5.99,0.0,5.99,Price
2860,3821,20231025,,Family,Annual,Active,14.99,0.0,179.88,
2861,3858,20250908,20251008,Premium,Monthly,Cancelled,9.99,0.0,9.99,Low Usage
2862,3895,20250318,,Fan,Monthly,Active,5.99,1.2,43.11,
2863,3932,20230623,20240622,Family,Monthly,Cancelled,14.99,0.0,179.88,Low Usage
2864,3969,20250930,,Premium,Annual,Active,9.99,0.0,29.97,
2865,4006,20241004,,Fan,Monthly,Active,5.99,0.0,71.88,
2866,4043,20240302,20240531,Family,Monthly,Cancelled,14.99,0.0,44.97,Low Usage
2867,4080,20240911,20250911,Premium,Monthly,Cancelled,9.99,0.0,119.88,Low Usage
2868,4117,20230512,20231108,Fan,Annual,Cancelled,5.99,0.0,35.94,Price
2869,4154,20240419,,Family,Monthly,Active,14.99,0.0,299.8,
2870,4191,20230512,,Premium,Monthly,Active,9.99,0.0,239.76,
2871,4228,20241021,,Fan,Monthly,Active,5.99,1.2,67.06,
2872,4265,20240323,20250323,Family,Annual,Cancelled,14.99,0.0,179.88,Low Usage
2873,4302,20230209,20230510,Premium,Monthly,Cancelled,9.99,0.0,29.97,Low Usage
2874,4339,20240910,20241010,Fan,Monthly,Cancelled,5.99,0.0,5.99,Price
2875,4376,20251104,,Family,Monthly,Active,14.99,0.0,14.99,
2876,4413,20250120,,Premium,Annual,Active,9.99,0.0,109.89,
2877,4450,20251109,,Fan,Monthly,Active,5.99,0.0,5.99,
2878,4487,20251011,,Family,Monthly,Active,14.99,0.0,29.98,
2879,4524,20250405,20250505,Premium,Monthly,Cancelled,9.99,0.0,9.99,Low Usage
2880,4561,20230824,,Fan,Annual,Active,5.99,1.2,14.37,
2881,4598,20250717,,Family,Monthly,Active,14.99,0.0,74.95,
2882,4635,20230601,20240531,Premium,Monthly,Cancelled,9.99,0.0,119.88,Low Usage
2883,4672,20251010,,Fan,Monthly,Active,5.99,0.0,11.98,
2884,4709,20230729,20240728,Family,Annual,Cancelled,14.99,0.0,179.88,Low Usage
2885,4746,20240812,,Premium,Monthly,Active,9.99,0.0,119.88,
2886,4783,20250529,20251125,Fan,Monthly,Cancelled,5.99,0.0,35.94,Price
2887,4820,20230810,20231108,Family,Monthly,Cancelled,14.99,0.0,44.97,Low Usage
2888,4857,20250925,20251025,Premium,Annual,Cancelled,9.99,0.0,9.99,Low Usage
2889,4894,20231101,20240429,Fan,Monthly,Cancelled,5.99,1.2,28.74,Price
2890,4931,20230906,,Family,Monthly,Active,14.99,0.0,359.76,
2891,4968,20250416,,Premium,Monthly,Active,9.99,0.0,79.92,
2892,5005,20240728,20250728,Fan,Annual,Cancelled,5.99,0.0,71.88,Price
2893,5042,20250122,20250721,Family,Monthly,Cancelled,14.99,0.0,89.94,Low Usage
2894,5079,20240124,20240722,Premium,Monthly,Cancelled,9.99,0.0,59.94,Low Usage
2895,5116,20240803,,Fan,Monthly,Active,5.99,0.0,35.94,
2896,5153,20240929,20250929,Family,Annual,Cancelled,14.99,0.0,179.88,Low Usage
2897,5190,20241002,20250331,Premium,Monthly,Cancelled,9.99,0.0,59.94,Low Usage
2898,5227,20241129,20251129,Fan,Monthly,Cancelled,5.99,1.2,57.48,Price
2899,5264,20250918,,Family,Monthly,Active,14.99,0.0,44.97,
2900,5301,20240211,,Premium,Annual,Active,9.99,0.0,29.97,
2901,5338,20230803,20230902,Fan,Monthly,Cancelled,5.99,0.0,5.99,Price
2902,5375,20240930,,Family,Monthly,Active,14.99,0.0,224.85,
2903,5412,20230121,20230220,Premium,Monthly,Cancelled,9.99,0.0,9.99,Low Usage
2904,5449,20250303,20250402,Fan,Annual,Cancelled,5.99,0.0,5.99,Price
2905,5486,20240101,,Family,Monthly,Active,14.99,0.0,89.94,
2906,5523,20240907,20241206,Premium,Monthly,Cancelled,9.99,0.0,29.97,Low Usage
2907,5560,20230320,20230419,Fan,Monthly,Cancelled,5.99,1.2,4.79,Price
2908,5597,20250408,20251005,Family,Annual,Cancelled,14.99,0.0,89.94,Low Usage
2909,5634,20230105,20230704,Premium,Monthly,Cancelled,9.99,0.0,59.94,Low Usage
2910,5671,20231213,,Fan,Monthly,Active,5.99,0.0,143.76,
2911,5708,20230810,20240809,Family,Monthly,Cancelled,14.99,0.0,179.88,Low Usage
2912,5745,20250728,20250827,Premium,Annual,Cancelled,9.99,0.0,9.99,Low Usage
2913,5782,20241022,20250120,Fan,Monthly,Cancelled,5.99,0.0,17.97,Price
2914,5819,20250329,20250627,Family,Monthly,Cancelled,14.99,0.0,44.97,Low Usage
2915,5856,20240116,,Premium,Monthly,Active,9.99,0.0,9.99,
2916,5893,20250122,20250721,Fan,Annual,Cancelled,5.99,1.2,28.74,Price
2917,5930,20250812,,Family,Monthly,Active,14.99,0.0,59.96,
2918,5967,20240121,20240719,Premium,Monthly,Cancelled,9.99,0.0,59.94,Low Usage
2919,4,20230906,20231006,Fan,Monthly,Cancelled,5.99,0.0,5.99,Price
2920,41,20250503,,Family,Annual,Active,14.99,0.0,119.92,
2921,78,20250428,,Premium,Monthly,Active,9.99,0.0,79.92,
2922,115,20250304,,Fan,Monthly,Active,5.99,0.0,59.9,
2923,152,20230216,20230815,Family,Monthly,Cancelled,14.99,0.0,89.94,Low Usage
2924,189,20250123,20250423,Premium,Annual,Cancelled,9.99,0.0,29.97,Low Usage
2925,226,20241115,,Fan,Monthly,Active,5.99,1.2,62.27,
2926,263,20250521,20251117,Family,Monthly,Cancelled,14.99,0.0,89.94,Low Usage
2927,300,20240816,20240915,Premium,Monthly,Cancelled,9.99,0.0,9.99,Low Usage
2928,337,20231117,20241116,Fan,Annual,Cancelled,5.99,0.0,71.88,Price
2929,374,20241026,20250124,Family,Monthly,Cancelled,14.99,0.0,44.97,Low Usage
2930,411,20240724,,Premium,Monthly,Active,9.99,0.0,29.97,
2931,448,20240323,20240422,Fan,Monthly,Cancelled,5.99,0.0,5.99,Price
2932,485,20230627,20230727,Family,Annual,Cancelled,14.99,0.0,14.99,Low Usage
2933,522,20230522,20230820,Premium,Monthly,Cancelled,9.99,0.0,29.97,Low Usage
2934,559,20230516,20230615,Fan,Monthly,Cancelled,5.99,1.2,4.79,Price
2935,596,20250129,,Family,Monthly,Active,14.99,0.0,164.89,
2936,633,20241215,20250613,Premium,Annual,Cancelled,9.99,0.0,59.94,Low Usage
2937,670,20230830,20231128,Fan,Monthly,Cancelled,5.99,0.0,17.97,Price
2938,707,20231219,20241218,Family,Monthly,Cancelled,14.99,0.0,179.88,Low Usage
2939,744,20250306,20250405,Premium,Monthly,Cancelled,9.99,0.0,9.99,Low Usage
2940,781,20230809,,Fan,Annual,Active,5.99,0.0,5.99,
2941,818,20240418,20241015,Family,Monthly,Cancelled,14.99,0.0,89.94,Low Usage
2942,855,20241222,,Premium,Monthly,Active,9.99,0.0,119.88,
2943,892,20230919,20231019,Fan,Monthly,Cancelled,5.99,1.2,4.79,Price
2944,929,20230507,20230805,Family,Annual,Cancelled,14.99,0.0,44.97,Low Usage
2945,966,20230822,,Premium,Monthly,Active,9.99,0.0,119.88,
2946,1003,20230406,20250405,Fan,Monthly,Cancelled,5.99,0.0,143.76,Price
2947,1040,20230520,20230818,Family,Monthly,Cancelled,14.99,0.0,44.97,Low Usage
2948,1077,20240225,20240823,Premium,Annual,Cancelled,9.99,0.0,59.94,Low Usage
2949,1114,20241229,,Fan,Monthly,Active,5.99,0.0,71.88,
2950,1151,20240826,,Family,Monthly,Active,14.99,0.0,179.88,
2951,1188,20250328,20250626,Premium,Monthly,Cancelled,9.99,0.0,29.97,Low Usage
2952,1225,20230109,20230208,Fan,Annual,Cancelled,5.99,1.2,4.79,Price
2953,1262,20250730,,Family,Monthly,Active,14.99,0.0,74.95,
2954,1299,20240510,20241106,Premium,Monthly,Cancelled,9.99,0.0,59.94,Low Usage
2955,1336,20250919,,Fan,Monthly,Active,5.99,0.0,5.99,
2956,1373,20250813,20251111,Family,Annual,Cancelled,14.99,0.0,44.97,Low Usage
2957,1410,20250820,,Premium,Monthly,Active,9.99,0.0,39.96,
2958,1447,20250412,20251009,Fan,Monthly,Cancelled,5.99,0.0,35.94,Price
2959,1484,20241018,20241117,Family,Monthly,Cancelled,14.99,0.0,14.99,Low Usage
2960,1521,20240928,,Premium,Annual,Active,9.99,0.0,29.97,
2961,1558,20240629,20240927,Fan,Monthly,Cancelled,5.99,1.2,14.37,Price
2962,1595,20230329,20230627,Family,Monthly,Cancelled,14.99,0.0,44.97,Low Usage
2963,1632,20250104,,Premium,Monthly,Active,9.99,0.0,119.88,
2964,1669,20230905,20231204,Fan,Annual,Cancelled,5.99,0.0,17.97,Price
2965,1706,20241123,,Family,Monthly,Active,14.99,0.0,14.99,
2966,1743,20230213,20230514,Premium,Monthly,Cancelled,9.99,0.0,29.97,Low Usage
2967,1780,20240806,20250202,Fan,Monthly,Cancelled,5.99,0.0,35.94,Price
2968,1817,20240611,20241208,Family,Annual,Cancelled,14.99,0.0,89.94,Low Usage
2969,1854,20230314,20250313,Premium,Monthly,Cancelled,9.99,0.0,239.76,Low Usage
2970,1891,20230802,,Fan,Monthly,Active,5.99,1.2,57.48,
2971,1928,20230913,20240311,Family,Monthly,Cancelled,14.99,0.0,89.94,Low Usage
2972,1965,20250523,20251119,Premium,Annual,Cancelled,9.99,0.0,59.94,Low Usage
2973,2002,20250916,,Fan,Monthly,Active,5.99,0.0,17.97,
2974,2039,20251022,20251121,Family,Monthly,Cancelled,14.99,0.0,14.99,Low Usage
2975,2076,20250215,,Premium,Monthly,Active,9.99,0.0,9.99,
2976,2113,20240911,,Fan,Annual,Active,5.99,0.0,89.85,
2977,2150,20250716,,Family,Monthly,Active,14.99,0.0,74.95,
2978,2187,20230424,20230723,Premium,Monthly,Cancelled,9.99,0.0,29.97,Low Usage
2979,2224,20231222,20240619,Fan,Monthly,Cancelled,5.99,1.2,28.74,Price
2980,2261,20230406,,Family,Annual,Active,14.99,0.0,89.94,
2981,2298,20230220,20230521,Premium,Monthly,Cancelled,9.99,0.0,29.97,Low Usage
2982,2335,20241026,,Fan,Monthly,Active,5.99,0.0,83.86,
2983,2372,20230416,20250415,Family,Monthly,Cancelled,14.99,0.0,359.76,Low Usage
2984,2409,20240422,20240522,Premium,Annual,Cancelled,9.99,0.0,9.99,Low Usage
2985,2446,20231202,,Fan,Monthly,Active,5.99,0.0,143.76,
2986,2483,20240801,20250801,Family,Monthly,Cancelled,14.99,0.0,179.88,Low Usage
2987,2520,20230323,20250322,Premium,Monthly,Cancelled,9.99,0.0,239.76,Low Usage
2988,2557,20251025,,Fan,Annual,Active,5.99,1.2,9.58,
2989,2594,20230227,20250226,Family,Monthly,Cancelled,14.99,0.0,359.76,Low Usage
2990,2631,20240306,,Premium,Monthly,Active,9.99,0.0,59.94,
2991,2668,20241218,20250318,Fan,Monthly,Cancelled,5.99,0.0,17.97,Price
2992,2705,20250809,,Family,Annual,Active,14.99,0.0,59.96,
2993,2742,20241211,20250609,Premium,Monthly,Cancelled,9.99,0.0,59.94,Low Usage
2994,2779,20231127,20241126,Fan,Monthly,Cancelled,5.99,0.0,71.88,Price
2995,2816,20250505,,Family,Monthly,Active,14.99,0.0,44.97,
2996,2853,20230831,20240227,Premium,Annual,Cancelled,9.99,0.0,59.94,Low Usage
2997,2890,20241110,,Fan,Monthly,Active,5.99,1.2,62.27,
2998,2927,20241109,20251109,Family,Monthly,Cancelled,14.99,0.0,179.88,Low Usage
2999,2964,20241115,20250213,Premium,Monthly,Cancelled,9.99,0.0,29.97,Low Usage
3000,3001,20250202,,Fan,Annual,Active,5.99,0.0,5.99,
3001,3038,20241111,20250510,Family,Monthly,Cancelled,14.99,0.0,89.94,Low Usage
3002,3075,20231007,20240404,Premium,Monthly,Cancelled,9.99,0.0,59.94,Low Usage
3003,3112,20230701,20250630,Fan,Monthly,Cancelled,5.99,0.0,143.76,Price
3004,3149,20240718,20241016,Family,Annual,Cancelled,14.99,0.0,44.97,Low Usage
3005,3186,20241226,,Premium,Monthly,Active,9.99,0.0,9.99,
3006,3223,20230704,20250703,Fan,Monthly,Cancelled,5.99,1.2,114.96,Price
3007,3260,20250616,20250716,Family,Monthly,Cancelled,14.99,0.0,14.99,Low Usage
3008,3297,20240309,20240905,Premium,Annual,Cancelled,9.99,0.0,59.94,Low Usage
3009,3334,20240812,20250812,Fan,Monthly,Cancelled,5.99,0.0,71.88,Price
3010,3371,20241013,,Family,Monthly,Active,14.99,0.0,89.94,
3011,3408,20251022,,Premium,Monthly,Active,9.99,0.0,19.98,
3012,3445,20250803,,Fan,Annual,Active,5.99,0.0,29.95,
3013,3482,20230423,20240422,Family,Monthly,Cancelled,14.99,0.0,179.88,Low Usage
3014,3519,20230109,20250108,Premium,Monthly,Cancelled,9.99,0.0,239.76,Low Usage
3015,3556,20250415,,Fan,Monthly,Active,5.99,1.2,38.32,
3016,3593,20250726,20250825,Family,Annual,Cancelled,14.99,0.0,14.99,Low Usage
3017,3630,20251005,,Premium,Monthly,Active,9.99,0.0,19.98,
3018,3667,20251025,,Fan,Monthly,Active,5.99,0.0,11.98,
3019,3704,20230824,20250823,Family,Monthly,Cancelled,14.99,0.0,359.76,Low Usage
3020,3741,20241208,,Premium,Annual,Active,9.99,0.0,59.94,
3021,3778,20241010,,Fan,Monthly,Active,5.99,0.0,83.86,
3022,3815,20230320,20230419,Family,Monthly,Cancelled,14.99,0.0,14.99,Low Usage
3023,3852,20240204,20240802,Premium,Monthly,Cancelled,9.99,0.0,59.94,Low Usage
3024,3889,20250517,,Fan,Annual,Active,5.99,1.2,33.53,
3025,3926,20230521,,Family,Monthly,Active,14.99,0.0,359.76,
3026,3963,20241228,20250328,Premium,Monthly,Cancelled,9.99,0.0,29.97,Low Usage
3027,4000,20251018,,Fan,Monthly,Active,5.99,0.0,11.98,
3028,4037,20230908,20231008,Family,Annual,Cancelled,14.99,0.0,14.99,Low Usage
3029,4074,20230401,20240331,Premium,Monthly,Cancelled,9.99,0.0,119.88,Low Usage
3030,4111,20230715,,Fan,Monthly,Active,5.99,0.0,143.76,
3031,4148,20250119,20250218,Family,Monthly,Cancelled,14.99,0.0,14.99,Low Usage
3032,4185,20250628,,Premium,Annual,Active,9.99,0.0,59.94,
3033,4222,20241230,,Fan,Monthly,Active,5.99,1.2,57.48,
3034,4259,20240910,20250910,Family,Monthly,Cancelled,14.99,0.0,179.88,Low Usage
3035,4296,20240605,,Premium,Monthly,Active,9.99,0.0,189.81,
3036,4333,20230228,20230529,Fan,Annual,Cancelled,5.99,0.0,17.97,Price
3037,4370,20230328,20230626,Family,Monthly,Cancelled,14.99,0.0,44.97,Low Usage
3038,4407,20241015,20251015,Premium,Monthly,Cancelled,9.99,0.0,119.88,Low Usage
3039,4444,20230731,20231029,Fan,Monthly,Cancelled,5.99,0.0,17.97,Price
3040,4481,20230321,,Family,Annual,Active,14.99,0.0,14.99,
3041,4518,20240918,20241018,Premium,Monthly,Cancelled,9.99,0.0,9.99,Low Usage
3042,4555,20230913,20240311,Fan,Monthly,Cancelled,5.99,1.2,28.74,Price
3043,4592,20230802,20230901,Family,Monthly,Cancelled,14.99,0.0,14.99,Low Usage
3044,4629,20231216,20240115,Premium,Annual,Cancelled,9.99,0.0,9.99,Low Usage
3045,4666,20240602,,Fan,Monthly,Active,5.99,0.0,17.97,
3046,4703,20240224,20240524,Family,Monthly,Cancelled,14.99,0.0,44.97,Low Usage
3047,4740,20240223,20240324,Premium,Monthly,Cancelled,9.99,0.0,9.99,Low Usage
3048,4777,20250823,,Fan,Annual,Active,5.99,0.0,23.96,
3049,4814,20231112,20231212,Family,Monthly,Cancelled,14.99,0.0,14.99,Low Usage
3050,4851,20250405,,Premium,Monthly,Active,9.99,0.0,59.94,
3051,4888,20240320,,Fan,Monthly,Active,5.99,1.2,100.59,
3052,4925,20240729,,Family,Annual,Active,14.99,0.0,254.83,
3053,4962,20240817,20241115,Premium,Monthly,Cancelled,9.99,0.0,29.97,Low Usage
3054,4999,20231024,20241023,Fan,Monthly,Cancelled,5.99,0.0,71.88,Price
3055,5036,20241213,,Family,Monthly,Active,14.99,0.0,44.97,
3056,5073,20250521,20250620,Premium,Annual,Cancelled,9.99,0.0,9.99,Low Usage
3057,5110,20230215,20250214,Fan,Monthly,Cancelled,5.99,0.0,143.76,Price
3058,5147,20240202,20240502,Family,Monthly,Cancelled,14.99,0.0,44.97,Low Usage
3059,5184,20240922,20241221,Premium,Monthly,Cancelled,9.99,0.0,29.97,Low Usage
3060,5221,20230523,,Fan,Annual,Active,5.99,1.2,14.37,
3061,5258,20240930,20250930,Family,Monthly,Cancelled,14.99,0.0,179.88,Low Usage
3062,5295,20230706,20230805,Premium,Monthly,Cancelled,9.99,0.0,9.99,Low Usage
3063,5332,20250818,,Fan,Monthly,Active,5.99,0.0,23.96,
3064,5369,20240307,20240605,Family,Annual,Cancelled,14.99,0.0,44.97,Low Usage
3065,5406,20230804,,Premium,Monthly,Active,9.99,0.0,59.94,
3066,5443,20230820,20250819,Fan,Monthly,Cancelled,5.99,0.0,143.76,Price
3067,5480,20250223,20250325,Family,Monthly,Cancelled,14.99,0.0,14.99,Low Usage
3068,5517,20240626,20240726,Premium,Annual,Cancelled,9.99,0.0,9.99,Low Usage
3069,5554,20230205,20230307,Fan,Monthly,Cancelled,5.99,1.2,4.79,Price
3070,5591,20250507,,Family,Monthly,Active,14.99,0.0,104.93,
3071,5628,20250513,,Premium,Monthly,Active,9.99,0.0,69.93,
3072,5665,20230903,20240902,Fan,Annual,Cancelled,5.99,0.0,71.88,Price
3073,5702,20250523,20250821,Family,Monthly,Cancelled,14.99,0.0,44.97,Low Usage
3074,5739,20230820,20250819,Premium,Monthly,Cancelled,9.99,0.0,239.76,Low Usage
3075,5776,20250412,,Fan,Monthly,Active,5.99,0.0,47.92,
3076,5813,20240916,20250916,Family,Annual,Cancelled,14.99,0.0,179.88,Low Usage
3077,5850,20230910,20231209,Premium,Monthly,Cancelled,9.99,0.0,29.97,Low Usage
3078,5887,20250906,,Fan,Monthly,Active,5.99,1.2,14.37,
3079,5924,20240805,20240904,Family,Monthly,Cancelled,14.99,0.0,14.99,Low Usage
3080,5961,20250821,,Premium,Annual,Active,9.99,0.0,9.99,
3081,5998,20250827,,Fan,Monthly,Active,5.99,0.0,23.96,
3082,35,20231001,20231031,Family,Monthly,Cancelled,14.99,0.0,14.99,Low Usage
3083,72,20250811,,Premium,Monthly,Active,9.99,0.0,39.96,
3084,109,20240422,20240522,Fan,Annual,Cancelled,5.99,0.0,5.99,Price
3085,146,20250210,,Family,Monthly,Active,14.99,0.0,149.9,
3086,183,20250917,20251017,Premium,Monthly,Cancelled,9.99,0.0,9.99,Low Usage
3087,220,20241031,20250129,Fan,Monthly,Cancelled,5.99,1.2,14.37,Price
3088,257,20250623,,Family,Annual,Active,14.99,0.0,89.94,
3089,294,20240222,20240323,Premium,Monthly,Cancelled,9.99,0.0,9.99,Low Usage
3090,331,20240730,,Fan,Monthly,Active,5.99,0.0,5.99,
3091,368,20230330,20230429,Family,Monthly,Cancelled,14.99,0.0,14.99,Low Usage
3092,405,20230421,20250420,Premium,Annual,Cancelled,9.99,0.0,239.76,Low Usage
3093,442,20241118,,Fan,Monthly,Active,5.99,0.0,77.87,
3094,479,20250426,20251023,Family,Monthly,Cancelled,14.99,0.0,89.94,Low Usage
3095,516,20231117,,Premium,Monthly,Active,9.99,0.0,119.88,
3096,553,20231003,20251002,Fan,Annual,Cancelled,5.99,1.2,114.96,Price
3097,590,20240930,20241030,Family,Monthly,Cancelled,14.99,0.0,14.99,Low Usage
3098,627,20230109,20250108,Premium,Monthly,Cancelled,9.99,0.0,239.76,Low Usage
3099,664,20230511,20231107,Fan,Monthly,Cancelled,5.99,0.0,35.94,Price
3100,701,20230215,,Family,Annual,Active,14.99,0.0,44.97,
3101,738,20250830,20250929,Premium,Monthly,Cancelled,9.99,0.0,9.99,Low Usage
3102,775,20240820,20250216,Fan,Monthly,Cancelled,5.99,0.0,35.94,Price
3103,812,20231018,20231117,Family,Monthly,Cancelled,14.99,0.0,14.99,Low Usage
3104,849,20241012,20250410,Premium,Annual,Cancelled,9.99,0.0,59.94,Low Usage
3105,886,20240830,,Fan,Monthly,Active,5.99,1.2,76.64,
3106,923,20240212,20250211,Family,Monthly,Cancelled,14.99,0.0,179.88,Low Usage
3107,960,20231217,20240316,Premium,Monthly,Cancelled,9.99,0.0,29.97,Low Usage
3108,997,20250526,20250625,Fan,Annual,Cancelled,5.99,0.0,5.99,Price
3109,1034,20230102,20230201,Family,Monthly,Cancelled,14.99,0.0,14.99,Low Usage
3110,1071,20241008,,Premium,Monthly,Active,9.99,0.0,119.88,
3111,1108,20240915,20241015,Fan,Monthly,Cancelled,5.99,0.0,5.99,Price
3112,1145,20230901,20250831,Family,Annual,Cancelled,14.99,0.0,359.76,Low Usage
3113,1182,20250403,,Premium,Monthly,Active,9.99,0.0,89.91,
3114,1219,20250216,20250815,Fan,Monthly,Cancelled,5.99,1.2,28.74,Price
3115,1256,20240714,,Family,Monthly,Active,14.99,0.0,254.83,
3116,1293,20230708,20250707,Premium,Annual,Cancelled,9.99,0.0,239.76,Low Usage
3117,1330,20241119,20250217,Fan,Monthly,Cancelled,5.99,0.0,17.97,Price
3118,1367,20230806,20250805,Family,Monthly,Cancelled,14.99,0.0,359.76,Low Usage
3119,1404,20230415,20231012,Premium,Monthly,Cancelled,9.99,0.0,59.94,Low Usage
3120,1441,20250403,,Fan,Annual,Active,5.99,0.0,53.91,
3121,1478,20240221,20240819,Family,Monthly,Cancelled,14.99,0.0,89.94,Low Usage
3122,1515,20231209,20240308,Premium,Monthly,Cancelled,9.99,0.0,29.97,Low Usage
3123,1552,20250906,20251006,Fan,Monthly,Cancelled,5.99,1.2,4.79,Price
3124,1589,20250828,20250927,Family,Annual,Cancelled,14.99,0.0,14.99,Low Usage
3125,1626,20240504,,Premium,Monthly,Active,9.99,0.0,29.97,
3126,1663,20241217,20250317,Fan,Monthly,Cancelled,5.99,0.0,17.97,Price
3127,1700,20241108,,Family,Monthly,Active,14.99,0.0,194.87,
3128,1737,20250213,20250514,Premium,Annual,Cancelled,9.99,0.0,29.97,Low Usage
3129,1774,20230326,20240325,Fan,Monthly,Cancelled,5.99,0.0,71.88,Price
3130,1811,20240708,,Family,Monthly,Active,14.99,0.0,44.97,
3131,1848,20240823,20241121,Premium,Monthly,Cancelled,9.99,0.0,29.97,Low Usage
3132,1885,20241029,,Fan,Annual,Active,5.99,1.2,67.06,
3133,1922,20230518,20250517,Family,Monthly,Cancelled,14.99,0.0,359.76,Low Usage
3134,1959,20240221,,Premium,Monthly,Active,9.99,0.0,219.78,
3135,1996,20230311,,Fan,Monthly,Active,5.99,0.0,5.99,
3136,2033,20250905,20251204,Family,Annual,Cancelled,14.99,0.0,44.97,Low Usage
3137,2070,20230923,20250922,Premium,Monthly,Cancelled,9.99,0.0,239.76,Low Usage
3138,2107,20250110,20250209,Fan,Monthly,Cancelled,5.99,0.0,5.99,Price
3139,2144,20240615,20241212,Family,Monthly,Cancelled,14.99,0.0,89.94,Low Usage
3140,2181,20241201,,Premium,Annual,Active,9.99,0.0,59.94,
3141,2218,20251031,,Fan,Monthly,Active,5.99,1.2,9.58,
3142,2255,20240112,20240411,Family,Monthly,Cancelled,14.99,0.0,44.97,Low Usage
3143,2292,20251009,20251108,Premium,Monthly,Cancelled,9.99,0.0,9.99,Low Usage
3144,2329,20241012,20251012,Fan,Annual,Cancelled,5.99,0.0,71.88,Price
3145,2366,20240520,,Family,Monthly,Active,14.99,0.0,14.99,
3146,2403,20240919,20250919,Premium,Monthly,Cancelled,9.99,0.0,119.88,Low Usage
3147,2440,20251008,,Fan,Monthly,Active,5.99,0.0,11.98,
3148,2477,20230928,20250927,Family,Annual,Cancelled,14.99,0.0,359.76,Low Usage
3149,2514,20240718,20240817,Premium,Monthly,Cancelled,9.99,0.0,9.99,Low Usage
3150,2551,20230721,,Fan,Monthly,Active,5.99,1.2,57.48,
3151,2588,20240220,20240520,Family,Monthly,Cancelled,14.99,0.0,44.97,Low Usage
3152,2625,20241228,20250626,Premium,Annual,Cancelled,9.99,0.0,59.94,Low Usage
3153,2662,20231021,20241020,Fan,Monthly,Cancelled,5.99,0.0,71.88,Price
3154,2699,20250630,,Family,Monthly,Active,14.99,0.0,89.94,
3155,2736,20240915,,Premium,Monthly,Active,9.99,0.0,9.99,
3156,2773,20230821,20231119,Fan,Annual,Cancelled,5.99,0.0,17.97,Price
3157,2810,20250303,20250402,Family,Monthly,Cancelled,14.99,0.0,14.99,Low Usage
3158,2847,20240726,20240825,Premium,Monthly,Cancelled,9.99,0.0,9.99,Low Usage
3159,2884,20240220,20240520,Fan,Monthly,Cancelled,5.99,1.2,14.37,Price
3160,2921,20241211,,Family,Annual,Active,14.99,0.0,14.99,
3161,2958,20250627,,Premium,Monthly,Active,9.99,0.0,59.94,
3162,2995,20230817,20231115,Fan,Monthly,Cancelled,5.99,0.0,17.97,Price
3163,3032,20250513,,Family,Monthly,Active,14.99,0.0,104.93,
3164,3069,20240209,20240310,Premium,Annual,Cancelled,9.99,0.0,9.99,Low Usage
3165,3106,20231212,,Fan,Monthly,Active,5.99,0.0,35.94,
3166,3143,20230129,20230728,Family,Monthly,Cancelled,14.99,0.0,89.94,Low Usage
3167,3180,20250203,20250305,Premium,Monthly,Cancelled,9.99,0.0,9.99,Low Usage
3168,3217,20240723,20241021,Fan,Annual,Cancelled,5.99,1.2,14.37,Price
3169,3254,20230209,20250208,Family,Monthly,Cancelled,14.99,0.0,359.76,Low Usage
3170,3291,20231213,,Premium,Monthly,Active,9.99,0.0,239.76,
3171,3328,20250912,,Fan,Monthly,Active,5.99,0.0,17.97,
3172,3365,20240923,20241023,Family,Annual,Cancelled,14.99,0.0,14.99,Low Usage
3173,3402,20241210,20250310,Premium,Monthly,Cancelled,9.99,0.0,29.97,Low Usage
3174,3439,20230530,20230828,Fan,Monthly,Cancelled,5.99,0.0,17.97,Price
3175,3476,20241021,,Family,Monthly,Active,14.99,0.0,14.99,
3176,3513,20250219,20250321,Premium,Annual,Cancelled,9.99,0.0,9.99,Low Usage
3177,3550,20250329,,Fan,Monthly,Active,5.99,1.2,43.11,
3178,3587,20240620,20241217,Family,Monthly,Cancelled,14.99,0.0,89.94,Low Usage
3179,3624,20230115,20230415,Premium,Monthly,Cancelled,9.99,0.0,29.97,Low Usage
3180,3661,20251016,,Fan,Annual,Active,5.99,0.0,11.98,
3181,3698,20240509,20250509,Family,Monthly,Cancelled,14.99,0.0,179.88,Low Usage
3182,3735,20230130,20240130,Premium,Monthly,Cancelled,9.99,0.0,119.88,Low Usage
3183,3772,20240116,20240415,Fan,Monthly,Cancelled,5.99,0.0,17.97,Price
3184,3809,20240622,20250622,Family,Annual,Cancelled,14.99,0.0,179.88,Low Usage
3185,3846,20250612,,Premium,Monthly,Active,9.99,0.0,59.94,
3186,3883,20240327,20240426,Fan,Monthly,Cancelled,5.99,1.2,4.79,Price
3187,3920,20250919,,Family,Monthly,Active,14.99,0.0,44.97,
3188,3957,20230302,20230531,Premium,Annual,Cancelled,9.99,0.0,29.97,Low Usage
3189,3994,20240709,20250105,Fan,Monthly,Cancelled,5.99,0.0,35.94,Price
3190,4031,20250923,,Family,Monthly,Active,14.99,0.0,44.97,
3191,4068,20241106,20250505,Premium,Monthly,Cancelled,9.99,0.0,59.94,Low Usage
3192,4105,20250811,,Fan,Annual,Active,5.99,0.0,23.96,
3193,4142,20230511,20230610,Family,Monthly,Cancelled,14.99,0.0,14.99,Low Usage
3194,4179,20250516,20251112,Premium,Monthly,Cancelled,9.99,0.0,59.94,Low Usage
3195,4216,20230501,,Fan,Monthly,Active,5.99,1.2,28.74,
3196,4253,20240217,20250216,Family,Annual,Cancelled,14.99,0.0,179.88,Low Usage
3197,4290,20241019,20241118,Premium,Monthly,Cancelled,9.99,0.0,9.99,Low Usage
3198,4327,20250413,,Fan,Monthly,Active,5.99,0.0,47.92,
3199,4364,20250128,,Family,Monthly,Active,14.99,0.0,164.89,
3200,4401,20231009,,Premium,Annual,Active,9.99,0.0,239.76,
3201,4438,20230322,20240321,Fan,Monthly,Cancelled,5.99,0.0,71.88,Price
3202,4475,20250829,,Family,Monthly,Active,14.99,0.0,59.96,
3203,4512,20251008,,Premium,Monthly,Active,9.99,0.0,19.98,
3204,4549,20230803,20240130,Fan,Annual,Cancelled,5.99,1.2,28.74,Price
3205,4586,20250705,,Family,Monthly,Active,14.99,0.0,44.97,
3206,4623,20231003,20241002,Premium,Monthly,Cancelled,9.99,0.0,119.88,Low Usage
3207,4660,20250401,,Fan,Monthly,Active,5.99,0.0,53.91,
3208,4697,20230510,20230808,Family,Annual,Cancelled,14.99,0.0,44.97,Low Usage
3209,4734,20240803,20250130,Premium,Monthly,Cancelled,9.99,0.0,59.94,Low Usage
3210,4771,20241224,,Fan,Monthly,Active,5.99,0.0,17.97,
3211,4808,20250123,20250222,Family,Monthly,Cancelled,14.99,0.0,14.99,Low Usage
3212,4845,20230529,20231125,Premium,Annual,Cancelled,9.99,0.0,59.94,Low Usage
3213,4882,20250922,,Fan,Monthly,Active,5.99,1.2,14.37,
3214,4919,20230712,20250711,Family,Monthly,Cancelled,14.99,0.0,359.76,Low Usage
3215,4956,20250719,,Premium,Monthly,Active,9.99,0.0,29.97,
3216,4993,20240723,20250723,Fan,Annual,Cancelled,5.99,0.0,71.88,Price
3217,5030,20241229,20251229,Family,Monthly,Cancelled,14.99,0.0,179.88,Low Usage
3218,5067,20241031,20241130,Premium,Monthly,Cancelled,9.99,0.0,9.99,Low Usage
3219,5104,20230619,20230917,Fan,Monthly,Cancelled,5.99,0.0,17.97,Price
3220,5141,20250803,,Family,Annual,Active,14.99,0.0,74.95,
3221,5178,20230309,20250308,Premium,Monthly,Cancelled,9.99,0.0,239.76,Low Usage
3222,5215,20250422,20251019,Fan,Monthly,Cancelled,5.99,1.2,28.74,Price
3223,5252,20230530,20230629,Family,Monthly,Cancelled,14.99,0.0,14.99,Low Usage
3224,5289,20241015,20250113,Premium,Annual,Cancelled,9.99,0.0,29.97,Low Usage
3225,5326,20230429,,Fan,Monthly,Active,5.99,0.0,143.76,
3226,5363,20240713,20250713,Family,Monthly,Cancelled,14.99,0.0,179.88,Low Usage
3227,5400,20240604,20241201,Premium,Monthly,Cancelled,9.99,0.0,59.94,Low Usage
3228,5437,20250920,,Fan,Annual,Active,5.99,0.0,17.97,
3229,5474,20250115,20250214,Family,Monthly,Cancelled,14.99,0.0,14.99,Low Usage
3230,5511,20240809,,Premium,Monthly,Active,9.99,0.0,29.97,
3231,5548,20240327,20240426,Fan,Monthly,Cancelled,5.99,1.2,4.79,Price
3232,5585,20230814,20250813,Family,Annual,Cancelled,14.99,0.0,359.76,Low Usage
3233,5622,20250307,20250605,Premium,Monthly,Cancelled,9.99,0.0,29.97,Low Usage
3234,5659,20230104,20240104,Fan,Monthly,Cancelled,5.99,0.0,71.88,Price
3235,5696,20240221,,Family,Monthly,Active,14.99,0.0,179.88,
3236,5733,20241103,20250201,Premium,Annual,Cancelled,9.99,0.0,29.97,Low Usage
3237,5770,20241013,20250411,Fan,Monthly,Cancelled,5.99,0.0,35.94,Price
3238,5807,20251108,,Family,Monthly,Active,14.99,0.0,14.99,
3239,5844,20231226,20240623,Premium,Monthly,Cancelled,9.99,0.0,59.94,Low Usage
3240,5881,20240216,,Fan,Annual,Active,5.99,1.2,57.48,
3241,5918,20241122,20250521,Family,Monthly,Cancelled,14.99,0.0,89.94,Low Usage
3242,5955,20230825,20240221,Premium,Monthly,Cancelled,9.99,0.0,59.94,Low Usage
3243,5992,20240217,20240815,Fan,Monthly,Cancelled,5.99,0.0,35.94,Price
3244,29,20231116,20251115,Family,Annual,Cancelled,14.99,0.0,359.76,Low Usage
3245,66,20250414,,Premium,Monthly,Active,9.99,0.0,59.94,
3246,103,20230212,20230513,Fan,Monthly,Cancelled,5.99,0.0,17.97,Price
3247,140,20250530,,Family,Monthly,Active,14.99,0.0,104.93,
3248,177,20250702,,Premium,Annual,Active,9.99,0.0,59.94,
3249,214,20230107,20250106,Fan,Monthly,Cancelled,5.99,1.2,114.96,Price
3250,251,20241014,,Family,Monthly,Active,14.99,0.0,14.99,
3251,288,20240323,20250323,Premium,Monthly,Cancelled,9.99,0.0,119.88,Low Usage
3252,325,20240819,,Fan,Annual,Active,5.99,0.0,95.84,
3253,362,20240328,,Family,Monthly,Active,14.99,0.0,314.79,
3254,399,20240827,20241125,Premium,Monthly,Cancelled,9.99,0.0,29.97,Low Usage
3255,436,20240706,,Fan,Monthly,Active,5.99,0.0,5.99,
3256,473,20241028,20251028,Family,Annual,Cancelled,14.99,0.0,179.88,Low Usage
3257,510,20230427,20230726,Premium,Monthly,Cancelled,9.99,0.0,29.97,Low Usage
3258,547,20231124,20240222,Fan,Monthly,Cancelled,5.99,1.2,14.37,Price
3259,584,20240913,20241212,Family,Monthly,Cancelled,14.99,0.0,44.97,Low Usage
3260,621,20240417,,Premium,Annual,Active,9.99,0.0,29.97,
3261,658,20230622,20230920,Fan,Monthly,Cancelled,5.99,0.0,17.97,Price
3262,695,20250202,20250304,Family,Monthly,Cancelled,14.99,0.0,14.99,Low Usage
3263,732,20250518,20250617,Premium,Monthly,Cancelled,9.99,0.0,9.99,Low Usage
3264,769,20240105,20240404,Fan,Annual,Cancelled,5.99,0.0,17.97,Price
3265,806,20230325,,Family,Monthly,Active,14.99,0.0,179.88,
3266,843,20240818,,Premium,Monthly,Active,9.99,0.0,159.84,
3267,880,20240127,20240226,Fan,Monthly,Cancelled,5.99,1.2,4.79,Price
3268,917,20231218,20240615,Family,Annual,Cancelled,14.99,0.0,89.94,Low Usage
3269,954,20250627,20250925,Premium,Monthly,Cancelled,9.99,0.0,29.97,Low Usage
3270,991,20230216,,Fan,Monthly,Active,5.99,0.0,143.76,
3271,1028,20231011,20231110,Family,Monthly,Cancelled,14.99,0.0,14.99,Low Usage
3272,1065,20230410,20230510,Premium,Annual,Cancelled,9.99,0.0,9.99,Low Usage
3273,1102,20230112,20230412,Fan,Monthly,Cancelled,5.99,0.0,17.97,Price
3274,1139,20241102,20250501,Family,Monthly,Cancelled,14.99,0.0,89.94,Low Usage
3275,1176,20250913,,Premium,Monthly,Active,9.99,0.0,29.97,
3276,1213,20250501,20250730,Fan,Annual,Cancelled,5.99,1.2,14.37,Price
3277,1250,20250606,20250706,Family,Monthly,Cancelled,14.99,0.0,14.99,Low Usage
3278,1287,20240107,20240406,Premium,Monthly,Cancelled,9.99,0.0,29.97,Low Usage
3279,1324,20230521,20230819,Fan,Monthly,Cancelled,5.99,0.0,17.97,Price
3280,1361,20240328,,Family,Annual,Active,14.99,0.0,44.97,
3281,1398,20250515,,Premium,Monthly,Active,9.99,0.0,69.93,
3282,1435,20241019,20251019,Fan,Monthly,Cancelled,5.99,0.0,71.88,Price
3283,1472,20250820,,Family,Monthly,Active,14.99,0.0,59.96,
3284,1509,20250115,,Premium,Annual,Active,9.99,0.0,109.89,
3285,1546,20241202,,Fan,Monthly,Active,5.99,1.2,62.27,
3286,1583,20240511,20250511,Family,Monthly,Cancelled,14.99,0.0,179.88,Low Usage
3287,1620,20250805,20250904,Premium,Monthly,Cancelled,9.99,0.0,9.99,Low Usage
3288,1657,20231201,20241130,Fan,Annual,Cancelled,5.99,0.0,71.88,Price
3289,1694,20250203,20250305,Family,Monthly,Cancelled,14.99,0.0,14.99,Low Usage
3290,1731,20230730,,Premium,Monthly,Active,9.99,0.0,9.99,
3291,1768,20230801,20240128,Fan,Monthly,Cancelled,5.99,0.0,35.94,Price
3292,1805,20230221,20230820,Family,Annual,Cancelled,14.99,0.0,89.94,Low Usage
3293,1842,20250329,20250627,Premium,Monthly,Cancelled,9.99,0.0,29.97,Low Usage
3294,1879,20230330,20240329,Fan,Monthly,Cancelled,5.99,1.2,57.48,Price
3295,1916,20230504,,Family,Monthly,Active,14.99,0.0,14.99,
3296,1953,20241203,20250601,Premium,Annual,Cancelled,9.99,0.0,59.94,Low Usage
3297,1990,20240105,20240404,Fan,Monthly,Cancelled,5.99,0.0,17.97,Price
3298,2027,20231128,20241127,Family,Monthly,Cancelled,14.99,0.0,179.88,Low Usage
3299,2064,20241223,20250621,Premium,Monthly,Cancelled,9.99,0.0,59.94,Low Usage
3300,2101,20250604,,Fan,Annual,Active,5.99,0.0,41.93,
3301,2138,20230409,20240408,Family,Monthly,Cancelled,14.99,0.0,179.88,Low Usage
3302,2175,20241106,20251106,Premium,Monthly,Cancelled,9.99,0.0,119.88,Low Usage
3303,2212,20240829,20250829,Fan,Monthly,Cancelled,5.99,1.2,57.48,Price
3304,2249,20240725,20240824,Family,Annual,Cancelled,14.99,0.0,14.99,Low Usage
3305,2286,20250123,,Premium,Monthly,Active,9.99,0.0,59.94,
3306,2323,20230306,20250305,Fan,Monthly,Cancelled,5.99,0.0,143.76,Price
3307,2360,20241216,20250614,Family,Monthly,Cancelled,14.99,0.0,89.94,Low Usage
3308,2397,20240202,,Premium,Annual,Active,9.99,0.0,229.77,
3309,2434,20241204,20251204,Fan,Monthly,Cancelled,5.99,0.0,71.88,Price
3310,2471,20230221,,Family,Monthly,Active,14.99,0.0,14.99,
3311,2508,20250826,,Premium,Monthly,Active,9.99,0.0,39.96,
3312,2545,20250725,,Fan,Annual,Active,5.99,1.2,23.95,
3313,2582,20240718,,Family,Monthly,Active,14.99,0.0,254.83,
3314,2619,20231103,20231203,Premium,Monthly,Cancelled,9.99,0.0,9.99,Low Usage
3315,2656,20240127,,Fan,Monthly,Active,5.99,0.0,137.77,
3316,2693,20241215,20250114,Family,Annual,Cancelled,14.99,0.0,14.99,Low Usage
3317,2730,20240523,20241119,Premium,Monthly,Cancelled,9.99,0.0,59.94,Low Usage
3318,2767,20250926,,Fan,Monthly,Active,5.99,0.0,17.97,
3319,2804,20240208,,Family,Monthly,Active,14.99,0.0,344.77,
3320,2841,20241229,,Premium,Annual,Active,9.99,0.0,119.88,
3321,2878,20250115,,Fan,Monthly,Active,5.99,1.2,52.69,
3322,2915,20251004,,Family,Monthly,Active,14.99,0.0,29.98,
3323,2952,20240405,20240704,Premium,Monthly,Cancelled,9.99,0.0,29.97,Low Usage
3324,2989,20230307,20250306,Fan,Annual,Cancelled,5.99,0.0,143.76,Price
3325,3026,20251002,,Family,Monthly,Active,14.99,0.0,44.97,
3326,3063,20240713,20250713,Premium,Monthly,Cancelled,9.99,0.0,119.88,Low Usage
3327,3100,20230415,20230515,Fan,Monthly,Cancelled,5.99,0.0,5.99,Price
3328,3137,20230402,20230929,Family,Annual,Cancelled,14.99,0.0,89.94,Low Usage
3329,3174,20240518,20250518,Premium,Monthly,Cancelled,9.99,0.0,119.88,Low Usage
3330,3211,20230705,,Fan,Monthly,Active,5.99,1.2,14.37,
3331,3248,20230127,20240127,Family,Monthly,Cancelled,14.99,0.0,179.88,Low Usage
3332,3285,20240403,20240702,Premium,Annual,Cancelled,9.99,0.0,29.97,Low Usage
3333,3322,20240401,,Fan,Monthly,Active,5.99,0.0,125.79,
3334,3359,20230630,20230928,Family,Monthly,Cancelled,14.99,0.0,44.97,Low Usage
3335,3396,20240604,,Premium,Monthly,Active,9.99,0.0,9.99,
3336,3433,20240501,,Fan,Annual,Active,5.99,0.0,119.8,
3337,3470,20251001,20251031,Family,Monthly,Cancelled,14.99,0.0,14.99,Low Usage
3338,3507,20240406,20241003,Premium,Monthly,Cancelled,9.99,0.0,59.94,Low Usage
3339,3544,20231212,20251211,Fan,Monthly,Cancelled,5.99,1.2,114.96,Price
3340,3581,20250907,,Family,Annual,Active,14.99,0.0,44.97,
3341,3618,20230708,20240104,Premium,Monthly,Cancelled,9.99,0.0,59.94,Low Usage
3342,3655,20241014,20241113,Fan,Monthly,Cancelled,5.99,0.0,5.99,Price
3343,3692,20230806,20250805,Family,Monthly,Cancelled,14.99,0.0,359.76,Low Usage
3344,3729,20230602,20240601,Premium,Annual,Cancelled,9.99,0.0,119.88,Low Usage
3345,3766,20230116,,Fan,Monthly,Active,5.99,0.0,5.99,
3346,3803,20240126,20240425,Family,Monthly,Cancelled,14.99,0.0,44.97,Low Usage
3347,3840,20250215,,Premium,Monthly,Active,9.99,0.0,99.9,
3348,3877,20231023,20240121,Fan,Annual,Cancelled,5.99,1.2,14.37,Price
3349,3914,20240602,20240702,Family,Monthly,Cancelled,14.99,0.0,14.99,Low Usage
3350,3951,20240301,,Premium,Monthly,Active,9.99,0.0,219.78,
3351,3988,20230626,20230924,Fan,Monthly,Cancelled,5.99,0.0,17.97,Price
3352,4025,20230823,20250822,Family,Annual,Cancelled,14.99,0.0,359.76,Low Usage
3353,4062,20230118,20250117,Premium,Monthly,Cancelled,9.99,0.0,239.76,Low Usage
3354,4099,20230615,20240614,Fan,Monthly,Cancelled,5.99,0.0,71.88,Price
3355,4136,20230401,,Family,Monthly,Active,14.99,0.0,179.88,
3356,4173,20240127,20250126,Premium,Annual,Cancelled,9.99,0.0,119.88,Low Usage
3357,4210,20240122,20240720,Fan,Monthly,Cancelled,5.99,1.2,28.74,Price
3358,4247,20241014,20241113,Family,Monthly,Cancelled,14.99,0.0,14.99,Low Usage
3359,4284,20230910,20231209,Premium,Monthly,Cancelled,9.99,0.0,29.97,Low Usage
3360,4321,20250923,,Fan,Annual,Active,5.99,0.0,17.97,
3361,4358,20240826,20250826,Family,Monthly,Cancelled,14.99,0.0,179.88,Low Usage
3362,4395,20230609,20230907,Premium,Monthly,Cancelled,9.99,0.0,29.97,Low Usage
3363,4432,20251031,,Fan,Monthly,Active,5.99,0.0,11.98,
3364,4469,20230312,20230411,Family,Annual,Cancelled,14.99,0.0,14.99,Low Usage
3365,4506,20230825,,Premium,Monthly,Active,9.99,0.0,239.76,
3366,4543,20230330,20230926,Fan,Monthly,Cancelled,5.99,1.2,28.74,Price
3367,4580,20240620,,Family,Monthly,Active,14.99,0.0,269.82,
3368,4617,20250508,20251104,Premium,Annual,Cancelled,9.99,0.0,59.94,Low Usage
3369,4654,20250818,,Fan,Monthly,Active,5.99,0.0,23.96,
3370,4691,20230211,,Family,Monthly,Active,14.99,0.0,89.94,
3371,4728,20240229,20240827,Premium,Monthly,Cancelled,9.99,0.0,59.94,Low Usage
3372,4765,20250214,20250316,Fan,Annual,Cancelled,5.99,0.0,5.99,Price
3373,4802,20240228,20240826,Family,Monthly,Cancelled,14.99,0.0,89.94,Low Usage
3374,4839,20230929,20250928,Premium,Monthly,Cancelled,9.99,0.0,239.76,Low Usage
3375,4876,20240222,,Fan,Monthly,Active,5.99,1.2,14.37,
3376,4913,20250726,20251024,Family,Annual,Cancelled,14.99,0.0,44.97,Low Usage
3377,4950,20250523,20251119,Premium,Monthly,Cancelled,9.99,0.0,59.94,Low Usage
3378,4987,20230412,20230711,Fan,Monthly,Cancelled,5.99,0.0,17.97,Price
3379,5024,20240407,20250407,Family,Monthly,Cancelled,14.99,0.0,179.88,Low Usage
3380,5061,20240627,,Premium,Annual,Active,9.99,0.0,59.94,
3381,5098,20230430,20230530,Fan,Monthly,Cancelled,5.99,0.0,5.99,Price
3382,5135,20240102,,Family,Monthly,Active,14.99,0.0,359.76,
3383,5172,20250624,20251221,Premium,Monthly,Cancelled,9.99,0.0,59.94,Low Usage
3384,5209,20250725,,Fan,Annual,Active,5.99,1.2,23.95,
3385,5246,20230124,,Family,Monthly,Active,14.99,0.0,44.97,
3386,5283,20230507,20231103,Premium,Monthly,Cancelled,9.99,0.0,59.94,Low Usage
3387,5320,20231108,20251107,Fan,Monthly,Cancelled,5.99,0.0,143.76,Price
3388,5357,20240107,20240406,Family,Annual,Cancelled,14.99,0.0,44.97,Low Usage
3389,5394,20240311,20240609,Premium,Monthly,Cancelled,9.99,0.0,29.97,Low Usage
3390,5431,20230530,,Fan,Monthly,Active,5.99,0.0,17.97,
3391,5468,20230924,20240322,Family,Monthly,Cancelled,14.99,0.0,89.94,Low Usage
3392,5505,20230325,20230921,Premium,Annual,Cancelled,9.99,0.0,59.94,Low Usage
3393,5542,20240829,20240928,Fan,Monthly,Cancelled,5.99,1.2,4.79,Price
3394,5579,20231130,20240228,Family,Monthly,Cancelled,14.99,0.0,44.97,Low Usage
3395,5616,20230419,,Premium,Monthly,Active,9.99,0.0,29.97,
3396,5653,20250208,20250310,Fan,Annual,Cancelled,5.99,0.0,5.99,Price
3397,5690,20250517,20250815,Family,Monthly,Cancelled,14.99,0.0,44.97,Low Usage
3398,5727,20250820,20251118,Premium,Monthly,Cancelled,9.99,0.0,29.97,Low Usage
3399,5764,20230802,20231031,Fan,Monthly,Cancelled,5.99,0.0,17.97,Price
3400,5801,20241018,,Family,Annual,Active,14.99,0.0,14.99,
3401,5838,20250709,,Premium,Monthly,Active,9.99,0.0,49.95,
3402,5875,20231008,20240405,Fan,Monthly,Cancelled,5.99,1.2,28.74,Price
3403,5912,20231229,20251228,Family,Monthly,Cancelled,14.99,0.0,359.76,Low Usage
3404,5949,20241110,20251110,Premium,Annual,Cancelled,9.99,0.0,119.88,Low Usage
3405,5986,20240710,,Fan,Monthly,Active,5.99,0.0,71.88,
3406,23,20231008,20240405,Family,Monthly,Cancelled,14.99,0.0,89.94,Low Usage
3407,60,20230824,20250823,Premium,Monthly,Cancelled,9.99,0.0,239.76,Low Usage
3408,97,20231016,20231115,Fan,Annual,Cancelled,5.99,0.0,5.99,Price
3409,134,20250328,20250626,Family,Monthly,Cancelled,14.99,0.0,44.97,Low Usage
3410,171,20241020,,Premium,Monthly,Active,9.99,0.0,59.94,
3411,208,20250731,20251029,Fan,Monthly,Cancelled,5.99,1.2,14.37,Price
3412,245,20241120,20250519,Family,Annual,Cancelled,14.99,0.0,89.94,Low Usage
3413,282,20250808,,Premium,Monthly,Active,9.99,0.0,39.96,
3414,319,20250726,,Fan,Monthly,Active,5.99,0.0,29.95,
3415,356,20240226,,Family,Monthly,Active,14.99,0.0,179.88,
3416,393,20250526,20250824,Premium,Annual,Cancelled,9.99,0.0,29.97,Low Usage
3417,430,20230109,20230708,Fan,Monthly,Cancelled,5.99,0.0,35.94,Price
3418,467,20230430,20240429,Family,Monthly,Cancelled,14.99,0.0,179.88,Low Usage
3419,504,20240325,20250325,Premium,Monthly,Cancelled,9.99,0.0,119.88,Low Usage
3420,541,20240406,,Fan,Annual,Active,5.99,1.2,14.37,
3421,578,20240905,20250304,Family,Monthly,Cancelled,14.99,0.0,89.94,Low Usage
3422,615,20250622,20251219,Premium,Monthly,Cancelled,9.99,0.0,59.94,Low Usage
3423,652,20250522,20251118,Fan,Monthly,Cancelled,5.99,0.0,35.94,Price
3424,689,20250221,20250522,Family,Annual,Cancelled,14.99,0.0,44.97,Low Usage
3425,726,20241229,,Premium,Monthly,Active,9.99,0.0,9.99,
3426,763,20250901,,Fan,Monthly,Active,5.99,0.0,23.96,
3427,800,20240128,20250127,Family,Monthly,Cancelled,14.99,0.0,179.88,Low Usage
3428,837,20230104,20230203,Premium,Annual,Cancelled,9.99,0.0,9.99,Low Usage
3429,874,20230821,20231119,Fan,Monthly,Cancelled,5.99,1.2,14.37,Price
3430,911,20240111,,Family,Monthly,Active,14.99,0.0,89.94,
3431,948,20230617,20240616,Premium,Monthly,Cancelled,9.99,0.0,119.88,Low Usage
3432,985,20250511,20250610,Fan,Annual,Cancelled,5.99,0.0,5.99,Price
3433,1022,20231206,20241205,Family,Monthly,Cancelled,14.99,0.0,179.88,Low Usage
3434,1059,20230630,20250629,Premium,Monthly,Cancelled,9.99,0.0,239.76,Low Usage
3435,1096,20230417,,Fan,Monthly,Active,5.99,0.0,143.76,
3436,1133,20250101,,Family,Annual,Active,14.99,0.0,179.88,
3437,1170,20240328,20250328,Premium,Monthly,Cancelled,9.99,0.0,119.88,Low Usage
3438,1207,20241006,20241105,Fan,Monthly,Cancelled,5.99,1.2,4.79,Price
3439,1244,20250421,,Family,Monthly,Active,14.99,0.0,119.92,
3440,1281,20251019,,Premium,Annual,Active,9.99,0.0,9.99,
3441,1318,20230113,20250112,Fan,Monthly,Cancelled,5.99,0.0,143.76,Price
3442,1355,20250107,20250407,Family,Monthly,Cancelled,14.99,0.0,44.97,Low Usage
3443,1392,20241228,20250127,Premium,Monthly,Cancelled,9.99,0.0,9.99,Low Usage
3444,1429,20241102,20250131,Fan,Annual,Cancelled,5.99,0.0,17.97,Price
3445,1466,20230424,,Family,Monthly,Active,14.99,0.0,44.97,
3446,1503,20241223,20250323,Premium,Monthly,Cancelled,9.99,0.0,29.97,Low Usage
3447,1540,20250211,20250512,Fan,Monthly,Cancelled,5.99,1.2,14.37,Price
3448,1577,20240419,20240519,Family,Annual,Cancelled,14.99,0.0,14.99,Low Usage
3449,1614,20251106,,Premium,Monthly,Active,9.99,0.0,9.99,
3450,1651,20240426,,Fan,Monthly,Active,5.99,0.0,119.8,
3451,1688,20240305,20240603,Family,Monthly,Cancelled,14.99,0.0,44.97,Low Usage
3452,1725,20250422,20250522,Premium,Annual,Cancelled,9.99,0.0,9.99,Low Usage
3453,1762,20241221,20250120,Fan,Monthly,Cancelled,5.99,0.0,5.99,Price
3454,1799,20230701,20240630,Family,Monthly,Cancelled,14.99,0.0,179.88,Low Usage
3455,1836,20251017,,Premium,Monthly,Active,9.99,0.0,9.99,
3456,1873,20230620,20230918,Fan,Annual,Cancelled,5.99,1.2,14.37,Price
3457,1910,20230513,20240512,Family,Monthly,Cancelled,14.99,0.0,179.88,Low Usage
3458,1947,20240602,20240831,Premium,Monthly,Cancelled,9.99,0.0,29.97,Low Usage
3459,1984,20230314,20250313,Fan,Monthly,Cancelled,5.99,0.0,143.76,Price
3460,2021,20230415,,Family,Annual,Active,14.99,0.0,179.88,
3461,2058,20250905,,Premium,Monthly,Active,9.99,0.0,29.97,
3462,2095,20230515,20250514,Fan,Monthly,Cancelled,5.99,0.0,143.76,Price
3463,2132,20240218,20240816,Family,Monthly,Cancelled,14.99,0.0,89.94,Low Usage
3464,2169,20240511,20240610,Premium,Annual,Cancelled,9.99,0.0,9.99,Low Usage
3465,2206,20240329,,Fan,Monthly,Active,5.99,1.2,14.37,
3466,2243,20250203,20250305,Family,Monthly,Cancelled,14.99,0.0,14.99,Low Usage
3467,2280,20241018,,Premium,Monthly,Active,9.99,0.0,139.86,
3468,2317,20250503,20251030,Fan,Annual,Cancelled,5.99,0.0,35.94,Price
3469,2354,20250228,,Family,Monthly,Active,14.99,0.0,149.9,
3470,2391,20230602,,Premium,Monthly,Active,9.99,0.0,239.76,
3471,2428,20241219,20250617,Fan,Monthly,Cancelled,5.99,0.0,35.94,Price
3472,2465,20240706,20240805,Family,Annual,Cancelled,14.99,0.0,14.99,Low Usage
3473,2502,20251112,,Premium,Monthly,Active,9.99,0.0,9.99,
3474,2539,20240109,20240408,Fan,Monthly,Cancelled,5.99,1.2,14.37,Price
3475,2576,20250621,,Family,Monthly,Active,14.99,0.0,89.94,
3476,2613,20230706,20230805,Premium,Annual,Cancelled,9.99,0.0,9.99,Low Usage
3477,2650,20250317,20250615,Fan,Monthly,Cancelled,5.99,0.0,17.97,Price
3478,2687,20250620,,Family,Monthly,Active,14.99,0.0,89.94,
3479,2724,20230215,20230814,Premium,Monthly,Cancelled,9.99,0.0,59.94,Low Usage
3480,2761,20240916,,Fan,Annual,Active,5.99,0.0,71.88,
3481,2798,20240329,20250329,Family,Monthly,Cancelled,14.99,0.0,179.88,Low Usage
3482,2835,20250323,20250621,Premium,Monthly,Cancelled,9.99,0.0,29.97,Low Usage
3483,2872,20230515,20250514,Fan,Monthly,Cancelled,5.99,1.2,114.96,Price
3484,2909,20240228,20250227,Family,Annual,Cancelled,14.99,0.0,179.88,Low Usage
3485,2946,20240328,,Premium,Monthly,Active,9.99,0.0,9.99,
3486,2983,20241013,20250411,Fan,Monthly,Cancelled,5.99,0.0,35.94,Price
3487,3020,20250502,,Family,Monthly,Active,14.99,0.0,119.92,
3488,3057,20240301,20240828,Premium,Annual,Cancelled,9.99,0.0,59.94,Low Usage
3489,3094,20250810,,Fan,Monthly,Active,5.99,0.0,23.96,
3490,3131,20240627,,Family,Monthly,Active,14.99,0.0,179.88,
3491,3168,20240107,20250106,Premium,Monthly,Cancelled,9.99,0.0,119.88,Low Usage
3492,3205,20240129,,Fan,Annual,Active,5.99,1.2,110.17,
3493,3242,20231022,20251021,Family,Monthly,Cancelled,14.99,0.0,359.76,Low Usage
3494,3279,20230830,20250829,Premium,Monthly,Cancelled,9.99,0.0,239.76,Low Usage
3495,3316,20240518,,Fan,Monthly,Active,5.99,0.0,71.88,
3496,3353,20241201,20251201,Family,Annual,Cancelled,14.99,0.0,179.88,Low Usage
3497,3390,20240920,20241020,Premium,Monthly,Cancelled,9.99,0.0,9.99,Low Usage
3498,3427,20231208,20241207,Fan,Monthly,Cancelled,5.99,0.0,71.88,Price
3499,3464,20230422,20231019,Family,Monthly,Cancelled,14.99,0.0,89.94,Low Usage
3500,3501,20231216,,Premium,Annual,Active,9.99,0.0,29.97,
3501,3538,20230429,20240428,Fan,Monthly,Cancelled,5.99,1.2,57.48,Price
3502,3575,20250408,,Family,Monthly,Active,14.99,0.0,119.92,
3503,3612,20251005,,Premium,Monthly,Active,9.99,0.0,19.98,
3504,3649,20240609,20250609,Fan,Annual,Cancelled,5.99,0.0,71.88,Price
3505,3686,20250521,,Family,Monthly,Active,14.99,0.0,44.97,
3506,3723,20250410,20251007,Premium,Monthly,Cancelled,9.99,0.0,59.94,Low Usage
3507,3760,20250614,20250714,Fan,Monthly,Cancelled,5.99,0.0,5.99,Price
3508,3797,20250308,,Family,Annual,Active,14.99,0.0,134.91,
3509,3834,20250512,20250611,Premium,Monthly,Cancelled,9.99,0.0,9.99,Low Usage
3510,3871,20250902,,Fan,Monthly,Active,5.99,1.2,19.16,
3511,3908,20231115,20241114,Family,Monthly,Cancelled,14.99,0.0,179.88,Low Usage
3512,3945,20240622,,Premium,Annual,Active,9.99,0.0,179.82,
3513,3982,20240602,20250602,Fan,Monthly,Cancelled,5.99,0.0,71.88,Price
3514,4019,20250222,20250523,Family,Monthly,Cancelled,14.99,0.0,44.97,Low Usage
3515,4056,20230623,,Premium,Monthly,Active,9.99,0.0,29.97,
3516,4093,20250421,20251018,Fan,Annual,Cancelled,5.99,0.0,35.94,Price
3517,4130,20250223,,Family,Monthly,Active,14.99,0.0,149.9,
3518,4167,20250914,,Premium,Monthly,Active,9.99,0.0,29.97,
3519,4204,20250529,,Fan,Monthly,Active,5.99,1.2,33.53,
3520,4241,20240207,,Family,Annual,Active,14.99,0.0,44.97,
3521,4278,20230714,20240110,Premium,Monthly,Cancelled,9.99,0.0,59.94,Low Usage
3522,4315,20230810,20231108,Fan,Monthly,Cancelled,5.99,0.0,17.97,Price
3523,4352,20251013,20251112,Family,Monthly,Cancelled,14.99,0.0,14.99,Low Usage
3524,4389,20250218,20250817,Premium,Annual,Cancelled,9.99,0.0,59.94,Low Usage
3525,4426,20230202,,Fan,Monthly,Active,5.99,0.0,5.99,
3526,4463,20241024,20250122,Family,Monthly,Cancelled,14.99,0.0,44.97,Low Usage
3527,4500,20230404,20240403,Premium,Monthly,Cancelled,9.99,0.0,119.88,Low Usage
3528,4537,20240626,20241223,Fan,Annual,Cancelled,5.99,1.2,28.74,Price
3529,4574,20240609,20250609,Family,Monthly,Cancelled,14.99,0.0,179.88,Low Usage
3530,4611,20240411,,Premium,Monthly,Active,9.99,0.0,119.88,
3531,4648,20231020,20240118,Fan,Monthly,Cancelled,5.99,0.0,17.97,Price
3532,4685,20240123,20240721,Family,Annual,Cancelled,14.99,0.0,89.94,Low Usage
3533,4722,20240523,,Premium,Monthly,Active,9.99,0.0,189.81,
3534,4759,20240224,20240325,Fan,Monthly,Cancelled,5.99,0.0,5.99,Price
3535,4796,20241029,,Family,Monthly,Active,14.99,0.0,14.99,
3536,4833,20230628,20230728,Premium,Annual,Cancelled,9.99,0.0,9.99,Low Usage
3537,4870,20231203,20240531,Fan,Monthly,Cancelled,5.99,1.2,28.74,Price
3538,4907,20240129,20240428,Family,Monthly,Cancelled,14.99,0.0,44.97,Low Usage
3539,4944,20241016,20250114,Premium,Monthly,Cancelled,9.99,0.0,29.97,Low Usage
3540,4981,20241109,,Fan,Annual,Active,5.99,0.0,17.97,
3541,5018,20230109,20230708,Family,Monthly,Cancelled,14.99,0.0,89.94,Low Usage
3542,5055,20240701,20240731,Premium,Monthly,Cancelled,9.99,0.0,9.99,Low Usage
3543,5092,20250306,,Fan,Monthly,Active,5.99,0.0,59.9,
3544,5129,20231209,20240308,Family,Annual,Cancelled,14.99,0.0,44.97,Low Usage
3545,5166,20250220,,Premium,Monthly,Active,9.99,0.0,9.99,
3546,5203,20230102,20230201,Fan,Monthly,Cancelled,5.99,1.2,4.79,Price
3547,5240,20241010,20250108,Family,Monthly,Cancelled,14.99,0.0,44.97,Low Usage
3548,5277,20240618,,Premium,Annual,Active,9.99,0.0,179.82,
3549,5314,20250107,,Fan,Monthly,Active,5.99,0.0,65.89,
3550,5351,20240202,,Family,Monthly,Active,14.99,0.0,344.77,
3551,5388,20230223,20230524,Premium,Monthly,Cancelled,9.99,0.0,29.97,Low Usage
3552,5425,20240130,20240728,Fan,Annual,Cancelled,5.99,0.0,35.94,Price
3553,5462,20250622,,Family,Monthly,Active,14.99,0.0,89.94,
3554,5499,20240620,,Premium,Monthly,Active,9.99,0.0,179.82,
3555,5536,20231114,,Fan,Monthly,Active,5.99,1.2,4.79,
3556,5573,20231030,20231129,Family,Annual,Cancelled,14.99,0.0,14.99,Low Usage
3557,5610,20230831,20250830,Premium,Monthly,Cancelled,9.99,0.0,239.76,Low Usage
3558,5647,20240918,20241018,Fan,Monthly,Cancelled,5.99,0.0,5.99,Price
3559,5684,20241126,,Family,Monthly,Active,14.99,0.0,194.87,
3560,5721,20230531,,Premium,Annual,Active,9.99,0.0,9.99,
3561,5758,20250815,,Fan,Monthly,Active,5.99,0.0,23.96,
3562,5795,20250719,20250818,Family,Monthly,Cancelled,14.99,0.0,14.99,Low Usage
3563,5832,20241217,20251217,Premium,Monthly,Cancelled,9.99,0.0,119.88,Low Usage
3564,5869,20240317,,Fan,Annual,Active,5.99,1.2,100.59,
3565,5906,20241117,,Family,Monthly,Active,14.99,0.0,89.94,
3566,5943,20250216,20250815,Premium,Monthly,Cancelled,9.99,0.0,59.94,Low Usage
3567,5980,20240316,20250316,Fan,Monthly,Cancelled,5.99,0.0,71.88,Price
3568,17,20241115,,Family,Annual,Active,14.99,0.0,194.87,
3569,54,20231201,20240529,Premium,Monthly,Cancelled,9.99,0.0,59.94,Low Usage
3570,91,20230325,,Fan,Monthly,Active,5.99,0.0,143.76,
3571,128,20230319,20230617,Family,Monthly,Cancelled,14.99,0.0,44.97,Low Usage
3572,165,20250915,,Premium,Annual,Active,9.99,0.0,29.97,
3573,202,20240724,20250724,Fan,Monthly,Cancelled,5.99,1.2,57.48,Price
3574,239,20250107,20250706,Family,Monthly,Cancelled,14.99,0.0,89.94,Low Usage
3575,276,20231003,,Premium,Monthly,Active,9.99,0.0,239.76,
3576,313,20230511,20240510,Fan,Annual,Cancelled,5.99,0.0,71.88,Price
3577,350,20250603,20251130,Family,Monthly,Cancelled,14.99,0.0,89.94,Low Usage
3578,387,20230214,20250213,Premium,Monthly,Cancelled,9.99,0.0,239.76,Low Usage
3579,424,20231206,20251205,Fan,Monthly,Cancelled,5.99,0.0,143.76,Price
3580,461,20250213,,Family,Annual,Active,14.99,0.0,14.99,
3581,498,20230305,20230901,Premium,Monthly,Cancelled,9.99,0.0,59.94,Low Usage
3582,535,20230202,20230304,Fan,Monthly,Cancelled,5.99,1.2,4.79,Price
3583,572,20230325,20230424,Family,Monthly,Cancelled,14.99,0.0,14.99,Low Usage
3584,609,20230227,20240227,Premium,Annual,Cancelled,9.99,0.0,119.88,Low Usage
3585,646,20240906,,Fan,Monthly,Active,5.99,0.0,17.97,
3586,683,20250520,,Family,Monthly,Active,14.99,0.0,104.93,
3587,720,20250906,,Premium,Monthly,Active,9.99,0.0,29.97,
3588,757,20230124,20240124,Fan,Annual,Cancelled,5.99,0.0,71.88,Price
3589,794,20240228,20240329,Family,Monthly,Cancelled,14.99,0.0,14.99,Low Usage
3590,831,20240101,,Premium,Monthly,Active,9.99,0.0,29.97,
3591,868,20231109,20240207,Fan,Monthly,Cancelled,5.99,1.2,14.37,Price
3592,905,20240115,20250114,Family,Annual,Cancelled,14.99,0.0,179.88,Low Usage
3593,942,20240409,20240509,Premium,Monthly,Cancelled,9.99,0.0,9.99,Low Usage
3594,979,20250709,,Fan,Monthly,Active,5.99,0.0,29.95,
3595,1016,20240914,,Family,Monthly,Active,14.99,0.0,179.88,
3596,1053,20250407,,Premium,Annual,Active,9.99,0.0,79.92,
3597,1090,20240104,20240203,Fan,Monthly,Cancelled,5.99,0.0,5.99,Price
3598,1127,20240929,20241228,Family,Monthly,Cancelled,14.99,0.0,44.97,Low Usage
3599,1164,20250202,20250801,Premium,Monthly,Cancelled,9.99,0.0,59.94,Low Usage
3600,1201,20250104,,Fan,Annual,Active,5.99,1.2,28.74,
3601,1238,20231015,20240412,Family,Monthly,Cancelled,14.99,0.0,89.94,Low Usage
3602,1275,20230808,20250807,Premium,Monthly,Cancelled,9.99,0.0,239.76,Low Usage
3603,1312,20241218,20250117,Fan,Monthly,Cancelled,5.99,0.0,5.99,Price
3604,1349,20250209,20250311,Family,Annual,Cancelled,14.99,0.0,14.99,Low Usage
3605,1386,20230713,,Premium,Monthly,Active,9.99,0.0,9.99,
3606,1423,20241109,,Fan,Monthly,Active,5.99,0.0,77.87,
3607,1460,20230415,20250414,Family,Monthly,Cancelled,14.99,0.0,359.76,Low Usage
3608,1497,20230220,20240220,Premium,Annual,Cancelled,9.99,0.0,119.88,Low Usage
3609,1534,20250606,20251203,Fan,Monthly,Cancelled,5.99,1.2,28.74,Price
3610,1571,20240128,,Family,Monthly,Active,14.99,0.0,14.99,
3611,1608,20231107,20240505,Premium,Monthly,Cancelled,9.99,0.0,59.94,Low Usage
3612,1645,20230227,20240227,Fan,Annual,Cancelled,5.99,0.0,71.88,Price
3613,1682,20240626,20240924,Family,Monthly,Cancelled,14.99,0.0,44.97,Low Usage
3614,1719,20250613,20250911,Premium,Monthly,Cancelled,9.99,0.0,29.97,Low Usage
3615,1756,20230520,,Fan,Monthly,Active,5.99,0.0,17.97,
3616,1793,20250923,,Family,Annual,Active,14.99,0.0,44.97,
3617,1830,20240225,20240525,Premium,Monthly,Cancelled,9.99,0.0,29.97,Low Usage
3618,1867,20250416,,Fan,Monthly,Active,5.99,1.2,38.32,
3619,1904,20251004,,Family,Monthly,Active,14.99,0.0,29.98,
3620,1941,20240829,,Premium,Annual,Active,9.99,0.0,119.88,
3621,1978,20250329,20250428,Fan,Monthly,Cancelled,5.99,0.0,5.99,Price
3622,2015,20250623,20250921,Family,Monthly,Cancelled,14.99,0.0,44.97,Low Usage
3623,2052,20251113,,Premium,Monthly,Active,9.99,0.0,9.99,
3624,2089,20240422,20240721,Fan,Annual,Cancelled,5.99,0.0,17.97,Price
3625,2126,20240421,,Family,Monthly,Active,14.99,0.0,44.97,
3626,2163,20230324,20230622,Premium,Monthly,Cancelled,9.99,0.0,29.97,Low Usage
3627,2200,20240812,20250208,Fan,Monthly,Cancelled,5.99,1.2,28.74,Price
3628,2237,20240224,20250223,Family,Annual,Cancelled,14.99,0.0,179.88,Low Usage
3629,2274,20231005,20240103,Premium,Monthly,Cancelled,9.99,0.0,29.97,Low Usage
3630,2311,20241103,,Fan,Monthly,Active,5.99,0.0,17.97,
3631,2348,20241201,,Family,Monthly,Active,14.99,0.0,194.87,
3632,2385,20240105,20240204,Premium,Annual,Cancelled,9.99,0.0,9.99,Low Usage
3633,2422,20250302,20250829,Fan,Monthly,Cancelled,5.99,0.0,35.94,Price
3634,2459,20230411,20230710,Family,Monthly,Cancelled,14.99,0.0,44.97,Low Usage
3635,2496,20231015,,Premium,Monthly,Active,9.99,0.0,9.99,
3636,2533,20240824,20240923,Fan,Annual,Cancelled,5.99,1.2,4.79,Price
3637,2570,20230813,20231111,Family,Monthly,Cancelled,14.99,0.0,44.97,Low Usage
3638,2607,20230328,20250327,Premium,Monthly,Cancelled,9.99,0.0,239.76,Low Usage
3639,2644,20230626,20240625,Fan,Monthly,Cancelled,5.99,0.0,71.88,Price
3640,2681,20230813,,Family,Annual,Active,14.99,0.0,44.97,
3641,2718,20231125,20241124,Premium,Monthly,Cancelled,9.99,0.0,119.88,Low Usage
3642,2755,20231022,20231121,Fan,Monthly,Cancelled,5.99,0.0,5.99,Price
3643,2792,20250131,20250501,Family,Monthly,Cancelled,14.99,0.0,44.97,Low Usage
3644,2829,20230507,20231103,Premium,Annual,Cancelled,9.99,0.0,59.94,Low Usage
3645,2866,20230428,,Fan,Monthly,Active,5.99,1.2,4.79,
3646,2903,20240321,20250321,Family,Monthly,Cancelled,14.99,0.0,179.88,Low Usage
3647,2940,20240115,20250114,Premium,Monthly,Cancelled,9.99,0.0,119.88,Low Usage
3648,2977,20240118,20240217,Fan,Annual,Cancelled,5.99,0.0,5.99,Price
3649,3014,20241124,20250523,Family,Monthly,Cancelled,14.99,0.0,89.94,Low Usage
3650,3051,20241209,,Premium,Monthly,Active,9.99,0.0,119.88,
3651,3088,20240315,20240414,Fan,Monthly,Cancelled,5.99,0.0,5.99,Price
3652,3125,20240508,,Family,Annual,Active,14.99,0.0,299.8,
3653,3162,20230801,20240731,Premium,Monthly,Cancelled,9.99,0.0,119.88,Low Usage
3654,3199,20231005,20231104,Fan,Monthly,Cancelled,5.99,1.2,4.79,Price
3655,3236,20240109,,Family,Monthly,Active,14.99,0.0,359.76,
3656,3273,20230603,20240602,Premium,Annual,Cancelled,9.99,0.0,119.88,Low Usage
3657,3310,20230106,20230406,Fan,Monthly,Cancelled,5.99,0.0,17.97,Price
3658,3347,20230924,20240923,Family,Monthly,Cancelled,14.99,0.0,179.88,Low Usage
3659,3384,20251102,,Premium,Monthly,Active,9.99,0.0,19.98,
3660,3421,20240408,,Fan,Annual,Active,5.99,0.0,17.97,
3661,3458,20250129,20250429,Family,Monthly,Cancelled,14.99,0.0,44.97,Low Usage
3662,3495,20230122,20230422,Premium,Monthly,Cancelled,9.99,0.0,29.97,Low Usage
3663,3532,20230702,20230930,Fan,Monthly,Cancelled,5.99,1.2,14.37,Price
3664,3569,20251113,20251213,Family,Annual,Cancelled,14.99,0.0,14.99,Low Usage
3665,3606,20250106,,Premium,Monthly,Active,9.99,0.0,9.99,
3666,3643,20241104,,Fan,Monthly,Active,5.99,0.0,83.86,
3667,3680,20251018,,Family,Monthly,Active,14.99,0.0,29.98,
3668,3717,20230423,20230523,Premium,Annual,Cancelled,9.99,0.0,9.99,Low Usage
3669,3754,20240812,,Fan,Monthly,Active,5.99,0.0,95.84,
3670,3791,20230526,,Family,Monthly,Active,14.99,0.0,44.97,
3671,3828,20240607,20240707,Premium,Monthly,Cancelled,9.99,0.0,9.99,Low Usage
3672,3865,20250421,20251018,Fan,Annual,Cancelled,5.99,1.2,28.74,Price
3673,3902,20250329,20250627,Family,Monthly,Cancelled,14.99,0.0,44.97,Low Usage
3674,3939,20241116,,Premium,Monthly,Active,9.99,0.0,129.87,
3675,3976,20230805,,Fan,Monthly,Active,5.99,0.0,71.88,
3676,4013,20231003,20241002,Family,Annual,Cancelled,14.99,0.0,179.88,Low Usage
3677,4050,20241009,20250407,Premium,Monthly,Cancelled,9.99,0.0,59.94,Low Usage
3678,4087,20241102,20251102,Fan,Monthly,Cancelled,5.99,0.0,71.88,Price
3679,4124,20230824,20240220,Family,Monthly,Cancelled,14.99,0.0,89.94,Low Usage
3680,4161,20250628,,Premium,Annual,Active,9.99,0.0,9.99,
3681,4198,20231205,20240602,Fan,Monthly,Cancelled,5.99,1.2,28.74,Price
3682,4235,20230926,20250925,Family,Monthly,Cancelled,14.99,0.0,359.76,Low Usage
3683,4272,20240423,20240722,Premium,Monthly,Cancelled,9.99,0.0,29.97,Low Usage
3684,4309,20240623,20240723,Fan,Annual,Cancelled,5.99,0.0,5.99,Price
3685,4346,20230722,,Family,Monthly,Active,14.99,0.0,179.88,
3686,4383,20240805,20250201,Premium,Monthly,Cancelled,9.99,0.0,59.94,Low Usage
3687,4420,20251106,,Fan,Monthly,Active,5.99,0.0,5.99,
3688,4457,20250820,,Family,Annual,Active,14.99,0.0,59.96,
3689,4494,20231010,20240407,Premium,Monthly,Cancelled,9.99,0.0,59.94,Low Usage
3690,4531,20241126,,Fan,Monthly,Active,5.99,1.2,14.37,
3691,4568,20240408,20241005,Family,Monthly,Cancelled,14.99,0.0,89.94,Low Usage
3692,4605,20241205,20250305,Premium,Annual,Cancelled,9.99,0.0,29.97,Low Usage
3693,4642,20250214,20250316,Fan,Monthly,Cancelled,5.99,0.0,5.99,Price
3694,4679,20230609,20240608,Family,Monthly,Cancelled,14.99,0.0,179.88,Low Usage
3695,4716,20240919,,Premium,Monthly,Active,9.99,0.0,149.85,
3696,4753,20250308,20250407,Fan,Annual,Cancelled,5.99,0.0,5.99,Price
3697,4790,20250702,,Family,Monthly,Active,14.99,0.0,89.94,
3698,4827,20250519,20251115,Premium,Monthly,Cancelled,9.99,0.0,59.94,Low Usage
3699,4864,20240913,20250913,Fan,Monthly,Cancelled,5.99,1.2,57.48,Price
3700,4901,20250313,,Family,Annual,Active,14.99,0.0,44.97,
3701,4938,20230304,20230403,Premium,Monthly,Cancelled,9.99,0.0,9.99,Low Usage
3702,4975,20230711,20250710,Fan,Monthly,Cancelled,5.99,0.0,143.76,Price
3703,5012,20251016,,Family,Monthly,Active,14.99,0.0,29.98,
3704,5049,20240403,20240930,Premium,Annual,Cancelled,9.99,0.0,59.94,Low Usage
3705,5086,20230830,,Fan,Monthly,Active,5.99,0.0,5.99,
3706,5123,20240715,20240814,Family,Monthly,Cancelled,14.99,0.0,14.99,Low Usage
3707,5160,20240908,20250307,Premium,Monthly,Cancelled,9.99,0.0,59.94,Low Usage
3708,5197,20240513,20240612,Fan,Annual,Cancelled,5.99,1.2,4.79,Price
3709,5234,20240719,,Family,Monthly,Active,14.99,0.0,254.83,
3710,5271,20230108,,Premium,Monthly,Active,9.99,0.0,239.76,
3711,5308,20241205,20250603,Fan,Monthly,Cancelled,5.99,0.0,35.94,Price
3712,5345,20230704,20231002,Family,Annual,Cancelled,14.99,0.0,44.97,Low Usage
3713,5382,20230602,20231129,Premium,Monthly,Cancelled,9.99,0.0,59.94,Low Usage
3714,5419,20240703,20241230,Fan,Monthly,Cancelled,5.99,0.0,35.94,Price
3715,5456,20230830,,Family,Monthly,Active,14.99,0.0,14.99,
3716,5493,20240225,20240326,Premium,Annual,Cancelled,9.99,0.0,9.99,Low Usage
3717,5530,20231231,20240330,Fan,Monthly,Cancelled,5.99,1.2,14.37,Price
3718,5567,20230527,20231123,Family,Monthly,Cancelled,14.99,0.0,89.94,Low Usage
3719,5604,20230726,20240725,Premium,Monthly,Cancelled,9.99,0.0,119.88,Low Usage
3720,5641,20231203,,Fan,Annual,Active,5.99,0.0,71.88,
3721,5678,20240420,20240719,Family,Monthly,Cancelled,14.99,0.0,44.97,Low Usage
3722,5715,20250605,,Premium,Monthly,Active,9.99,0.0,69.93,
3723,5752,20240406,20250406,Fan,Monthly,Cancelled,5.99,0.0,71.88,Price
3724,5789,20240612,,Family,Annual,Active,14.99,0.0,269.82,
3725,5826,20251025,,Premium,Monthly,Active,9.99,0.0,19.98,
3726,5863,20251016,,Fan,Monthly,Active,5.99,1.2,9.58,
3727,5900,20231005,20241004,Family,Monthly,Cancelled,14.99,0.0,179.88,Low Usage
3728,5937,20240408,20240707,Premium,Annual,Cancelled,9.99,0.0,29.97,Low Usage
3729,5974,20250711,20251009,Fan,Monthly,Cancelled,5.99,0.0,17.97,Price
3730,11,20250328,,Family,Monthly,Active,14.99,0.0,44.97,
3731,48,20250305,,Premium,Monthly,Active,9.99,0.0,99.9,
3732,85,20231009,20241008,Fan,Annual,Cancelled,5.99,0.0,71.88,Price
3733,122,20240910,20241010,Family,Monthly,Cancelled,14.99,0.0,14.99,Low Usage
3734,159,20241205,,Premium,Monthly,Active,9.99,0.0,129.87,
3735,196,20250723,,Fan,Monthly,Active,5.99,1.2,23.95,
3736,233,20250619,,Family,Annual,Active,14.99,0.0,89.94,
3737,270,20240222,,Premium,Monthly,Active,9.99,0.0,219.78,
3738,307,20230305,20240304,Fan,Monthly,Cancelled,5.99,0.0,71.88,Price
3739,344,20240405,20250405,Family,Monthly,Cancelled,14.99,0.0,179.88,Low Usage
3740,381,20240522,,Premium,Annual,Active,9.99,0.0,189.81,
3741,418,20240106,20240704,Fan,Monthly,Cancelled,5.99,0.0,35.94,Price
3742,455,20230827,20231125,Family,Monthly,Cancelled,14.99,0.0,44.97,Low Usage
3743,492,20250709,,Premium,Monthly,Active,9.99,0.0,49.95,
3744,529,20250207,20250806,Fan,Annual,Cancelled,5.99,1.2,28.74,Price
3745,566,20250529,,Family,Monthly,Active,14.99,0.0,89.94,
3746,603,20241123,,Premium,Monthly,Active,9.99,0.0,129.87,
3747,640,20250719,20251017,Fan,Monthly,Cancelled,5.99,0.0,17.97,Price
3748,677,20241103,20241203,Family,Annual,Cancelled,14.99,0.0,14.99,Low Usage
3749,714,20240304,20240602,Premium,Monthly,Cancelled,9.99,0.0,29.97,Low Usage
3750,751,20230917,,Fan,Monthly,Active,5.99,0.0,35.94,
3751,788,20250303,20250402,Family,Monthly,Cancelled,14.99,0.0,14.99,Low Usage
3752,825,20240812,20250812,Premium,Annual,Cancelled,9.99,0.0,119.88,Low Usage
3753,862,20230918,20240917,Fan,Monthly,Cancelled,5.99,1.2,57.48,Price
3754,899,20250209,,Family,Monthly,Active,14.99,0.0,149.9,
3755,936,20250315,,Premium,Monthly,Active,9.99,0.0,89.91,
3756,973,20240314,20240612,Fan,Annual,Cancelled,5.99,0.0,17.97,Price
3757,1010,20241102,20241202,Family,Monthly,Cancelled,14.99,0.0,14.99,Low Usage
3758,1047,20240818,20250214,Premium,Monthly,Cancelled,9.99,0.0,59.94,Low Usage
3759,1084,20231106,20251105,Fan,Monthly,Cancelled,5.99,0.0,143.76,Price
3760,1121,20230327,,Family,Annual,Active,14.99,0.0,179.88,
3761,1158,20230811,20240207,Premium,Monthly,Cancelled,9.99,0.0,59.94,Low Usage
3762,1195,20250207,20250806,Fan,Monthly,Cancelled,5.99,1.2,28.74,Price
3763,1232,20250731,,Family,Monthly,Active,14.99,0.0,74.95,
3764,1269,20230205,20230506,Premium,Annual,Cancelled,9.99,0.0,29.97,Low Usage
3765,1306,20230220,,Fan,Monthly,Active,5.99,0.0,71.88,
3766,1343,20231022,20240120,Family,Monthly,Cancelled,14.99,0.0,44.97,Low Usage
3767,1380,20230515,20230614,Premium,Monthly,Cancelled,9.99,0.0,9.99,Low Usage
3768,1417,20230906,20240905,Fan,Annual,Cancelled,5.99,0.0,71.88,Price
3769,1454,20230731,20240730,Family,Monthly,Cancelled,14.99,0.0,179.88,Low Usage
3770,1491,20240211,,Premium,Monthly,Active,9.99,0.0,9.99,
3771,1528,20250109,,Fan,Monthly,Active,5.99,1.2,52.69,
3772,1565,20230409,20250408,Family,Annual,Cancelled,14.99,0.0,359.76,Low Usage
3773,1602,20250208,20250807,Premium,Monthly,Cancelled,9.99,0.0,59.94,Low Usage
3774,1639,20240608,,Fan,Monthly,Active,5.99,0.0,113.81,
3775,1676,20250814,,Family,Monthly,Active,14.99,0.0,59.96,
3776,1713,20250329,,Premium,Annual,Active,9.99,0.0,89.91,
3777,1750,20250622,,Fan,Monthly,Active,5.99,0.0,35.94,
3778,1787,20250103,20250202,Family,Monthly,Cancelled,14.99,0.0,14.99,Low Usage
3779,1824,20240715,20250715,Premium,Monthly,Cancelled,9.99,0.0,119.88,Low Usage
3780,1861,20230625,,Fan,Annual,Active,5.99,1.2,4.79,
3781,1898,20240702,20250702,Family,Monthly,Cancelled,14.99,0.0,179.88,Low Usage
3782,1935,20250504,20250802,Premium,Monthly,Cancelled,9.99,0.0,29.97,Low Usage
3783,1972,20240420,,Fan,Monthly,Active,5.99,0.0,119.8,
3784,2009,20250404,20250703,Family,Annual,Cancelled,14.99,0.0,44.97,Low Usage
3785,2046,20241010,,Premium,Monthly,Active,9.99,0.0,59.94,
3786,2083,20251115,20251215,Fan,Monthly,Cancelled,5.99,0.0,5.99,Price
3787,2120,20231006,20241005,Family,Monthly,Cancelled,14.99,0.0,179.88,Low Usage
3788,2157,20231014,20251013,Premium,Annual,Cancelled,9.99,0.0,239.76,Low Usage
3789,2194,20250819,,Fan,Monthly,Active,5.99,1.2,19.16,
3790,2231,20250331,,Family,Monthly,Active,14.99,0.0,134.91,
3791,2268,20250420,20250520,Premium,Monthly,Cancelled,9.99,0.0,9.99,Low Usage
3792,2305,20250406,,Fan,Annual,Active,5.99,0.0,53.91,
3793,2342,20250510,20250609,Family,Monthly,Cancelled,14.99,0.0,14.99,Low Usage
3794,2379,20230501,20231028,Premium,Monthly,Cancelled,9.99,0.0,59.94,Low Usage
3795,2416,20251026,,Fan,Monthly,Active,5.99,0.0,11.98,
3796,2453,20250424,,Family,Annual,Active,14.99,0.0,119.92,
3797,2490,20250730,,Premium,Monthly,Active,9.99,0.0,49.95,
3798,2527,20230210,20230809,Fan,Monthly,Cancelled,5.99,1.2,28.74,Price
3799,2564,20230711,20240107,Family,Monthly,Cancelled,14.99,0.0,89.94,Low Usage
3800,2601,20240712,,Premium,Annual,Active,9.99,0.0,29.97,
3801,2638,20231005,20240402,Fan,Monthly,Cancelled,5.99,0.0,35.94,Price
3802,2675,20230419,20230519,Family,Monthly,Cancelled,14.99,0.0,14.99,Low Usage
3803,2712,20250611,20250909,Premium,Monthly,Cancelled,9.99,0.0,29.97,Low Usage
3804,2749,20240313,20240909,Fan,Annual,Cancelled,5.99,0.0,35.94,Price
3805,2786,20240315,,Family,Monthly,Active,14.99,0.0,14.99,
3806,2823,20250110,,Premium,Monthly,Active,9.99,0.0,109.89,
3807,2860,20240717,20240816,Fan,Monthly,Cancelled,5.99,1.2,4.79,Price
3808,2897,20250126,20250725,Family,Annual,Cancelled,14.99,0.0,89.94,Low Usage
3809,2934,20230219,20230321,Premium,Monthly,Cancelled,9.99,0.0,9.99,Low Usage
3810,2971,20240131,,Fan,Monthly,Active,5.99,0.0,5.99,
3811,3008,20240731,20250127,Family,Monthly,Cancelled,14.99,0.0,89.94,Low Usage
3812,3045,20251013,20251112,Premium,Annual,Cancelled,9.99,0.0,9.99,Low Usage
3813,3082,20230128,20230727,Fan,Monthly,Cancelled,5.99,0.0,35.94,Price
3814,3119,20250704,,Family,Monthly,Active,14.99,0.0,89.94,
3815,3156,20231206,,Premium,Monthly,Active,9.99,0.0,29.97,
3816,3193,20250320,20250618,Fan,Annual,Cancelled,5.99,1.2,14.37,Price
3817,3230,20250324,20250423,Family,Monthly,Cancelled,14.99,0.0,14.99,Low Usage
3818,3267,20230816,20240815,Premium,Monthly,Cancelled,9.99,0.0,119.88,Low Usage
3819,3304,20230925,20240924,Fan,Monthly,Cancelled,5.99,0.0,71.88,Price
3820,3341,20240512,,Family,Annual,Active,14.99,0.0,179.88,
3821,3378,20230324,20230423,Premium,Monthly,Cancelled,9.99,0.0,9.99,Low Usage
3822,3415,20240123,20240721,Fan,Monthly,Cancelled,5.99,0.0,35.94,Price
3823,3452,20230407,20230507,Family,Monthly,Cancelled,14.99,0.0,14.99,Low Usage
3824,3489,20230507,20231103,Premium,Annual,Cancelled,9.99,0.0,59.94,Low Usage
3825,3526,20241007,,Fan,Monthly,Active,5.99,1.2,4.79,
3826,3563,20240916,,Family,Monthly,Active,14.99,0.0,224.85,
3827,3600,20240124,20250123,Premium,Monthly,Cancelled,9.99,0.0,119.88,Low Usage
3828,3637,20231020,20240118,Fan,Annual,Cancelled,5.99,0.0,17.97,Price
3829,3674,20240720,,Family,Monthly,Active,14.99,0.0,254.83,
3830,3711,20240519,,Premium,Monthly,Active,9.99,0.0,59.94,
3831,3748,20250206,20250308,Fan,Monthly,Cancelled,5.99,0.0,5.99,Price
3832,3785,20250829,20251127,Family,Annual,Cancelled,14.99,0.0,44.97,Low Usage
3833,3822,20240128,20240726,Premium,Monthly,Cancelled,9.99,0.0,59.94,Low Usage
3834,3859,20231026,20251025,Fan,Monthly,Cancelled,5.99,1.2,114.96,Price
3835,3896,20240908,,Family,Monthly,Active,14.99,0.0,89.94,
3836,3933,20241008,20250106,Premium,Annual,Cancelled,9.99,0.0,29.97,Low Usage
3837,3970,20240208,20250207,Fan,Monthly,Cancelled,5.99,0.0,71.88,Price
3838,4007,20240522,,Family,Monthly,Active,14.99,0.0,284.81,
3839,4044,20230619,20231216,Premium,Monthly,Cancelled,9.99,0.0,59.94,Low Usage
3840,4081,20250425,,Fan,Annual,Active,5.99,0.0,5.99,
3841,4118,20240602,20250602,Family,Monthly,Cancelled,14.99,0.0,179.88,Low Usage
3842,4155,20230906,20231006,Premium,Monthly,Cancelled,9.99,0.0,9.99,Low Usage
3843,4192,20250326,20250624,Fan,Monthly,Cancelled,5.99,1.2,14.37,Price
3844,4229,20241102,20250501,Family,Annual,Cancelled,14.99,0.0,89.94,Low Usage
3845,4266,20230903,,Premium,Monthly,Active,9.99,0.0,9.99,
3846,4303,20230319,20230915,Fan,Monthly,Cancelled,5.99,0.0,35.94,Price
3847,4340,20251030,,Family,Monthly,Active,14.99,0.0,29.98,
3848,4377,20250228,,Premium,Annual,Active,9.99,0.0,99.9,
3849,4414,20230506,20250505,Fan,Monthly,Cancelled,5.99,0.0,143.76,Price
3850,4451,20231220,,Family,Monthly,Active,14.99,0.0,179.88,
3851,4488,20240905,20250905,Premium,Monthly,Cancelled,9.99,0.0,119.88,Low Usage
3852,4525,20231026,20251025,Fan,Annual,Cancelled,5.99,1.2,114.96,Price
3853,4562,20240804,20240903,Family,Monthly,Cancelled,14.99,0.0,14.99,Low Usage
3854,4599,20230821,20240820,Premium,Monthly,Cancelled,9.99,0.0,119.88,Low Usage
3855,4636,20250827,,Fan,Monthly,Active,5.99,0.0,23.96,
3856,4673,20240429,20240728,Family,Annual,Cancelled,14.99,0.0,44.97,Low Usage
3857,4710,20230207,20230309,Premium,Monthly,Cancelled,9.99,0.0,9.99,Low Usage
3858,4747,20241004,20241103,Fan,Monthly,Cancelled,5.99,0.0,5.99,Price
3859,4784,20231025,20240422,Family,Monthly,Cancelled,14.99,0.0,89.94,Low Usage
3860,4821,20250113,,Premium,Annual,Active,9.99,0.0,9.99,
3861,4858,20240518,20240816,Fan,Monthly,Cancelled,5.99,1.2,14.37,Price
3862,4895,20231028,20241027,Family,Monthly,Cancelled,14.99,0.0,179.88,Low Usage
3863,4932,20250708,,Premium,Monthly,Active,9.99,0.0,49.95,
3864,4969,20251113,,Fan,Annual,Active,5.99,0.0,5.99,
3865,5006,20230110,,Family,Monthly,Active,14.99,0.0,359.76,
3866,5043,20250107,,Premium,Monthly,Active,9.99,0.0,109.89,
3867,5080,20230502,20231029,Fan,Monthly,Cancelled,5.99,0.0,35.94,Price
3868,5117,20230615,20230715,Family,Annual,Cancelled,14.99,0.0,14.99,Low Usage
3869,5154,20250328,,Premium,Monthly,Active,9.99,0.0,89.91,
3870,5191,20250909,,Fan,Monthly,Active,5.99,1.2,4.79,
3871,5228,20241116,20251116,Family,Monthly,Cancelled,14.99,0.0,179.88,Low Usage
3872,5265,20250924,,Premium,Annual,Active,9.99,0.0,29.97,
3873,5302,20250206,20250805,Fan,Monthly,Cancelled,5.99,0.0,35.94,Price
3874,5339,20230409,20250408,Family,Monthly,Cancelled,14.99,0.0,359.76,Low Usage
3875,5376,20230831,,Premium,Monthly,Active,9.99,0.0,59.94,
3876,5413,20241122,,Fan,Annual,Active,5.99,0.0,77.87,
3877,5450,20231124,20251123,Family,Monthly,Cancelled,14.99,0.0,359.76,Low Usage
3878,5487,20250917,,Premium,Monthly,Active,9.99,0.0,29.97,
3879,5524,20230515,20230813,Fan,Monthly,Cancelled,5.99,1.2,14.37,Price
3880,5561,20250601,,Family,Annual,Active,14.99,0.0,104.93,
3881,5598,20240729,20250125,Premium,Monthly,Cancelled,9.99,0.0,59.94,Low Usage
3882,5635,20231013,20240111,Fan,Monthly,Cancelled,5.99,0.0,17.97,Price
3883,5672,20250114,20250414,Family,Monthly,Cancelled,14.99,0.0,44.97,Low Usage
3884,5709,20240119,20240218,Premium,Annual,Cancelled,9.99,0.0,9.99,Low Usage
3885,5746,20240505,,Fan,Monthly,Active,5.99,0.0,71.88,
3886,5783,20240301,20240331,Family,Monthly,Cancelled,14.99,0.0,14.99,Low Usage
3887,5820,20231218,20251217,Premium,Monthly,Cancelled,9.99,0.0,239.76,Low Usage
3888,5857,20250403,,Fan,Annual,Active,5.99,1.2,43.11,
3889,5894,20240305,,Family,Monthly,Active,14.99,0.0,329.78,
3890,5931,20240716,,Premium,Monthly,Active,9.99,0.0,9.99,
3891,5968,20240518,20240816,Fan,Monthly,Cancelled,5.99,0.0,17.97,Price
3892,5,20240215,20240515,Family,Annual,Cancelled,14.99,0.0,44.97,Low Usage
3893,42,20240718,,Premium,Monthly,Active,9.99,0.0,169.83,
3894,79,20240729,20250729,Fan,Monthly,Cancelled,5.99,0.0,71.88,Price
3895,116,20240612,,Family,Monthly,Active,14.99,0.0,44.97,
3896,153,20240915,20250314,Premium,Annual,Cancelled,9.99,0.0,59.94,Low Usage
3897,190,20240110,20240209,Fan,Monthly,Cancelled,5.99,1.2,4.79,Price
3898,227,20241208,,Family,Monthly,Active,14.99,0.0,179.88,
3899,264,20241204,20250103,Premium,Monthly,Cancelled,9.99,0.0,9.99,Low Usage
3900,301,20250707,,Fan,Annual,Active,5.99,0.0,29.95,
3901,338,20230423,20230523,Family,Monthly,Cancelled,14.99,0.0,14.99,Low Usage
3902,375,20231003,20240331,Premium,Monthly,Cancelled,9.99,0.0,59.94,Low Usage
3903,412,20230810,20250809,Fan,Monthly,Cancelled,5.99,0.0,143.76,Price
3904,449,20230320,20230916,Family,Annual,Cancelled,14.99,0.0,89.94,Low Usage
3905,486,20250205,,Premium,Monthly,Active,9.99,0.0,109.89,
3906,523,20240321,20250321,Fan,Monthly,Cancelled,5.99,1.2,57.48,Price
3907,560,20241207,20250307,Family,Monthly,Cancelled,14.99,0.0,44.97,Low Usage
3908,597,20250227,20250826,Premium,Annual,Cancelled,9.99,0.0,59.94,Low Usage
3909,634,20231101,20240130,Fan,Monthly,Cancelled,5.99,0.0,17.97,Price
3910,671,20240125,,Family,Monthly,Active,14.99,0.0,344.77,
3911,708,20230501,20231028,Premium,Monthly,Cancelled,9.99,0.0,59.94,Low Usage
3912,745,20240304,20250304,Fan,Annual,Cancelled,5.99,0.0,71.88,Price
3913,782,20230610,20240609,Family,Monthly,Cancelled,14.99,0.0,179.88,Low Usage
3914,819,20240319,20240617,Premium,Monthly,Cancelled,9.99,0.0,29.97,Low Usage
3915,856,20240917,,Fan,Monthly,Active,5.99,1.2,28.74,
3916,893,20230624,20230724,Family,Annual,Cancelled,14.99,0.0,14.99,Low Usage
3917,930,20241005,20251005,Premium,Monthly,Cancelled,9.99,0.0,119.88,Low Usage
3918,967,20250612,20250712,Fan,Monthly,Cancelled,5.99,0.0,5.99,Price
3919,1004,20240524,20240623,Family,Monthly,Cancelled,14.99,0.0,14.99,Low Usage
3920,1041,20230831,,Premium,Annual,Active,9.99,0.0,239.76,
3921,1078,20240509,20240608,Fan,Monthly,Cancelled,5.99,0.0,5.99,Price
3922,1115,20240618,20240916,Family,Monthly,Cancelled,14.99,0.0,44.97,Low Usage
3923,1152,20240818,20250214,Premium,Monthly,Cancelled,9.99,0.0,59.94,Low Usage
3924,1189,20230501,20230531,Fan,Annual,Cancelled,5.99,1.2,4.79,Price
3925,1226,20230918,,Family,Monthly,Active,14.99,0.0,359.76,
3926,1263,20240216,20240317,Premium,Monthly,Cancelled,9.99,0.0,9.99,Low Usage
3927,1300,20230610,20230908,Fan,Monthly,Cancelled,5.99,0.0,17.97,Price
3928,1337,20241117,20241217,Family,Annual,Cancelled,14.99,0.0,14.99,Low Usage
3929,1374,20230325,20250324,Premium,Monthly,Cancelled,9.99,0.0,239.76,Low Usage
3930,1411,20241202,,Fan,Monthly,Active,5.99,0.0,17.97,
3931,1448,20230817,20240213,Family,Monthly,Cancelled,14.99,0.0,89.94,Low Usage
3932,1485,20231109,20240207,Premium,Annual,Cancelled,9.99,0.0,29.97,Low Usage
3933,1522,20240131,20240430,Fan,Monthly,Cancelled,5.99,1.2,14.37,Price
3934,1559,20240523,20240821,Family,Monthly,Cancelled,14.99,0.0,44.97,Low Usage
3935,1596,20230427,,Premium,Monthly,Active,9.99,0.0,119.88,
3936,1633,20251107,,Fan,Annual,Active,5.99,0.0,5.99,
3937,1670,20250102,20250701,Family,Monthly,Cancelled,14.99,0.0,89.94,Low Usage
3938,1707,20250516,20251112,Premium,Monthly,Cancelled,9.99,0.0,59.94,Low Usage
3939,1744,20240902,20250902,Fan,Monthly,Cancelled,5.99,0.0,71.88,Price
3940,1781,20250810,,Family,Annual,Active,14.99,0.0,59.96,
3941,1818,20250815,20251113,Premium,Monthly,Cancelled,9.99,0.0,29.97,Low Usage
3942,1855,20251113,,Fan,Monthly,Active,5.99,1.2,4.79,
3943,1892,20250225,20250824,Family,Monthly,Cancelled,14.99,0.0,89.94,Low Usage
3944,1929,20251016,,Premium,Annual,Active,9.99,0.0,19.98,
3945,1966,20240305,,Fan,Monthly,Active,5.99,0.0,5.99,
3946,2003,20240517,20250517,Family,Monthly,Cancelled,14.99,0.0,179.88,Low Usage
3947,2040,20230806,20240805,Premium,Monthly,Cancelled,9.99,0.0,119.88,Low Usage
3948,2077,20240530,,Fan,Annual,Active,5.99,0.0,113.81,
3949,2114,20250204,20250306,Family,Monthly,Cancelled,14.99,0.0,14.99,Low Usage
3950,2151,20230930,,Premium,Monthly,Active,9.99,0.0,59.94,
3951,2188,20240114,20240213,Fan,Monthly,Cancelled,5.99,1.2,4.79,Price
3952,2225,20231215,20240612,Family,Annual,Cancelled,14.99,0.0,89.94,Low Usage
3953,2262,20231116,20240214,Premium,Monthly,Cancelled,9.99,0.0,29.97,Low Usage
3954,2299,20230125,20240125,Fan,Monthly,Cancelled,5.99,0.0,71.88,Price
3955,2336,20250115,,Family,Monthly,Active,14.99,0.0,164.89,
3956,2373,20250511,20251107,Premium,Annual,Cancelled,9.99,0.0,59.94,Low Usage
3957,2410,20250412,,Fan,Monthly,Active,5.99,0.0,47.92,
3958,2447,20230404,20240403,Family,Monthly,Cancelled,14.99,0.0,179.88,Low Usage
3959,2484,20230730,20230829,Premium,Monthly,Cancelled,9.99,0.0,9.99,Low Usage
3960,2521,20230426,,Fan,Annual,Active,5.99,1.2,14.37,
3961,2558,20241101,20241201,Family,Monthly,Cancelled,14.99,0.0,14.99,Low Usage
3962,2595,20251023,20251122,Premium,Monthly,Cancelled,9.99,0.0,9.99,Low Usage
3963,2632,20230820,20231118,Fan,Monthly,Cancelled,5.99,0.0,17.97,Price
3964,2669,20250921,20251021,Family,Annual,Cancelled,14.99,0.0,14.99,Low Usage
3965,2706,20230710,,Premium,Monthly,Active,9.99,0.0,59.94,
3966,2743,20240521,20240819,Fan,Monthly,Cancelled,5.99,0.0,17.97,Price
3967,2780,20240926,20250325,Family,Monthly,Cancelled,14.99,0.0,89.94,Low Usage
3968,2817,20240119,20240717,Premium,Annual,Cancelled,9.99,0.0,59.94,Low Usage
3969,2854,20230807,20231105,Fan,Monthly,Cancelled,5.99,1.2,14.37,Price
3970,2891,20231017,,Family,Monthly,Active,14.99,0.0,179.88,
3971,2928,20230418,20240417,Premium,Monthly,Cancelled,9.99,0.0,119.88,Low Usage
3972,2965,20250219,20250818,Fan,Annual,Cancelled,5.99,0.0,35.94,Price
3973,3002,20230210,20250209,Family,Monthly,Cancelled,14.99,0.0,359.76,Low Usage
3974,3039,20240717,20250717,Premium,Monthly,Cancelled,9.99,0.0,119.88,Low Usage
3975,3076,20250730,,Fan,Monthly,Active,5.99,0.0,5.99,
3976,3113,20231208,20241207,Family,Annual,Cancelled,14.99,0.0,179.88,Low Usage
3977,3150,20230814,20230913,Premium,Monthly,Cancelled,9.99,0.0,9.99,Low Usage
3978,3187,20250625,20250725,Fan,Monthly,Cancelled,5.99,1.2,4.79,Price
3979,3224,20241028,20250126,Family,Monthly,Cancelled,14.99,0.0,44.97,Low Usage
3980,3261,20250302,,Premium,Annual,Active,9.99,0.0,99.9,
3981,3298,20250208,,Fan,Monthly,Active,5.99,0.0,59.9,
3982,3335,20250429,,Family,Monthly,Active,14.99,0.0,119.92,
3983,3372,20230412,20231009,Premium,Monthly,Cancelled,9.99,0.0,59.94,Low Usage
3984,3409,20240530,,Fan,Annual,Active,5.99,0.0,113.81,
3985,3446,20250607,,Family,Monthly,Active,14.99,0.0,89.94,
3986,3483,20250515,20250813,Premium,Monthly,Cancelled,9.99,0.0,29.97,Low Usage
3987,3520,20250514,,Fan,Monthly,Active,5.99,1.2,33.53,
3988,3557,20251023,,Family,Annual,Active,14.99,0.0,29.98,
3989,3594,20230626,20240625,Premium,Monthly,Cancelled,9.99,0.0,119.88,Low Usage
3990,3631,20230912,,Fan,Monthly,Active,5.99,0.0,17.97,
3991,3668,20240201,20240302,Family,Monthly,Cancelled,14.99,0.0,14.99,Low Usage
3992,3705,20240704,,Premium,Annual,Active,9.99,0.0,179.82,
3993,3742,20230523,20231119,Fan,Monthly,Cancelled,5.99,0.0,35.94,Price
3994,3779,20250526,,Family,Monthly,Active,14.99,0.0,104.93,
3995,3816,20250202,,Premium,Monthly,Active,9.99,0.0,29.97,
3996,3853,20250601,20250830,Fan,Annual,Cancelled,5.99,1.2,14.37,Price
3997,3890,20230927,20231027,Family,Monthly,Cancelled,14.99,0.0,14.99,Low Usage
3998,3927,20240922,,Premium,Monthly,Active,9.99,0.0,149.85,
3999,3964,20241205,,Fan,Monthly,Active,5.99,0.0,77.87,
4000,4001,20240504,,Family,Annual,Active,14.99,0.0,299.8,
4001,4038,20240606,20240706,Premium,Monthly,Cancelled,9.99,0.0,9.99,Low Usage
4002,4075,20250504,20250802,Fan,Monthly,Cancelled,5.99,0.0,17.97,Price
4003,4112,20231124,20240222,Family,Monthly,Cancelled,14.99,0.0,44.97,Low Usage
4004,4149,20240118,20240217,Premium,Annual,Cancelled,9.99,0.0,9.99,Low Usage
4005,4186,20230613,,Fan,Monthly,Active,5.99,1.2,4.79,
4006,4223,20250902,,Family,Monthly,Active,14.99,0.0,59.96,
4007,4260,20240514,20240613,Premium,Monthly,Cancelled,9.99,0.0,9.99,Low Usage
4008,4297,20241114,20250212,Fan,Annual,Cancelled,5.99,0.0,17.97,Price
4009,4334,20241225,20251225,Family,Monthly,Cancelled,14.99,0.0,179.88,Low Usage
4010,4371,20250922,,Premium,Monthly,Active,9.99,0.0,29.97,
4011,4408,20230411,20240410,Fan,Monthly,Cancelled,5.99,0.0,71.88,Price
4012,4445,20230730,20230829,Family,Annual,Cancelled,14.99,0.0,14.99,Low Usage
4013,4482,20230906,20231205,Premium,Monthly,Cancelled,9.99,0.0,29.97,Low Usage
4014,4519,20230508,20231104,Fan,Monthly,Cancelled,5.99,1.2,28.74,Price
4015,4556,20241112,,Family,Monthly,Active,14.99,0.0,179.88,
4016,4593,20250322,,Premium,Annual,Active,9.99,0.0,89.91,
4017,4630,20240512,20241108,Fan,Monthly,Cancelled,5.99,0.0,35.94,Price
4018,4667,20240906,20250906,Family,Monthly,Cancelled,14.99,0.0,179.88,Low Usage
4019,4704,20240604,20240902,Premium,Monthly,Cancelled,9.99,0.0,29.97,Low Usage
4020,4741,20240926,,Fan,Annual,Active,5.99,0.0,35.94,
4021,4778,20240609,,Family,Monthly,Active,14.99,0.0,284.81,
4022,4815,20251001,,Premium,Monthly,Active,9.99,0.0,29.97,
4023,4852,20231112,20241111,Fan,Monthly,Cancelled,5.99,1.2,57.48,Price
4024,4889,20250529,,Family,Annual,Active,14.99,0.0,104.93,
4025,4926,20230520,,Premium,Monthly,Active,9.99,0.0,9.99,
4026,4963,20250430,20250530,Fan,Monthly,Cancelled,5.99,0.0,5.99,Price
4027,5000,20241225,20251225,Family,Monthly,Cancelled,14.99,0.0,179.88,Low Usage
4028,5037,20240325,20250325,Premium,Annual,Cancelled,9.99,0.0,119.88,Low Usage
4029,5074,20251110,,Fan,Monthly,Active,5.99,0.0,5.99,
4030,5111,20240729,,Family,Monthly,Active,14.99,0.0,44.97,
4031,5148,20231002,20240330,Premium,Monthly,Cancelled,9.99,0.0,59.94,Low Usage
4032,5185,20250205,,Fan,Annual,Active,5.99,1.2,52.69,
4033,5222,20250302,20250401,Family,Monthly,Cancelled,14.99,0.0,14.99,Low Usage
4034,5259,20230511,20230610,Premium,Monthly,Cancelled,9.99,0.0,9.99,Low Usage
4035,5296,20230801,,Fan,Monthly,Active,5.99,0.0,35.94,
4036,5333,20240107,,Family,Annual,Active,14.99,0.0,359.76,
4037,5370,20250816,20251114,Premium,Monthly,Cancelled,9.99,0.0,29.97,Low Usage
4038,5407,20250519,,Fan,Monthly,Active,5.99,0.0,41.93,
4039,5444,20240402,20240701,Family,Monthly,Cancelled,14.99,0.0,44.97,Low Usage
4040,5481,20230702,,Premium,Annual,Active,9.99,0.0,59.94,
4041,5518,20250206,20250507,Fan,Monthly,Cancelled,5.99,1.2,14.37,Price
4042,5555,20240827,20250827,Family,Monthly,Cancelled,14.99,0.0,179.88,Low Usage
4043,5592,20250202,,Premium,Monthly,Active,9.99,0.0,109.89,
4044,5629,20240131,20250130,Fan,Annual,Cancelled,5.99,0.0,71.88,Price
4045,5666,20251004,,Family,Monthly,Active,14.99,0.0,29.98,
4046,5703,20240601,20240830,Premium,Monthly,Cancelled,9.99,0.0,29.97,Low Usage
4047,5740,20240924,20241223,Fan,Monthly,Cancelled,5.99,0.0,17.97,Price
4048,5777,20231103,20231203,Family,Annual,Cancelled,14.99,0.0,14.99,Low Usage
4049,5814,20250305,,Premium,Monthly,Active,9.99,0.0,99.9,
4050,5851,20240715,,Fan,Monthly,Active,5.99,1.2,28.74,
4051,5888,20250909,,Family,Monthly,Active,14.99,0.0,44.97,
4052,5925,20240917,20241017,Premium,Annual,Cancelled,9.99,0.0,9.99,Low Usage
4053,5962,20240728,20250728,Fan,Monthly,Cancelled,5.99,0.0,71.88,Price
4054,5999,20231209,20240606,Family,Monthly,Cancelled,14.99,0.0,89.94,Low Usage
4055,36,20230521,,Premium,Monthly,Active,9.99,0.0,59.94,
4056,73,20250725,20251023,Fan,Annual,Cancelled,5.99,0.0,17.97,Price
4057,110,20231231,20240130,Family,Monthly,Cancelled,14.99,0.0,14.99,Low Usage
4058,147,20230419,20231016,Premium,Monthly,Cancelled,9.99,0.0,59.94,Low Usage
4059,184,20250612,,Fan,Monthly,Active,5.99,1.2,28.74,
4060,221,20241214,,Family,Annual,Active,14.99,0.0,179.88,
4061,258,20240824,20240923,Premium,Monthly,Cancelled,9.99,0.0,9.99,Low Usage
4062,295,20230409,20231006,Fan,Monthly,Cancelled,5.99,0.0,35.94,Price
4063,332,20240301,20250301,Family,Monthly,Cancelled,14.99,0.0,179.88,Low Usage
4064,369,20240121,20240420,Premium,Annual,Cancelled,9.99,0.0,29.97,Low Usage
4065,406,20230926,,Fan,Monthly,Active,5.99,0.0,35.94,
4066,443,20240716,20240815,Family,Monthly,Cancelled,14.99,0.0,14.99,Low Usage
4067,480,20230412,20231009,Premium,Monthly,Cancelled,9.99,0.0,59.94,Low Usage
4068,517,20250422,20250522,Fan,Annual,Cancelled,5.99,1.2,4.79,Price
4069,554,20241010,20241109,Family,Monthly,Cancelled,14.99,0.0,14.99,Low Usage
4070,591,20250726,,Premium,Monthly,Active,9.99,0.0,49.95,
4071,628,20240819,20250819,Fan,Monthly,Cancelled,5.99,0.0,71.88,Price
4072,665,20250805,20250904,Family,Annual,Cancelled,14.99,0.0,14.99,Low Usage
4073,702,20230822,20240821,Premium,Monthly,Cancelled,9.99,0.0,119.88,Low Usage
4074,739,20250921,,Fan,Monthly,Active,5.99,0.0,17.97,
4075,776,20250811,,Family,Monthly,Active,14.99,0.0,59.96,
4076,813,20240826,,Premium,Annual,Active,9.99,0.0,159.84,
4077,850,20250207,20250508,Fan,Monthly,Cancelled,5.99,1.2,14.37,Price
4078,887,20230713,20250712,Family,Monthly,Cancelled,14.99,0.0,359.76,Low Usage
4079,924,20240708,20241006,Premium,Monthly,Cancelled,9.99,0.0,29.97,Low Usage
4080,961,20250103,,Fan,Annual,Active,5.99,0.0,71.88,
4081,998,20241011,20250109,Family,Monthly,Cancelled,14.99,0.0,44.97,Low Usage
4082,1035,20240605,20241202,Premium,Monthly,Cancelled,9.99,0.0,59.94,Low Usage
4083,1072,20240201,20250131,Fan,Monthly,Cancelled,5.99,0.0,71.88,Price
4084,1109,20240404,,Family,Annual,Active,14.99,0.0,314.79,
4085,1146,20240818,,Premium,Monthly,Active,9.99,0.0,29.97,
4086,1183,20250710,,Fan,Monthly,Active,5.99,1.2,23.95,
4087,1220,20240513,20241109,Family,Monthly,Cancelled,14.99,0.0,89.94,Low Usage
4088,1257,20250625,,Premium,Annual,Active,9.99,0.0,59.94,
4089,1294,20230425,20230525,Fan,Monthly,Cancelled,5.99,0.0,5.99,Price
4090,1331,20230318,,Family,Monthly,Active,14.99,0.0,179.88,
4091,1368,20240625,20241222,Premium,Monthly,Cancelled,9.99,0.0,59.94,Low Usage
4092,1405,20250919,,Fan,Annual,Active,5.99,0.0,17.97,
4093,1442,20230812,20240811,Family,Monthly,Cancelled,14.99,0.0,179.88,Low Usage
4094,1479,20240131,,Premium,Monthly,Active,9.99,0.0,229.77,
4095,1516,20240124,,Fan,Monthly,Active,5.99,1.2,4.79,
4096,1553,20230109,20240109,Family,Annual,Cancelled,14.99,0.0,179.88,Low Usage
4097,1590,20250928,20251227,Premium,Monthly,Cancelled,9.99,0.0,29.97,Low Usage
4098,1627,20240425,20250425,Fan,Monthly,Cancelled,5.99,0.0,71.88,Price
4099,1664,20230126,20250125,Family,Monthly,Cancelled,14.99,0.0,359.76,Low Usage
4100,1701,20230107,,Premium,Annual,Active,9.99,0.0,239.76,
4101,1738,20240712,20250712,Fan,Monthly,Cancelled,5.99,0.0,71.88,Price
4102,1775,20250408,20250707,Family,Monthly,Cancelled,14.99,0.0,44.97,Low Usage
4103,1812,20241213,,Premium,Monthly,Active,9.99,0.0,119.88,
4104,1849,20250914,,Fan,Annual,Active,5.99,1.2,14.37,
4105,1886,20250519,,Family,Monthly,Active,14.99,0.0,104.93,
4106,1923,20231022,20241021,Premium,Monthly,Cancelled,9.99,0.0,119.88,Low Usage
4107,1960,20241224,20250324,Fan,Monthly,Cancelled,5.99,0.0,17.97,Price
4108,1997,20240612,20250612,Family,Annual,Cancelled,14.99,0.0,179.88,Low Usage
4109,2034,20230922,20231022,Premium,Monthly,Cancelled,9.99,0.0,9.99,Low Usage
4110,2071,20230106,,Fan,Monthly,Active,5.99,0.0,17.97,
4111,2108,20230122,20230422,Family,Monthly,Cancelled,14.99,0.0,44.97,Low Usage
4112,2145,20230405,20240404,Premium,Annual,Cancelled,9.99,0.0,119.88,Low Usage
4113,2182,20250922,20251022,Fan,Monthly,Cancelled,5.99,1.2,4.79,Price
4114,2219,20250801,,Family,Monthly,Active,14.99,0.0,74.95,
4115,2256,20240411,,Premium,Monthly,Active,9.99,0.0,9.99,
4116,2293,20240112,,Fan,Annual,Active,5.99,0.0,143.76,
4117,2330,20230809,20230908,Family,Monthly,Cancelled,14.99,0.0,14.99,Low Usage
4118,2367,20231013,20240410,Premium,Monthly,Cancelled,9.99,0.0,59.94,Low Usage
4119,2404,20250414,,Fan,Monthly,Active,5.99,0.0,47.92,
4120,2441,20240129,,Family,Annual,Active,14.99,0.0,44.97,
4121,2478,20230726,20250725,Premium,Monthly,Cancelled,9.99,0.0,239.76,Low Usage
4122,2515,20241019,20250117,Fan,Monthly,Cancelled,5.99,1.2,14.37,Price
4123,2552,20230519,20230817,Family,Monthly,Cancelled,14.99,0.0,44.97,Low Usage
4124,2589,20230721,20231019,Premium,Annual,Cancelled,9.99,0.0,29.97,Low Usage
4125,2626,20250127,,Fan,Monthly,Active,5.99,0.0,5.99,
4126,2663,20230316,20230614,Family,Monthly,Cancelled,14.99,0.0,44.97,Low Usage
4127,2700,20231026,20241025,Premium,Monthly,Cancelled,9.99,0.0,119.88,Low Usage
4128,2737,20230321,20250320,Fan,Annual,Cancelled,5.99,0.0,143.76,Price
4129,2774,20250107,20250206,Family,Monthly,Cancelled,14.99,0.0,14.99,Low Usage
4130,2811,20240605,,Premium,Monthly,Active,9.99,0.0,119.88,
4131,2848,20240409,20240708,Fan,Monthly,Cancelled,5.99,1.2,14.37,Price
4132,2885,20251022,,Family,Annual,Active,14.99,0.0,29.98,
4133,2922,20250902,,Premium,Monthly,Active,9.99,0.0,39.96,
4134,2959,20250614,20250912,Fan,Monthly,Cancelled,5.99,0.0,17.97,Price
4135,2996,20250508,,Family,Monthly,Active,14.99,0.0,104.93,
4136,3033,20250904,,Premium,Annual,Active,9.99,0.0,29.97,
4137,3070,20240229,20240827,Fan,Monthly,Cancelled,5.99,0.0,35.94,Price
4138,3107,20241226,20250125,Family,Monthly,Cancelled,14.99,0.0,14.99,Low Usage
4139,3144,20250522,20250621,Premium,Monthly,Cancelled,9.99,0.0,9.99,Low Usage
4140,3181,20241217,,Fan,Annual,Active,5.99,1.2,14.37,
4141,3218,20240617,20240717,Family,Monthly,Cancelled,14.99,0.0,14.99,Low Usage
4142,3255,20231231,20251230,Premium,Monthly,Cancelled,9.99,0.0,239.76,Low Usage
4143,3292,20240419,20240718,Fan,Monthly,Cancelled,5.99,0.0,17.97,Price
4144,3329,20240924,20241223,Family,Annual,Cancelled,14.99,0.0,44.97,Low Usage
4145,3366,20240721,,Premium,Monthly,Active,9.99,0.0,59.94,
4146,3403,20240901,20250901,Fan,Monthly,Cancelled,5.99,0.0,71.88,Price
4147,3440,20240301,20240530,Family,Monthly,Cancelled,14.99,0.0,44.97,Low Usage
4148,3477,20240621,20241218,Premium,Annual,Cancelled,9.99,0.0,59.94,Low Usage
4149,3514,20230317,20250316,Fan,Monthly,Cancelled,5.99,1.2,114.96,Price
4150,3551,20250629,,Family,Monthly,Active,14.99,0.0,89.94,
4151,3588,20240108,20240407,Premium,Monthly,Cancelled,9.99,0.0,29.97,Low Usage
4152,3625,20251027,,Fan,Annual,Active,5.99,0.0,11.98,
4153,3662,20230430,20230729,Family,Monthly,Cancelled,14.99,0.0,44.97,Low Usage
4154,3699,20230112,20240112,Premium,Monthly,Cancelled,9.99,0.0,119.88,Low Usage
4155,3736,20240630,,Fan,Monthly,Active,5.99,0.0,35.94,
4156,3773,20251002,20251231,Family,Annual,Cancelled,14.99,0.0,44.97,Low Usage
4157,3810,20251022,,Premium,Monthly,Active,9.99,0.0,19.98,
4158,3847,20251030,,Fan,Monthly,Active,5.99,1.2,9.58,
4159,3884,20240318,,Family,Monthly,Active,14.99,0.0,314.79,
4160,3921,20241126,,Premium,Annual,Active,9.99,0.0,119.88,
4161,3958,20250402,,Fan,Monthly,Active,5.99,0.0,53.91,
4162,3995,20230726,20250725,Family,Monthly,Cancelled,14.99,0.0,359.76,Low Usage
4163,4032,20230506,20230605,Premium,Monthly,Cancelled,9.99,0.0,9.99,Low Usage
4164,4069,20241211,20250311,Fan,Annual,Cancelled,5.99,0.0,17.97,Price
4165,4106,20250417,,Family,Monthly,Active,14.99,0.0,89.94,
4166,4143,20230130,20250129,Premium,Monthly,Cancelled,9.99,0.0,239.76,Low Usage
4167,4180,20250921,,Fan,Monthly,Active,5.99,1.2,14.37,
4168,4217,20241029,20250127,Family,Annual,Cancelled,14.99,0.0,44.97,Low Usage
4169,4254,20240609,20240709,Premium,Monthly,Cancelled,9.99,0.0,9.99,Low Usage
4170,4291,20231205,,Fan,Monthly,Active,5.99,0.0,71.88,
4171,4328,20240220,20240818,Family,Monthly,Cancelled,14.99,0.0,89.94,Low Usage
4172,4365,20240322,20240918,Premium,Annual,Cancelled,9.99,0.0,59.94,Low Usage
4173,4402,20230228,20250227,Fan,Monthly,Cancelled,5.99,0.0,143.76,Price
4174,4439,20230823,20250822,Family,Monthly,Cancelled,14.99,0.0,359.76,Low Usage
4175,4476,20230129,,Premium,Monthly,Active,9.99,0.0,9.99,
4176,4513,20230314,20230413,Fan,Annual,Cancelled,5.99,1.2,4.79,Price
4177,4550,20240509,,Family,Monthly,Active,14.99,0.0,299.8,
4178,4587,20230202,20230304,Premium,Monthly,Cancelled,9.99,0.0,9.99,Low Usage
4179,4624,20231209,20240308,Fan,Monthly,Cancelled,5.99,0.0,17.97,Price
4180,4661,20241229,,Family,Annual,Active,14.99,0.0,14.99,
4181,4698,20250816,20251114,Premium,Monthly,Cancelled,9.99,0.0,29.97,Low Usage
4182,4735,20250414,20251011,Fan,Monthly,Cancelled,5.99,0.0,35.94,Price
4183,4772,20230531,20240530,Family,Monthly,Cancelled,14.99,0.0,179.88,Low Usage
4184,4809,20230217,20250216,Premium,Annual,Cancelled,9.99,0.0,239.76,Low Usage
4185,4846,20240606,,Fan,Monthly,Active,5.99,1.2,4.79,
4186,4883,20250604,,Family,Monthly,Active,14.99,0.0,104.93,
4187,4920,20240310,,Premium,Monthly,Active,9.99,0.0,219.78,
4188,4957,20240806,20240905,Fan,Annual,Cancelled,5.99,0.0,5.99,Price
4189,4994,20231106,20240504,Family,Monthly,Cancelled,14.99,0.0,89.94,Low Usage
4190,5031,20231114,,Premium,Monthly,Active,9.99,0.0,29.97,
4191,5068,20250430,20250530,Fan,Monthly,Cancelled,5.99,0.0,5.99,Price
4192,5105,20250413,,Family,Annual,Active,14.99,0.0,119.92,
4193,5142,20230417,20231014,Premium,Monthly,Cancelled,9.99,0.0,59.94,Low Usage
4194,5179,20250630,,Fan,Monthly,Active,5.99,1.2,28.74,
4195,5216,20250203,,Family,Monthly,Active,14.99,0.0,89.94,
4196,5253,20241117,20251117,Premium,Annual,Cancelled,9.99,0.0,119.88,Low Usage
4197,5290,20231212,20240111,Fan,Monthly,Cancelled,5.99,0.0,5.99,Price
4198,5327,20240616,20240914,Family,Monthly,Cancelled,14.99,0.0,44.97,Low Usage
4199,5364,20250818,,Premium,Monthly,Active,9.99,0.0,39.96,
4200,5401,20250117,,Fan,Annual,Active,5.99,0.0,5.99,
4201,5438,20240207,20240805,Family,Monthly,Cancelled,14.99,0.0,89.94,Low Usage
4202,5475,20231204,20240303,Premium,Monthly,Cancelled,9.99,0.0,29.97,Low Usage
4203,5512,20240210,20240808,Fan,Monthly,Cancelled,5.99,1.2,28.74,Price
4204,5549,20240311,20240609,Family,Annual,Cancelled,14.99,0.0,44.97,Low Usage
4205,5586,20230501,,Premium,Monthly,Active,9.99,0.0,29.97,
4206,5623,20250101,20250131,Fan,Monthly,Cancelled,5.99,0.0,5.99,Price
4207,5660,20240518,20240617,Family,Monthly,Cancelled,14.99,0.0,14.99,Low Usage
4208,5697,20230831,20240830,Premium,Annual,Cancelled,9.99,0.0,119.88,Low Usage
4209,5734,20240725,,Fan,Monthly,Active,5.99,0.0,101.83,
4210,5771,20240521,,Family,Monthly,Active,14.99,0.0,44.97,
4211,5808,20231030,20240128,Premium,Monthly,Cancelled,9.99,0.0,29.97,Low Usage
4212,5845,20250712,,Fan,Annual,Active,5.99,1.2,23.95,
4213,5882,20251115,,Family,Monthly,Active,14.99,0.0,14.99,
4214,5919,20240729,20241027,Premium,Monthly,Cancelled,9.99,0.0,29.97,Low Usage
4215,5956,20250914,,Fan,Monthly,Active,5.99,0.0,17.97,
4216,5993,20230118,20240118,Family,Annual,Cancelled,14.99,0.0,179.88,Low Usage
4217,30,20230419,20230718,Premium,Monthly,Cancelled,9.99,0.0,29.97,Low Usage
4218,67,20241207,20250307,Fan,Monthly,Cancelled,5.99,0.0,17.97,Price
4219,104,20230322,20230421,Family,Monthly,Cancelled,14.99,0.0,14.99,Low Usage
4220,141,20231211,,Premium,Annual,Active,9.99,0.0,9.99,
4221,178,20250812,,Fan,Monthly,Active,5.99,1.2,19.16,
4222,215,20230513,20231109,Family,Monthly,Cancelled,14.99,0.0,89.94,Low Usage
4223,252,20241118,20241218,Premium,Monthly,Cancelled,9.99,0.0,9.99,Low Usage
4224,289,20240823,20241121,Fan,Annual,Cancelled,5.99,0.0,17.97,Price
4225,326,20240722,,Family,Monthly,Active,14.99,0.0,89.94,
4226,363,20230530,20231126,Premium,Monthly,Cancelled,9.99,0.0,59.94,Low Usage
4227,400,20250108,,Fan,Monthly,Active,5.99,0.0,65.89,
4228,437,20230301,20240229,Family,Annual,Cancelled,14.99,0.0,179.88,Low Usage
4229,474,20230302,20230531,Premium,Monthly,Cancelled,9.99,0.0,29.97,Low Usage
4230,511,20240128,,Fan,Monthly,Active,5.99,1.2,28.74,
4231,548,20251013,,Family,Monthly,Active,14.99,0.0,29.98,
4232,585,20250612,20251209,Premium,Annual,Cancelled,9.99,0.0,59.94,Low Usage
4233,622,20231231,20251230,Fan,Monthly,Cancelled,5.99,0.0,143.76,Price
4234,659,20230506,20231102,Family,Monthly,Cancelled,14.99,0.0,89.94,Low Usage
4235,696,20250323,,Premium,Monthly,Active,9.99,0.0,89.91,
4236,733,20250826,,Fan,Annual,Active,5.99,0.0,23.96,
4237,770,20240929,20250929,Family,Monthly,Cancelled,14.99,0.0,179.88,Low Usage
4238,807,20240813,20250209,Premium,Monthly,Cancelled,9.99,0.0,59.94,Low Usage
4239,844,20241008,20241107,Fan,Monthly,Cancelled,5.99,1.2,4.79,Price
4240,881,20231219,,Family,Annual,Active,14.99,0.0,89.94,
4241,918,20231213,20240112,Premium,Monthly,Cancelled,9.99,0.0,9.99,Low Usage
4242,955,20250914,,Fan,Monthly,Active,5.99,0.0,17.97,
4243,992,20250619,20250917,Family,Monthly,Cancelled,14.99,0.0,44.97,Low Usage
4244,1029,20250913,20251212,Premium,Annual,Cancelled,9.99,0.0,29.97,Low Usage
4245,1066,20240525,,Fan,Monthly,Active,5.99,0.0,5.99,
4246,1103,20240802,20240901,Family,Monthly,Cancelled,14.99,0.0,14.99,Low Usage
4247,1140,20250308,20250407,Premium,Monthly,Cancelled,9.99,0.0,9.99,Low Usage
4248,1177,20240428,20241025,Fan,Annual,Cancelled,5.99,1.2,28.74,Price
4249,1214,20251017,,Family,Monthly,Active,14.99,0.0,29.98,
4250,1251,20240902,,Premium,Monthly,Active,9.99,0.0,29.97,
4251,1288,20250318,,Fan,Monthly,Active,5.99,0.0,53.91,
4252,1325,20230912,20250911,Family,Annual,Cancelled,14.99,0.0,359.76,Low Usage
4253,1362,20250310,20250608,Premium,Monthly,Cancelled,9.99,0.0,29.97,Low Usage
4254,1399,20250527,,Fan,Monthly,Active,5.99,0.0,41.93,
4255,1436,20250116,,Family,Monthly,Active,14.99,0.0,164.89,
4256,1473,20241019,,Premium,Annual,Active,9.99,0.0,139.86,
4257,1510,20250330,,Fan,Monthly,Active,5.99,1.2,43.11,
4258,1547,20250211,,Family,Monthly,Active,14.99,0.0,149.9,
4259,1584,20250709,,Premium,Monthly,Active,9.99,0.0,49.95,
4260,1621,20240814,,Fan,Annual,Active,5.99,0.0,17.97,
4261,1658,20250111,20250710,Family,Monthly,Cancelled,14.99,0.0,89.94,Low Usage
4262,1695,20250314,,Premium,Monthly,Active,9.99,0.0,89.91,
4263,1732,20230304,20230602,Fan,Monthly,Cancelled,5.99,0.0,17.97,Price
4264,1769,20230902,20240901,Family,Annual,Cancelled,14.99,0.0,179.88,Low Usage
4265,1806,20250622,,Premium,Monthly,Active,9.99,0.0,59.94,
4266,1843,20240506,,Fan,Monthly,Active,5.99,1.2,95.8,
4267,1880,20230331,20230430,Family,Monthly,Cancelled,14.99,0.0,14.99,Low Usage
4268,1917,20230609,20230907,Premium,Annual,Cancelled,9.99,0.0,29.97,Low Usage
4269,1954,20241202,,Fan,Monthly,Active,5.99,0.0,77.87,
4270,1991,20230115,,Family,Monthly,Active,14.99,0.0,44.97,
4271,2028,20240804,,Premium,Monthly,Active,9.99,0.0,169.83,
4272,2065,20231225,20240124,Fan,Annual,Cancelled,5.99,0.0,5.99,Price
4273,2102,20240530,20241126,Family,Monthly,Cancelled,14.99,0.0,89.94,Low Usage
4274,2139,20231121,20241120,Premium,Monthly,Cancelled,9.99,0.0,119.88,Low Usage
4275,2176,20230221,,Fan,Monthly,Active,5.99,1.2,14.37,
4276,2213,20240525,20240624,Family,Annual,Cancelled,14.99,0.0,14.99,Low Usage
4277,2250,20250424,20251021,Premium,Monthly,Cancelled,9.99,0.0,59.94,Low Usage
4278,2287,20250425,20250525,Fan,Monthly,Cancelled,5.99,0.0,5.99,Price
4279,2324,20250522,20251118,Family,Monthly,Cancelled,14.99,0.0,89.94,Low Usage
4280,2361,20230918,,Premium,Annual,Active,9.99,0.0,59.94,
4281,2398,20250314,20250413,Fan,Monthly,Cancelled,5.99,0.0,5.99,Price
4282,2435,20230621,20250620,Family,Monthly,Cancelled,14.99,0.0,359.76,Low Usage
4283,2472,20240328,20240427,Premium,Monthly,Cancelled,9.99,0.0,9.99,Low Usage
4284,2509,20240326,20240922,Fan,Annual,Cancelled,5.99,1.2,28.74,Price
4285,2546,20230307,,Family,Monthly,Active,14.99,0.0,179.88,
4286,2583,20230426,20250425,Premium,Monthly,Cancelled,9.99,0.0,239.76,Low Usage
4287,2620,20250725,20251023,Fan,Monthly,Cancelled,5.99,0.0,17.97,Price
4288,2657,20241105,20251105,Family,Annual,Cancelled,14.99,0.0,179.88,Low Usage
4289,2694,20251030,20251129,Premium,Monthly,Cancelled,9.99,0.0,9.99,Low Usage
4290,2731,20240410,,Fan,Monthly,Active,5.99,0.0,5.99,
4291,2768,20230821,20240820,Family,Monthly,Cancelled,14.99,0.0,179.88,Low Usage
4292,2805,20240718,20250114,Premium,Annual,Cancelled,9.99,0.0,59.94,Low Usage
4293,2842,20240316,20250316,Fan,Monthly,Cancelled,5.99,1.2,57.48,Price
4294,2879,20241103,20250502,Family,Monthly,Cancelled,14.99,0.0,89.94,Low Usage
4295,2916,20250511,,Premium,Monthly,Active,9.99,0.0,69.93,
4296,2953,20241031,20250129,Fan,Annual,Cancelled,5.99,0.0,17.97,Price
4297,2990,20241027,,Family,Monthly,Active,14.99,0.0,209.86,
4298,3027,20250614,20250714,Premium,Monthly,Cancelled,9.99,0.0,9.99,Low Usage
4299,3064,20240723,20241021,Fan,Monthly,Cancelled,5.99,0.0,17.97,Price
4300,3101,20230224,,Family,Annual,Active,14.99,0.0,359.76,
4301,3138,20250318,,Premium,Monthly,Active,9.99,0.0,89.91,
4302,3175,20231129,20240527,Fan,Monthly,Cancelled,5.99,1.2,28.74,Price
4303,3212,20230127,20230226,Family,Monthly,Cancelled,14.99,0.0,14.99,Low Usage
4304,3249,20240727,20250123,Premium,Annual,Cancelled,9.99,0.0,59.94,Low Usage
4305,3286,20240408,,Fan,Monthly,Active,5.99,0.0,71.88,
4306,3323,20230811,20240207,Family,Monthly,Cancelled,14.99,0.0,89.94,Low Usage
4307,3360,20230413,20231010,Premium,Monthly,Cancelled,9.99,0.0,59.94,Low Usage
4308,3397,20230320,20250319,Fan,Annual,Cancelled,5.99,0.0,143.76,Price
4309,3434,20240204,20240802,Family,Monthly,Cancelled,14.99,0.0,89.94,Low Usage
4310,3471,20250321,,Premium,Monthly,Active,9.99,0.0,89.91,
4311,3508,20231128,20241127,Fan,Monthly,Cancelled,5.99,1.2,57.48,Price
4312,3545,20240220,20240818,Family,Annual,Cancelled,14.99,0.0,89.94,Low Usage
4313,3582,20231021,20240119,Premium,Monthly,Cancelled,9.99,0.0,29.97,Low Usage
4314,3619,20230220,20250219,Fan,Monthly,Cancelled,5.99,0.0,143.76,Price
4315,3656,20250504,,Family,Monthly,Active,14.99,0.0,119.92,
4316,3693,20241102,20251102,Premium,Annual,Cancelled,9.99,0.0,119.88,Low Usage
4317,3730,20250404,20250703,Fan,Monthly,Cancelled,5.99,0.0,17.97,Price
4318,3767,20240102,20240201,Family,Monthly,Cancelled,14.99,0.0,14.99,Low Usage
4319,3804,20250724,,Premium,Monthly,Active,9.99,0.0,49.95,
4320,3841,20250530,,Fan,Annual,Active,5.99,1.2,33.53,
4321,3878,20251104,20251204,Family,Monthly,Cancelled,14.99,0.0,14.99,Low Usage
4322,3915,20251101,,Premium,Monthly,Active,9.99,0.0,19.98,
4323,3952,20250917,20251017,Fan,Monthly,Cancelled,5.99,0.0,5.99,Price
4324,3989,20250811,20251109,Family,Annual,Cancelled,14.99,0.0,44.97,Low Usage
4325,4026,20250724,,Premium,Monthly,Active,9.99,0.0,49.95,
4326,4063,20251028,20251127,Fan,Monthly,Cancelled,5.99,0.0,5.99,Price
4327,4100,20240311,,Family,Monthly,Active,14.99,0.0,329.78,
4328,4137,20231211,20240608,Premium,Annual,Cancelled,9.99,0.0,59.94,Low Usage
4329,4174,20241225,20250623,Fan,Monthly,Cancelled,5.99,1.2,28.74,Price
4330,4211,20230207,,Family,Monthly,Active,14.99,0.0,14.99,
4331,4248,20240521,20241117,Premium,Monthly,Cancelled,9.99,0.0,59.94,Low Usage
4332,4285,20230816,20231114,Fan,Annual,Cancelled,5.99,0.0,17.97,Price
4333,4322,20240224,,Family,Monthly,Active,14.99,0.0,329.78,
4334,4359,20241221,20251221,Premium,Monthly,Cancelled,9.99,0.0,119.88,Low Usage
4335,4396,20230326,,Fan,Monthly,Active,5.99,0.0,17.97,
4336,4433,20240502,20250502,Family,Annual,Cancelled,14.99,0.0,179.88,Low Usage
4337,4470,20250304,,Premium,Monthly,Active,9.99,0.0,99.9,
4338,4507,20241005,20250103,Fan,Monthly,Cancelled,5.99,1.2,14.37,Price
4339,4544,20230205,20250204,Family,Monthly,Cancelled,14.99,0.0,359.76,Low Usage
4340,4581,20231226,,Premium,Annual,Active,9.99,0.0,29.97,
4341,4618,20230401,20250331,Fan,Monthly,Cancelled,5.99,0.0,143.76,Price
4342,4655,20251003,,Family,Monthly,Active,14.99,0.0,44.97,
4343,4692,20230809,20250808,Premium,Monthly,Cancelled,9.99,0.0,239.76,Low Usage
4344,4729,20230414,20250413,Fan,Annual,Cancelled,5.99,0.0,143.76,Price
4345,4766,20230113,,Family,Monthly,Active,14.99,0.0,359.76,
4346,4803,20230906,20240304,Premium,Monthly,Cancelled,9.99,0.0,59.94,Low Usage
4347,4840,20230117,20250116,Fan,Monthly,Cancelled,5.99,1.2,114.96,Price
4348,4877,20230827,20240826,Family,Annual,Cancelled,14.99,0.0,179.88,Low Usage
4349,4914,20230111,20230411,Premium,Monthly,Cancelled,9.99,0.0,29.97,Low Usage
4350,4951,20230912,,Fan,Monthly,Active,5.99,0.0,143.76,
4351,4988,20230131,20250130,Family,Monthly,Cancelled,14.99,0.0,359.76,Low Usage
4352,5025,20230210,20230511,Premium,Annual,Cancelled,9.99,0.0,29.97,Low Usage
4353,5062,20240629,20250629,Fan,Monthly,Cancelled,5.99,0.0,71.88,Price
4354,5099,20231003,20240101,Family,Monthly,Cancelled,14.99,0.0,44.97,Low Usage
4355,5136,20230713,,Premium,Monthly,Active,9.99,0.0,29.97,
4356,5173,20250128,20250428,Fan,Annual,Cancelled,5.99,1.2,14.37,Price
4357,5210,20251017,,Family,Monthly,Active,14.99,0.0,29.98,
4358,5247,20250322,,Premium,Monthly,Active,9.99,0.0,89.91,
4359,5284,20250806,,Fan,Monthly,Active,5.99,0.0,23.96,
4360,5321,20241031,,Family,Annual,Active,14.99,0.0,209.86,
4361,5358,20250809,20251107,Premium,Monthly,Cancelled,9.99,0.0,29.97,Low Usage
4362,5395,20240612,20241209,Fan,Monthly,Cancelled,5.99,0.0,35.94,Price
4363,5432,20230220,20230819,Family,Monthly,Cancelled,14.99,0.0,89.94,Low Usage
4364,5469,20230611,20250610,Premium,Annual,Cancelled,9.99,0.0,239.76,Low Usage
4365,5506,20250801,,Fan,Monthly,Active,5.99,1.2,23.95,
4366,5543,20231209,20240308,Family,Monthly,Cancelled,14.99,0.0,44.97,Low Usage
4367,5580,20240725,20241023,Premium,Monthly,Cancelled,9.99,0.0,29.97,Low Usage
4368,5617,20241027,,Fan,Annual,Active,5.99,0.0,83.86,
4369,5654,20250209,20250808,Family,Monthly,Cancelled,14.99,0.0,89.94,Low Usage
4370,5691,20231207,,Premium,Monthly,Active,9.99,0.0,239.76,
4371,5728,20230227,20250226,Fan,Monthly,Cancelled,5.99,0.0,143.76,Price
4372,5765,20240503,20250503,Family,Annual,Cancelled,14.99,0.0,179.88,Low Usage
4373,5802,20250315,20250414,Premium,Monthly,Cancelled,9.99,0.0,9.99,Low Usage
4374,5839,20230812,20231110,Fan,Monthly,Cancelled,5.99,1.2,14.37,Price
4375,5876,20230324,,Family,Monthly,Active,14.99,0.0,179.88,
4376,5913,20250723,,Premium,Annual,Active,9.99,0.0,49.95,
4377,5950,20230113,20230212,Fan,Monthly,Cancelled,5.99,0.0,5.99,Price
4378,5987,20250504,,Family,Monthly,Active,14.99,0.0,119.92,
4379,24,20231128,20240226,Premium,Monthly,Cancelled,9.99,0.0,29.97,Low Usage
4380,61,20250629,,Fan,Annual,Active,5.99,0.0,35.94,
4381,98,20241214,20250612,Family,Monthly,Cancelled,14.99,0.0,89.94,Low Usage
4382,135,20240313,20240412,Premium,Monthly,Cancelled,9.99,0.0,9.99,Low Usage
4383,172,20230117,20250116,Fan,Monthly,Cancelled,5.99,1.2,114.96,Price
4384,209,20240502,20240601,Family,Annual,Cancelled,14.99,0.0,14.99,Low Usage
4385,246,20240217,,Premium,Monthly,Active,9.99,0.0,59.94,
4386,283,20250707,20251005,Fan,Monthly,Cancelled,5.99,0.0,17.97,Price
4387,320,20230804,20240131,Family,Monthly,Cancelled,14.99,0.0,89.94,Low Usage
4388,357,20241027,20251027,Premium,Annual,Cancelled,9.99,0.0,119.88,Low Usage
4389,394,20230322,20240321,Fan,Monthly,Cancelled,5.99,0.0,71.88,Price
4390,431,20240110,,Family,Monthly,Active,14.99,0.0,44.97,
4391,468,20240911,20250310,Premium,Monthly,Cancelled,9.99,0.0,59.94,Low Usage
4392,505,20230430,20230530,Fan,Annual,Cancelled,5.99,1.2,4.79,Price
4393,542,20240424,,Family,Monthly,Active,14.99,0.0,299.8,
4394,579,20230609,20230907,Premium,Monthly,Cancelled,9.99,0.0,29.97,Low Usage
4395,616,20240801,,Fan,Monthly,Active,5.99,0.0,17.97,
4396,653,20231001,20240930,Family,Annual,Cancelled,14.99,0.0,179.88,Low Usage
4397,690,20230819,20240818,Premium,Monthly,Cancelled,9.99,0.0,119.88,Low Usage
4398,727,20250322,20250918,Fan,Monthly,Cancelled,5.99,0.0,35.94,Price
4399,764,20230314,20230910,Family,Monthly,Cancelled,14.99,0.0,89.94,Low Usage
4400,801,20240417,,Premium,Annual,Active,9.99,0.0,59.94,
4401,838,20241230,20251230,Fan,Monthly,Cancelled,5.99,1.2,57.48,Price
4402,875,20240720,20250720,Family,Monthly,Cancelled,14.99,0.0,179.88,Low Usage
4403,912,20230808,20231106,Premium,Monthly,Cancelled,9.99,0.0,29.97,Low Usage
4404,949,20230817,20250816,Fan,Annual,Cancelled,5.99,0.0,143.76,Price
4405,986,20230817,,Family,Monthly,Active,14.99,0.0,89.94,
4406,1023,20240112,20250111,Premium,Monthly,Cancelled,9.99,0.0,119.88,Low Usage
4407,1060,20230901,20231130,Fan,Monthly,Cancelled,5.99,0.0,17.97,Price
4408,1097,20231125,20231225,Family,Annual,Cancelled,14.99,0.0,14.99,Low Usage
4409,1134,20240801,20240831,Premium,Monthly,Cancelled,9.99,0.0,9.99,Low Usage
4410,1171,20250803,,Fan,Monthly,Active,5.99,1.2,23.95,
4411,1208,20230704,20230803,Family,Monthly,Cancelled,14.99,0.0,14.99,Low Usage
4412,1245,20230724,20230823,Premium,Annual,Cancelled,9.99,0.0,9.99,Low Usage
4413,1282,20250618,20250718,Fan,Monthly,Cancelled,5.99,0.0,5.99,Price
4414,1319,20250826,20251124,Family,Monthly,Cancelled,14.99,0.0,44.97,Low Usage
4415,1356,20230211,,Premium,Monthly,Active,9.99,0.0,59.94,
4416,1393,20241123,20241223,Fan,Annual,Cancelled,5.99,0.0,5.99,Price
4417,1430,20240528,20240627,Family,Monthly,Cancelled,14.99,0.0,14.99,Low Usage
4418,1467,20230922,20240921,Premium,Monthly,Cancelled,9.99,0.0,119.88,Low Usage
4419,1504,20230514,20230812,Fan,Monthly,Cancelled,5.99,1.2,14.37,Price
4420,1541,20250513,,Family,Annual,Active,14.99,0.0,89.94,
4421,1578,20240202,20240303,Premium,Monthly,Cancelled,9.99,0.0,9.99,Low Usage
4422,1615,20240717,20240816,Fan,Monthly,Cancelled,5.99,0.0,5.99,Price
4423,1652,20251016,20251115,Family,Monthly,Cancelled,14.99,0.0,14.99,Low Usage
4424,1689,20230314,20230910,Premium,Annual,Cancelled,9.99,0.0,59.94,Low Usage
4425,1726,20241004,,Fan,Monthly,Active,5.99,0.0,17.97,
4426,1763,20241206,20251206,Family,Monthly,Cancelled,14.99,0.0,179.88,Low Usage
4427,1800,20250925,20251025,Premium,Monthly,Cancelled,9.99,0.0,9.99,Low Usage
4428,1837,20230515,20230614,Fan,Annual,Cancelled,5.99,1.2,4.79,Price
4429,1874,20230527,20250526,Family,Monthly,Cancelled,14.99,0.0,359.76,Low Usage
4430,1911,20251027,,Premium,Monthly,Active,9.99,0.0,9.99,
4431,1948,20240705,20241003,Fan,Monthly,Cancelled,5.99,0.0,17.97,Price
4432,1985,20230628,20230926,Family,Annual,Cancelled,14.99,0.0,44.97,Low Usage
4433,2022,20230812,20240208,Premium,Monthly,Cancelled,9.99,0.0,59.94,Low Usage
4434,2059,20240515,20240813,Fan,Monthly,Cancelled,5.99,0.0,17.97,Price
4435,2096,20250117,,Family,Monthly,Active,14.99,0.0,44.97,
4436,2133,20230219,20230520,Premium,Annual,Cancelled,9.99,0.0,29.97,Low Usage
4437,2170,20240622,20240920,Fan,Monthly,Cancelled,5.99,1.2,14.37,Price
4438,2207,20241127,20251127,Family,Monthly,Cancelled,14.99,0.0,179.88,Low Usage
4439,2244,20250427,20250527,Premium,Monthly,Cancelled,9.99,0.0,9.99,Low Usage
4440,2281,20250509,,Fan,Annual,Active,5.99,0.0,41.93,
4441,2318,20251028,,Family,Monthly,Active,14.99,0.0,29.98,
4442,2355,20250803,,Premium,Monthly,Active,9.99,0.0,49.95,
4443,2392,20231026,20231125,Fan,Monthly,Cancelled,5.99,0.0,5.99,Price
4444,2429,20241011,20250109,Family,Annual,Cancelled,14.99,0.0,44.97,Low Usage
4445,2466,20251103,,Premium,Monthly,Active,9.99,0.0,9.99,
4446,2503,20240731,20241029,Fan,Monthly,Cancelled,5.99,1.2,14.37,Price
4447,2540,20230609,20240608,Family,Monthly,Cancelled,14.99,0.0,179.88,Low Usage
4448,2577,20250412,20250711,Premium,Annual,Cancelled,9.99,0.0,29.97,Low Usage
4449,2614,20240604,20250604,Fan,Monthly,Cancelled,5.99,0.0,71.88,Price
4450,2651,20240913,,Family,Monthly,Active,14.99,0.0,89.94,
4451,2688,20230721,20230820,Premium,Monthly,Cancelled,9.99,0.0,9.99,Low Usage
4452,2725,20240606,,Fan,Annual,Active,5.99,0.0,113.81,
4453,2762,20240215,,Family,Monthly,Active,14.99,0.0,329.78,
4454,2799,20231015,20240113,Premium,Monthly,Cancelled,9.99,0.0,29.97,Low Usage
4455,2836,20230805,,Fan,Monthly,Active,5.99,1.2,28.74,
4456,2873,20240324,20240622,Family,Annual,Cancelled,14.99,0.0,44.97,Low Usage
4457,2910,20230102,20250101,Premium,Monthly,Cancelled,9.99,0.0,239.76,Low Usage
4458,2947,20240328,20240427,Fan,Monthly,Cancelled,5.99,0.0,5.99,Price
4459,2984,20240215,20240813,Family,Monthly,Cancelled,14.99,0.0,89.94,Low Usage
4460,3021,20230613,,Premium,Annual,Active,9.99,0.0,9.99,
4461,3058,20250808,,Fan,Monthly,Active,5.99,0.0,23.96,
4462,3095,20231208,20241207,Family,Monthly,Cancelled,14.99,0.0,179.88,Low Usage
4463,3132,20230110,20230709,Premium,Monthly,Cancelled,9.99,0.0,59.94,Low Usage
4464,3169,20240429,20240529,Fan,Annual,Cancelled,5.99,1.2,4.79,Price
4465,3206,20230325,,Family,Monthly,Active,14.99,0.0,89.94,
4466,3243,20250208,,Premium,Monthly,Active,9.99,0.0,99.9,
4467,3280,20231123,20241122,Fan,Monthly,Cancelled,5.99,0.0,71.88,Price
4468,3317,20250126,20250225,Family,Annual,Cancelled,14.99,0.0,14.99,Low Usage
4469,3354,20240321,20250321,Premium,Monthly,Cancelled,9.99,0.0,119.88,Low Usage
4470,3391,20240306,,Fan,Monthly,Active,5.99,0.0,17.97,
4471,3428,20231021,20241020,Family,Monthly,Cancelled,14.99,0.0,179.88,Low Usage
4472,3465,20240121,,Premium,Annual,Active,9.99,0.0,229.77,
4473,3502,20240719,,Fan,Monthly,Active,5.99,1.2,81.43,
4474,3539,20250102,20250402,Family,Monthly,Cancelled,14.99,0.0,44.97,Low Usage
4475,3576,20250309,,Premium,Monthly,Active,9.99,0.0,89.91,
4476,3613,20240824,20250824,Fan,Annual,Cancelled,5.99,0.0,71.88,Price
4477,3650,20250714,20250813,Family,Monthly,Cancelled,14.99,0.0,14.99,Low Usage
4478,3687,20240724,20250724,Premium,Monthly,Cancelled,9.99,0.0,119.88,Low Usage
4479,3724,20230204,20240204,Fan,Monthly,Cancelled,5.99,0.0,71.88,Price
4480,3761,20231113,,Family,Annual,Active,14.99,0.0,179.88,
4481,3798,20250707,,Premium,Monthly,Active,9.99,0.0,49.95,
4482,3835,20230112,20230711,Fan,Monthly,Cancelled,5.99,1.2,28.74,Price
4483,3872,20250117,20250716,Family,Monthly,Cancelled,14.99,0.0,89.94,Low Usage
4484,3909,20250112,20250412,Premium,Annual,Cancelled,9.99,0.0,29.97,Low Usage
4485,3946,20250204,,Fan,Monthly,Active,5.99,0.0,65.89,
4486,3983,20250514,20250812,Family,Monthly,Cancelled,14.99,0.0,44.97,Low Usage
4487,4020,20231218,20241217,Premium,Monthly,Cancelled,9.99,0.0,119.88,Low Usage
4488,4057,20250501,20250730,Fan,Annual,Cancelled,5.99,0.0,17.97,Price
4489,4094,20240830,20250226,Family,Monthly,Cancelled,14.99,0.0,89.94,Low Usage
4490,4131,20240607,,Premium,Monthly,Active,9.99,0.0,29.97,
4491,4168,20240119,20250118,Fan,Monthly,Cancelled,5.99,1.2,57.48,Price
4492,4205,20240330,20250330,Family,Annual,Cancelled,14.99,0.0,179.88,Low Usage
4493,4242,20250221,20250820,Premium,Monthly,Cancelled,9.99,0.0,59.94,Low Usage
4494,4279,20251013,,Fan,Monthly,Active,5.99,0.0,11.98,
4495,4316,20240424,,Family,Monthly,Active,14.99,0.0,44.97,
4496,4353,20240802,20250129,Premium,Annual,Cancelled,9.99,0.0,59.94,Low Usage
4497,4390,20231004,20251003,Fan,Monthly,Cancelled,5.99,0.0,143.76,Price
4498,4427,20250210,20250511,Family,Monthly,Cancelled,14.99,0.0,44.97,Low Usage
4499,4464,20230807,20240203,Premium,Monthly,Cancelled,9.99,0.0,59.94,Low Usage
4500,4501,20241107,,Fan,Annual,Active,5.99,1.2,14.37,
4501,4538,20240612,,Family,Monthly,Active,14.99,0.0,269.82,
4502,4575,20250119,20250718,Premium,Monthly,Cancelled,9.99,0.0,59.94,Low Usage
4503,4612,20240313,20240909,Fan,Monthly,Cancelled,5.99,0.0,35.94,Price
4504,4649,20240516,20241112,Family,Annual,Cancelled,14.99,0.0,89.94,Low Usage
4505,4686,20251003,,Premium,Monthly,Active,9.99,0.0,29.97,
4506,4723,20240713,20250109,Fan,Monthly,Cancelled,5.99,0.0,35.94,Price
4507,4760,20230809,20250808,Family,Monthly,Cancelled,14.99,0.0,359.76,Low Usage
4508,4797,20231021,20240119,Premium,Annual,Cancelled,9.99,0.0,29.97,Low Usage
4509,4834,20250928,20251028,Fan,Monthly,Cancelled,5.99,1.2,4.79,Price
4510,4871,20230423,,Family,Monthly,Active,14.99,0.0,359.76,
4511,4908,20240929,20241228,Premium,Monthly,Cancelled,9.99,0.0,29.97,Low Usage
4512,4945,20230910,20240308,Fan,Annual,Cancelled,5.99,0.0,35.94,Price
4513,4982,20240219,,Family,Monthly,Active,14.99,0.0,329.78,
4514,5019,20231107,20240205,Premium,Monthly,Cancelled,9.99,0.0,29.97,Low Usage
4515,5056,20230404,,Fan,Monthly,Active,5.99,0.0,5.99,
4516,5093,20240202,20240303,Family,Annual,Cancelled,14.99,0.0,14.99,Low Usage
4517,5130,20231011,20240109,Premium,Monthly,Cancelled,9.99,0.0,29.97,Low Usage
4518,5167,20240718,20241016,Fan,Monthly,Cancelled,5.99,1.2,14.37,Price
4519,5204,20230619,20231216,Family,Monthly,Cancelled,14.99,0.0,89.94,Low Usage
4520,5241,20240101,,Premium,Annual,Active,9.99,0.0,119.88,
4521,5278,20250701,20251228,Fan,Monthly,Cancelled,5.99,0.0,35.94,Price
4522,5315,20240217,20240318,Family,Monthly,Cancelled,14.99,0.0,14.99,Low Usage
4523,5352,20230804,20240131,Premium,Monthly,Cancelled,9.99,0.0,59.94,Low Usage
4524,5389,20240610,20250610,Fan,Annual,Cancelled,5.99,0.0,71.88,Price
4525,5426,20250505,,Family,Monthly,Active,14.99,0.0,44.97,
4526,5463,20250512,20250810,Premium,Monthly,Cancelled,9.99,0.0,29.97,Low Usage
4527,5500,20230702,20230930,Fan,Monthly,Cancelled,5.99,1.2,14.37,Price
4528,5537,20251001,20251031,Family,Annual,Cancelled,14.99,0.0,14.99,Low Usage
4529,5574,20230930,20240328,Premium,Monthly,Cancelled,9.99,0.0,59.94,Low Usage
4530,5611,20250521,,Fan,Monthly,Active,5.99,0.0,41.93,
4531,5648,20240730,20241028,Family,Monthly,Cancelled,14.99,0.0,44.97,Low Usage
4532,5685,20240127,20240426,Premium,Annual,Cancelled,9.99,0.0,29.97,Low Usage
4533,5722,20250902,20251002,Fan,Monthly,Cancelled,5.99,0.0,5.99,Price
4534,5759,20241013,20241112,Family,Monthly,Cancelled,14.99,0.0,14.99,Low Usage
4535,5796,20250418,,Premium,Monthly,Active,9.99,0.0,59.94,
4536,5833,20241103,20250502,Fan,Annual,Cancelled,5.99,1.2,28.74,Price
4537,5870,20231216,20240115,Family,Monthly,Cancelled,14.99,0.0,14.99,Low Usage
4538,5907,20251025,,Premium,Monthly,Active,9.99,0.0,19.98,
4539,5944,20241122,20250521,Fan,Monthly,Cancelled,5.99,0.0,35.94,Price
4540,5981,20251013,,Family,Annual,Active,14.99,0.0,29.98,
4541,18,20230208,20230509,Premium,Monthly,Cancelled,9.99,0.0,29.97,Low Usage
4542,55,20240413,20241010,Fan,Monthly,Cancelled,5.99,0.0,35.94,Price
4543,92,20230923,20231222,Family,Monthly,Cancelled,14.99,0.0,44.97,Low Usage
4544,129,20230602,20250601,Premium,Annual,Cancelled,9.99,0.0,239.76,Low Usage
4545,166,20241222,,Fan,Monthly,Active,5.99,1.2,28.74,
4546,203,20240730,20240829,Family,Monthly,Cancelled,14.99,0.0,14.99,Low Usage
4547,240,20241104,20241204,Premium,Monthly,Cancelled,9.99,0.0,9.99,Low Usage
4548,277,20230621,20230721,Fan,Annual,Cancelled,5.99,0.0,5.99,Price
4549,314,20250124,20250723,Family,Monthly,Cancelled,14.99,0.0,89.94,Low Usage
4550,351,20241103,,Premium,Monthly,Active,9.99,0.0,139.86,
4551,388,20240817,20250213,Fan,Monthly,Cancelled,5.99,0.0,35.94,Price
4552,425,20250623,,Family,Annual,Active,14.99,0.0,89.94,
4553,462,20250208,,Premium,Monthly,Active,9.99,0.0,99.9,
4554,499,20240426,,Fan,Monthly,Active,5.99,1.2,95.8,
4555,536,20230721,,Family,Monthly,Active,14.99,0.0,89.94,
4556,573,20231007,20240105,Premium,Annual,Cancelled,9.99,0.0,29.97,Low Usage
4557,610,20250805,,Fan,Monthly,Active,5.99,0.0,23.96,
4558,647,20240901,20241001,Family,Monthly,Cancelled,14.99,0.0,14.99,Low Usage
4559,684,20250906,20251006,Premium,Monthly,Cancelled,9.99,0.0,9.99,Low Usage
4560,721,20230518,,Fan,Annual,Active,5.99,0.0,143.76,
4561,758,20250731,,Family,Monthly,Active,14.99,0.0,74.95,
4562,795,20230714,20231012,Premium,Monthly,Cancelled,9.99,0.0,29.97,Low Usage
4563,832,20231211,20251210,Fan,Monthly,Cancelled,5.99,1.2,114.96,Price
4564,869,20230814,20240813,Family,Annual,Cancelled,14.99,0.0,179.88,Low Usage
4565,906,20251001,,Premium,Monthly,Active,9.99,0.0,9.99,
4566,943,20251115,,Fan,Monthly,Active,5.99,0.0,5.99,
4567,980,20250418,,Family,Monthly,Active,14.99,0.0,119.92,
4568,1017,20240701,20241228,Premium,Annual,Cancelled,9.99,0.0,59.94,Low Usage
4569,1054,20250328,20250924,Fan,Monthly,Cancelled,5.99,0.0,35.94,Price
4570,1091,20241116,,Family,Monthly,Active,14.99,0.0,44.97,
4571,1128,20250109,20250708,Premium,Monthly,Cancelled,9.99,0.0,59.94,Low Usage
4572,1165,20230302,20240301,Fan,Annual,Cancelled,5.99,1.2,57.48,Price
4573,1202,20250724,20250823,Family,Monthly,Cancelled,14.99,0.0,14.99,Low Usage
4574,1239,20230902,20240229,Premium,Monthly,Cancelled,9.99,0.0,59.94,Low Usage
4575,1276,20250129,,Fan,Monthly,Active,5.99,0.0,17.97,
4576,1313,20240901,20250901,Family,Annual,Cancelled,14.99,0.0,179.88,Low Usage
4577,1350,20230429,20230728,Premium,Monthly,Cancelled,9.99,0.0,29.97,Low Usage
4578,1387,20230909,20231208,Fan,Monthly,Cancelled,5.99,0.0,17.97,Price
4579,1424,20240709,20241007,Family,Monthly,Cancelled,14.99,0.0,44.97,Low Usage
4580,1461,20230114,,Premium,Annual,Active,9.99,0.0,239.76,
4581,1498,20250714,20250813,Fan,Monthly,Cancelled,5.99,1.2,4.79,Price
4582,1535,20240127,,Family,Monthly,Active,14.99,0.0,344.77,
4583,1572,20230518,20231114,Premium,Monthly,Cancelled,9.99,0.0,59.94,Low Usage
4584,1609,20240408,20240508,Fan,Annual,Cancelled,5.99,0.0,5.99,Price
4585,1646,20250618,,Family,Monthly,Active,14.99,0.0,89.94,
4586,1683,20240827,20250827,Premium,Monthly,Cancelled,9.99,0.0,119.88,Low Usage
4587,1720,20241108,20241208,Fan,Monthly,Cancelled,5.99,0.0,5.99,Price
4588,1757,20231119,20241118,Family,Annual,Cancelled,14.99,0.0,179.88,Low Usage
4589,1794,20240927,20241226,Premium,Monthly,Cancelled,9.99,0.0,29.97,Low Usage
4590,1831,20230628,,Fan,Monthly,Active,5.99,1.2,4.79,
4591,1868,20240729,,Family,Monthly,Active,14.99,0.0,254.83,
4592,1905,20230929,20250928,Premium,Annual,Cancelled,9.99,0.0,239.76,Low Usage
4593,1942,20240211,20240511,Fan,Monthly,Cancelled,5.99,0.0,17.97,Price
4594,1979,20250709,20250808,Family,Monthly,Cancelled,14.99,0.0,14.99,Low Usage
4595,2016,20250417,,Premium,Monthly,Active,9.99,0.0,29.97,
4596,2053,20231127,20240225,Fan,Annual,Cancelled,5.99,0.0,17.97,Price
4597,2090,20231212,20240111,Family,Monthly,Cancelled,14.99,0.0,14.99,Low Usage
4598,2127,20241227,20250625,Premium,Monthly,Cancelled,9.99,0.0,59.94,Low Usage
4599,2164,20231009,20240406,Fan,Monthly,Cancelled,5.99,1.2,28.74,Price
4600,2201,20230809,,Family,Annual,Active,14.99,0.0,179.88,
4601,2238,20251114,,Premium,Monthly,Active,9.99,0.0,9.99,
4602,2275,20230503,20230801,Fan,Monthly,Cancelled,5.99,0.0,17.97,Price
4603,2312,20230113,20230413,Family,Monthly,Cancelled,14.99,0.0,44.97,Low Usage
4604,2349,20230410,20230510,Premium,Annual,Cancelled,9.99,0.0,9.99,Low Usage
4605,2386,20240616,,Fan,Monthly,Active,5.99,0.0,107.82,
4606,2423,20250718,,Family,Monthly,Active,14.99,0.0,74.95,
4607,2460,20240909,,Premium,Monthly,Active,9.99,0.0,149.85,
4608,2497,20230328,20230626,Fan,Annual,Cancelled,5.99,1.2,14.37,Price
4609,2534,20240908,,Family,Monthly,Active,14.99,0.0,239.84,
4610,2571,20250321,,Premium,Monthly,Active,9.99,0.0,29.97,
4611,2608,20250611,20250711,Fan,Monthly,Cancelled,5.99,0.0,5.99,Price
4612,2645,20250509,,Family,Annual,Active,14.99,0.0,104.93,
4613,2682,20230621,20231218,Premium,Monthly,Cancelled,9.99,0.0,59.94,Low Usage
4614,2719,20240827,20240926,Fan,Monthly,Cancelled,5.99,0.0,5.99,Price
4615,2756,20250420,,Family,Monthly,Active,14.99,0.0,44.97,
4616,2793,20241223,20250621,Premium,Annual,Cancelled,9.99,0.0,59.94,Low Usage
4617,2830,20240504,,Fan,Monthly,Active,5.99,1.2,95.8,
4618,2867,20240326,,Family,Monthly,Active,14.99,0.0,314.79,
4619,2904,20240615,20250615,Premium,Monthly,Cancelled,9.99,0.0,119.88,Low Usage
4620,2941,20250917,,Fan,Annual,Active,5.99,0.0,5.99,
4621,2978,20241101,20241201,Family,Monthly,Cancelled,14.99,0.0,14.99,Low Usage
4622,3015,20230403,20230702,Premium,Monthly,Cancelled,9.99,0.0,29.97,Low Usage
4623,3052,20251015,,Fan,Monthly,Active,5.99,0.0,11.98,
4624,3089,20240112,,Family,Annual,Active,14.99,0.0,359.76,
4625,3126,20230601,,Premium,Monthly,Active,9.99,0.0,119.88,
4626,3163,20230511,20230809,Fan,Monthly,Cancelled,5.99,1.2,14.37,Price
4627,3200,20240110,20240708,Family,Monthly,Cancelled,14.99,0.0,89.94,Low Usage
4628,3237,20240721,,Premium,Annual,Active,9.99,0.0,169.83,
4629,3274,20250714,,Fan,Monthly,Active,5.99,0.0,29.95,
4630,3311,20231120,,Family,Monthly,Active,14.99,0.0,44.97,
4631,3348,20240216,20240814,Premium,Monthly,Cancelled,9.99,0.0,59.94,Low Usage
4632,3385,20230803,20230902,Fan,Annual,Cancelled,5.99,0.0,5.99,Price
4633,3422,20240120,20240419,Family,Monthly,Cancelled,14.99,0.0,44.97,Low Usage
4634,3459,20250315,20250414,Premium,Monthly,Cancelled,9.99,0.0,9.99,Low Usage
4635,3496,20250517,,Fan,Monthly,Active,5.99,1.2,33.53,
4636,3533,20250219,,Family,Annual,Active,14.99,0.0,149.9,
4637,3570,20230921,20240920,Premium,Monthly,Cancelled,9.99,0.0,119.88,Low Usage
4638,3607,20240905,20250304,Fan,Monthly,Cancelled,5.99,0.0,35.94,Price
4639,3644,20241026,20250424,Family,Monthly,Cancelled,14.99,0.0,89.94,Low Usage
4640,3681,20230213,,Premium,Annual,Active,9.99,0.0,9.99,
4641,3718,20240502,20250502,Fan,Monthly,Cancelled,5.99,0.0,71.88,Price
4642,3755,20230815,20230914,Family,Monthly,Cancelled,14.99,0.0,14.99,Low Usage
4643,3792,20241113,20241213,Premium,Monthly,Cancelled,9.99,0.0,9.99,Low Usage
4644,3829,20230704,20230803,Fan,Annual,Cancelled,5.99,1.2,4.79,Price
4645,3866,20241021,,Family,Monthly,Active,14.99,0.0,179.88,
4646,3903,20240123,20250122,Premium,Monthly,Cancelled,9.99,0.0,119.88,Low Usage
4647,3940,20250423,20250523,Fan,Monthly,Cancelled,5.99,0.0,5.99,Price
4648,3977,20250530,20250828,Family,Annual,Cancelled,14.99,0.0,44.97,Low Usage
4649,4014,20231107,20231207,Premium,Monthly,Cancelled,9.99,0.0,9.99,Low Usage
4650,4051,20240318,,Fan,Monthly,Active,5.99,0.0,71.88,
4651,4088,20230811,20240207,Family,Monthly,Cancelled,14.99,0.0,89.94,Low Usage
4652,4125,20240512,20250512,Premium,Annual,Cancelled,9.99,0.0,119.88,Low Usage
4653,4162,20241205,20250305,Fan,Monthly,Cancelled,5.99,1.2,14.37,Price
4654,4199,20240414,20240514,Family,Monthly,Cancelled,14.99,0.0,14.99,Low Usage
4655,4236,20230624,,Premium,Monthly,Active,9.99,0.0,9.99,
4656,4273,20240531,20240829,Fan,Annual,Cancelled,5.99,0.0,17.97,Price
4657,4310,20230125,20230425,Family,Monthly,Cancelled,14.99,0.0,44.97,Low Usage
4658,4347,20240406,,Premium,Monthly,Active,9.99,0.0,209.79,
4659,4384,20240903,,Fan,Monthly,Active,5.99,0.0,95.84,
4660,4421,20250710,,Family,Annual,Active,14.99,0.0,44.97,
4661,4458,20240727,,Premium,Monthly,Active,9.99,0.0,169.83,
4662,4495,20250708,,Fan,Monthly,Active,5.99,1.2,23.95,
4663,4532,20250825,20250924,Family,Monthly,Cancelled,14.99,0.0,14.99,Low Usage
4664,4569,20241031,20250429,Premium,Annual,Cancelled,9.99,0.0,59.94,Low Usage
4665,4606,20230107,,Fan,Monthly,Active,5.99,0.0,5.99,
4666,4643,20250414,20250713,Family,Monthly,Cancelled,14.99,0.0,44.97,Low Usage
4667,4680,20240110,20240209,Premium,Monthly,Cancelled,9.99,0.0,9.99,Low Usage
4668,4717,20250223,20250524,Fan,Annual,Cancelled,5.99,0.0,17.97,Price
4669,4754,20240608,,Family,Monthly,Active,14.99,0.0,284.81,
4670,4791,20250905,,Premium,Monthly,Active,9.99,0.0,29.97,
4671,4828,20250205,20250307,Fan,Monthly,Cancelled,5.99,1.2,4.79,Price
4672,4865,20230221,20240221,Family,Annual,Cancelled,14.99,0.0,179.88,Low Usage
4673,4902,20240503,,Premium,Monthly,Active,9.99,0.0,199.8,
4674,4939,20240729,20241027,Fan,Monthly,Cancelled,5.99,0.0,17.97,Price
4675,4976,20240113,,Family,Monthly,Active,14.99,0.0,344.77,
4676,5013,20241217,20251217,Premium,Annual,Cancelled,9.99,0.0,119.88,Low Usage
4677,5050,20230109,20250108,Fan,Monthly,Cancelled,5.99,0.0,143.76,Price
4678,5087,20230121,20230421,Family,Monthly,Cancelled,14.99,0.0,44.97,Low Usage
4679,5124,20230901,20231001,Premium,Monthly,Cancelled,9.99,0.0,9.99,Low Usage
4680,5161,20240826,,Fan,Annual,Active,5.99,1.2,14.37,
4681,5198,20230306,20230604,Family,Monthly,Cancelled,14.99,0.0,44.97,Low Usage
4682,5235,20240205,20240505,Premium,Monthly,Cancelled,9.99,0.0,29.97,Low Usage
4683,5272,20230116,20230215,Fan,Monthly,Cancelled,5.99,0.0,5.99,Price
4684,5309,20250209,20250808,Family,Annual,Cancelled,14.99,0.0,89.94,Low Usage
4685,5346,20230311,,Premium,Monthly,Active,9.99,0.0,119.88,
4686,5383,20240729,20240828,Fan,Monthly,Cancelled,5.99,0.0,5.99,Price
4687,5420,20240829,20250829,Family,Monthly,Cancelled,14.99,0.0,179.88,Low Usage
4688,5457,20240216,20250215,Premium,Annual,Cancelled,9.99,0.0,119.88,Low Usage
4689,5494,20231031,20240428,Fan,Monthly,Cancelled,5.99,1.2,28.74,Price
4690,5531,20230518,,Family,Monthly,Active,14.99,0.0,14.99,
4691,5568,20230213,20230514,Premium,Monthly,Cancelled,9.99,0.0,29.97,Low Usage
4692,5605,20240418,20240518,Fan,Annual,Cancelled,5.99,0.0,5.99,Price
4693,5642,20230804,20240803,Family,Monthly,Cancelled,14.99,0.0,179.88,Low Usage
4694,5679,20240310,20250310,Premium,Monthly,Cancelled,9.99,0.0,119.88,Low Usage
4695,5716,20251030,,Fan,Monthly,Active,5.99,0.0,11.98,
4696,5753,20240907,20250907,Family,Annual,Cancelled,14.99,0.0,179.88,Low Usage
4697,5790,20241216,20250614,Premium,Monthly,Cancelled,9.99,0.0,59.94,Low Usage
4698,5827,20250628,,Fan,Monthly,Active,5.99,1.2,28.74,
4699,5864,20250408,,Family,Monthly,Active,14.99,0.0,119.92,
4700,5901,20230508,,Premium,Annual,Active,9.99,0.0,29.97,
4701,5938,20230907,20250906,Fan,Monthly,Cancelled,5.99,0.0,143.76,Price
4702,5975,20240812,20241110,Family,Monthly,Cancelled,14.99,0.0,44.97,Low Usage
4703,12,20230116,20230416,Premium,Monthly,Cancelled,9.99,0.0,29.97,Low Usage
4704,49,20231020,20240118,Fan,Annual,Cancelled,5.99,0.0,17.97,Price
4705,86,20240327,,Family,Monthly,Active,14.99,0.0,14.99,
4706,123,20241114,,Premium,Monthly,Active,9.99,0.0,129.87,
4707,160,20250614,,Fan,Monthly,Active,5.99,1.2,28.74,
4708,197,20250902,20251002,Family,Annual,Cancelled,14.99,0.0,14.99,Low Usage
4709,234,20250618,20250916,Premium,Monthly,Cancelled,9.99,0.0,29.97,Low Usage
4710,271,20230221,,Fan,Monthly,Active,5.99,0.0,143.76,
4711,308,20231112,20241111,Family,Monthly,Cancelled,14.99,0.0,179.88,Low Usage
4712,345,20250130,20250430,Premium,Annual,Cancelled,9.99,0.0,29.97,Low Usage
4713,382,20240427,20240527,Fan,Monthly,Cancelled,5.99,0.0,5.99,Price
4714,419,20240613,20240911,Family,Monthly,Cancelled,14.99,0.0,44.97,Low Usage
4715,456,20240108,,Premium,Monthly,Active,9.99,0.0,239.76,
4716,493,20230502,20230731,Fan,Annual,Cancelled,5.99,1.2,14.37,Price
4717,530,20250611,20251208,Family,Monthly,Cancelled,14.99,0.0,89.94,Low Usage
4718,567,20230208,20230509,Premium,Monthly,Cancelled,9.99,0.0,29.97,Low Usage
4719,604,20241105,20250203,Fan,Monthly,Cancelled,5.99,0.0,17.97,Price
4720,641,20240105,,Family,Annual,Active,14.99,0.0,359.76,
4721,678,20250803,20251101,Premium,Monthly,Cancelled,9.99,0.0,29.97,Low Usage
4722,715,20230318,20250317,Fan,Monthly,Cancelled,5.99,0.0,143.76,Price
4723,752,20231117,20241116,Family,Monthly,Cancelled,14.99,0.0,179.88,Low Usage
4724,789,20240129,20240228,Premium,Annual,Cancelled,9.99,0.0,9.99,Low Usage
4725,826,20230823,,Fan,Monthly,Active,5.99,1.2,114.96,
4726,863,20250925,,Family,Monthly,Active,14.99,0.0,44.97,
4727,900,20251031,20251130,Premium,Monthly,Cancelled,9.99,0.0,9.99,Low Usage
4728,937,20240930,,Fan,Annual,Active,5.99,0.0,89.85,
4729,974,20230613,20230713,Family,Monthly,Cancelled,14.99,0.0,14.99,Low Usage
4730,1011,20250320,,Premium,Monthly,Active,9.99,0.0,59.94,
4731,1048,20240701,20241228,Fan,Monthly,Cancelled,5.99,0.0,35.94,Price
4732,1085,20230405,20230704,Family,Annual,Cancelled,14.99,0.0,44.97,Low Usage
4733,1122,20230717,20230816,Premium,Monthly,Cancelled,9.99,0.0,9.99,Low Usage
4734,1159,20251106,,Fan,Monthly,Active,5.99,1.2,4.79,
4735,1196,20250922,,Family,Monthly,Active,14.99,0.0,44.97,
4736,1233,20240805,,Premium,Annual,Active,9.99,0.0,169.83,
4737,1270,20250310,20250906,Fan,Monthly,Cancelled,5.99,0.0,35.94,Price
4738,1307,20251022,,Family,Monthly,Active,14.99,0.0,29.98,
4739,1344,20250406,20251003,Premium,Monthly,Cancelled,9.99,0.0,59.94,Low Usage
4740,1381,20250103,,Fan,Annual,Active,5.99,0.0,71.88,
4741,1418,20230616,20231213,Family,Monthly,Cancelled,14.99,0.0,89.94,Low Usage
4742,1455,20241227,20251227,Premium,Monthly,Cancelled,9.99,0.0,119.88,Low Usage
4743,1492,20250308,,Fan,Monthly,Active,5.99,1.2,43.11,
4744,1529,20240804,20240903,Family,Annual,Cancelled,14.99,0.0,14.99,Low Usage
4745,1566,20250126,,Premium,Monthly,Active,9.99,0.0,109.89,
4746,1603,20230923,20231023,Fan,Monthly,Cancelled,5.99,0.0,5.99,Price
4747,1640,20250627,20250925,Family,Monthly,Cancelled,14.99,0.0,44.97,Low Usage
4748,1677,20231203,20240102,Premium,Annual,Cancelled,9.99,0.0,9.99,Low Usage
4749,1714,20251020,20251119,Fan,Monthly,Cancelled,5.99,0.0,5.99,Price
4750,1751,20231020,,Family,Monthly,Active,14.99,0.0,89.94,
4751,1788,20250927,20251027,Premium,Monthly,Cancelled,9.99,0.0,9.99,Low Usage
4752,1825,20250731,20251029,Fan,Annual,Cancelled,5.99,1.2,14.37,Price
4753,1862,20230306,20230902,Family,Monthly,Cancelled,14.99,0.0,89.94,Low Usage
4754,1899,20230526,20240525,Premium,Monthly,Cancelled,9.99,0.0,119.88,Low Usage
4755,1936,20231217,,Fan,Monthly,Active,5.99,0.0,5.99,
4756,1973,20250325,,Family,Annual,Active,14.99,0.0,134.91,
4757,2010,20250518,20251114,Premium,Monthly,Cancelled,9.99,0.0,59.94,Low Usage
4758,2047,20240127,20250126,Fan,Monthly,Cancelled,5.99,0.0,71.88,Price
4759,2084,20231120,20241119,Family,Monthly,Cancelled,14.99,0.0,179.88,Low Usage
4760,2121,20240505,,Premium,Annual,Active,9.99,0.0,199.8,
4761,2158,20230410,20231007,Fan,Monthly,Cancelled,5.99,1.2,28.74,Price
4762,2195,20240606,20240706,Family,Monthly,Cancelled,14.99,0.0,14.99,Low Usage
4763,2232,20230425,20250424,Premium,Monthly,Cancelled,9.99,0.0,239.76,Low Usage
4764,2269,20240730,20250730,Fan,Annual,Cancelled,5.99,0.0,71.88,Price
4765,2306,20230102,,Family,Monthly,Active,14.99,0.0,44.97,
4766,2343,20240627,20241224,Premium,Monthly,Cancelled,9.99,0.0,59.94,Low Usage
4767,2380,20240921,20241220,Fan,Monthly,Cancelled,5.99,0.0,17.97,Price
4768,2417,20240602,20240831,Family,Annual,Cancelled,14.99,0.0,44.97,Low Usage
4769,2454,20250818,20251116,Premium,Monthly,Cancelled,9.99,0.0,29.97,Low Usage
4770,2491,20251027,,Fan,Monthly,Active,5.99,1.2,9.58,
4771,2528,20230804,20240131,Family,Monthly,Cancelled,14.99,0.0,89.94,Low Usage
4772,2565,20250302,20250531,Premium,Annual,Cancelled,9.99,0.0,29.97,Low Usage
4773,2602,20231010,20231109,Fan,Monthly,Cancelled,5.99,0.0,5.99,Price
4774,2639,20250202,,Family,Monthly,Active,14.99,0.0,164.89,
4775,2676,20240103,,Premium,Monthly,Active,9.99,0.0,9.99,
4776,2713,20240616,20241213,Fan,Annual,Cancelled,5.99,0.0,35.94,Price
4777,2750,20240402,20250402,Family,Monthly,Cancelled,14.99,0.0,179.88,Low Usage
4778,2787,20240530,20240629,Premium,Monthly,Cancelled,9.99,0.0,9.99,Low Usage
4779,2824,20231112,20240510,Fan,Monthly,Cancelled,5.99,1.2,28.74,Price
4780,2861,20240830,,Family,Annual,Active,14.99,0.0,89.94,
4781,2898,20231110,20231210,Premium,Monthly,Cancelled,9.99,0.0,9.99,Low Usage
4782,2935,20230415,20240414,Fan,Monthly,Cancelled,5.99,0.0,71.88,Price
4783,2972,20250214,20250813,Family,Monthly,Cancelled,14.99,0.0,89.94,Low Usage
4784,3009,20231224,20251223,Premium,Annual,Cancelled,9.99,0.0,239.76,Low Usage
4785,3046,20230313,,Fan,Monthly,Active,5.99,0.0,71.88,
4786,3083,20250610,20250908,Family,Monthly,Cancelled,14.99,0.0,44.97,Low Usage
4787,3120,20250813,20250912,Premium,Monthly,Cancelled,9.99,0.0,9.99,Low Usage
4788,3157,20230423,20240422,Fan,Annual,Cancelled,5.99,1.2,57.48,Price
4789,3194,20240629,20240729,Family,Monthly,Cancelled,14.99,0.0,14.99,Low Usage
4790,3231,20240927,,Premium,Monthly,Active,9.99,0.0,119.88,
4791,3268,20241028,20251028,Fan,Monthly,Cancelled,5.99,0.0,71.88,Price
4792,3305,20241201,20241231,Family,Annual,Cancelled,14.99,0.0,14.99,Low Usage
4793,3342,20240209,20240310,Premium,Monthly,Cancelled,9.99,0.0,9.99,Low Usage
4794,3379,20230119,20230419,Fan,Monthly,Cancelled,5.99,0.0,17.97,Price
4795,3416,20230211,,Family,Monthly,Active,14.99,0.0,179.88,
4796,3453,20251111,20251211,Premium,Annual,Cancelled,9.99,0.0,9.99,Low Usage
4797,3490,20230204,20250203,Fan,Monthly,Cancelled,5.99,1.2,114.96,Price
4798,3527,20250906,,Family,Monthly,Active,14.99,0.0,44.97,
4799,3564,20230702,20240701,Premium,Monthly,Cancelled,9.99,0.0,119.88,Low Usage
4800,3601,20240701,,Fan,Annual,Active,5.99,0.0,71.88,
4801,3638,20230625,20240624,Family,Monthly,Cancelled,14.99,0.0,179.88,Low Usage
4802,3675,20250128,20250727,Premium,Monthly,Cancelled,9.99,0.0,59.94,Low Usage
4803,3712,20250222,20250324,Fan,Monthly,Cancelled,5.99,0.0,5.99,Price
4804,3749,20240720,,Family,Annual,Active,14.99,0.0,254.83,
4805,3786,20250311,,Premium,Monthly,Active,9.99,0.0,89.91,
4806,3823,20230818,20231116,Fan,Monthly,Cancelled,5.99,1.2,14.37,Price
4807,3860,20230211,20230313,Family,Monthly,Cancelled,14.99,0.0,14.99,Low Usage
4808,3897,20250404,20250703,Premium,Annual,Cancelled,9.99,0.0,29.97,Low Usage
4809,3934,20250117,,Fan,Monthly,Active,5.99,0.0,65.89,
4810,3971,20250820,,Family,Monthly,Active,14.99,0.0,44.97,
4811,4008,20231219,20240318,Premium,Monthly,Cancelled,9.99,0.0,29.97,Low Usage
4812,4045,20231012,20251011,Fan,Annual,Cancelled,5.99,0.0,143.76,Price
4813,4082,20250913,,Family,Monthly,Active,14.99,0.0,44.97,
4814,4119,20250726,20250825,Premium,Monthly,Cancelled,9.99,0.0,9.99,Low Usage
4815,4156,20240905,,Fan,Monthly,Active,5.99,1.2,14.37,
4816,4193,20230112,20230211,Family,Annual,Cancelled,14.99,0.0,14.99,Low Usage
4817,4230,20240428,20240727,Premium,Monthly,Cancelled,9.99,0.0,29.97,Low Usage
4818,4267,20240722,20250722,Fan,Monthly,Cancelled,5.99,0.0,71.88,Price
4819,4304,20230905,20250904,Family,Monthly,Cancelled,14.99,0.0,359.76,Low Usage
4820,4341,20250522,,Premium,Annual,Active,9.99,0.0,9.99,
4821,4378,20241009,20250407,Fan,Monthly,Cancelled,5.99,0.0,35.94,Price
4822,4415,20231210,20241209,Family,Monthly,Cancelled,14.99,0.0,179.88,Low Usage
4823,4452,20230601,20240531,Premium,Monthly,Cancelled,9.99,0.0,119.88,Low Usage
4824,4489,20231101,20251031,Fan,Annual,Cancelled,5.99,1.2,114.96,Price
4825,4526,20250719,,Family,Monthly,Active,14.99,0.0,14.99,
4826,4563,20241121,20241221,Premium,Monthly,Cancelled,9.99,0.0,9.99,Low Usage
4827,4600,20230206,20230805,Fan,Monthly,Cancelled,5.99,0.0,35.94,Price
4828,4637,20250119,20250218,Family,Annual,Cancelled,14.99,0.0,14.99,Low Usage
4829,4674,20241212,20251212,Premium,Monthly,Cancelled,9.99,0.0,119.88,Low Usage
4830,4711,20230117,,Fan,Monthly,Active,5.99,0.0,17.97,
4831,4748,20250407,,Family,Monthly,Active,14.99,0.0,119.92,
4832,4785,20251106,,Premium,Annual,Active,9.99,0.0,9.99,
4833,4822,20231009,20240107,Fan,Monthly,Cancelled,5.99,1.2,14.37,Price
4834,4859,20240210,20250209,Family,Monthly,Cancelled,14.99,0.0,179.88,Low Usage
4835,4896,20240329,,Premium,Monthly,Active,9.99,0.0,209.79,
4836,4933,20230208,20250207,Fan,Annual,Cancelled,5.99,0.0,143.76,Price
4837,4970,20230528,20231124,Family,Monthly,Cancelled,14.99,0.0,89.94,Low Usage
4838,5007,20250803,,Premium,Monthly,Active,9.99,0.0,49.95,
4839,5044,20230111,20230710,Fan,Monthly,Cancelled,5.99,0.0,35.94,Price
4840,5081,20240122,,Family,Annual,Active,14.99,0.0,89.94,
4841,5118,20231229,20251228,Premium,Monthly,Cancelled,9.99,0.0,239.76,Low Usage
4842,5155,20240125,20240424,Fan,Monthly,Cancelled,5.99,1.2,14.37,Price
4843,5192,20230922,20231022,Family,Monthly,Cancelled,14.99,0.0,14.99,Low Usage
4844,5229,20240203,20250202,Premium,Annual,Cancelled,9.99,0.0,119.88,Low Usage
4845,5266,20230124,,Fan,Monthly,Active,5.99,0.0,35.94,
4846,5303,20240628,20240728,Family,Monthly,Cancelled,14.99,0.0,14.99,Low Usage
4847,5340,20250728,20251026,Premium,Monthly,Cancelled,9.99,0.0,29.97,Low Usage
4848,5377,20241007,20251007,Fan,Annual,Cancelled,5.99,0.0,71.88,Price
4849,5414,20241229,20250329,Family,Monthly,Cancelled,14.99,0.0,44.97,Low Usage
4850,5451,20230522,,Premium,Monthly,Active,9.99,0.0,9.99,
4851,5488,20251026,,Fan,Monthly,Active,5.99,1.2,9.58,
4852,5525,20240629,20241226,Family,Annual,Cancelled,14.99,0.0,89.94,Low Usage
4853,5562,20251006,,Premium,Monthly,Active,9.99,0.0,19.98,
4854,5599,20251006,,Fan,Monthly,Active,5.99,0.0,11.98,
4855,5636,20250606,,Family,Monthly,Active,14.99,0.0,44.97,
4856,5673,20240529,,Premium,Annual,Active,9.99,0.0,189.81,
4857,5710,20231224,20241223,Fan,Monthly,Cancelled,5.99,0.0,71.88,Price
4858,5747,20251105,,Family,Monthly,Active,14.99,0.0,14.99,
4859,5784,20250301,,Premium,Monthly,Active,9.99,0.0,99.9,
4860,5821,20240227,,Fan,Annual,Active,5.99,1.2,14.37,
4861,5858,20250306,20250604,Family,Monthly,Cancelled,14.99,0.0,44.97,Low Usage
4862,5895,20240626,20240924,Premium,Monthly,Cancelled,9.99,0.0,29.97,Low Usage
4863,5932,20241202,20250302,Fan,Monthly,Cancelled,5.99,0.0,17.97,Price
4864,5969,20231001,20231031,Family,Annual,Cancelled,14.99,0.0,14.99,Low Usage
4865,6,20250108,,Premium,Monthly,Active,9.99,0.0,109.89,
4866,43,20240427,20240527,Fan,Monthly,Cancelled,5.99,0.0,5.99,Price
4867,80,20250426,20251023,Family,Monthly,Cancelled,14.99,0.0,89.94,Low Usage
4868,117,20240317,20240416,Premium,Annual,Cancelled,9.99,0.0,9.99,Low Usage
4869,154,20240530,20241126,Fan,Monthly,Cancelled,5.99,1.2,28.74,Price
4870,191,20251009,,Family,Monthly,Active,14.99,0.0,29.98,
4871,228,20230915,20231214,Premium,Monthly,Cancelled,9.99,0.0,29.97,Low Usage
4872,265,20240528,20240826,Fan,Annual,Cancelled,5.99,0.0,17.97,Price
4873,302,20231111,20231211,Family,Monthly,Cancelled,14.99,0.0,14.99,Low Usage
4874,339,20251022,,Premium,Monthly,Active,9.99,0.0,19.98,
4875,376,20250306,,Fan,Monthly,Active,5.99,0.0,5.99,
4876,413,20230614,20230714,Family,Annual,Cancelled,14.99,0.0,14.99,Low Usage
4877,450,20230929,20250928,Premium,Monthly,Cancelled,9.99,0.0,239.76,Low Usage
4878,487,20240831,20240930,Fan,Monthly,Cancelled,5.99,1.2,4.79,Price
4879,524,20250524,20250822,Family,Monthly,Cancelled,14.99,0.0,44.97,Low Usage
4880,561,20250819,,Premium,Annual,Active,9.99,0.0,39.96,
4881,598,20250516,,Fan,Monthly,Active,5.99,0.0,41.93,
4882,635,20231030,20240427,Family,Monthly,Cancelled,14.99,0.0,89.94,Low Usage
4883,672,20240319,20240418,Premium,Monthly,Cancelled,9.99,0.0,9.99,Low Usage
4884,709,20230801,20240128,Fan,Annual,Cancelled,5.99,0.0,35.94,Price
4885,746,20230323,,Family,Monthly,Active,14.99,0.0,44.97,
4886,783,20250418,,Premium,Monthly,Active,9.99,0.0,79.92,
4887,820,20231021,20240418,Fan,Monthly,Cancelled,5.99,1.2,28.74,Price
4888,857,20231220,20240119,Family,Annual,Cancelled,14.99,0.0,14.99,Low Usage
4889,894,20250421,,Premium,Monthly,Active,9.99,0.0,79.92,
4890,931,20241102,,Fan,Monthly,Active,5.99,0.0,5.99,
4891,968,20230924,20231223,Family,Monthly,Cancelled,14.99,0.0,44.97,Low Usage
4892,1005,20230406,20230506,Premium,Annual,Cancelled,9.99,0.0,9.99,Low Usage
4893,1042,20231006,20240104,Fan,Monthly,Cancelled,5.99,0.0,17.97,Price
4894,1079,20240130,,Family,Monthly,Active,14.99,0.0,344.77,
4895,1116,20250918,,Premium,Monthly,Active,9.99,0.0,29.97,
4896,1153,20240531,20240829,Fan,Annual,Cancelled,5.99,1.2,14.37,Price
4897,1190,20231110,20231210,Family,Monthly,Cancelled,14.99,0.0,14.99,Low Usage
4898,1227,20250716,,Premium,Monthly,Active,9.99,0.0,49.95,
4899,1264,20240410,,Fan,Monthly,Active,5.99,0.0,125.79,
4900,1301,20240521,,Family,Annual,Active,14.99,0.0,179.88,
4901,1338,20240714,20240813,Premium,Monthly,Cancelled,9.99,0.0,9.99,Low Usage
4902,1375,20250720,,Fan,Monthly,Active,5.99,0.0,29.95,
4903,1412,20250930,,Family,Monthly,Active,14.99,0.0,44.97,
4904,1449,20250428,,Premium,Annual,Active,9.99,0.0,79.92,
4905,1486,20250808,,Fan,Monthly,Active,5.99,1.2,4.79,
4906,1523,20240423,20241020,Family,Monthly,Cancelled,14.99,0.0,89.94,Low Usage
4907,1560,20250324,20250920,Premium,Monthly,Cancelled,9.99,0.0,59.94,Low Usage
4908,1597,20250414,20251011,Fan,Annual,Cancelled,5.99,0.0,35.94,Price
4909,1634,20251013,,Family,Monthly,Active,14.99,0.0,29.98,
4910,1671,20250716,,Premium,Monthly,Active,9.99,0.0,49.95,
4911,1708,20251030,,Fan,Monthly,Active,5.99,0.0,11.98,
4912,1745,20240410,20241007,Family,Annual,Cancelled,14.99,0.0,89.94,Low Usage
4913,1782,20240716,20240815,Premium,Monthly,Cancelled,9.99,0.0,9.99,Low Usage
4914,1819,20240303,20240601,Fan,Monthly,Cancelled,5.99,1.2,14.37,Price
4915,1856,20251003,,Family,Monthly,Active,14.99,0.0,44.97,
4916,1893,20240603,20240703,Premium,Annual,Cancelled,9.99,0.0,9.99,Low Usage
4917,1930,20230501,20230730,Fan,Monthly,Cancelled,5.99,0.0,17.97,Price
4918,1967,20250924,,Family,Monthly,Active,14.99,0.0,44.97,
4919,2004,20231206,20240305,Premium,Monthly,Cancelled,9.99,0.0,29.97,Low Usage
4920,2041,20250116,,Fan,Annual,Active,5.99,0.0,65.89,
4921,2078,20230609,20250608,Family,Monthly,Cancelled,14.99,0.0,359.76,Low Usage
4922,2115,20240127,20240226,Premium,Monthly,Cancelled,9.99,0.0,9.99,Low Usage
4923,2152,20240426,20240725,Fan,Monthly,Cancelled,5.99,1.2,14.37,Price
4924,2189,20230409,20230509,Family,Annual,Cancelled,14.99,0.0,14.99,Low Usage
4925,2226,20241028,,Premium,Monthly,Active,9.99,0.0,59.94,
4926,2263,20230207,20240207,Fan,Monthly,Cancelled,5.99,0.0,71.88,Price
4927,2300,20231001,20240329,Family,Monthly,Cancelled,14.99,0.0,89.94,Low Usage
4928,2337,20240722,20240821,Premium,Annual,Cancelled,9.99,0.0,9.99,Low Usage
4929,2374,20230925,20231224,Fan,Monthly,Cancelled,5.99,0.0,17.97,Price
4930,2411,20241126,,Family,Monthly,Active,14.99,0.0,44.97,
4931,2448,20250819,,Premium,Monthly,Active,9.99,0.0,39.96,
4932,2485,20250514,20250613,Fan,Annual,Cancelled,5.99,1.2,4.79,Price
4933,2522,20250915,,Family,Monthly,Active,14.99,0.0,44.97,
4934,2559,20250312,20250610,Premium,Monthly,Cancelled,9.99,0.0,29.97,Low Usage
4935,2596,20250927,,Fan,Monthly,Active,5.99,0.0,17.97,
4936,2633,20240623,,Family,Annual,Active,14.99,0.0,269.82,
4937,2670,20250312,,Premium,Monthly,Active,9.99,0.0,89.91,
4938,2707,20230401,20230501,Fan,Monthly,Cancelled,5.99,0.0,5.99,Price
4939,2744,20231110,20231210,Family,Monthly,Cancelled,14.99,0.0,14.99,Low Usage
4940,2781,20240721,,Premium,Annual,Active,9.99,0.0,119.88,
4941,2818,20231101,20241031,Fan,Monthly,Cancelled,5.99,1.2,57.48,Price
4942,2855,20241008,20241107,Family,Monthly,Cancelled,14.99,0.0,14.99,Low Usage
4943,2892,20230212,20230513,Premium,Monthly,Cancelled,9.99,0.0,29.97,Low Usage
4944,2929,20240803,20241101,Fan,Annual,Cancelled,5.99,0.0,17.97,Price
4945,2966,20240722,,Family,Monthly,Active,14.99,0.0,179.88,
4946,3003,20250617,,Premium,Monthly,Active,9.99,0.0,59.94,
4947,3040,20250626,,Fan,Monthly,Active,5.99,0.0,35.94,
4948,3077,20231118,20231218,Family,Annual,Cancelled,14.99,0.0,14.99,Low Usage
4949,3114,20240710,20240809,Premium,Monthly,Cancelled,9.99,0.0,9.99,Low Usage
4950,3151,20250221,,Fan,Monthly,Active,5.99,1.2,28.74,
4951,3188,20250829,,Family,Monthly,Active,14.99,0.0,59.96,
4952,3225,20250405,20250505,Premium,Annual,Cancelled,9.99,0.0,9.99,Low Usage
4953,3262,20240630,20250630,Fan,Monthly,Cancelled,5.99,0.0,71.88,Price
4954,3299,20230530,20231126,Family,Monthly,Cancelled,14.99,0.0,89.94,Low Usage
4955,3336,20230819,,Premium,Monthly,Active,9.99,0.0,9.99,
4956,3373,20230209,20230311,Fan,Annual,Cancelled,5.99,0.0,5.99,Price
4957,3410,20230514,20230812,Family,Monthly,Cancelled,14.99,0.0,44.97,Low Usage
4958,3447,20241230,20250129,Premium,Monthly,Cancelled,9.99,0.0,9.99,Low Usage
4959,3484,20230704,20230803,Fan,Monthly,Cancelled,5.99,1.2,4.79,Price
4960,3521,20230401,,Family,Annual,Active,14.99,0.0,359.76,
4961,3558,20231128,20240226,Premium,Monthly,Cancelled,9.99,0.0,29.97,Low Usage
4962,3595,20230918,20231018,Fan,Monthly,Cancelled,5.99,0.0,5.99,Price
4963,3632,20251107,,Family,Monthly,Active,14.99,0.0,14.99,
4964,3669,20250506,20251102,Premium,Annual,Cancelled,9.99,0.0,59.94,Low Usage
4965,3706,20250216,,Fan,Monthly,Active,5.99,0.0,59.9,
4966,3743,20231215,20241214,Family,Monthly,Cancelled,14.99,0.0,179.88,Low Usage
4967,3780,20251017,,Premium,Monthly,Active,9.99,0.0,19.98,
4968,3817,20251002,20251231,Fan,Annual,Cancelled,5.99,1.2,14.37,Price
4969,3854,20250324,20250920,Family,Monthly,Cancelled,14.99,0.0,89.94,Low Usage
4970,3891,20250531,,Premium,Monthly,Active,9.99,0.0,69.93,
4971,3928,20230923,20240922,Fan,Monthly,Cancelled,5.99,0.0,71.88,Price
4972,3965,20250806,,Family,Annual,Active,14.99,0.0,59.96,
4973,4002,20250325,20250921,Premium,Monthly,Cancelled,9.99,0.0,59.94,Low Usage
4974,4039,20250501,20250531,Fan,Monthly,Cancelled,5.99,0.0,5.99,Price
4975,4076,20250403,,Family,Monthly,Active,14.99,0.0,14.99,
4976,4113,20251016,,Premium,Annual,Active,9.99,0.0,19.98,
4977,4150,20250428,20250727,Fan,Monthly,Cancelled,5.99,1.2,14.37,Price
4978,4187,20231013,20231112,Family,Monthly,Cancelled,14.99,0.0,14.99,Low Usage
4979,4224,20230620,20250619,Premium,Monthly,Cancelled,9.99,0.0,239.76,Low Usage
4980,4261,20240819,,Fan,Annual,Active,5.99,0.0,95.84,
4981,4298,20230101,20241231,Family,Monthly,Cancelled,14.99,0.0,359.76,Low Usage
4982,4335,20250331,,Premium,Monthly,Active,9.99,0.0,89.91,
4983,4372,20231104,20240202,Fan,Monthly,Cancelled,5.99,0.0,17.97,Price
4984,4409,20230512,20250511,Family,Annual,Cancelled,14.99,0.0,359.76,Low Usage
4985,4446,20240711,,Premium,Monthly,Active,9.99,0.0,119.88,
4986,4483,20241126,20250525,Fan,Monthly,Cancelled,5.99,1.2,28.74,Price
4987,4520,20240501,20250501,Family,Monthly,Cancelled,14.99,0.0,179.88,Low Usage
4988,4557,20250404,20250504,Premium,Annual,Cancelled,9.99,0.0,9.99,Low Usage
4989,4594,20250515,20250813,Fan,Monthly,Cancelled,5.99,0.0,17.97,Price
4990,4631,20251016,,Family,Monthly,Active,14.99,0.0,29.98,
4991,4668,20231121,20240219,Premium,Monthly,Cancelled,9.99,0.0,29.97,Low Usage
4992,4705,20251105,20251205,Fan,Annual,Cancelled,5.99,0.0,5.99,Price
4993,4742,20230429,20230529,Family,Monthly,Cancelled,14.99,0.0,14.99,Low Usage
4994,4779,20250117,,Premium,Monthly,Active,9.99,0.0,109.89,
4995,4816,20250402,,Fan,Monthly,Active,5.99,1.2,43.11,
4996,4853,20240728,20241026,Family,Annual,Cancelled,14.99,0.0,44.97,Low Usage
4997,4890,20240313,,Premium,Monthly,Active,9.99,0.0,209.79,
4998,4927,20251107,,Fan,Monthly,Active,5.99,0.0,5.99,
4999,4964,20240917,20241017,Family,Monthly,Cancelled,14.99,0.0,14.99,Low Usage
5000,5001,20230605,,Premium,Annual,Active,9.99,0.0,9.99,
5001,5038,20241027,20241126,Fan,Monthly,Cancelled,5.99,0.0,5.99,Price
5002,5075,20230412,20231009,Family,Monthly,Cancelled,14.99,0.0,89.94,Low Usage
5003,5112,20230131,20230501,Premium,Monthly,Cancelled,9.99,0.0,29.97,Low Usage
5004,5149,20230919,20231019,Fan,Annual,Cancelled,5.99,1.2,4.79,Price
5005,5186,20241104,,Family,Monthly,Active,14.99,0.0,179.88,
5006,5223,20250829,20251127,Premium,Monthly,Cancelled,9.99,0.0,29.97,Low Usage
5007,5260,20241210,20250310,Fan,Monthly,Cancelled,5.99,0.0,17.97,Price
5008,5297,20230901,20231130,Family,Annual,Cancelled,14.99,0.0,44.97,Low Usage
5009,5334,20230422,20230721,Premium,Monthly,Cancelled,9.99,0.0,29.97,Low Usage
5010,5371,20240711,,Fan,Monthly,Active,5.99,0.0,5.99,
5011,5408,20250109,20250409,Family,Monthly,Cancelled,14.99,0.0,44.97,Low Usage
5012,5445,20231102,20231202,Premium,Annual,Cancelled,9.99,0.0,9.99,Low Usage
5013,5482,20240804,20241102,Fan,Monthly,Cancelled,5.99,1.2,14.37,Price
5014,5519,20240710,20240809,Family,Monthly,Cancelled,14.99,0.0,14.99,Low Usage
5015,5556,20230202,,Premium,Monthly,Active,9.99,0.0,29.97,
5016,5593,20230617,20240616,Fan,Annual,Cancelled,5.99,0.0,71.88,Price
5017,5630,20240114,20240413,Family,Monthly,Cancelled,14.99,0.0,44.97,Low Usage
5018,5667,20250924,,Premium,Monthly,Active,9.99,0.0,29.97,
5019,5704,20231108,20240506,Fan,Monthly,Cancelled,5.99,0.0,35.94,Price
5020,5741,20240922,,Family,Annual,Active,14.99,0.0,44.97,
5021,5778,20250102,20250402,Premium,Monthly,Cancelled,9.99,0.0,29.97,Low Usage
5022,5815,20231123,20251122,Fan,Monthly,Cancelled,5.99,1.2,114.96,Price
5023,5852,20250421,20250521,Family,Monthly,Cancelled,14.99,0.0,14.99,Low Usage
5024,5889,20250114,20250414,Premium,Annual,Cancelled,9.99,0.0,29.97,Low Usage
5025,5926,20251027,,Fan,Monthly,Active,5.99,0.0,11.98,
5026,5963,20250108,,Family,Monthly,Active,14.99,0.0,164.89,
5027,6000,20230924,20240322,Premium,Monthly,Cancelled,9.99,0.0,59.94,Low Usage
5028,37,20230509,20231105,Fan,Annual,Cancelled,5.99,0.0,35.94,Price
5029,74,20240105,20250104,Family,Monthly,Cancelled,14.99,0.0,179.88,Low Usage
5030,111,20240606,,Premium,Monthly,Active,9.99,0.0,59.94,
5031,148,20230508,20230607,Fan,Monthly,Cancelled,5.99,1.2,4.79,Price
5032,185,20230507,20231103,Family,Annual,Cancelled,14.99,0.0,89.94,Low Usage
5033,222,20250523,20251119,Premium,Monthly,Cancelled,9.99,0.0,59.94,Low Usage
5034,259,20250502,,Fan,Monthly,Active,5.99,0.0,47.92,
5035,296,20241211,,Family,Monthly,Active,14.99,0.0,14.99,
5036,333,20230519,20240518,Premium,Annual,Cancelled,9.99,0.0,119.88,Low Usage
5037,370,20231011,20231110,Fan,Monthly,Cancelled,5.99,0.0,5.99,Price
5038,407,20240816,20250212,Family,Monthly,Cancelled,14.99,0.0,89.94,Low Usage
5039,444,20231103,20231203,Premium,Monthly,Cancelled,9.99,0.0,9.99,Low Usage
5040,481,20231009,,Fan,Annual,Active,5.99,1.2,114.96,
5041,518,20230927,20231027,Family,Monthly,Cancelled,14.99,0.0,14.99,Low Usage
5042,555,20250527,20250626,Premium,Monthly,Cancelled,9.99,0.0,9.99,Low Usage
5043,592,20240816,20250816,Fan,Monthly,Cancelled,5.99,0.0,71.88,Price
5044,629,20250613,20250713,Family,Annual,Cancelled,14.99,0.0,14.99,Low Usage
5045,666,20240703,,Premium,Monthly,Active,9.99,0.0,179.82,
5046,703,20250217,20250816,Fan,Monthly,Cancelled,5.99,0.0,35.94,Price
5047,740,20250920,20251219,Family,Monthly,Cancelled,14.99,0.0,44.97,Low Usage
5048,777,20240101,20251231,Premium,Annual,Cancelled,9.99,0.0,239.76,Low Usage
5049,814,20240529,,Fan,Monthly,Active,5.99,1.2,91.01,
5050,851,20231027,,Family,Monthly,Active,14.99,0.0,179.88,
5051,888,20230201,20250131,Premium,Monthly,Cancelled,9.99,0.0,239.76,Low Usage
5052,925,20230117,20230417,Fan,Annual,Cancelled,5.99,0.0,17.97,Price
5053,962,20240626,20240924,Family,Monthly,Cancelled,14.99,0.0,44.97,Low Usage
5054,999,20240313,20240611,Premium,Monthly,Cancelled,9.99,0.0,29.97,Low Usage
5055,1036,20240607,,Fan,Monthly,Active,5.99,0.0,35.94,
5056,1073,20230917,20240916,Family,Annual,Cancelled,14.99,0.0,179.88,Low Usage
5057,1110,20230804,20250803,Premium,Monthly,Cancelled,9.99,0.0,239.76,Low Usage
5058,1147,20250301,20250530,Fan,Monthly,Cancelled,5.99,1.2,14.37,Price
5059,1184,20240908,20250908,Family,Monthly,Cancelled,14.99,0.0,179.88,Low Usage
5060,1221,20240412,,Premium,Annual,Active,9.99,0.0,29.97,
5061,1258,20250809,,Fan,Monthly,Active,5.99,0.0,23.96,
5062,1295,20230228,20230330,Family,Monthly,Cancelled,14.99,0.0,14.99,Low Usage
5063,1332,20240609,20240709,Premium,Monthly,Cancelled,9.99,0.0,9.99,Low Usage
5064,1369,20240314,,Fan,Annual,Active,5.99,0.0,125.79,
5065,1406,20240809,,Family,Monthly,Active,14.99,0.0,14.99,
5066,1443,20230331,20230629,Premium,Monthly,Cancelled,9.99,0.0,29.97,Low Usage
5067,1480,20230303,20230830,Fan,Monthly,Cancelled,5.99,1.2,28.74,Price
5068,1517,20250604,,Family,Annual,Active,14.99,0.0,104.93,
5069,1554,20250626,20250726,Premium,Monthly,Cancelled,9.99,0.0,9.99,Low Usage
5070,1591,20230712,,Fan,Monthly,Active,5.99,0.0,5.99,
5071,1628,20231017,20251016,Family,Monthly,Cancelled,14.99,0.0,359.76,Low Usage
5072,1665,20230324,20230423,Premium,Annual,Cancelled,9.99,0.0,9.99,Low Usage
5073,1702,20230307,20240306,Fan,Monthly,Cancelled,5.99,0.0,71.88,Price
5074,1739,20231209,20240308,Family,Monthly,Cancelled,14.99,0.0,44.97,Low Usage
5075,1776,20240503,,Premium,Monthly,Active,9.99,0.0,199.8,
5076,1813,20241123,20241223,Fan,Annual,Cancelled,5.99,1.2,4.79,Price
5077,1850,20231014,20251013,Family,Monthly,Cancelled,14.99,0.0,359.76,Low Usage
5078,1887,20251109,20251209,Premium,Monthly,Cancelled,9.99,0.0,9.99,Low Usage
5079,1924,20240722,20241020,Fan,Monthly,Cancelled,5.99,0.0,17.97,Price
5080,1961,20230908,,Family,Annual,Active,14.99,0.0,14.99,
5081,1998,20230816,20250815,Premium,Monthly,Cancelled,9.99,0.0,239.76,Low Usage
5082,2035,20240316,20240912,Fan,Monthly,Cancelled,5.99,0.0,35.94,Price
5083,2072,20231011,20231110,Family,Monthly,Cancelled,14.99,0.0,14.99,Low Usage
5084,2109,20231117,20251116,Premium,Annual,Cancelled,9.99,0.0,239.76,Low Usage
5085,2146,20241210,,Fan,Monthly,Active,5.99,1.2,57.48,
5086,2183,20230310,20230906,Family,Monthly,Cancelled,14.99,0.0,89.94,Low Usage
5087,2220,20240713,20240812,Premium,Monthly,Cancelled,9.99,0.0,9.99,Low Usage
5088,2257,20251002,,Fan,Annual,Active,5.99,0.0,17.97,
5089,2294,20250308,,Family,Monthly,Active,14.99,0.0,134.91,
5090,2331,20230707,,Premium,Monthly,Active,9.99,0.0,119.88,
5091,2368,20251012,,Fan,Monthly,Active,5.99,0.0,11.98,
5092,2405,20240714,20250714,Family,Annual,Cancelled,14.99,0.0,179.88,Low Usage
5093,2442,20250701,20250731,Premium,Monthly,Cancelled,9.99,0.0,9.99,Low Usage
5094,2479,20230123,20230423,Fan,Monthly,Cancelled,5.99,1.2,14.37,Price
5095,2516,20230307,,Family,Monthly,Active,14.99,0.0,89.94,
5096,2553,20240409,20250409,Premium,Annual,Cancelled,9.99,0.0,119.88,Low Usage
5097,2590,20230111,20230210,Fan,Monthly,Cancelled,5.99,0.0,5.99,Price
5098,2627,20250917,,Family,Monthly,Active,14.99,0.0,44.97,
5099,2664,20240626,20250626,Premium,Monthly,Cancelled,9.99,0.0,119.88,Low Usage
5100,2701,20240314,,Fan,Annual,Active,5.99,0.0,35.94,
5101,2738,20230622,20230722,Family,Monthly,Cancelled,14.99,0.0,14.99,Low Usage
5102,2775,20230226,20250225,Premium,Monthly,Cancelled,9.99,0.0,239.76,Low Usage
5103,2812,20240703,20250703,Fan,Monthly,Cancelled,5.99,1.2,57.48,Price
5104,2849,20250901,20251130,Family,Annual,Cancelled,14.99,0.0,44.97,Low Usage
5105,2886,20241129,,Premium,Monthly,Active,9.99,0.0,119.88,
5106,2923,20240523,20241119,Fan,Monthly,Cancelled,5.99,0.0,35.94,Price
5107,2960,20240302,20240401,Family,Monthly,Cancelled,14.99,0.0,14.99,Low Usage
5108,2997,20250910,,Premium,Annual,Active,9.99,0.0,29.97,
5109,3034,20250106,20250406,Fan,Monthly,Cancelled,5.99,0.0,17.97,Price
5110,3071,20230626,,Family,Monthly,Active,14.99,0.0,179.88,
5111,3108,20240407,20241004,Premium,Monthly,Cancelled,9.99,0.0,59.94,Low Usage
5112,3145,20230120,20230219,Fan,Annual,Cancelled,5.99,1.2,4.79,Price
5113,3182,20230520,20230818,Family,Monthly,Cancelled,14.99,0.0,44.97,Low Usage
5114,3219,20230305,20250304,Premium,Monthly,Cancelled,9.99,0.0,239.76,Low Usage
5115,3256,20230506,,Fan,Monthly,Active,5.99,0.0,143.76,
5116,3293,20250108,,Family,Annual,Active,14.99,0.0,164.89,
5117,3330,20250906,20251205,Premium,Monthly,Cancelled,9.99,0.0,29.97,Low Usage
5118,3367,20231118,20240216,Fan,Monthly,Cancelled,5.99,0.0,17.97,Price
5119,3404,20250120,20250420,Family,Monthly,Cancelled,14.99,0.0,44.97,Low Usage
5120,3441,20230901,,Premium,Annual,Active,9.99,0.0,29.97,
5121,3478,20230210,20240210,Fan,Monthly,Cancelled,5.99,1.2,57.48,Price
5122,3515,20240616,20240914,Family,Monthly,Cancelled,14.99,0.0,44.97,Low Usage
5123,3552,20251107,,Premium,Monthly,Active,9.99,0.0,9.99,
5124,3589,20250810,20250909,Fan,Annual,Cancelled,5.99,0.0,5.99,Price
5125,3626,20230406,,Family,Monthly,Active,14.99,0.0,14.99,
5126,3663,20250829,,Premium,Monthly,Active,9.99,0.0,39.96,
5127,3700,20230127,20240127,Fan,Monthly,Cancelled,5.99,0.0,71.88,Price
5128,3737,20250115,20250214,Family,Annual,Cancelled,14.99,0.0,14.99,Low Usage
5129,3774,20230128,20230227,Premium,Monthly,Cancelled,9.99,0.0,9.99,Low Usage
5130,3811,20230505,,Fan,Monthly,Active,5.99,1.2,28.74,
5131,3848,20240330,,Family,Monthly,Active,14.99,0.0,314.79,
5132,3885,20241007,20251007,Premium,Annual,Cancelled,9.99,0.0,119.88,Low Usage
5133,3922,20231031,20231130,Fan,Monthly,Cancelled,5.99,0.0,5.99,Price
5134,3959,20240512,,Family,Monthly,Active,14.99,0.0,284.81,
5135,3996,20240614,,Premium,Monthly,Active,9.99,0.0,59.94,
5136,4033,20240528,,Fan,Annual,Active,5.99,0.0,113.81,
5137,4070,20250130,20250729,Family,Monthly,Cancelled,14.99,0.0,89.94,Low Usage
5138,4107,20230504,20250503,Premium,Monthly,Cancelled,9.99,0.0,239.76,Low Usage
5139,4144,20241214,20250113,Fan,Monthly,Cancelled,5.99,1.2,4.79,Price
5140,4181,20240229,,Family,Annual,Active,14.99,0.0,44.97,
5141,4218,20250818,,Premium,Monthly,Active,9.99,0.0,39.96,
5142,4255,20240823,20241121,Fan,Monthly,Cancelled,5.99,0.0,17.97,Price
5143,4292,20250604,,Family,Monthly,Active,14.99,0.0,104.93,
5144,4329,20240621,,Premium,Annual,Active,9.99,0.0,179.82,
5145,4366,20240626,,Fan,Monthly,Active,5.99,0.0,35.94,
5146,4403,20230507,20230805,Family,Monthly,Cancelled,14.99,0.0,44.97,Low Usage
5147,4440,20241203,20250102,Premium,Monthly,Cancelled,9.99,0.0,9.99,Low Usage
5148,4477,20240420,,Fan,Annual,Active,5.99,1.2,95.8,
5149,4514,20250606,,Family,Monthly,Active,14.99,0.0,89.94,
5150,4551,20240610,,Premium,Monthly,Active,9.99,0.0,29.97,
5151,4588,20230320,20230419,Fan,Monthly,Cancelled,5.99,0.0,5.99,Price
5152,4625,20230319,20230915,Family,Annual,Cancelled,14.99,0.0,89.94,Low Usage
5153,4662,20250425,,Premium,Monthly,Active,9.99,0.0,79.92,
5154,4699,20230327,20230625,Fan,Monthly,Cancelled,5.99,0.0,17.97,Price
5155,4736,20231204,,Family,Monthly,Active,14.99,0.0,179.88,
5156,4773,20231115,20241114,Premium,Annual,Cancelled,9.99,0.0,119.88,Low Usage
5157,4810,20240806,20250202,Fan,Monthly,Cancelled,5.99,1.2,28.74,Price
5158,4847,20250727,20251025,Family,Monthly,Cancelled,14.99,0.0,44.97,Low Usage
5159,4884,20240703,20241001,Premium,Monthly,Cancelled,9.99,0.0,29.97,Low Usage
5160,4921,20240731,,Fan,Annual,Active,5.99,0.0,5.99,
5161,4958,20250212,,Family,Monthly,Active,14.99,0.0,149.9,
5162,4995,20230324,20230622,Premium,Monthly,Cancelled,9.99,0.0,29.97,Low Usage
5163,5032,20250703,20250802,Fan,Monthly,Cancelled,5.99,0.0,5.99,Price
5164,5069,20250724,,Family,Annual,Active,14.99,0.0,74.95,
5165,5106,20240703,,Premium,Monthly,Active,9.99,0.0,29.97,
5166,5143,20250601,,Fan,Monthly,Active,5.99,1.2,33.53,
5167,5180,20250928,,Family,Monthly,Active,14.99,0.0,44.97,
5168,5217,20230929,20231029,Premium,Annual,Cancelled,9.99,0.0,9.99,Low Usage
5169,5254,20230408,20230707,Fan,Monthly,Cancelled,5.99,0.0,17.97,Price
5170,5291,20230901,,Family,Monthly,Active,14.99,0.0,89.94,
5171,5328,20250125,20250224,Premium,Monthly,Cancelled,9.99,0.0,9.99,Low Usage
5172,5365,20230914,20231014,Fan,Annual,Cancelled,5.99,0.0,5.99,Price
5173,5402,20240822,20250218,Family,Monthly,Cancelled,14.99,0.0,89.94,Low Usage
5174,5439,20230303,20230830,Premium,Monthly,Cancelled,9.99,0.0,59.94,Low Usage
5175,5476,20241120,,Fan,Monthly,Active,5.99,1.2,62.27,
5176,5513,20240513,,Family,Annual,Active,14.99,0.0,284.81,
5177,5550,20250303,,Premium,Monthly,Active,9.99,0.0,99.9,
5178,5587,20230222,20250221,Fan,Monthly,Cancelled,5.99,0.0,143.76,Price
5179,5624,20230416,20240415,Family,Monthly,Cancelled,14.99,0.0,179.88,Low Usage
5180,5661,20230115,,Premium,Annual,Active,9.99,0.0,9.99,
5181,5698,20231108,20241107,Fan,Monthly,Cancelled,5.99,0.0,71.88,Price
5182,5735,20240219,20240320,Family,Monthly,Cancelled,14.99,0.0,14.99,Low Usage
5183,5772,20250124,,Premium,Monthly,Active,9.99,0.0,109.89,
5184,5809,20230308,20230904,Fan,Annual,Cancelled,5.99,1.2,28.74,Price
5185,5846,20240113,,Family,Monthly,Active,14.99,0.0,179.88,
5186,5883,20240517,20250517,Premium,Monthly,Cancelled,9.99,0.0,119.88,Low Usage
5187,5920,20251115,,Fan,Monthly,Active,5.99,0.0,5.99,
5188,5957,20230816,20240815,Family,Annual,Cancelled,14.99,0.0,179.88,Low Usage
5189,5994,20231025,20240123,Premium,Monthly,Cancelled,9.99,0.0,29.97,Low Usage
5190,31,20250703,,Fan,Monthly,Active,5.99,0.0,35.94,
5191,68,20240724,,Family,Monthly,Active,14.99,0.0,254.83,
5192,105,20241211,20250110,Premium,Annual,Cancelled,9.99,0.0,9.99,Low Usage
5193,142,20230708,20240104,Fan,Monthly,Cancelled,5.99,1.2,28.74,Price
5194,179,20231020,20251019,Family,Monthly,Cancelled,14.99,0.0,359.76,Low Usage
5195,216,20230702,,Premium,Monthly,Active,9.99,0.0,59.94,
5196,253,20231228,20241227,Fan,Annual,Cancelled,5.99,0.0,71.88,Price
5197,290,20250219,20250520,Family,Monthly,Cancelled,14.99,0.0,44.97,Low Usage
5198,327,20250726,,Premium,Monthly,Active,9.99,0.0,49.95,
5199,364,20240714,,Fan,Monthly,Active,5.99,0.0,101.83,
5200,401,20241221,,Family,Annual,Active,14.99,0.0,89.94,
5201,438,20250226,20250527,Premium,Monthly,Cancelled,9.99,0.0,29.97,Low Usage
5202,475,20240708,20250104,Fan,Monthly,Cancelled,5.99,1.2,28.74,Price
5203,512,20250524,20251120,Family,Monthly,Cancelled,14.99,0.0,89.94,Low Usage
5204,549,20230724,20240723,Premium,Annual,Cancelled,9.99,0.0,119.88,Low Usage
5205,586,20250717,,Fan,Monthly,Active,5.99,0.0,17.97,
5206,623,20240827,20250827,Family,Monthly,Cancelled,14.99,0.0,179.88,Low Usage
5207,660,20230207,20230309,Premium,Monthly,Cancelled,9.99,0.0,9.99,Low Usage
5208,697,20240501,20241028,Fan,Annual,Cancelled,5.99,0.0,35.94,Price
5209,734,20230521,20231117,Family,Monthly,Cancelled,14.99,0.0,89.94,Low Usage
5210,771,20240323,,Premium,Monthly,Active,9.99,0.0,209.79,
5211,808,20250617,,Fan,Monthly,Active,5.99,1.2,28.74,
5212,845,20231102,20251101,Family,Annual,Cancelled,14.99,0.0,359.76,Low Usage
5213,882,20230517,20250516,Premium,Monthly,Cancelled,9.99,0.0,239.76,Low Usage
5214,919,20250818,20250917,Fan,Monthly,Cancelled,5.99,0.0,5.99,Price
5215,956,20230923,,Family,Monthly,Active,14.99,0.0,179.88,
5216,993,20250201,20250502,Premium,Annual,Cancelled,9.99,0.0,29.97,Low Usage
5217,1030,20250611,20251208,Fan,Monthly,Cancelled,5.99,0.0,35.94,Price
5218,1067,20241129,20241229,Family,Monthly,Cancelled,14.99,0.0,14.99,Low Usage
5219,1104,20230607,20250606,Premium,Monthly,Cancelled,9.99,0.0,239.76,Low Usage
5220,1141,20250626,,Fan,Annual,Active,5.99,1.2,14.37,
5221,1178,20230510,20240509,Family,Monthly,Cancelled,14.99,0.0,179.88,Low Usage
5222,1215,20250517,,Premium,Monthly,Active,9.99,0.0,69.93,
5223,1252,20250904,,Fan,Monthly,Active,5.99,0.0,17.97,
5224,1289,20241114,20250212,Family,Annual,Cancelled,14.99,0.0,44.97,Low Usage
5225,1326,20251107,,Premium,Monthly,Active,9.99,0.0,9.99,
5226,1363,20250410,20250709,Fan,Monthly,Cancelled,5.99,0.0,17.97,Price
5227,1400,20240627,,Family,Monthly,Active,14.99,0.0,269.82,
5228,1437,20250609,,Premium,Annual,Active,9.99,0.0,59.94,
5229,1474,20240419,20250419,Fan,Monthly,Cancelled,5.99,1.2,57.48,Price
5230,1511,20230205,,Family,Monthly,Active,14.99,0.0,89.94,
5231,1548,20230113,20230712,Premium,Monthly,Cancelled,9.99,0.0,59.94,Low Usage
5232,1585,20240406,20240705,Fan,Annual,Cancelled,5.99,0.0,17.97,Price
5233,1622,20240825,20250825,Family,Monthly,Cancelled,14.99,0.0,179.88,Low Usage
5234,1659,20250422,,Premium,Monthly,Active,9.99,0.0,79.92,
5235,1696,20250329,,Fan,Monthly,Active,5.99,0.0,53.91,
5236,1733,20230215,20230516,Family,Annual,Cancelled,14.99,0.0,44.97,Low Usage
5237,1770,20250708,,Premium,Monthly,Active,9.99,0.0,49.95,
5238,1807,20250315,20250911,Fan,Monthly,Cancelled,5.99,1.2,28.74,Price
5239,1844,20231219,20240616,Family,Monthly,Cancelled,14.99,0.0,89.94,Low Usage
5240,1881,20240312,,Premium,Annual,Active,9.99,0.0,219.78,
5241,1918,20240924,20241223,Fan,Monthly,Cancelled,5.99,0.0,17.97,Price
5242,1955,20250822,,Family,Monthly,Active,14.99,0.0,59.96,
5243,1992,20250612,,Premium,Monthly,Active,9.99,0.0,59.94,
5244,2029,20240112,20240411,Fan,Annual,Cancelled,5.99,0.0,17.97,Price
5245,2066,20250611,,Family,Monthly,Active,14.99,0.0,89.94,
5246,2103,20251111,,Premium,Monthly,Active,9.99,0.0,9.99,
5247,2140,20240709,20250709,Fan,Monthly,Cancelled,5.99,1.2,57.48,Price
5248,2177,20230504,20230802,Family,Annual,Cancelled,14.99,0.0,44.97,Low Usage
5249,2214,20230802,20240129,Premium,Monthly,Cancelled,9.99,0.0,59.94,Low Usage
5250,2251,20250404,,Fan,Monthly,Active,5.99,0.0,5.99,
5251,2288,20250706,,Family,Monthly,Active,14.99,0.0,74.95,
5252,2325,20240606,20250606,Premium,Annual,Cancelled,9.99,0.0,119.88,Low Usage
5253,2362,20230605,20230705,Fan,Monthly,Cancelled,5.99,0.0,5.99,Price
5254,2399,20250108,,Family,Monthly,Active,14.99,0.0,164.89,
5255,2436,20230107,,Premium,Monthly,Active,9.99,0.0,59.94,
5256,2473,20241019,20250117,Fan,Annual,Cancelled,5.99,1.2,14.37,Price
5257,2510,20230902,20240901,Family,Monthly,Cancelled,14.99,0.0,179.88,Low Usage
5258,2547,20240707,20250707,Premium,Monthly,Cancelled,9.99,0.0,119.88,Low Usage
5259,2584,20240924,20241223,Fan,Monthly,Cancelled,5.99,0.0,17.97,Price
5260,2621,20231022,,Family,Annual,Active,14.99,0.0,359.76,
5261,2658,20240129,20240727,Premium,Monthly,Cancelled,9.99,0.0,59.94,Low Usage
5262,2695,20240920,20241020,Fan,Monthly,Cancelled,5.99,0.0,5.99,Price
5263,2732,20241026,20251026,Family,Monthly,Cancelled,14.99,0.0,179.88,Low Usage
5264,2769,20240815,20250815,Premium,Annual,Cancelled,9.99,0.0,119.88,Low Usage
5265,2806,20230217,,Fan,Monthly,Active,5.99,1.2,14.37,
5266,2843,20251007,,Family,Monthly,Active,14.99,0.0,29.98,
5267,2880,20240508,20240806,Premium,Monthly,Cancelled,9.99,0.0,29.97,Low Usage
5268,2917,20240410,20241007,Fan,Annual,Cancelled,5.99,0.0,35.94,Price
5269,2954,20241203,20250601,Family,Monthly,Cancelled,14.99,0.0,89.94,Low Usage
5270,2991,20240314,,Premium,Monthly,Active,9.99,0.0,209.79,
5271,3028,20250503,20250801,Fan,Monthly,Cancelled,5.99,0.0,17.97,Price
5272,3065,20231120,20251119,Family,Annual,Cancelled,14.99,0.0,359.76,Low Usage
5273,3102,20250423,20250722,Premium,Monthly,Cancelled,9.99,0.0,29.97,Low Usage
5274,3139,20230810,20240206,Fan,Monthly,Cancelled,5.99,1.2,28.74,Price
5275,3176,20250823,,Family,Monthly,Active,14.99,0.0,59.96,
5276,3213,20240914,20241213,Premium,Annual,Cancelled,9.99,0.0,29.97,Low Usage
5277,3250,20230719,20231017,Fan,Monthly,Cancelled,5.99,0.0,17.97,Price
5278,3287,20230304,20230403,Family,Monthly,Cancelled,14.99,0.0,14.99,Low Usage
5279,3324,20241107,20241207,Premium,Monthly,Cancelled,9.99,0.0,9.99,Low Usage
5280,3361,20250926,,Fan,Annual,Active,5.99,0.0,17.97,
5281,3398,20240428,,Family,Monthly,Active,14.99,0.0,299.8,
5282,3435,20230610,20240609,Premium,Monthly,Cancelled,9.99,0.0,119.88,Low Usage
5283,3472,20251103,20251203,Fan,Monthly,Cancelled,5.99,1.2,4.79,Price
5284,3509,20250325,,Family,Annual,Active,14.99,0.0,134.91,
5285,3546,20240517,,Premium,Monthly,Active,9.99,0.0,189.81,
5286,3583,20240407,20250407,Fan,Monthly,Cancelled,5.99,0.0,71.88,Price
5287,3620,20240505,20240604,Family,Monthly,Cancelled,14.99,0.0,14.99,Low Usage
5288,3657,20250807,,Premium,Annual,Active,9.99,0.0,39.96,
5289,3694,20250401,,Fan,Monthly,Active,5.99,0.0,53.91,
5290,3731,20240322,,Family,Monthly,Active,14.99,0.0,89.94,
5291,3768,20240402,20250402,Premium,Monthly,Cancelled,9.99,0.0,119.88,Low Usage
5292,3805,20231022,20231121,Fan,Annual,Cancelled,5.99,1.2,4.79,Price
5293,3842,20240309,,Family,Monthly,Active,14.99,0.0,329.78,
5294,3879,20250321,20250420,Premium,Monthly,Cancelled,9.99,0.0,9.99,Low Usage
5295,3916,20230521,,Fan,Monthly,Active,5.99,0.0,5.99,
5296,3953,20251012,,Family,Annual,Active,14.99,0.0,29.98,
5297,3990,20251025,,Premium,Monthly,Active,9.99,0.0,19.98,
5298,4027,20230723,20240722,Fan,Monthly,Cancelled,5.99,0.0,71.88,Price
5299,4064,20230429,20250428,Family,Monthly,Cancelled,14.99,0.0,359.76,Low Usage
5300,4101,20230819,,Premium,Annual,Active,9.99,0.0,119.88,
5301,4138,20230923,20250922,Fan,Monthly,Cancelled,5.99,1.2,114.96,Price
5302,4175,20241110,20241210,Family,Monthly,Cancelled,14.99,0.0,14.99,Low Usage
5303,4212,20230320,20230618,Premium,Monthly,Cancelled,9.99,0.0,29.97,Low Usage
5304,4249,20240927,,Fan,Annual,Active,5.99,0.0,89.85,
5305,4286,20250503,,Family,Monthly,Active,14.99,0.0,119.92,
5306,4323,20230202,20230304,Premium,Monthly,Cancelled,9.99,0.0,9.99,Low Usage
5307,4360,20231024,20231123,Fan,Monthly,Cancelled,5.99,0.0,5.99,Price
5308,4397,20250810,20251108,Family,Annual,Cancelled,14.99,0.0,44.97,Low Usage
5309,4434,20240222,,Premium,Monthly,Active,9.99,0.0,219.78,
5310,4471,20230504,,Fan,Monthly,Active,5.99,1.2,114.96,
5311,4508,20241129,20251129,Family,Monthly,Cancelled,14.99,0.0,179.88,Low Usage
5312,4545,20250410,,Premium,Annual,Active,9.99,0.0,79.92,
5313,4582,20230824,20231122,Fan,Monthly,Cancelled,5.99,0.0,17.97,Price
5314,4619,20231219,20240616,Family,Monthly,Cancelled,14.99,0.0,89.94,Low Usage
5315,4656,20230502,,Premium,Monthly,Active,9.99,0.0,59.94,
5316,4693,20230927,20231027,Fan,Annual,Cancelled,5.99,0.0,5.99,Price
5317,4730,20250909,,Family,Monthly,Active,14.99,0.0,44.97,
5318,4767,20231215,20251214,Premium,Monthly,Cancelled,9.99,0.0,239.76,Low Usage
5319,4804,20250929,,Fan,Monthly,Active,5.99,1.2,14.37,
5320,4841,20250928,,Family,Annual,Active,14.99,0.0,44.97,
5321,4878,20230718,20240114,Premium,Monthly,Cancelled,9.99,0.0,59.94,Low Usage
5322,4915,20230526,20240525,Fan,Monthly,Cancelled,5.99,0.0,71.88,Price
5323,4952,20230705,20230804,Family,Monthly,Cancelled,14.99,0.0,14.99,Low Usage
5324,4989,20230608,20231205,Premium,Annual,Cancelled,9.99,0.0,59.94,Low Usage
5325,5026,20231030,,Fan,Monthly,Active,5.99,0.0,5.99,
5326,5063,20230327,20240326,Family,Monthly,Cancelled,14.99,0.0,179.88,Low Usage
5327,5100,20240126,,Premium,Monthly,Active,9.99,0.0,229.77,
5328,5137,20230713,20240712,Fan,Annual,Cancelled,5.99,1.2,57.48,Price
5329,5174,20230724,20230823,Family,Monthly,Cancelled,14.99,0.0,14.99,Low Usage
5330,5211,20231225,,Premium,Monthly,Active,9.99,0.0,119.88,
5331,5248,20250701,20250731,Fan,Monthly,Cancelled,5.99,0.0,5.99,Price
5332,5285,20251030,,Family,Annual,Active,14.99,0.0,29.98,
5333,5322,20250407,20250706,Premium,Monthly,Cancelled,9.99,0.0,29.97,Low Usage
5334,5359,20230917,20240315,Fan,Monthly,Cancelled,5.99,0.0,35.94,Price
5335,5396,20241206,,Family,Monthly,Active,14.99,0.0,89.94,
5336,5433,20240824,20241122,Premium,Annual,Cancelled,9.99,0.0,29.97,Low Usage
5337,5470,20240216,20240516,Fan,Monthly,Cancelled,5.99,1.2,14.37,Price
5338,5507,20241124,20251124,Family,Monthly,Cancelled,14.99,0.0,179.88,Low Usage
5339,5544,20230928,20231227,Premium,Monthly,Cancelled,9.99,0.0,29.97,Low Usage
5340,5581,20240923,,Fan,Annual,Active,5.99,0.0,5.99,
5341,5618,20240313,20250313,Family,Monthly,Cancelled,14.99,0.0,179.88,Low Usage
5342,5655,20241117,20241217,Premium,Monthly,Cancelled,9.99,0.0,9.99,Low Usage
5343,5692,20230613,20240612,Fan,Monthly,Cancelled,5.99,0.0,71.88,Price
5344,5729,20251003,20251102,Family,Annual,Cancelled,14.99,0.0,14.99,Low Usage
5345,5766,20250511,,Premium,Monthly,Active,9.99,0.0,59.94,
5346,5803,20241012,20241111,Fan,Monthly,Cancelled,5.99,1.2,4.79,Price
5347,5840,20231127,20240225,Family,Monthly,Cancelled,14.99,0.0,44.97,Low Usage
5348,5877,20230821,20230920,Premium,Annual,Cancelled,9.99,0.0,9.99,Low Usage
5349,5914,20250129,20250728,Fan,Monthly,Cancelled,5.99,0.0,35.94,Price
5350,5951,20230117,,Family,Monthly,Active,14.99,0.0,14.99,
5351,5988,20250307,20250406,Premium,Monthly,Cancelled,9.99,0.0,9.99,Low Usage
5352,25,20250826,,Fan,Annual,Active,5.99,0.0,23.96,
5353,62,20250730,,Family,Monthly,Active,14.99,0.0,74.95,
5354,99,20241223,20250122,Premium,Monthly,Cancelled,9.99,0.0,9.99,Low Usage
5355,136,20240329,,Fan,Monthly,Active,5.99,1.2,14.37,
5356,173,20240102,20250101,Family,Annual,Cancelled,14.99,0.0,179.88,Low Usage
5357,210,20240420,,Premium,Monthly,Active,9.99,0.0,199.8,
5358,247,20250502,,Fan,Monthly,Active,5.99,0.0,47.92,
5359,284,20240805,20240904,Family,Monthly,Cancelled,14.99,0.0,14.99,Low Usage
5360,321,20250526,,Premium,Annual,Active,9.99,0.0,69.93,
5361,358,20230914,20231014,Fan,Monthly,Cancelled,5.99,0.0,5.99,Price
5362,395,20231219,20241218,Family,Monthly,Cancelled,14.99,0.0,179.88,Low Usage
5363,432,20250821,20250920,Premium,Monthly,Cancelled,9.99,0.0,9.99,Low Usage
5364,469,20230713,20230812,Fan,Annual,Cancelled,5.99,1.2,4.79,Price
5365,506,20230625,,Family,Monthly,Active,14.99,0.0,14.99,
5366,543,20241201,20250530,Premium,Monthly,Cancelled,9.99,0.0,59.94,Low Usage
5367,580,20250906,20251006,Fan,Monthly,Cancelled,5.99,0.0,5.99,Price
5368,617,20241023,,Family,Annual,Active,14.99,0.0,209.86,
5369,654,20230314,20240313,Premium,Monthly,Cancelled,9.99,0.0,119.88,Low Usage
5370,691,20231208,,Fan,Monthly,Active,5.99,0.0,71.88,
5371,728,20230329,20230925,Family,Monthly,Cancelled,14.99,0.0,89.94,Low Usage
5372,765,20240712,,Premium,Annual,Active,9.99,0.0,169.83,
5373,802,20230216,20250215,Fan,Monthly,Cancelled,5.99,1.2,114.96,Price
5374,839,20241103,,Family,Monthly,Active,14.99,0.0,209.86,
5375,876,20240213,,Premium,Monthly,Active,9.99,0.0,59.94,
5376,913,20240325,20240921,Fan,Annual,Cancelled,5.99,0.0,35.94,Price
5377,950,20240101,20240331,Family,Monthly,Cancelled,14.99,0.0,44.97,Low Usage
5378,987,20241214,20251214,Premium,Monthly,Cancelled,9.99,0.0,119.88,Low Usage
5379,1024,20240531,20240829,Fan,Monthly,Cancelled,5.99,0.0,17.97,Price
5380,1061,20250912,,Family,Annual,Active,14.99,0.0,14.99,
5381,1098,20250830,20251128,Premium,Monthly,Cancelled,9.99,0.0,29.97,Low Usage
5382,1135,20250327,20250923,Fan,Monthly,Cancelled,5.99,1.2,28.74,Price
5383,1172,20230912,20240911,Family,Monthly,Cancelled,14.99,0.0,179.88,Low Usage
5384,1209,20240611,,Premium,Annual,Active,9.99,0.0,179.82,
5385,1246,20231012,,Fan,Monthly,Active,5.99,0.0,17.97,
5386,1283,20251115,,Family,Monthly,Active,14.99,0.0,14.99,
5387,1320,20230407,20231004,Premium,Monthly,Cancelled,9.99,0.0,59.94,Low Usage
5388,1357,20240429,,Fan,Annual,Active,5.99,0.0,119.8,
5389,1394,20240327,20240625,Family,Monthly,Cancelled,14.99,0.0,44.97,Low Usage
5390,1431,20240205,,Premium,Monthly,Active,9.99,0.0,229.77,
5391,1468,20250302,,Fan,Monthly,Active,5.99,1.2,47.9,
5392,1505,20231027,20241026,Family,Annual,Cancelled,14.99,0.0,179.88,Low Usage
5393,1542,20230129,20250128,Premium,Monthly,Cancelled,9.99,0.0,239.76,Low Usage
5394,1579,20250826,20251124,Fan,Monthly,Cancelled,5.99,0.0,17.97,Price
5395,1616,20251027,,Family,Monthly,Active,14.99,0.0,14.99,
5396,1653,20250418,,Premium,Annual,Active,9.99,0.0,79.92,
5397,1690,20230206,20240206,Fan,Monthly,Cancelled,5.99,0.0,71.88,Price
5398,1727,20240830,20241128,Family,Monthly,Cancelled,14.99,0.0,44.97,Low Usage
5399,1764,20250408,20251005,Premium,Monthly,Cancelled,9.99,0.0,59.94,Low Usage
5400,1801,20230215,,Fan,Annual,Active,5.99,1.2,4.79,
5401,1838,20250524,,Family,Monthly,Active,14.99,0.0,104.93,
5402,1875,20240530,20240629,Premium,Monthly,Cancelled,9.99,0.0,9.99,Low Usage
5403,1912,20250316,20250912,Fan,Monthly,Cancelled,5.99,0.0,35.94,Price
5404,1949,20240705,20241003,Family,Annual,Cancelled,14.99,0.0,44.97,Low Usage
5405,1986,20241230,,Premium,Monthly,Active,9.99,0.0,119.88,
5406,2023,20230414,20230514,Fan,Monthly,Cancelled,5.99,0.0,5.99,Price
5407,2060,20240705,20240804,Family,Monthly,Cancelled,14.99,0.0,14.99,Low Usage
5408,2097,20250826,,Premium,Annual,Active,9.99,0.0,39.96,
5409,2134,20231028,20231127,Fan,Monthly,Cancelled,5.99,1.2,4.79,Price
5410,2171,20230908,,Family,Monthly,Active,14.99,0.0,179.88,
5411,2208,20230615,20250614,Premium,Monthly,Cancelled,9.99,0.0,239.76,Low Usage
5412,2245,20240724,20250724,Fan,Annual,Cancelled,5.99,0.0,71.88,Price
5413,2282,20230103,20230202,Family,Monthly,Cancelled,14.99,0.0,14.99,Low Usage
5414,2319,20230629,20250628,Premium,Monthly,Cancelled,9.99,0.0,239.76,Low Usage
5415,2356,20240310,,Fan,Monthly,Active,5.99,0.0,5.99,
5416,2393,20250116,20250715,Family,Annual,Cancelled,14.99,0.0,89.94,Low Usage
5417,2430,20240103,20250102,Premium,Monthly,Cancelled,9.99,0.0,119.88,Low Usage
5418,2467,20251101,,Fan,Monthly,Active,5.99,1.2,9.58,
5419,2504,20240316,20250316,Family,Monthly,Cancelled,14.99,0.0,179.88,Low Usage
5420,2541,20250711,,Premium,Annual,Active,9.99,0.0,29.97,
5421,2578,20230803,20231101,Fan,Monthly,Cancelled,5.99,0.0,17.97,Price
5422,2615,20250103,,Family,Monthly,Active,14.99,0.0,179.88,
5423,2652,20250409,20250509,Premium,Monthly,Cancelled,9.99,0.0,9.99,Low Usage
5424,2689,20251008,,Fan,Annual,Active,5.99,0.0,11.98,
5425,2726,20230220,,Family,Monthly,Active,14.99,0.0,44.97,
5426,2763,20250425,20250724,Premium,Monthly,Cancelled,9.99,0.0,29.97,Low Usage
5427,2800,20240411,20240511,Fan,Monthly,Cancelled,5.99,1.2,4.79,Price
5428,2837,20240605,20241202,Family,Annual,Cancelled,14.99,0.0,89.94,Low Usage
5429,2874,20231123,20231223,Premium,Monthly,Cancelled,9.99,0.0,9.99,Low Usage
5430,2911,20240405,,Fan,Monthly,Active,5.99,0.0,35.94,
5431,2948,20230305,20230404,Family,Monthly,Cancelled,14.99,0.0,14.99,Low Usage
5432,2985,20250430,,Premium,Annual,Active,9.99,0.0,79.92,
5433,3022,20231011,20231110,Fan,Monthly,Cancelled,5.99,0.0,5.99,Price
5434,3059,20230626,20250625,Family,Monthly,Cancelled,14.99,0.0,359.76,Low Usage
5435,3096,20240124,,Premium,Monthly,Active,9.99,0.0,229.77,
5436,3133,20230811,20230910,Fan,Annual,Cancelled,5.99,1.2,4.79,Price
5437,3170,20230806,20250805,Family,Monthly,Cancelled,14.99,0.0,359.76,Low Usage
5438,3207,20231225,20240622,Premium,Monthly,Cancelled,9.99,0.0,59.94,Low Usage
5439,3244,20250131,,Fan,Monthly,Active,5.99,0.0,65.89,
5440,3281,20230110,,Family,Annual,Active,14.99,0.0,44.97,
5441,3318,20240510,20240808,Premium,Monthly,Cancelled,9.99,0.0,29.97,Low Usage
5442,3355,20230513,20231109,Fan,Monthly,Cancelled,5.99,0.0,35.94,Price
5443,3392,20240403,20240930,Family,Monthly,Cancelled,14.99,0.0,89.94,Low Usage
5444,3429,20240115,20240214,Premium,Annual,Cancelled,9.99,0.0,9.99,Low Usage
5445,3466,20230504,,Fan,Monthly,Active,5.99,1.2,4.79,
5446,3503,20240507,20241103,Family,Monthly,Cancelled,14.99,0.0,89.94,Low Usage
5447,3540,20230509,20230807,Premium,Monthly,Cancelled,9.99,0.0,29.97,Low Usage
5448,3577,20240613,20241210,Fan,Annual,Cancelled,5.99,0.0,35.94,Price
5449,3614,20251029,,Family,Monthly,Active,14.99,0.0,29.98,
5450,3651,20241110,,Premium,Monthly,Active,9.99,0.0,129.87,
5451,3688,20250707,,Fan,Monthly,Active,5.99,0.0,29.95,
5452,3725,20250524,,Family,Annual,Active,14.99,0.0,104.93,
5453,3762,20250316,20250614,Premium,Monthly,Cancelled,9.99,0.0,29.97,Low Usage
5454,3799,20250810,,Fan,Monthly,Active,5.99,1.2,19.16,
5455,3836,20250901,,Family,Monthly,Active,14.99,0.0,59.96,
5456,3873,20240910,20250910,Premium,Annual,Cancelled,9.99,0.0,119.88,Low Usage
5457,3910,20230524,20231120,Fan,Monthly,Cancelled,5.99,0.0,35.94,Price
5458,3947,20240905,,Family,Monthly,Active,14.99,0.0,239.84,
5459,3984,20240222,20240323,Premium,Monthly,Cancelled,9.99,0.0,9.99,Low Usage
5460,4021,20250416,,Fan,Annual,Active,5.99,0.0,47.92,
5461,4058,20230109,20230708,Family,Monthly,Cancelled,14.99,0.0,89.94,Low Usage
5462,4095,20240704,20241002,Premium,Monthly,Cancelled,9.99,0.0,29.97,Low Usage
5463,4132,20240701,20240731,Fan,Monthly,Cancelled,5.99,1.2,4.79,Price
5464,4169,20250927,20251027,Family,Annual,Cancelled,14.99,0.0,14.99,Low Usage
5465,4206,20241127,,Premium,Monthly,Active,9.99,0.0,9.99,
5466,4243,20230329,20240328,Fan,Monthly,Cancelled,5.99,0.0,71.88,Price
5467,4280,20240624,,Family,Monthly,Active,14.99,0.0,269.82,
5468,4317,20240911,20241210,Premium,Annual,Cancelled,9.99,0.0,29.97,Low Usage
5469,4354,20250129,,Fan,Monthly,Active,5.99,0.0,65.89,
5470,4391,20241007,,Family,Monthly,Active,14.99,0.0,44.97,
5471,4428,20241102,20250131,Premium,Monthly,Cancelled,9.99,0.0,29.97,Low Usage
5472,4465,20250817,20250916,Fan,Annual,Cancelled,5.99,1.2,4.79,Price
5473,4502,20250422,,Family,Monthly,Active,14.99,0.0,119.92,
5474,4539,20250225,20250526,Premium,Monthly,Cancelled,9.99,0.0,29.97,Low Usage
5475,4576,20250620,,Fan,Monthly,Active,5.99,0.0,35.94,
5476,4613,20250312,,Family,Annual,Active,14.99,0.0,134.91,
5477,4650,20250907,,Premium,Monthly,Active,9.99,0.0,29.97,
5478,4687,20230421,20231018,Fan,Monthly,Cancelled,5.99,0.0,35.94,Price
5479,4724,20230728,20250727,Family,Monthly,Cancelled,14.99,0.0,359.76,Low Usage
5480,4761,20240923,,Premium,Annual,Active,9.99,0.0,119.88,
5481,4798,20240516,20240814,Fan,Monthly,Cancelled,5.99,1.2,14.37,Price
5482,4835,20240615,,Family,Monthly,Active,14.99,0.0,269.82,
5483,4872,20250411,,Premium,Monthly,Active,9.99,0.0,79.92,
5484,4909,20240508,20241104,Fan,Annual,Cancelled,5.99,0.0,35.94,Price
5485,4946,20231019,,Family,Monthly,Active,14.99,0.0,179.88,
5486,4983,20230310,20230409,Premium,Monthly,Cancelled,9.99,0.0,9.99,Low Usage
5487,5020,20230205,20230804,Fan,Monthly,Cancelled,5.99,0.0,35.94,Price
5488,5057,20230223,20230822,Family,Annual,Cancelled,14.99,0.0,89.94,Low Usage
5489,5094,20240321,,Premium,Monthly,Active,9.99,0.0,209.79,
5490,5131,20240805,,Fan,Monthly,Active,5.99,1.2,57.48,
5491,5168,20241112,20250511,Family,Monthly,Cancelled,14.99,0.0,89.94,Low Usage
5492,5205,20230525,20231121,Premium,Annual,Cancelled,9.99,0.0,59.94,Low Usage
5493,5242,20240710,,Fan,Monthly,Active,5.99,0.0,107.82,
5494,5279,20231218,20240615,Family,Monthly,Cancelled,14.99,0.0,89.94,Low Usage
5495,5316,20251102,,Premium,Monthly,Active,9.99,0.0,19.98,
5496,5353,20250506,,Fan,Annual,Active,5.99,0.0,47.92,
5497,5390,20240808,20250204,Family,Monthly,Cancelled,14.99,0.0,89.94,Low Usage
5498,5427,20250825,,Premium,Monthly,Active,9.99,0.0,39.96,
5499,5464,20250906,20251006,Fan,Monthly,Cancelled,5.99,1.2,4.79,Price
5500,5501,20230325,,Family,Annual,Active,14.99,0.0,359.76,
5501,5538,20240222,20240820,Premium,Monthly,Cancelled,9.99,0.0,59.94,Low Usage
5502,5575,20240312,20240610,Fan,Monthly,Cancelled,5.99,0.0,17.97,Price
5503,5612,20230916,20240915,Family,Monthly,Cancelled,14.99,0.0,179.88,Low Usage
5504,5649,20240523,20240622,Premium,Annual,Cancelled,9.99,0.0,9.99,Low Usage
5505,5686,20231105,,Fan,Monthly,Active,5.99,0.0,71.88,
5506,5723,20250815,,Family,Monthly,Active,14.99,0.0,59.96,
5507,5760,20230926,20231026,Premium,Monthly,Cancelled,9.99,0.0,9.99,Low Usage
5508,5797,20240831,20241129,Fan,Annual,Cancelled,5.99,1.2,14.37,Price
5509,5834,20230412,20230512,Family,Monthly,Cancelled,14.99,0.0,14.99,Low Usage
5510,5871,20250628,,Premium,Monthly,Active,9.99,0.0,59.94,
5511,5908,20250414,20250713,Fan,Monthly,Cancelled,5.99,0.0,17.97,Price
5512,5945,20240827,20241125,Family,Annual,Cancelled,14.99,0.0,44.97,Low Usage
5513,5982,20230923,20240922,Premium,Monthly,Cancelled,9.99,0.0,119.88,Low Usage
5514,19,20250716,,Fan,Monthly,Active,5.99,0.0,29.95,
5515,56,20230414,,Family,Monthly,Active,14.99,0.0,89.94,
5516,93,20230218,20250217,Premium,Annual,Cancelled,9.99,0.0,239.76,Low Usage
5517,130,20231102,20240430,Fan,Monthly,Cancelled,5.99,1.2,28.74,Price
5518,167,20250418,,Family,Monthly,Active,14.99,0.0,119.92,
5519,204,20230429,20240428,Premium,Monthly,Cancelled,9.99,0.0,119.88,Low Usage
5520,241,20240912,,Fan,Annual,Active,5.99,0.0,71.88,
5521,278,20250705,20250804,Family,Monthly,Cancelled,14.99,0.0,14.99,Low Usage
5522,315,20241014,20241113,Premium,Monthly,Cancelled,9.99,0.0,9.99,Low Usage
5523,352,20240713,20250109,Fan,Monthly,Cancelled,5.99,0.0,35.94,Price
5524,389,20231204,20241203,Family,Annual,Cancelled,14.99,0.0,179.88,Low Usage
5525,426,20230421,,Premium,Monthly,Active,9.99,0.0,9.99,
5526,463,20240729,20250125,Fan,Monthly,Cancelled,5.99,1.2,28.74,Price
5527,500,20240630,20240730,Family,Monthly,Cancelled,14.99,0.0,14.99,Low Usage
5528,537,20240427,20241024,Premium,Annual,Cancelled,9.99,0.0,59.94,Low Usage
5529,574,20250704,20251231,Fan,Monthly,Cancelled,5.99,0.0,35.94,Price
5530,611,20240921,,Family,Monthly,Active,14.99,0.0,14.99,
5531,648,20231126,20231226,Premium,Monthly,Cancelled,9.99,0.0,9.99,Low Usage
5532,685,20230205,20230307,Fan,Annual,Cancelled,5.99,0.0,5.99,Price
5533,722,20250513,,Family,Monthly,Active,14.99,0.0,104.93,
5534,759,20241212,20250312,Premium,Monthly,Cancelled,9.99,0.0,29.97,Low Usage
5535,796,20251002,,Fan,Monthly,Active,5.99,1.2,14.37,
5536,833,20240626,20241223,Family,Annual,Cancelled,14.99,0.0,89.94,Low Usage
5537,870,20250622,20250920,Premium,Monthly,Cancelled,9.99,0.0,29.97,Low Usage
5538,907,20250803,,Fan,Monthly,Active,5.99,0.0,29.95,
5539,944,20250812,20250911,Family,Monthly,Cancelled,14.99,0.0,14.99,Low Usage
5540,981,20230610,,Premium,Annual,Active,9.99,0.0,119.88,
5541,1018,20230405,20240404,Fan,Monthly,Cancelled,5.99,0.0,71.88,Price
5542,1055,20230826,20250825,Family,Monthly,Cancelled,14.99,0.0,359.76,Low Usage
5543,1092,20231224,20251223,Premium,Monthly,Cancelled,9.99,0.0,239.76,Low Usage
5544,1129,20250311,,Fan,Annual,Active,5.99,1.2,43.11,
5545,1166,20230808,,Family,Monthly,Active,14.99,0.0,89.94,
5546,1203,20231023,20251022,Premium,Monthly,Cancelled,9.99,0.0,239.76,Low Usage
5547,1240,20240630,20240928,Fan,Monthly,Cancelled,5.99,0.0,17.97,Price
5548,1277,20240510,20241106,Family,Annual,Cancelled,14.99,0.0,89.94,Low Usage
5549,1314,20240424,20240723,Premium,Monthly,Cancelled,9.99,0.0,29.97,Low Usage
5550,1351,20241208,,Fan,Monthly,Active,5.99,0.0,17.97,
5551,1388,20240501,,Family,Monthly,Active,14.99,0.0,299.8,
5552,1425,20241210,20250608,Premium,Annual,Cancelled,9.99,0.0,59.94,Low Usage
5553,1462,20250721,,Fan,Monthly,Active,5.99,1.2,23.95,
5554,1499,20250722,,Family,Monthly,Active,14.99,0.0,74.95,
5555,1536,20250104,,Premium,Monthly,Active,9.99,0.0,59.94,
5556,1573,20230106,20230205,Fan,Annual,Cancelled,5.99,0.0,5.99,Price
5557,1610,20250925,,Family,Monthly,Active,14.99,0.0,44.97,
5558,1647,20240106,20240704,Premium,Monthly,Cancelled,9.99,0.0,59.94,Low Usage
5559,1684,20250502,20250731,Fan,Monthly,Cancelled,5.99,0.0,17.97,Price
5560,1721,20231228,,Family,Annual,Active,14.99,0.0,89.94,
5561,1758,20230219,20250218,Premium,Monthly,Cancelled,9.99,0.0,239.76,Low Usage
5562,1795,20230604,20230902,Fan,Monthly,Cancelled,5.99,1.2,14.37,Price
5563,1832,20230805,20250804,Family,Monthly,Cancelled,14.99,0.0,359.76,Low Usage
5564,1869,20240204,20240504,Premium,Annual,Cancelled,9.99,0.0,29.97,Low Usage
5565,1906,20240826,,Fan,Monthly,Active,5.99,0.0,95.84,
5566,1943,20250416,,Family,Monthly,Active,14.99,0.0,119.92,
5567,1980,20240819,20250215,Premium,Monthly,Cancelled,9.99,0.0,59.94,Low Usage
5568,2017,20250320,20250618,Fan,Annual,Cancelled,5.99,0.0,17.97,Price
5569,2054,20250831,20250930,Family,Monthly,Cancelled,14.99,0.0,14.99,Low Usage
5570,2091,20240104,,Premium,Monthly,Active,9.99,0.0,119.88,
5571,2128,20230214,20240214,Fan,Monthly,Cancelled,5.99,1.2,57.48,Price
5572,2165,20230422,20230522,Family,Annual,Cancelled,14.99,0.0,14.99,Low Usage
5573,2202,20250106,,Premium,Monthly,Active,9.99,0.0,119.88,
5574,2239,20230428,20230727,Fan,Monthly,Cancelled,5.99,0.0,17.97,Price
5575,2276,20250303,,Family,Monthly,Active,14.99,0.0,44.97,
5576,2313,20230128,20240128,Premium,Annual,Cancelled,9.99,0.0,119.88,Low Usage
5577,2350,20240109,20240408,Fan,Monthly,Cancelled,5.99,0.0,17.97,Price
5578,2387,20250919,,Family,Monthly,Active,14.99,0.0,44.97,
5579,2424,20230615,20230715,Premium,Monthly,Cancelled,9.99,0.0,9.99,Low Usage
5580,2461,20240127,,Fan,Annual,Active,5.99,1.2,14.37,
5581,2498,20230807,20231105,Family,Monthly,Cancelled,14.99,0.0,44.97,Low Usage
5582,2535,20240214,20250213,Premium,Monthly,Cancelled,9.99,0.0,119.88,Low Usage
5583,2572,20240830,20241128,Fan,Monthly,Cancelled,5.99,0.0,17.97,Price
5584,2609,20231024,20231123,Family,Annual,Cancelled,14.99,0.0,14.99,Low Usage
5585,2646,20250109,,Premium,Monthly,Active,9.99,0.0,59.94,
5586,2683,20240402,,Fan,Monthly,Active,5.99,0.0,125.79,
5587,2720,20241105,20251105,Family,Monthly,Cancelled,14.99,0.0,179.88,Low Usage
5588,2757,20240312,20240411,Premium,Annual,Cancelled,9.99,0.0,9.99,Low Usage
5589,2794,20241227,20250327,Fan,Monthly,Cancelled,5.99,1.2,14.37,Price
5590,2831,20230713,,Family,Monthly,Active,14.99,0.0,44.97,
5591,2868,20230728,20240124,Premium,Monthly,Cancelled,9.99,0.0,59.94,Low Usage
5592,2905,20250117,,Fan,Annual,Active,5.99,0.0,65.89,
5593,2942,20250201,20250731,Family,Monthly,Cancelled,14.99,0.0,89.94,Low Usage
5594,2979,20250520,20251116,Premium,Monthly,Cancelled,9.99,0.0,59.94,Low Usage
5595,3016,20230627,,Fan,Monthly,Active,5.99,0.0,143.76,
5596,3053,20240711,20250107,Family,Annual,Cancelled,14.99,0.0,89.94,Low Usage
5597,3090,20250222,,Premium,Monthly,Active,9.99,0.0,99.9,
5598,3127,20240406,20240705,Fan,Monthly,Cancelled,5.99,1.2,14.37,Price
5599,3164,20250409,,Family,Monthly,Active,14.99,0.0,119.92,
5600,3201,20230320,,Premium,Annual,Active,9.99,0.0,59.94,
5601,3238,20230406,20250405,Fan,Monthly,Cancelled,5.99,0.0,143.76,Price
5602,3275,20251014,,Family,Monthly,Active,14.99,0.0,29.98,
5603,3312,20230317,20230416,Premium,Monthly,Cancelled,9.99,0.0,9.99,Low Usage
5604,3349,20241008,20251008,Fan,Annual,Cancelled,5.99,0.0,71.88,Price
5605,3386,20230905,,Family,Monthly,Active,14.99,0.0,179.88,
5606,3423,20250604,20251201,Premium,Monthly,Cancelled,9.99,0.0,59.94,Low Usage
5607,3460,20241026,20250124,Fan,Monthly,Cancelled,5.99,1.2,14.37,Price
5608,3497,20231110,20231210,Family,Annual,Cancelled,14.99,0.0,14.99,Low Usage
5609,3534,20231126,20231226,Premium,Monthly,Cancelled,9.99,0.0,9.99,Low Usage
5610,3571,20250220,,Fan,Monthly,Active,5.99,0.0,59.9,
5611,3608,20230831,20250830,Family,Monthly,Cancelled,14.99,0.0,359.76,Low Usage
5612,3645,20241019,20251019,Premium,Annual,Cancelled,9.99,0.0,119.88,Low Usage
5613,3682,20230116,20230215,Fan,Monthly,Cancelled,5.99,0.0,5.99,Price
5614,3719,20250301,,Family,Monthly,Active,14.99,0.0,149.9,
5615,3756,20250225,,Premium,Monthly,Active,9.99,0.0,99.9,
5616,3793,20230123,20230722,Fan,Annual,Cancelled,5.99,1.2,28.74,Price
5617,3830,20240518,20241114,Family,Monthly,Cancelled,14.99,0.0,89.94,Low Usage
5618,3867,20250825,,Premium,Monthly,Active,9.99,0.0,39.96,
5619,3904,20240309,20240408,Fan,Monthly,Cancelled,5.99,0.0,5.99,Price
5620,3941,20241022,,Family,Annual,Active,14.99,0.0,209.86,
5621,3978,20240818,20240917,Premium,Monthly,Cancelled,9.99,0.0,9.99,Low Usage
5622,4015,20230322,20240321,Fan,Monthly,Cancelled,5.99,0.0,71.88,Price
5623,4052,20240906,,Family,Monthly,Active,14.99,0.0,239.84,
5624,4089,20231002,20241001,Premium,Annual,Cancelled,9.99,0.0,119.88,Low Usage
5625,4126,20230222,,Fan,Monthly,Active,5.99,1.2,28.74,
5626,4163,20250613,20250911,Family,Monthly,Cancelled,14.99,0.0,44.97,Low Usage
5627,4200,20240207,20240507,Premium,Monthly,Cancelled,9.99,0.0,29.97,Low Usage
5628,4237,20250206,20250308,Fan,Annual,Cancelled,5.99,0.0,5.99,Price
5629,4274,20240204,20250203,Family,Monthly,Cancelled,14.99,0.0,179.88,Low Usage
5630,4311,20241224,,Premium,Monthly,Active,9.99,0.0,119.88,
5631,4348,20250206,,Fan,Monthly,Active,5.99,0.0,59.9,
5632,4385,20241022,,Family,Annual,Active,14.99,0.0,209.86,
5633,4422,20250720,20250819,Premium,Monthly,Cancelled,9.99,0.0,9.99,Low Usage
5634,4459,20250825,,Fan,Monthly,Active,5.99,1.2,19.16,
5635,4496,20231223,,Family,Monthly,Active,14.99,0.0,179.88,
5636,4533,20250920,,Premium,Annual,Active,9.99,0.0,29.97,
5637,4570,20240117,20240216,Fan,Monthly,Cancelled,5.99,0.0,5.99,Price
5638,4607,20241013,20251013,Family,Monthly,Cancelled,14.99,0.0,179.88,Low Usage
5639,4644,20240411,20241008,Premium,Monthly,Cancelled,9.99,0.0,59.94,Low Usage
5640,4681,20240419,,Fan,Annual,Active,5.99,0.0,17.97,
5641,4718,20250413,20250513,Family,Monthly,Cancelled,14.99,0.0,14.99,Low Usage
5642,4755,20241028,20241127,Premium,Monthly,Cancelled,9.99,0.0,9.99,Low Usage
5643,4792,20240708,20250708,Fan,Monthly,Cancelled,5.99,1.2,57.48,Price
5644,4829,20240512,,Family,Annual,Active,14.99,0.0,284.81,
5645,4866,20230718,,Premium,Monthly,Active,9.99,0.0,59.94,
5646,4903,20230220,20240220,Fan,Monthly,Cancelled,5.99,0.0,71.88,Price
5647,4940,20230217,20240217,Family,Monthly,Cancelled,14.99,0.0,179.88,Low Usage
5648,4977,20241025,,Premium,Annual,Active,9.99,0.0,139.86,
5649,5014,20230109,20250108,Fan,Monthly,Cancelled,5.99,0.0,143.76,Price
5650,5051,20230107,,Family,Monthly,Active,14.99,0.0,89.94,
5651,5088,20230425,20230525,Premium,Monthly,Cancelled,9.99,0.0,9.99,Low Usage
5652,5125,20250924,20251024,Fan,Annual,Cancelled,5.99,1.2,4.79,Price
5653,5162,20240314,20240413,Family,Monthly,Cancelled,14.99,0.0,14.99,Low Usage
5654,5199,20240929,,Premium,Monthly,Active,9.99,0.0,149.85,
5655,5236,20250511,,Fan,Monthly,Active,5.99,0.0,41.93,
5656,5273,20240821,,Family,Annual,Active,14.99,0.0,239.84,
5657,5310,20250212,20250314,Premium,Monthly,Cancelled,9.99,0.0,9.99,Low Usage
5658,5347,20231016,20241015,Fan,Monthly,Cancelled,5.99,0.0,71.88,Price
5659,5384,20230925,20240924,Family,Monthly,Cancelled,14.99,0.0,179.88,Low Usage
5660,5421,20240721,,Premium,Annual,Active,9.99,0.0,29.97,
5661,5458,20250914,20251014,Fan,Monthly,Cancelled,5.99,1.2,4.79,Price
5662,5495,20251001,,Family,Monthly,Active,14.99,0.0,44.97,
5663,5532,20240722,20250722,Premium,Monthly,Cancelled,9.99,0.0,119.88,Low Usage
5664,5569,20230905,20240904,Fan,Annual,Cancelled,5.99,0.0,71.88,Price
5665,5606,20230908,,Family,Monthly,Active,14.99,0.0,179.88,
5666,5643,20250318,20250616,Premium,Monthly,Cancelled,9.99,0.0,29.97,Low Usage
5667,5680,20231223,20240620,Fan,Monthly,Cancelled,5.99,0.0,35.94,Price
5668,5717,20230527,20230825,Family,Annual,Cancelled,14.99,0.0,44.97,Low Usage
5669,5754,20230510,20230808,Premium,Monthly,Cancelled,9.99,0.0,29.97,Low Usage
5670,5791,20250121,,Fan,Monthly,Active,5.99,1.2,4.79,
5671,5828,20250210,,Family,Monthly,Active,14.99,0.0,149.9,
5672,5865,20250413,,Premium,Annual,Active,9.99,0.0,79.92,
5673,5902,20241005,,Fan,Monthly,Active,5.99,0.0,89.85,
5674,5939,20230829,20230928,Family,Monthly,Cancelled,14.99,0.0,14.99,Low Usage
5675,5976,20231125,,Premium,Monthly,Active,9.99,0.0,239.76,
5676,13,20240130,20240429,Fan,Annual,Cancelled,5.99,0.0,17.97,Price
5677,50,20250105,20250204,Family,Monthly,Cancelled,14.99,0.0,14.99,Low Usage
5678,87,20230128,20230727,Premium,Monthly,Cancelled,9.99,0.0,59.94,Low Usage
5679,124,20230205,20240205,Fan,Monthly,Cancelled,5.99,1.2,57.48,Price
5680,161,20231212,,Family,Annual,Active,14.99,0.0,14.99,
5681,198,20230707,20250706,Premium,Monthly,Cancelled,9.99,0.0,239.76,Low Usage
5682,235,20240211,20240312,Fan,Monthly,Cancelled,5.99,0.0,5.99,Price
5683,272,20250220,20250521,Family,Monthly,Cancelled,14.99,0.0,44.97,Low Usage
5684,309,20231026,20241025,Premium,Annual,Cancelled,9.99,0.0,119.88,Low Usage
5685,346,20250624,,Fan,Monthly,Active,5.99,0.0,17.97,
5686,383,20230313,20230909,Family,Monthly,Cancelled,14.99,0.0,89.94,Low Usage
5687,420,20251030,,Premium,Monthly,Active,9.99,0.0,19.98,
5688,457,20231109,20240207,Fan,Annual,Cancelled,5.99,1.2,14.37,Price
5689,494,20230422,20230522,Family,Monthly,Cancelled,14.99,0.0,14.99,Low Usage
5690,531,20251112,,Premium,Monthly,Active,9.99,0.0,9.99,
5691,568,20230717,20231015,Fan,Monthly,Cancelled,5.99,0.0,17.97,Price
5692,605,20250428,20251025,Family,Annual,Cancelled,14.99,0.0,89.94,Low Usage
5693,642,20230618,20230718,Premium,Monthly,Cancelled,9.99,0.0,9.99,Low Usage
5694,679,20250706,,Fan,Monthly,Active,5.99,0.0,29.95,
5695,716,20241206,,Family,Monthly,Active,14.99,0.0,89.94,
5696,753,20230710,20231008,Premium,Annual,Cancelled,9.99,0.0,29.97,Low Usage
5697,790,20240521,20240819,Fan,Monthly,Cancelled,5.99,1.2,14.37,Price
5698,827,20230216,20230815,Family,Monthly,Cancelled,14.99,0.0,89.94,Low Usage
5699,864,20251116,20251216,Premium,Monthly,Cancelled,9.99,0.0,9.99,Low Usage
5700,901,20240922,,Fan,Annual,Active,5.99,0.0,35.94,
5701,938,20240712,20240811,Family,Monthly,Cancelled,14.99,0.0,14.99,Low Usage
5702,975,20230709,20230808,Premium,Monthly,Cancelled,9.99,0.0,9.99,Low Usage
5703,1012,20250921,,Fan,Monthly,Active,5.99,0.0,17.97,
5704,1049,20250416,20251013,Family,Annual,Cancelled,14.99,0.0,89.94,Low Usage
5705,1086,20240220,,Premium,Monthly,Active,9.99,0.0,29.97,
5706,1123,20230708,20250707,Fan,Monthly,Cancelled,5.99,1.2,114.96,Price
5707,1160,20250104,20250203,Family,Monthly,Cancelled,14.99,0.0,14.99,Low Usage
5708,1197,20240801,20250801,Premium,Annual,Cancelled,9.99,0.0,119.88,Low Usage
5709,1234,20230219,20240219,Fan,Monthly,Cancelled,5.99,0.0,71.88,Price
5710,1271,20230508,,Family,Monthly,Active,14.99,0.0,89.94,
5711,1308,20240413,20240513,Premium,Monthly,Cancelled,9.99,0.0,9.99,Low Usage
5712,1345,20250524,20250822,Fan,Annual,Cancelled,5.99,0.0,17.97,Price
5713,1382,20230414,20250413,Family,Monthly,Cancelled,14.99,0.0,359.76,Low Usage
5714,1419,20250314,20250612,Premium,Monthly,Cancelled,9.99,0.0,29.97,Low Usage
5715,1456,20240923,,Fan,Monthly,Active,5.99,1.2,4.79,
5716,1493,20230726,20240725,Family,Annual,Cancelled,14.99,0.0,179.88,Low Usage
5717,1530,20250319,20250418,Premium,Monthly,Cancelled,9.99,0.0,9.99,Low Usage
5718,1567,20231218,20241217,Fan,Monthly,Cancelled,5.99,0.0,71.88,Price
5719,1604,20240109,20240208,Family,Monthly,Cancelled,14.99,0.0,14.99,Low Usage
5720,1641,20241009,,Premium,Annual,Active,9.99,0.0,59.94,
5721,1678,20241223,20250122,Fan,Monthly,Cancelled,5.99,0.0,5.99,Price
5722,1715,20231126,20251125,Family,Monthly,Cancelled,14.99,0.0,359.76,Low Usage
5723,1752,20250923,,Premium,Monthly,Active,9.99,0.0,29.97,
5724,1789,20230312,20230610,Fan,Annual,Cancelled,5.99,1.2,14.37,Price
5725,1826,20230429,,Family,Monthly,Active,14.99,0.0,14.99,
5726,1863,20241009,20250107,Premium,Monthly,Cancelled,9.99,0.0,29.97,Low Usage
5727,1900,20240422,20240721,Fan,Monthly,Cancelled,5.99,0.0,17.97,Price
5728,1937,20230809,20230908,Family,Annual,Cancelled,14.99,0.0,14.99,Low Usage
5729,1974,20230405,20230505,Premium,Monthly,Cancelled,9.99,0.0,9.99,Low Usage
5730,2011,20240901,,Fan,Monthly,Active,5.99,0.0,35.94,
5731,2048,20230915,20231214,Family,Monthly,Cancelled,14.99,0.0,44.97,Low Usage
5732,2085,20240120,20250119,Premium,Annual,Cancelled,9.99,0.0,119.88,Low Usage
5733,2122,20230602,20250601,Fan,Monthly,Cancelled,5.99,1.2,114.96,Price
5734,2159,20230608,20230708,Family,Monthly,Cancelled,14.99,0.0,14.99,Low Usage
5735,2196,20240804,,Premium,Monthly,Active,9.99,0.0,29.97,
5736,2233,20250528,20250826,Fan,Annual,Cancelled,5.99,0.0,17.97,Price
5737,2270,20240329,,Family,Monthly,Active,14.99,0.0,314.79,
5738,2307,20241122,20241222,Premium,Monthly,Cancelled,9.99,0.0,9.99,Low Usage
5739,2344,20250119,20250218,Fan,Monthly,Cancelled,5.99,0.0,5.99,Price
5740,2381,20241115,,Family,Annual,Active,14.99,0.0,179.88,
5741,2418,20230930,20240929,Premium,Monthly,Cancelled,9.99,0.0,119.88,Low Usage
5742,2455,20230526,20230625,Fan,Monthly,Cancelled,5.99,1.2,4.79,Price
5743,2492,20250321,20250917,Family,Monthly,Cancelled,14.99,0.0,89.94,Low Usage
5744,2529,20250826,,Premium,Annual,Active,9.99,0.0,39.96,
5745,2566,20240101,,Fan,Monthly,Active,5.99,0.0,143.76,
5746,2603,20230207,20240207,Family,Monthly,Cancelled,14.99,0.0,179.88,Low Usage
5747,2640,20230628,20250627,Premium,Monthly,Cancelled,9.99,0.0,239.76,Low Usage
5748,2677,20241028,20251028,Fan,Annual,Cancelled,5.99,0.0,71.88,Price
5749,2714,20240629,20240927,Family,Monthly,Cancelled,14.99,0.0,44.97,Low Usage
5750,2751,20240805,,Premium,Monthly,Active,9.99,0.0,169.83,
5751,2788,20250111,20250710,Fan,Monthly,Cancelled,5.99,1.2,28.74,Price
5752,2825,20240916,,Family,Annual,Active,14.99,0.0,224.85,
5753,2862,20241109,,Premium,Monthly,Active,9.99,0.0,129.87,
5754,2899,20231118,20240516,Fan,Monthly,Cancelled,5.99,0.0,35.94,Price
5755,2936,20240607,,Family,Monthly,Active,14.99,0.0,14.99,
5756,2973,20240804,20250131,Premium,Annual,Cancelled,9.99,0.0,59.94,Low Usage
5757,3010,20250320,20250419,Fan,Monthly,Cancelled,5.99,0.0,5.99,Price
5758,3047,20230704,20231231,Family,Monthly,Cancelled,14.99,0.0,89.94,Low Usage
5759,3084,20241111,20241211,Premium,Monthly,Cancelled,9.99,0.0,9.99,Low Usage
5760,3121,20230209,,Fan,Annual,Active,5.99,1.2,14.37,
5761,3158,20240102,20240201,Family,Monthly,Cancelled,14.99,0.0,14.99,Low Usage
5762,3195,20241007,,Premium,Monthly,Active,9.99,0.0,149.85,
5763,3232,20231123,20241122,Fan,Monthly,Cancelled,5.99,0.0,71.88,Price
5764,3269,20230223,20230325,Family,Annual,Cancelled,14.99,0.0,14.99,Low Usage
5765,3306,20231215,,Premium,Monthly,Active,9.99,0.0,59.94,
5766,3343,20250730,,Fan,Monthly,Active,5.99,0.0,29.95,
5767,3380,20241208,,Family,Monthly,Active,14.99,0.0,179.88,
5768,3417,20230421,20250420,Premium,Annual,Cancelled,9.99,0.0,239.76,Low Usage
5769,3454,20230411,20230511,Fan,Monthly,Cancelled,5.99,1.2,4.79,Price
5770,3491,20231016,,Family,Monthly,Active,14.99,0.0,359.76,
5771,3528,20240704,20250704,Premium,Monthly,Cancelled,9.99,0.0,119.88,Low Usage
5772,3565,20230413,20230513,Fan,Annual,Cancelled,5.99,0.0,5.99,Price
5773,3602,20241012,,Family,Monthly,Active,14.99,0.0,209.86,
5774,3639,20251115,20251215,Premium,Monthly,Cancelled,9.99,0.0,9.99,Low Usage
5775,3676,20240102,,Fan,Monthly,Active,5.99,0.0,71.88,
5776,3713,20241224,20250622,Family,Annual,Cancelled,14.99,0.0,89.94,Low Usage
5777,3750,20230615,20230913,Premium,Monthly,Cancelled,9.99,0.0,29.97,Low Usage
5778,3787,20230221,20230820,Fan,Monthly,Cancelled,5.99,1.2,28.74,Price
5779,3824,20230503,20240502,Family,Monthly,Cancelled,14.99,0.0,179.88,Low Usage
5780,3861,20250420,,Premium,Annual,Active,9.99,0.0,9.99,
5781,3898,20250516,20250615,Fan,Monthly,Cancelled,5.99,0.0,5.99,Price
5782,3935,20240124,20250123,Family,Monthly,Cancelled,14.99,0.0,179.88,Low Usage
5783,3972,20250219,,Premium,Monthly,Active,9.99,0.0,99.9,
5784,4009,20230128,20230727,Fan,Annual,Cancelled,5.99,0.0,35.94,Price
5785,4046,20240128,,Family,Monthly,Active,14.99,0.0,44.97,
5786,4083,20231111,20240509,Premium,Monthly,Cancelled,9.99,0.0,59.94,Low Usage
5787,4120,20240111,,Fan,Monthly,Active,5.99,1.2,114.96,
5788,4157,20230630,20240629,Family,Annual,Cancelled,14.99,0.0,179.88,Low Usage
5789,4194,20240413,20241010,Premium,Monthly,Cancelled,9.99,0.0,59.94,Low Usage
5790,4231,20240123,,Fan,Monthly,Active,5.99,0.0,71.88,
5791,4268,20240307,20240406,Family,Monthly,Cancelled,14.99,0.0,14.99,Low Usage
5792,4305,20231030,20251029,Premium,Annual,Cancelled,9.99,0.0,239.76,Low Usage
5793,4342,20240325,20250325,Fan,Monthly,Cancelled,5.99,0.0,71.88,Price
5794,4379,20250423,,Family,Monthly,Active,14.99,0.0,119.92,
5795,4416,20230919,,Premium,Monthly,Active,9.99,0.0,29.97,
5796,4453,20250126,,Fan,Annual,Active,5.99,1.2,52.69,
5797,4490,20230515,20230813,Family,Monthly,Cancelled,14.99,0.0,44.97,Low Usage
5798,4527,20240418,20240518,Premium,Monthly,Cancelled,9.99,0.0,9.99,Low Usage
5799,4564,20240525,,Fan,Monthly,Active,5.99,0.0,113.81,
5800,4601,20250805,,Family,Annual,Active,14.99,0.0,59.96,
5801,4638,20230719,20240115,Premium,Monthly,Cancelled,9.99,0.0,59.94,Low Usage
5802,4675,20230513,20250512,Fan,Monthly,Cancelled,5.99,0.0,143.76,Price
5803,4712,20250322,20250421,Family,Monthly,Cancelled,14.99,0.0,14.99,Low Usage
5804,4749,20250809,20251107,Premium,Annual,Cancelled,9.99,0.0,29.97,Low Usage
5805,4786,20250428,,Fan,Monthly,Active,5.99,1.2,28.74,
5806,4823,20231223,20240620,Family,Monthly,Cancelled,14.99,0.0,89.94,Low Usage
5807,4860,20240802,20250802,Premium,Monthly,Cancelled,9.99,0.0,119.88,Low Usage
5808,4897,20241126,20250224,Fan,Annual,Cancelled,5.99,0.0,17.97,Price
5809,4934,20251013,,Family,Monthly,Active,14.99,0.0,29.98,
5810,4971,20231218,,Premium,Monthly,Active,9.99,0.0,9.99,
5811,5008,20240817,20241115,Fan,Monthly,Cancelled,5.99,0.0,17.97,Price
5812,5045,20231201,20240229,Family,Annual,Cancelled,14.99,0.0,44.97,Low Usage
5813,5082,20231026,20231125,Premium,Monthly,Cancelled,9.99,0.0,9.99,Low Usage
5814,5119,20240606,20240904,Fan,Monthly,Cancelled,5.99,1.2,14.37,Price
5815,5156,20240625,,Family,Monthly,Active,14.99,0.0,269.82,
5816,5193,20230315,20230414,Premium,Annual,Cancelled,9.99,0.0,9.99,Low Usage
5817,5230,20250821,,Fan,Monthly,Active,5.99,0.0,23.96,
5818,5267,20250101,,Family,Monthly,Active,14.99,0.0,179.88,
5819,5304,20231007,20241006,Premium,Monthly,Cancelled,9.99,0.0,119.88,Low Usage
5820,5341,20230921,,Fan,Annual,Active,5.99,0.0,143.76,
5821,5378,20250419,20250519,Family,Monthly,Cancelled,14.99,0.0,14.99,Low Usage
5822,5415,20240227,20240825,Premium,Monthly,Cancelled,9.99,0.0,59.94,Low Usage
5823,5452,20231019,20231118,Fan,Monthly,Cancelled,5.99,1.2,4.79,Price
5824,5489,20251001,,Family,Annual,Active,14.99,0.0,44.97,
5825,5526,20240627,,Premium,Monthly,Active,9.99,0.0,179.82,
5826,5563,20250616,20251213,Fan,Monthly,Cancelled,5.99,0.0,35.94,Price
5827,5600,20241022,20250120,Family,Monthly,Cancelled,14.99,0.0,44.97,Low Usage
5828,5637,20230224,20230823,Premium,Annual,Cancelled,9.99,0.0,59.94,Low Usage
5829,5674,20231021,20240119,Fan,Monthly,Cancelled,5.99,0.0,17.97,Price
5830,5711,20250206,,Family,Monthly,Active,14.99,0.0,149.9,
5831,5748,20230926,20240925,Premium,Monthly,Cancelled,9.99,0.0,119.88,Low Usage
5832,5785,20240121,20240719,Fan,Annual,Cancelled,5.99,1.2,28.74,Price
5833,5822,20230418,20250417,Family,Monthly,Cancelled,14.99,0.0,359.76,Low Usage
5834,5859,20230630,20231227,Premium,Monthly,Cancelled,9.99,0.0,59.94,Low Usage
5835,5896,20231220,,Fan,Monthly,Active,5.99,0.0,17.97,
5836,5933,20230420,20240419,Family,Annual,Cancelled,14.99,0.0,179.88,Low Usage
5837,5970,20230304,20230831,Premium,Monthly,Cancelled,9.99,0.0,59.94,Low Usage
5838,7,20240904,20241203,Fan,Monthly,Cancelled,5.99,0.0,17.97,Price
5839,44,20230805,20240804,Family,Monthly,Cancelled,14.99,0.0,179.88,Low Usage
5840,81,20250122,,Premium,Annual,Active,9.99,0.0,109.89,
5841,118,20250422,20251019,Fan,Monthly,Cancelled,5.99,1.2,28.74,Price
5842,155,20250909,,Family,Monthly,Active,14.99,0.0,44.97,
5843,192,20251109,,Premium,Monthly,Active,9.99,0.0,9.99,
5844,229,20240626,20250626,Fan,Annual,Cancelled,5.99,0.0,71.88,Price
5845,266,20240828,,Family,Monthly,Active,14.99,0.0,179.88,
5846,303,20250730,20250829,Premium,Monthly,Cancelled,9.99,0.0,9.99,Low Usage
5847,340,20241118,20250517,Fan,Monthly,Cancelled,5.99,0.0,35.94,Price
5848,377,20251007,,Family,Annual,Active,14.99,0.0,29.98,
5849,414,20240402,20240701,Premium,Monthly,Cancelled,9.99,0.0,29.97,Low Usage
5850,451,20241222,,Fan,Monthly,Active,5.99,1.2,28.74,
5851,488,20230727,20250726,Family,Monthly,Cancelled,14.99,0.0,359.76,Low Usage
5852,525,20240330,20240429,Premium,Annual,Cancelled,9.99,0.0,9.99,Low Usage
5853,562,20230402,20240401,Fan,Monthly,Cancelled,5.99,0.0,71.88,Price
5854,599,20250414,20250514,Family,Monthly,Cancelled,14.99,0.0,14.99,Low Usage
5855,636,20231203,,Premium,Monthly,Active,9.99,0.0,29.97,
5856,673,20240802,20241031,Fan,Annual,Cancelled,5.99,0.0,17.97,Price
5857,710,20230129,20230429,Family,Monthly,Cancelled,14.99,0.0,44.97,Low Usage
5858,747,20240907,,Premium,Monthly,Active,9.99,0.0,159.84,
5859,784,20250808,,Fan,Monthly,Active,5.99,1.2,19.16,
5860,821,20250521,,Family,Annual,Active,14.99,0.0,44.97,
5861,858,20240227,20240328,Premium,Monthly,Cancelled,9.99,0.0,9.99,Low Usage
5862,895,20240213,20240811,Fan,Monthly,Cancelled,5.99,0.0,35.94,Price
5863,932,20250102,20250201,Family,Monthly,Cancelled,14.99,0.0,14.99,Low Usage
5864,969,20250319,20250617,Premium,Annual,Cancelled,9.99,0.0,29.97,Low Usage
5865,1006,20231215,,Fan,Monthly,Active,5.99,0.0,71.88,
5866,1043,20240525,20241121,Family,Monthly,Cancelled,14.99,0.0,89.94,Low Usage
5867,1080,20251003,,Premium,Monthly,Active,9.99,0.0,29.97,
5868,1117,20250529,20250827,Fan,Annual,Cancelled,5.99,1.2,14.37,Price
5869,1154,20250307,,Family,Monthly,Active,14.99,0.0,149.9,
5870,1191,20240911,,Premium,Monthly,Active,9.99,0.0,119.88,
5871,1228,20251107,20251207,Fan,Monthly,Cancelled,5.99,0.0,5.99,Price
5872,1265,20241009,,Family,Annual,Active,14.99,0.0,209.86,
5873,1302,20250404,,Premium,Monthly,Active,9.99,0.0,89.91,
5874,1339,20230928,20231028,Fan,Monthly,Cancelled,5.99,0.0,5.99,Price
5875,1376,20250121,,Family,Monthly,Active,14.99,0.0,89.94,
5876,1413,20230604,20240603,Premium,Annual,Cancelled,9.99,0.0,119.88,Low Usage
5877,1450,20231129,20231229,Fan,Monthly,Cancelled,5.99,1.2,4.79,Price
5878,1487,20231225,20240124,Family,Monthly,Cancelled,14.99,0.0,14.99,Low Usage
5879,1524,20231008,20241007,Premium,Monthly,Cancelled,9.99,0.0,119.88,Low Usage
5880,1561,20250727,,Fan,Annual,Active,5.99,0.0,29.95,
5881,1598,20241120,20251120,Family,Monthly,Cancelled,14.99,0.0,179.88,Low Usage
5882,1635,20230924,20240322,Premium,Monthly,Cancelled,9.99,0.0,59.94,Low Usage
5883,1672,20250711,,Fan,Monthly,Active,5.99,0.0,29.95,
5884,1709,20250614,20250714,Family,Annual,Cancelled,14.99,0.0,14.99,Low Usage
5885,1746,20250203,,Premium,Monthly,Active,9.99,0.0,109.89,
5886,1783,20250609,20250709,Fan,Monthly,Cancelled,5.99,1.2,4.79,Price
5887,1820,20240730,20241028,Family,Monthly,Cancelled,14.99,0.0,44.97,Low Usage
5888,1857,20240523,20240622,Premium,Annual,Cancelled,9.99,0.0,9.99,Low Usage
5889,1894,20241222,,Fan,Monthly,Active,5.99,0.0,71.88,
5890,1931,20250405,,Family,Monthly,Active,14.99,0.0,44.97,
5891,1968,20241206,20250306,Premium,Monthly,Cancelled,9.99,0.0,29.97,Low Usage
5892,2005,20240519,20241115,Fan,Annual,Cancelled,5.99,0.0,35.94,Price
5893,2042,20240121,20240220,Family,Monthly,Cancelled,14.99,0.0,14.99,Low Usage
5894,2079,20240825,20250221,Premium,Monthly,Cancelled,9.99,0.0,59.94,Low Usage
5895,2116,20240615,,Fan,Monthly,Active,5.99,1.2,86.22,
5896,2153,20240710,20240809,Family,Annual,Cancelled,14.99,0.0,14.99,Low Usage
5897,2190,20230412,20240411,Premium,Monthly,Cancelled,9.99,0.0,119.88,Low Usage
5898,2227,20230523,20231119,Fan,Monthly,Cancelled,5.99,0.0,35.94,Price
5899,2264,20231222,20240619,Family,Monthly,Cancelled,14.99,0.0,89.94,Low Usage
5900,2301,20241030,,Premium,Annual,Active,9.99,0.0,139.86,
5901,2338,20250316,20250614,Fan,Monthly,Cancelled,5.99,0.0,17.97,Price
5902,2375,20250819,,Family,Monthly,Active,14.99,0.0,59.96,
5903,2412,20230117,20230716,Premium,Monthly,Cancelled,9.99,0.0,59.94,Low Usage
5904,2449,20230726,20230825,Fan,Annual,Cancelled,5.99,1.2,4.79,Price
5905,2486,20250213,,Family,Monthly,Active,14.99,0.0,89.94,
5906,2523,20250929,,Premium,Monthly,Active,9.99,0.0,29.97,
5907,2560,20250905,,Fan,Monthly,Active,5.99,0.0,17.97,
5908,2597,20250116,20250215,Family,Annual,Cancelled,14.99,0.0,14.99,Low Usage
5909,2634,20240523,20240821,Premium,Monthly,Cancelled,9.99,0.0,29.97,Low Usage
5910,2671,20250406,,Fan,Monthly,Active,5.99,0.0,53.91,
5911,2708,20230906,20240304,Family,Monthly,Cancelled,14.99,0.0,89.94,Low Usage
5912,2745,20250130,20250729,Premium,Annual,Cancelled,9.99,0.0,59.94,Low Usage
5913,2782,20250926,20251225,Fan,Monthly,Cancelled,5.99,1.2,14.37,Price
5914,2819,20240906,20241205,Family,Monthly,Cancelled,14.99,0.0,44.97,Low Usage
5915,2856,20250424,,Premium,Monthly,Active,9.99,0.0,79.92,
5916,2893,20241021,20250419,Fan,Annual,Cancelled,5.99,0.0,35.94,Price
5917,2930,20241110,20241210,Family,Monthly,Cancelled,14.99,0.0,14.99,Low Usage
5918,2967,20231127,20240525,Premium,Monthly,Cancelled,9.99,0.0,59.94,Low Usage
5919,3004,20250613,20250911,Fan,Monthly,Cancelled,5.99,0.0,17.97,Price
5920,3041,20241112,,Family,Annual,Active,14.99,0.0,89.94,
5921,3078,20230710,20250709,Premium,Monthly,Cancelled,9.99,0.0,239.76,Low Usage
5922,3115,20241016,20250414,Fan,Monthly,Cancelled,5.99,1.2,28.74,Price
5923,3152,20240331,20240629,Family,Monthly,Cancelled,14.99,0.0,44.97,Low Usage
5924,3189,20240528,,Premium,Annual,Active,9.99,0.0,189.81,
5925,3226,20240902,,Fan,Monthly,Active,5.99,0.0,71.88,
5926,3263,20240626,,Family,Monthly,Active,14.99,0.0,269.82,
5927,3300,20240813,20241111,Premium,Monthly,Cancelled,9.99,0.0,29.97,Low Usage
5928,3337,20230526,20230625,Fan,Annual,Cancelled,5.99,0.0,5.99,Price
5929,3374,20250120,20250219,Family,Monthly,Cancelled,14.99,0.0,14.99,Low Usage
5930,3411,20231110,,Premium,Monthly,Active,9.99,0.0,9.99,
5931,3448,20240607,20240707,Fan,Monthly,Cancelled,5.99,1.2,4.79,Price
5932,3485,20250405,,Family,Annual,Active,14.99,0.0,134.91,
5933,3522,20230521,20240520,Premium,Monthly,Cancelled,9.99,0.0,119.88,Low Usage
5934,3559,20240211,20240809,Fan,Monthly,Cancelled,5.99,0.0,35.94,Price
5935,3596,20240122,,Family,Monthly,Active,14.99,0.0,179.88,
5936,3633,20240812,,Premium,Annual,Active,9.99,0.0,159.84,
5937,3670,20251110,,Fan,Monthly,Active,5.99,0.0,5.99,
5938,3707,20230407,20231004,Family,Monthly,Cancelled,14.99,0.0,89.94,Low Usage
5939,3744,20240208,20240309,Premium,Monthly,Cancelled,9.99,0.0,9.99,Low Usage
5940,3781,20230811,,Fan,Annual,Active,5.99,1.2,4.79,
5941,3818,20230529,20231125,Family,Monthly,Cancelled,14.99,0.0,89.94,Low Usage
5942,3855,20250301,20250828,Premium,Monthly,Cancelled,9.99,0.0,59.94,Low Usage
5943,3892,20240916,,Fan,Monthly,Active,5.99,0.0,89.85,
5944,3929,20230711,20250710,Family,Annual,Cancelled,14.99,0.0,359.76,Low Usage
5945,3966,20250316,,Premium,Monthly,Active,9.99,0.0,59.94,
5946,4003,20250306,20250604,Fan,Monthly,Cancelled,5.99,0.0,17.97,Price
5947,4040,20250908,20251008,Family,Monthly,Cancelled,14.99,0.0,14.99,Low Usage
5948,4077,20230309,20230408,Premium,Annual,Cancelled,9.99,0.0,9.99,Low Usage
5949,4114,20250919,,Fan,Monthly,Active,5.99,1.2,14.37,
5950,4151,20231129,,Family,Monthly,Active,14.99,0.0,14.99,
5951,4188,20240317,20240416,Premium,Monthly,Cancelled,9.99,0.0,9.99,Low Usage
5952,4225,20230514,20240513,Fan,Annual,Cancelled,5.99,0.0,71.88,Price
5953,4262,20250706,,Family,Monthly,Active,14.99,0.0,74.95,
5954,4299,20250509,,Premium,Monthly,Active,9.99,0.0,69.93,
5955,4336,20250325,,Fan,Monthly,Active,5.99,0.0,53.91,
5956,4373,20240219,20240817,Family,Annual,Cancelled,14.99,0.0,89.94,Low Usage
5957,4410,20250211,20250313,Premium,Monthly,Cancelled,9.99,0.0,9.99,Low Usage
5958,4447,20250203,,Fan,Monthly,Active,5.99,1.2,52.69,
5959,4484,20230701,20240630,Family,Monthly,Cancelled,14.99,0.0,179.88,Low Usage
5960,4521,20230523,,Premium,Annual,Active,9.99,0.0,9.99,
5961,4558,20250403,20250702,Fan,Monthly,Cancelled,5.99,0.0,17.97,Price
5962,4595,20240317,20240615,Family,Monthly,Cancelled,14.99,0.0,44.97,Low Usage
5963,4632,20250414,20250514,Premium,Monthly,Cancelled,9.99,0.0,9.99,Low Usage
5964,4669,20250814,20251112,Fan,Annual,Cancelled,5.99,0.0,17.97,Price
5965,4706,20230717,,Family,Monthly,Active,14.99,0.0,359.76,
5966,4743,20250809,20251107,Premium,Monthly,Cancelled,9.99,0.0,29.97,Low Usage
5967,4780,20240130,,Fan,Monthly,Active,5.99,1.2,110.17,
5968,4817,20230217,20240217,Family,Annual,Cancelled,14.99,0.0,179.88,Low Usage
5969,4854,20250219,20250321,Premium,Monthly,Cancelled,9.99,0.0,9.99,Low Usage
5970,4891,20230703,,Fan,Monthly,Active,5.99,0.0,17.97,
5971,4928,20230723,20250722,Family,Monthly,Cancelled,14.99,0.0,359.76,Low Usage
5972,4965,20250423,20250523,Premium,Annual,Cancelled,9.99,0.0,9.99,Low Usage
5973,5002,20230818,20230917,Fan,Monthly,Cancelled,5.99,0.0,5.99,Price
5974,5039,20250829,20250928,Family,Monthly,Cancelled,14.99,0.0,14.99,Low Usage
5975,5076,20250820,,Premium,Monthly,Active,9.99,0.0,39.96,
5976,5113,20230129,20230728,Fan,Annual,Cancelled,5.99,1.2,28.74,Price
5977,5150,20240509,20240608,Family,Monthly,Cancelled,14.99,0.0,14.99,Low Usage
5978,5187,20250701,20250731,Premium,Monthly,Cancelled,9.99,0.0,9.99,Low Usage
5979,5224,20230621,20231218,Fan,Monthly,Cancelled,5.99,0.0,35.94,Price
5980,5261,20240220,,Family,Annual,Active,14.99,0.0,179.88,
5981,5298,20240523,20241119,Premium,Monthly,Cancelled,9.99,0.0,59.94,Low Usage
5982,5335,20251017,,Fan,Monthly,Active,5.99,0.0,11.98,
5983,5372,20241206,20250105,Family,Monthly,Cancelled,14.99,0.0,14.99,Low Usage
5984,5409,20250405,20250505,Premium,Annual,Cancelled,9.99,0.0,9.99,Low Usage
5985,5446,20250712,,Fan,Monthly,Active,5.99,1.2,23.95,
5986,5483,20230321,20230619,Family,Monthly,Cancelled,14.99,0.0,44.97,Low Usage
5987,5520,20250701,20250929,Premium,Monthly,Cancelled,9.99,0.0,29.97,Low Usage
5988,5557,20240918,20241217,Fan,Annual,Cancelled,5.99,0.0,17.97,Price
5989,5594,20241120,20250519,Family,Monthly,Cancelled,14.99,0.0,89.94,Low Usage
5990,5631,20241110,,Premium,Monthly,Active,9.99,0.0,29.97,
5991,5668,20240708,20241006,Fan,Monthly,Cancelled,5.99,0.0,17.97,Price
5992,5705,20230921,20240319,Family,Annual,Cancelled,14.99,0.0,89.94,Low Usage
5993,5742,20250721,20250820,Premium,Monthly,Cancelled,9.99,0.0,9.99,Low Usage
5994,5779,20230419,20230718,Fan,Monthly,Cancelled,5.99,1.2,14.37,Price
5995,5816,20250801,,Family,Monthly,Active,14.99,0.0,14.99,
5996,5853,20230205,20250204,Premium,Annual,Cancelled,9.99,0.0,239.76,Low Usage
5997,5890,20240825,20240924,Fan,Monthly,Cancelled,5.99,0.0,5.99,Price
5998,5927,20230430,20231027,Family,Monthly,Cancelled,14.99,0.0,89.94,Low Usage
5999,5964,20240810,,Premium,Monthly,Active,9.99,0.0,159.84,
6000,1,20231025,,Fan,Annual,Active,5.99,0.0,71.88,
6001,38,20230712,20231010,Family,Monthly,Cancelled,14.99,0.0,44.97,Low Usage
6002,75,20250627,,Premium,Monthly,Active,9.99,0.0,59.94,
6003,112,20240619,20240917,Fan,Monthly,Cancelled,5.99,1.2,14.37,Price
6004,149,20230913,20231212,Family,Annual,Cancelled,14.99,0.0,44.97,Low Usage
6005,186,20230825,,Premium,Monthly,Active,9.99,0.0,9.99,
6006,223,20230414,20231011,Fan,Monthly,Cancelled,5.99,0.0,35.94,Price
6007,260,20230418,20230518,Family,Monthly,Cancelled,14.99,0.0,14.99,Low Usage
6008,297,20240420,,Premium,Annual,Active,9.99,0.0,199.8,
6009,334,20230724,20230823,Fan,Monthly,Cancelled,5.99,0.0,5.99,Price
6010,371,20240331,,Family,Monthly,Active,14.99,0.0,314.79,
6011,408,20241108,20250507,Premium,Monthly,Cancelled,9.99,0.0,59.94,Low Usage
6012,445,20241001,20241031,Fan,Annual,Cancelled,5.99,1.2,4.79,Price
6013,482,20250201,20250502,Family,Monthly,Cancelled,14.99,0.0,44.97,Low Usage
6014,519,20230521,20250520,Premium,Monthly,Cancelled,9.99,0.0,239.76,Low Usage
6015,556,20231226,,Fan,Monthly,Active,5.99,0.0,35.94,
6016,593,20250202,,Family,Annual,Active,14.99,0.0,164.89,
6017,630,20250731,20250830,Premium,Monthly,Cancelled,9.99,0.0,9.99,Low Usage
6018,667,20250620,20250720,Fan,Monthly,Cancelled,5.99,0.0,5.99,Price
6019,704,20230408,20230508,Family,Monthly,Cancelled,14.99,0.0,14.99,Low Usage
6020,741,20230202,,Premium,Annual,Active,9.99,0.0,59.94,
6021,778,20241129,20251129,Fan,Monthly,Cancelled,5.99,1.2,57.48,Price
6022,815,20251017,,Family,Monthly,Active,14.99,0.0,29.98,
6023,852,20230121,20250120,Premium,Monthly,Cancelled,9.99,0.0,239.76,Low Usage
6024,889,20241226,,Fan,Annual,Active,5.99,0.0,71.88,
6025,926,20250609,,Family,Monthly,Active,14.99,0.0,14.99,
6026,963,20250301,20250828,Premium,Monthly,Cancelled,9.99,0.0,59.94,Low Usage
6027,1000,20251022,,Fan,Monthly,Active,5.99,0.0,11.98,
6028,1037,20230221,20230820,Family,Annual,Cancelled,14.99,0.0,89.94,Low Usage
6029,1074,20251005,,Premium,Monthly,Active,9.99,0.0,19.98,
6030,1111,20250117,,Fan,Monthly,Active,5.99,1.2,28.74,
6031,1148,20250318,20250417,Family,Monthly,Cancelled,14.99,0.0,14.99,Low Usage
6032,1185,20250324,20250920,Premium,Annual,Cancelled,9.99,0.0,59.94,Low Usage
6033,1222,20241022,20251022,Fan,Monthly,Cancelled,5.99,0.0,71.88,Price
6034,1259,20241006,20250404,Family,Monthly,Cancelled,14.99,0.0,89.94,Low Usage
6035,1296,20230818,,Premium,Monthly,Active,9.99,0.0,239.76,
6036,1333,20250202,,Fan,Annual,Active,5.99,0.0,65.89,
6037,1370,20251113,,Family,Monthly,Active,14.99,0.0,14.99,
6038,1407,20250713,,Premium,Monthly,Active,9.99,0.0,49.95,
6039,1444,20250423,20250722,Fan,Monthly,Cancelled,5.99,1.2,14.37,Price
6040,1481,20231229,,Family,Annual,Active,14.99,0.0,179.88,
6041,1518,20230303,20230402,Premium,Monthly,Cancelled,9.99,0.0,9.99,Low Usage
6042,1555,20250213,20250514,Fan,Monthly,Cancelled,5.99,0.0,17.97,Price
6043,1592,20240823,20250823,Family,Monthly,Cancelled,14.99,0.0,179.88,Low Usage
6044,1629,20250120,20250719,Premium,Annual,Cancelled,9.99,0.0,59.94,Low Usage
6045,1666,20230830,,Fan,Monthly,Active,5.99,0.0,71.88,
6046,1703,20241016,,Family,Monthly,Active,14.99,0.0,209.86,
6047,1740,20250411,20250511,Premium,Monthly,Cancelled,9.99,0.0,9.99,Low Usage
6048,1777,20250514,20250812,Fan,Annual,Cancelled,5.99,1.2,14.37,Price
6049,1814,20250414,20250713,Family,Monthly,Cancelled,14.99,0.0,44.97,Low Usage
6050,1851,20241123,,Premium,Monthly,Active,9.99,0.0,59.94,
6051,1888,20230304,20230831,Fan,Monthly,Cancelled,5.99,0.0,35.94,Price
6052,1925,20240905,,Family,Annual,Active,14.99,0.0,239.84,
6053,1962,20230126,20230426,Premium,Monthly,Cancelled,9.99,0.0,29.97,Low Usage
6054,1999,20251115,,Fan,Monthly,Active,5.99,0.0,5.99,
6055,2036,20231101,,Family,Monthly,Active,14.99,0.0,89.94,
6056,2073,20230420,20231017,Premium,Annual,Cancelled,9.99,0.0,59.94,Low Usage
6057,2110,20230122,20230422,Fan,Monthly,Cancelled,5.99,1.2,14.37,Price
6058,2147,20240808,20240907,Family,Monthly,Cancelled,14.99,0.0,14.99,Low Usage
6059,2184,20250131,,Premium,Monthly,Active,9.99,0.0,109.89,
6060,2221,20230223,,Fan,Annual,Active,5.99,0.0,35.94,
6061,2258,20230228,20250227,Family,Monthly,Cancelled,14.99,0.0,359.76,Low Usage
6062,2295,20241227,,Premium,Monthly,Active,9.99,0.0,119.88,
6063,2332,20230315,20230911,Fan,Monthly,Cancelled,5.99,0.0,35.94,Price
6064,2369,20230921,20231220,Family,Annual,Cancelled,14.99,0.0,44.97,Low Usage
6065,2406,20230210,,Premium,Monthly,Active,9.99,0.0,9.99,
6066,2443,20250104,20250703,Fan,Monthly,Cancelled,5.99,1.2,28.74,Price
6067,2480,20230418,20250417,Family,Monthly,Cancelled,14.99,0.0,359.76,Low Usage
6068,2517,20250626,,Premium,Annual,Active,9.99,0.0,59.94,
6069,2554,20230907,20240906,Fan,Monthly,Cancelled,5.99,0.0,71.88,Price
6070,2591,20251022,,Family,Monthly,Active,14.99,0.0,29.98,
6071,2628,20230307,20240306,Premium,Monthly,Cancelled,9.99,0.0,119.88,Low Usage
6072,2665,20250607,20250905,Fan,Annual,Cancelled,5.99,0.0,17.97,Price
6073,2702,20240627,,Family,Monthly,Active,14.99,0.0,269.82,
6074,2739,20230712,20240108,Premium,Monthly,Cancelled,9.99,0.0,59.94,Low Usage
6075,2776,20250806,,Fan,Monthly,Active,5.99,1.2,14.37,
6076,2813,20231025,20251024,Family,Annual,Cancelled,14.99,0.0,359.76,Low Usage
6077,2850,20240214,20240315,Premium,Monthly,Cancelled,9.99,0.0,9.99,Low Usage
6078,2887,20230104,20230404,Fan,Monthly,Cancelled,5.99,0.0,17.97,Price
6079,2924,20251111,,Family,Monthly,Active,14.99,0.0,14.99,
6080,2961,20240105,,Premium,Annual,Active,9.99,0.0,119.88,
6081,2998,20251112,,Fan,Monthly,Active,5.99,0.0,5.99,
6082,3035,20230726,20240122,Family,Monthly,Cancelled,14.99,0.0,89.94,Low Usage
6083,3072,20230413,20230513,Premium,Monthly,Cancelled,9.99,0.0,9.99,Low Usage
6084,3109,20240321,20240917,Fan,Annual,Cancelled,5.99,1.2,28.74,Price
6085,3146,20240201,,Family,Monthly,Active,14.99,0.0,89.94,
6086,3183,20240604,20250604,Premium,Monthly,Cancelled,9.99,0.0,119.88,Low Usage
6087,3220,20250825,,Fan,Monthly,Active,5.99,0.0,23.96,
6088,3257,20240517,20240815,Family,Annual,Cancelled,14.99,0.0,44.97,Low Usage
6089,3294,20250127,20250427,Premium,Monthly,Cancelled,9.99,0.0,29.97,Low Usage
6090,3331,20240425,,Fan,Monthly,Active,5.99,0.0,119.8,
6091,3368,20240223,,Family,Monthly,Active,14.99,0.0,329.78,
6092,3405,20250804,20250903,Premium,Annual,Cancelled,9.99,0.0,9.99,Low Usage
6093,3442,20240730,,Fan,Monthly,Active,5.99,1.2,81.43,
6094,3479,20230416,20230715,Family,Monthly,Cancelled,14.99,0.0,44.97,Low Usage
6095,3516,20250224,,Premium,Monthly,Active,9.99,0.0,59.94,
6096,3553,20240606,20240706,Fan,Annual,Cancelled,5.99,0.0,5.99,Price
6097,3590,20250714,20250813,Family,Monthly,Cancelled,14.99,0.0,14.99,Low Usage
6098,3627,20230531,20230829,Premium,Monthly,Cancelled,9.99,0.0,29.97,Low Usage
6099,3664,20231108,20241107,Fan,Monthly,Cancelled,5.99,0.0,71.88,Price
6100,3701,20250827,,Family,Annual,Active,14.99,0.0,14.99,
6101,3738,20250921,,Premium,Monthly,Active,9.99,0.0,29.97,
6102,3775,20230305,20230901,Fan,Monthly,Cancelled,5.99,1.2,28.74,Price
6103,3812,20250428,20250727,Family,Monthly,Cancelled,14.99,0.0,44.97,Low Usage
6104,3849,20250613,20250713,Premium,Annual,Cancelled,9.99,0.0,9.99,Low Usage
6105,3886,20250929,,Fan,Monthly,Active,5.99,0.0,17.97,
6106,3923,20250106,,Family,Monthly,Active,14.99,0.0,179.88,
6107,3960,20230914,20231213,Premium,Monthly,Cancelled,9.99,0.0,29.97,Low Usage
6108,3997,20231213,20240610,Fan,Annual,Cancelled,5.99,0.0,35.94,Price
6109,4034,20241224,20250622,Family,Monthly,Cancelled,14.99,0.0,89.94,Low Usage
6110,4071,20230714,,Premium,Monthly,Active,9.99,0.0,9.99,
6111,4108,20230714,20250713,Fan,Monthly,Cancelled,5.99,1.2,114.96,Price
6112,4145,20240619,20241216,Family,Annual,Cancelled,14.99,0.0,89.94,Low Usage
6113,4182,20241119,20250518,Premium,Monthly,Cancelled,9.99,0.0,59.94,Low Usage
6114,4219,20230126,20250125,Fan,Monthly,Cancelled,5.99,0.0,143.76,Price
6115,4256,20250925,,Family,Monthly,Active,14.99,0.0,44.97,
6116,4293,20230217,20230518,Premium,Annual,Cancelled,9.99,0.0,29.97,Low Usage
6117,4330,20230125,20240125,Fan,Monthly,Cancelled,5.99,0.0,71.88,Price
6118,4367,20230907,20231206,Family,Monthly,Cancelled,14.99,0.0,44.97,Low Usage
6119,4404,20231124,20241123,Premium,Monthly,Cancelled,9.99,0.0,119.88,Low Usage
6120,4441,20250223,,Fan,Annual,Active,5.99,1.2,47.9,
6121,4478,20240226,20240526,Family,Monthly,Cancelled,14.99,0.0,44.97,Low Usage
6122,4515,20230419,20250418,Premium,Monthly,Cancelled,9.99,0.0,239.76,Low Usage
6123,4552,20250704,,Fan,Monthly,Active,5.99,0.0,35.94,
6124,4589,20240523,20240821,Family,Annual,Cancelled,14.99,0.0,44.97,Low Usage
6125,4626,20231021,,Premium,Monthly,Active,9.99,0.0,239.76,
6126,4663,20250311,,Fan,Monthly,Active,5.99,0.0,53.91,
6127,4700,20230519,20250518,Family,Monthly,Cancelled,14.99,0.0,359.76,Low Usage
6128,4737,20240325,20240921,Premium,Annual,Cancelled,9.99,0.0,59.94,Low Usage
6129,4774,20230802,20240801,Fan,Monthly,Cancelled,5.99,1.2,57.48,Price
6130,4811,20240401,,Family,Monthly,Active,14.99,0.0,89.94,
6131,4848,20230921,20240319,Premium,Monthly,Cancelled,9.99,0.0,59.94,Low Usage
6132,4885,20240409,20240509,Fan,Annual,Cancelled,5.99,0.0,5.99,Price
6133,4922,20241030,,Family,Monthly,Active,14.99,0.0,209.86,
6134,4959,20251023,,Premium,Monthly,Active,9.99,0.0,19.98,
6135,4996,20240413,,Fan,Monthly,Active,5.99,0.0,71.88,
6136,5033,20250420,,Family,Annual,Active,14.99,0.0,119.92,
6137,5070,20240328,20240924,Premium,Monthly,Cancelled,9.99,0.0,59.94,Low Usage
6138,5107,20241206,20250306,Fan,Monthly,Cancelled,5.99,1.2,14.37,Price
6139,5144,20240115,20250114,Family,Monthly,Cancelled,14.99,0.0,179.88,Low Usage
6140,5181,20241119,,Premium,Annual,Active,9.99,0.0,129.87,
6141,5218,20241003,,Fan,Monthly,Active,5.99,0.0,89.85,
6142,5255,20250512,,Family,Monthly,Active,14.99,0.0,104.93,
6143,5292,20231016,20240114,Premium,Monthly,Cancelled,9.99,0.0,29.97,Low Usage
6144,5329,20230603,20231130,Fan,Annual,Cancelled,5.99,0.0,35.94,Price
6145,5366,20240107,,Family,Monthly,Active,14.99,0.0,44.97,
6146,5403,20241015,20250413,Premium,Monthly,Cancelled,9.99,0.0,59.94,Low Usage
6147,5440,20230411,20230511,Fan,Monthly,Cancelled,5.99,1.2,4.79,Price
6148,5477,20240327,20240923,Family,Annual,Cancelled,14.99,0.0,89.94,Low Usage
6149,5514,20230523,20231119,Premium,Monthly,Cancelled,9.99,0.0,59.94,Low Usage
6150,5551,20230814,,Fan,Monthly,Active,5.99,0.0,35.94,
6151,5588,20240509,20241105,Family,Monthly,Cancelled,14.99,0.0,89.94,Low Usage
6152,5625,20230308,20230904,Premium,Annual,Cancelled,9.99,0.0,59.94,Low Usage
6153,5662,20250828,,Fan,Monthly,Active,5.99,0.0,23.96,
6154,5699,20250801,,Family,Monthly,Active,14.99,0.0,74.95,
6155,5736,20240514,,Premium,Monthly,Active,9.99,0.0,189.81,
6156,5773,20230429,20230529,Fan,Annual,Cancelled,5.99,1.2,4.79,Price
6157,5810,20250620,20251217,Family,Monthly,Cancelled,14.99,0.0,89.94,Low Usage
6158,5847,20230924,20240322,Premium,Monthly,Cancelled,9.99,0.0,59.94,Low Usage
6159,5884,20231004,20240401,Fan,Monthly,Cancelled,5.99,0.0,35.94,Price
6160,5921,20240715,,Family,Annual,Active,14.99,0.0,44.97,
6161,5958,20240208,,Premium,Monthly,Active,9.99,0.0,229.77,
6162,5995,20250113,20250712,Fan,Monthly,Cancelled,5.99,0.0,35.94,Price
6163,32,20250706,,Family,Monthly,Active,14.99,0.0,74.95,
6164,69,20230415,20240414,Premium,Annual,Cancelled,9.99,0.0,119.88,Low Usage
6165,106,20230116,,Fan,Monthly,Active,5.99,1.2,14.37,
6166,143,20250805,,Family,Monthly,Active,14.99,0.0,59.96,
6167,180,20250617,,Premium,Monthly,Active,9.99,0.0,59.94,
6168,217,20240515,20240614,Fan,Annual,Cancelled,5.99,0.0,5.99,Price
6169,254,20240115,20240713,Family,Monthly,Cancelled,14.99,0.0,89.94,Low Usage
6170,291,20240705,,Premium,Monthly,Active,9.99,0.0,179.82,
6171,328,20240504,20241031,Fan,Monthly,Cancelled,5.99,0.0,35.94,Price
6172,365,20230608,20230906,Family,Annual,Cancelled,14.99,0.0,44.97,Low Usage
6173,402,20240611,20241208,Premium,Monthly,Cancelled,9.99,0.0,59.94,Low Usage
6174,439,20231129,20251128,Fan,Monthly,Cancelled,5.99,1.2,114.96,Price
6175,476,20240311,,Family,Monthly,Active,14.99,0.0,179.88,
6176,513,20250326,20250425,Premium,Annual,Cancelled,9.99,0.0,9.99,Low Usage
6177,550,20230917,20240315,Fan,Monthly,Cancelled,5.99,0.0,35.94,Price
6178,587,20240403,,Family,Monthly,Active,14.99,0.0,314.79,
6179,624,20230711,20250710,Premium,Monthly,Cancelled,9.99,0.0,239.76,Low Usage
6180,661,20240423,,Fan,Annual,Active,5.99,0.0,5.99,
6181,698,20241114,20250212,Family,Monthly,Cancelled,14.99,0.0,44.97,Low Usage
6182,735,20240907,20241206,Premium,Monthly,Cancelled,9.99,0.0,29.97,Low Usage
6183,772,20240429,,Fan,Monthly,Active,5.99,1.2,95.8,
6184,809,20240702,20241229,Family,Annual,Cancelled,14.99,0.0,89.94,Low Usage
6185,846,20250416,,Premium,Monthly,Active,9.99,0.0,59.94,
6186,883,20240307,20240605,Fan,Monthly,Cancelled,5.99,0.0,17.97,Price
6187,920,20250711,20250810,Family,Monthly,Cancelled,14.99,0.0,14.99,Low Usage
6188,957,20240313,20240412,Premium,Annual,Cancelled,9.99,0.0,9.99,Low Usage
6189,994,20241023,,Fan,Monthly,Active,5.99,0.0,83.86,
6190,1031,20231024,,Family,Monthly,Active,14.99,0.0,89.94,
6191,1068,20230722,20231020,Premium,Monthly,Cancelled,9.99,0.0,29.97,Low Usage
6192,1105,20231120,20240218,Fan,Annual,Cancelled,5.99,1.2,14.37,Price
6193,1142,20240530,20241126,Family,Monthly,Cancelled,14.99,0.0,89.94,Low Usage
6194,1179,20231218,20240615,Premium,Monthly,Cancelled,9.99,0.0,59.94,Low Usage
6195,1216,20230514,,Fan,Monthly,Active,5.99,0.0,17.97,
6196,1253,20250923,20251023,Family,Annual,Cancelled,14.99,0.0,14.99,Low Usage
6197,1290,20250322,,Premium,Monthly,Active,9.99,0.0,89.91,
6198,1327,20241003,,Fan,Monthly,Active,5.99,0.0,89.85,
6199,1364,20250429,,Family,Monthly,Active,14.99,0.0,119.92,
6200,1401,20240130,,Premium,Annual,Active,9.99,0.0,9.99,
6201,1438,20240602,20240831,Fan,Monthly,Cancelled,5.99,1.2,14.37,Price
6202,1475,20230514,20240513,Family,Monthly,Cancelled,14.99,0.0,179.88,Low Usage
6203,1512,20230331,20250330,Premium,Monthly,Cancelled,9.99,0.0,239.76,Low Usage
6204,1549,20250402,,Fan,Annual,Active,5.99,0.0,53.91,
6205,1586,20240112,,Family,Monthly,Active,14.99,0.0,14.99,
6206,1623,20231023,20231122,Premium,Monthly,Cancelled,9.99,0.0,9.99,Low Usage
6207,1660,20240115,20250114,Fan,Monthly,Cancelled,5.99,0.0,71.88,Price
6208,1697,20250710,,Family,Annual,Active,14.99,0.0,74.95,
6209,1734,20250113,20250212,Premium,Monthly,Cancelled,9.99,0.0,9.99,Low Usage
6210,1771,20240511,,Fan,Monthly,Active,5.99,1.2,14.37,
6211,1808,20231222,20240321,Family,Monthly,Cancelled,14.99,0.0,44.97,Low Usage
6212,1845,20250516,20250615,Premium,Annual,Cancelled,9.99,0.0,9.99,Low Usage
6213,1882,20231005,20240103,Fan,Monthly,Cancelled,5.99,0.0,17.97,Price
6214,1919,20250619,20250719,Family,Monthly,Cancelled,14.99,0.0,14.99,Low Usage
6215,1956,20250717,,Premium,Monthly,Active,9.99,0.0,29.97,
6216,1993,20240803,20250130,Fan,Annual,Cancelled,5.99,0.0,35.94,Price
6217,2030,20250327,20250625,Family,Monthly,Cancelled,14.99,0.0,44.97,Low Usage
6218,2067,20230910,20240308,Premium,Monthly,Cancelled,9.99,0.0,59.94,Low Usage
6219,2104,20240621,20241218,Fan,Monthly,Cancelled,5.99,1.2,28.74,Price
6220,2141,20230915,,Family,Annual,Active,14.99,0.0,44.97,
6221,2178,20230508,20231104,Premium,Monthly,Cancelled,9.99,0.0,59.94,Low Usage
6222,2215,20231123,20240221,Fan,Monthly,Cancelled,5.99,0.0,17.97,Price
6223,2252,20230224,20240224,Family,Monthly,Cancelled,14.99,0.0,179.88,Low Usage
6224,2289,20240127,20240226,Premium,Annual,Cancelled,9.99,0.0,9.99,Low Usage
6225,2326,20230323,,Fan,Monthly,Active,5.99,0.0,35.94,
6226,2363,20240826,20250826,Family,Monthly,Cancelled,14.99,0.0,179.88,Low Usage
6227,2400,20250702,,Premium,Monthly,Active,9.99,0.0,59.94,
6228,2437,20250709,,Fan,Annual,Active,5.99,1.2,23.95,
6229,2474,20231003,20241002,Family,Monthly,Cancelled,14.99,0.0,179.88,Low Usage
6230,2511,20240405,,Premium,Monthly,Active,9.99,0.0,59.94,
6231,2548,20230128,20230428,Fan,Monthly,Cancelled,5.99,0.0,17.97,Price
6232,2585,20231019,20251018,Family,Annual,Cancelled,14.99,0.0,359.76,Low Usage
6233,2622,20230618,20230916,Premium,Monthly,Cancelled,9.99,0.0,29.97,Low Usage
6234,2659,20250928,,Fan,Monthly,Active,5.99,0.0,17.97,
6235,2696,20250330,,Family,Monthly,Active,14.99,0.0,14.99,
6236,2733,20240727,20241025,Premium,Annual,Cancelled,9.99,0.0,29.97,Low Usage
6237,2770,20250624,,Fan,Monthly,Active,5.99,1.2,28.74,
6238,2807,20230123,20230423,Family,Monthly,Cancelled,14.99,0.0,44.97,Low Usage
6239,2844,20240813,,Premium,Monthly,Active,9.99,0.0,159.84,
6240,2881,20231205,,Fan,Annual,Active,5.99,0.0,5.99,
6241,2918,20230728,20231026,Family,Monthly,Cancelled,14.99,0.0,44.97,Low Usage
6242,2955,20251012,,Premium,Monthly,Active,9.99,0.0,19.98,
6243,2992,20240925,20250324,Fan,Monthly,Cancelled,5.99,0.0,35.94,Price
6244,3029,20240827,,Family,Annual,Active,14.99,0.0,239.84,
6245,3066,20240416,,Premium,Monthly,Active,9.99,0.0,119.88,
6246,3103,20230105,20230204,Fan,Monthly,Cancelled,5.99,1.2,4.79,Price
6247,3140,20250404,20250504,Family,Monthly,Cancelled,14.99,0.0,14.99,Low Usage
6248,3177,20230425,20231022,Premium,Annual,Cancelled,9.99,0.0,59.94,Low Usage
6249,3214,20231011,20240408,Fan,Monthly,Cancelled,5.99,0.0,35.94,Price
6250,3251,20240111,,Family,Monthly,Active,14.99,0.0,359.76,
6251,3288,20250421,20250521,Premium,Monthly,Cancelled,9.99,0.0,9.99,Low Usage
6252,3325,20250209,,Fan,Annual,Active,5.99,0.0,59.9,
6253,3362,20250523,20250622,Family,Monthly,Cancelled,14.99,0.0,14.99,Low Usage
6254,3399,20230902,20231201,Premium,Monthly,Cancelled,9.99,0.0,29.97,Low Usage
6255,3436,20241021,,Fan,Monthly,Active,5.99,1.2,28.74,
6256,3473,20230610,20230710,Family,Annual,Cancelled,14.99,0.0,14.99,Low Usage
6257,3510,20240618,20240718,Premium,Monthly,Cancelled,9.99,0.0,9.99,Low Usage
6258,3547,20230707,20240706,Fan,Monthly,Cancelled,5.99,0.0,71.88,Price
6259,3584,20240607,,Family,Monthly,Active,14.99,0.0,284.81,
6260,3621,20240914,,Premium,Annual,Active,9.99,0.0,119.88,
6261,3658,20240110,20240708,Fan,Monthly,Cancelled,5.99,0.0,35.94,Price
6262,3695,20251027,,Family,Monthly,Active,14.99,0.0,29.98,
6263,3732,20250907,20251007,Premium,Monthly,Cancelled,9.99,0.0,9.99,Low Usage
6264,3769,20240109,20250108,Fan,Annual,Cancelled,5.99,1.2,57.48,Price
6265,3806,20250409,,Family,Monthly,Active,14.99,0.0,44.97,
6266,3843,20250317,,Premium,Monthly,Active,9.99,0.0,89.91,
6267,3880,20241117,20250516,Fan,Monthly,Cancelled,5.99,0.0,35.94,Price
6268,3917,20250225,20250327,Family,Annual,Cancelled,14.99,0.0,14.99,Low Usage
6269,3954,20250828,,Premium,Monthly,Active,9.99,0.0,39.96,
6270,3991,20241123,,Fan,Monthly,Active,5.99,0.0,35.94,
6271,4028,20230629,20240628,Family,Monthly,Cancelled,14.99,0.0,179.88,Low Usage
6272,4065,20241226,,Premium,Annual,Active,9.99,0.0,119.88,
6273,4102,20240229,20240529,Fan,Monthly,Cancelled,5.99,1.2,14.37,Price
6274,4139,20250415,20251012,Family,Monthly,Cancelled,14.99,0.0,89.94,Low Usage
6275,4176,20231221,,Premium,Monthly,Active,9.99,0.0,239.76,
6276,4213,20240415,20240515,Fan,Annual,Cancelled,5.99,0.0,5.99,Price
6277,4250,20240128,20240227,Family,Monthly,Cancelled,14.99,0.0,14.99,Low Usage
6278,4287,20250609,,Premium,Monthly,Active,9.99,0.0,59.94,
6279,4324,20251004,,Fan,Monthly,Active,5.99,0.0,11.98,
6280,4361,20250409,,Family,Annual,Active,14.99,0.0,14.99,
6281,4398,20251008,,Premium,Monthly,Active,9.99,0.0,19.98,
6282,4435,20230201,20230502,Fan,Monthly,Cancelled,5.99,1.2,14.37,Price
6283,4472,20240505,20250505,Family,Monthly,Cancelled,14.99,0.0,179.88,Low Usage
6284,4509,20230527,20230825,Premium,Annual,Cancelled,9.99,0.0,29.97,Low Usage
6285,4546,20230502,,Fan,Monthly,Active,5.99,0.0,17.97,
6286,4583,20250908,20251008,Family,Monthly,Cancelled,14.99,0.0,14.99,Low Usage
6287,4620,20250312,,Premium,Monthly,Active,9.99,0.0,89.91,
6288,4657,20240506,20240804,Fan,Annual,Cancelled,5.99,0.0,17.97,Price
6289,4694,20231116,20240514,Family,Monthly,Cancelled,14.99,0.0,89.94,Low Usage
6290,4731,20250314,,Premium,Monthly,Active,9.99,0.0,89.91,
6291,4768,20250523,,Fan,Monthly,Active,5.99,1.2,33.53,
6292,4805,20250513,20250612,Family,Annual,Cancelled,14.99,0.0,14.99,Low Usage
6293,4842,20250706,20251004,Premium,Monthly,Cancelled,9.99,0.0,29.97,Low Usage
6294,4879,20250928,20251028,Fan,Monthly,Cancelled,5.99,0.0,5.99,Price
6295,4916,20250922,,Family,Monthly,Active,14.99,0.0,14.99,
6296,4953,20240405,20240704,Premium,Annual,Cancelled,9.99,0.0,29.97,Low Usage
6297,4990,20250106,,Fan,Monthly,Active,5.99,0.0,71.88,
6298,5027,20230731,20250730,Family,Monthly,Cancelled,14.99,0.0,359.76,Low Usage
6299,5064,20240426,20241023,Premium,Monthly,Cancelled,9.99,0.0,59.94,Low Usage
6300,5101,20240118,,Fan,Annual,Active,5.99,1.2,28.74,
6301,5138,20240729,20250125,Family,Monthly,Cancelled,14.99,0.0,89.94,Low Usage
6302,5175,20240813,20241111,Premium,Monthly,Cancelled,9.99,0.0,29.97,Low Usage
6303,5212,20240911,20241011,Fan,Monthly,Cancelled,5.99,0.0,5.99,Price
6304,5249,20230430,20231027,Family,Annual,Cancelled,14.99,0.0,89.94,Low Usage
6305,5286,20241213,,Premium,Monthly,Active,9.99,0.0,59.94,
6306,5323,20240718,20240817,Fan,Monthly,Cancelled,5.99,0.0,5.99,Price
6307,5360,20240430,20241027,Family,Monthly,Cancelled,14.99,0.0,89.94,Low Usage
6308,5397,20250126,20250426,Premium,Annual,Cancelled,9.99,0.0,29.97,Low Usage
6309,5434,20240426,20240526,Fan,Monthly,Cancelled,5.99,1.2,4.79,Price
6310,5471,20241118,,Family,Monthly,Active,14.99,0.0,194.87,
6311,5508,20230317,20230416,Premium,Monthly,Cancelled,9.99,0.0,9.99,Low Usage
6312,5545,20240128,,Fan,Annual,Active,5.99,0.0,137.77,
6313,5582,20250908,20251207,Family,Monthly,Cancelled,14.99,0.0,44.97,Low Usage
6314,5619,20230604,20230902,Premium,Monthly,Cancelled,9.99,0.0,29.97,Low Usage
6315,5656,20230807,,Fan,Monthly,Active,5.99,0.0,35.94,
6316,5693,20240710,20250106,Family,Annual,Cancelled,14.99,0.0,89.94,Low Usage
6317,5730,20240501,20240730,Premium,Monthly,Cancelled,9.99,0.0,29.97,Low Usage
6318,5767,20240723,20241021,Fan,Monthly,Cancelled,5.99,1.2,14.37,Price
6319,5804,20240502,,Family,Monthly,Active,14.99,0.0,299.8,
6320,5841,20250309,,Premium,Annual,Active,9.99,0.0,59.94,
6321,5878,20240925,20250925,Fan,Monthly,Cancelled,5.99,0.0,71.88,Price
6322,5915,20231215,20251214,Family,Monthly,Cancelled,14.99,0.0,359.76,Low Usage
6323,5952,20250513,20250811,Premium,Monthly,Cancelled,9.99,0.0,29.97,Low Usage
6324,5989,20241212,20250610,Fan,Annual,Cancelled,5.99,0.0,35.94,Price
6325,26,20241223,,Family,Monthly,Active,14.99,0.0,44.97,
6326,63,20230711,20230810,Premium,Monthly,Cancelled,9.99,0.0,9.99,Low Usage
6327,100,20230105,20230204,Fan,Monthly,Cancelled,5.99,1.2,4.79,Price
6328,137,20241118,20241218,Family,Annual,Cancelled,14.99,0.0,14.99,Low Usage
6329,174,20241229,20250329,Premium,Monthly,Cancelled,9.99,0.0,29.97,Low Usage
6330,211,20230922,,Fan,Monthly,Active,5.99,0.0,17.97,
6331,248,20230412,20250411,Family,Monthly,Cancelled,14.99,0.0,359.76,Low Usage
6332,285,20250221,,Premium,Annual,Active,9.99,0.0,99.9,
6333,322,20231024,20240122,Fan,Monthly,Cancelled,5.99,0.0,17.97,Price
6334,359,20230331,20230629,Family,Monthly,Cancelled,14.99,0.0,44.97,Low Usage
6335,396,20250205,,Premium,Monthly,Active,9.99,0.0,59.94,
6336,433,20250502,20250731,Fan,Annual,Cancelled,5.99,1.2,14.37,Price
6337,470,20250428,20250727,Family,Monthly,Cancelled,14.99,0.0,44.97,Low Usage
6338,507,20231103,20251102,Premium,Monthly,Cancelled,9.99,0.0,239.76,Low Usage
6339,544,20250821,20251119,Fan,Monthly,Cancelled,5.99,0.0,17.97,Price
6340,581,20241230,,Family,Annual,Active,14.99,0.0,44.97,
6341,618,20241218,20251218,Premium,Monthly,Cancelled,9.99,0.0,119.88,Low Usage
6342,655,20240203,20250202,Fan,Monthly,Cancelled,5.99,0.0,71.88,Price
6343,692,20250505,20250803,Family,Monthly,Cancelled,14.99,0.0,44.97,Low Usage
6344,729,20230731,20231029,Premium,Annual,Cancelled,9.99,0.0,29.97,Low Usage
6345,766,20231022,,Fan,Monthly,Active,5.99,1.2,14.37,
6346,803,20240724,20241022,Family,Monthly,Cancelled,14.99,0.0,44.97,Low Usage
6347,840,20240222,20240522,Premium,Monthly,Cancelled,9.99,0.0,29.97,Low Usage
6348,877,20240908,20241207,Fan,Annual,Cancelled,5.99,0.0,17.97,Price
6349,914,20240928,,Family,Monthly,Active,14.99,0.0,224.85,
6350,951,20250407,,Premium,Monthly,Active,9.99,0.0,79.92,
6351,988,20240226,20240526,Fan,Monthly,Cancelled,5.99,0.0,17.97,Price
6352,1025,20250903,20251003,Family,Annual,Cancelled,14.99,0.0,14.99,Low Usage
6353,1062,20230220,20240220,Premium,Monthly,Cancelled,9.99,0.0,119.88,Low Usage
6354,1099,20250815,20251113,Fan,Monthly,Cancelled,5.99,1.2,14.37,Price
6355,1136,20240915,,Family,Monthly,Active,14.99,0.0,44.97,
6356,1173,20250808,20251106,Premium,Annual,Cancelled,9.99,0.0,29.97,Low Usage
6357,1210,20250319,20250617,Fan,Monthly,Cancelled,5.99,0.0,17.97,Price
6358,1247,20240913,20241013,Family,Monthly,Cancelled,14.99,0.0,14.99,Low Usage
6359,1284,20230922,20231221,Premium,Monthly,Cancelled,9.99,0.0,29.97,Low Usage
6360,1321,20240604,,Fan,Annual,Active,5.99,0.0,35.94,
6361,1358,20240810,20240909,Family,Monthly,Cancelled,14.99,0.0,14.99,Low Usage
6362,1395,20230718,20240717,Premium,Monthly,Cancelled,9.99,0.0,119.88,Low Usage
6363,1432,20250609,,Fan,Monthly,Active,5.99,1.2,28.74,
6364,1469,20231031,20251030,Family,Annual,Cancelled,14.99,0.0,359.76,Low Usage
6365,1506,20230216,,Premium,Monthly,Active,9.99,0.0,59.94,
6366,1543,20241008,,Fan,Monthly,Active,5.99,0.0,89.85,
6367,1580,20250328,,Family,Monthly,Active,14.99,0.0,134.91,
6368,1617,20230411,20230710,Premium,Annual,Cancelled,9.99,0.0,29.97,Low Usage
6369,1654,20241003,20251003,Fan,Monthly,Cancelled,5.99,0.0,71.88,Price
6370,1691,20250707,,Family,Monthly,Active,14.99,0.0,74.95,
6371,1728,20230821,20231119,Premium,Monthly,Cancelled,9.99,0.0,29.97,Low Usage
6372,1765,20240721,20241019,Fan,Annual,Cancelled,5.99,1.2,14.37,Price
6373,1802,20230714,20231012,Family,Monthly,Cancelled,14.99,0.0,44.97,Low Usage
6374,1839,20240502,,Premium,Monthly,Active,9.99,0.0,199.8,
6375,1876,20240119,,Fan,Monthly,Active,5.99,0.0,5.99,
6376,1913,20240618,20240916,Family,Annual,Cancelled,14.99,0.0,44.97,Low Usage
6377,1950,20240514,20240812,Premium,Monthly,Cancelled,9.99,0.0,29.97,Low Usage
6378,1987,20250911,,Fan,Monthly,Active,5.99,0.0,17.97,
6379,2024,20240415,20250415,Family,Monthly,Cancelled,14.99,0.0,179.88,Low Usage
6380,2061,20231011,,Premium,Annual,Active,9.99,0.0,119.88,
6381,2098,20250423,,Fan,Monthly,Active,5.99,1.2,38.32,
6382,2135,20240614,20240912,Family,Monthly,Cancelled,14.99,0.0,44.97,Low Usage
6383,2172,20240824,20250220,Premium,Monthly,Cancelled,9.99,0.0,59.94,Low Usage
6384,2209,20230529,20250528,Fan,Annual,Cancelled,5.99,0.0,143.76,Price
6385,2246,20241214,,Family,Monthly,Active,14.99,0.0,179.88,
6386,2283,20240802,20240901,Premium,Monthly,Cancelled,9.99,0.0,9.99,Low Usage
6387,2320,20250902,,Fan,Monthly,Active,5.99,0.0,23.96,
6388,2357,20250225,20250327,Family,Annual,Cancelled,14.99,0.0,14.99,Low Usage
6389,2394,20241209,20250607,Premium,Monthly,Cancelled,9.99,0.0,59.94,Low Usage
6390,2431,20230326,,Fan,Monthly,Active,5.99,1.2,28.74,
6391,2468,20230210,20250209,Family,Monthly,Cancelled,14.99,0.0,359.76,Low Usage
6392,2505,20240729,20250125,Premium,Annual,Cancelled,9.99,0.0,59.94,Low Usage
6393,2542,20230119,20230218,Fan,Monthly,Cancelled,5.99,0.0,5.99,Price
6394,2579,20230424,20231021,Family,Monthly,Cancelled,14.99,0.0,89.94,Low Usage
6395,2616,20240415,,Premium,Monthly,Active,9.99,0.0,199.8,
6396,2653,20230827,20240223,Fan,Annual,Cancelled,5.99,0.0,35.94,Price
6397,2690,20240112,,Family,Monthly,Active,14.99,0.0,359.76,
6398,2727,20230730,20231028,Premium,Monthly,Cancelled,9.99,0.0,29.97,Low Usage
6399,2764,20231222,20240321,Fan,Monthly,Cancelled,5.99,1.2,14.37,Price
6400,2801,20230910,,Family,Annual,Active,14.99,0.0,179.88,
6401,2838,20250511,20250809,Premium,Monthly,Cancelled,9.99,0.0,29.97,Low Usage
6402,2875,20230405,20230704,Fan,Monthly,Cancelled,5.99,0.0,17.97,Price
6403,2912,20230718,20230817,Family,Monthly,Cancelled,14.99,0.0,14.99,Low Usage
6404,2949,20250427,,Premium,Annual,Active,9.99,0.0,79.92,
6405,2986,20241017,,Fan,Monthly,Active,5.99,0.0,83.86,
6406,3023,20250208,,Family,Monthly,Active,14.99,0.0,149.9,
6407,3060,20250822,20251120,Premium,Monthly,Cancelled,9.99,0.0,29.97,Low Usage
6408,3097,20250324,,Fan,Annual,Active,5.99,1.2,43.11,
6409,3134,20250130,20250729,Family,Monthly,Cancelled,14.99,0.0,89.94,Low Usage
6410,3171,20250302,,Premium,Monthly,Active,9.99,0.0,99.9,
6411,3208,20240319,20250319,Fan,Monthly,Cancelled,5.99,0.0,71.88,Price
6412,3245,20250625,20251222,Family,Annual,Cancelled,14.99,0.0,89.94,Low Usage
6413,3282,20250817,,Premium,Monthly,Active,9.99,0.0,39.96,
6414,3319,20230414,20240413,Fan,Monthly,Cancelled,5.99,0.0,71.88,Price
6415,3356,20240918,,Family,Monthly,Active,14.99,0.0,224.85,
6416,3393,20250705,20250804,Premium,Annual,Cancelled,9.99,0.0,9.99,Low Usage
6417,3430,20230420,20230719,Fan,Monthly,Cancelled,5.99,1.2,14.37,Price
6418,3467,20250107,,Family,Monthly,Active,14.99,0.0,164.89,
6419,3504,20250225,,Premium,Monthly,Active,9.99,0.0,99.9,
6420,3541,20231230,,Fan,Annual,Active,5.99,0.0,5.99,
6421,3578,20230513,20230811,Family,Monthly,Cancelled,14.99,0.0,44.97,Low Usage
6422,3615,20240407,20240706,Premium,Monthly,Cancelled,9.99,0.0,29.97,Low Usage
6423,3652,20251112,,Fan,Monthly,Active,5.99,0.0,5.99,
6424,3689,20241004,20251004,Family,Annual,Cancelled,14.99,0.0,179.88,Low Usage
6425,3726,20230122,,Premium,Monthly,Active,9.99,0.0,29.97,
6426,3763,20241026,20251026,Fan,Monthly,Cancelled,5.99,1.2,57.48,Price
6427,3800,20230816,20240212,Family,Monthly,Cancelled,14.99,0.0,89.94,Low Usage
6428,3837,20230818,20240214,Premium,Annual,Cancelled,9.99,0.0,59.94,Low Usage
6429,3874,20240703,20241001,Fan,Monthly,Cancelled,5.99,0.0,17.97,Price
6430,3911,20240320,,Family,Monthly,Active,14.99,0.0,14.99,
6431,3948,20240411,20250411,Premium,Monthly,Cancelled,9.99,0.0,119.88,Low Usage
6432,3985,20230623,20250622,Fan,Annual,Cancelled,5.99,0.0,143.76,Price
6433,4022,20231219,20240616,Family,Monthly,Cancelled,14.99,0.0,89.94,Low Usage
6434,4059,20240911,20241011,Premium,Monthly,Cancelled,9.99,0.0,9.99,Low Usage
6435,4096,20231125,,Fan,Monthly,Active,5.99,1.2,14.37,
6436,4133,20230507,20231103,Family,Annual,Cancelled,14.99,0.0,89.94,Low Usage
6437,4170,20250608,20250906,Premium,Monthly,Cancelled,9.99,0.0,29.97,Low Usage
6438,4207,20241016,20251016,Fan,Monthly,Cancelled,5.99,0.0,71.88,Price
6439,4244,20230417,20250416,Family,Monthly,Cancelled,14.99,0.0,359.76,Low Usage
6440,4281,20240125,,Premium,Annual,Active,9.99,0.0,59.94,
6441,4318,20240224,20240822,Fan,Monthly,Cancelled,5.99,0.0,35.94,Price
6442,4355,20241120,20241220,Family,Monthly,Cancelled,14.99,0.0,14.99,Low Usage
6443,4392,20240301,20240530,Premium,Monthly,Cancelled,9.99,0.0,29.97,Low Usage
6444,4429,20250617,20250915,Fan,Annual,Cancelled,5.99,1.2,14.37,Price
6445,4466,20230207,,Family,Monthly,Active,14.99,0.0,44.97,
6446,4503,20250404,20250504,Premium,Monthly,Cancelled,9.99,0.0,9.99,Low Usage
6447,4540,20240308,20240606,Fan,Monthly,Cancelled,5.99,0.0,17.97,Price
6448,4577,20230728,20240124,Family,Annual,Cancelled,14.99,0.0,89.94,Low Usage
6449,4614,20240121,20240220,Premium,Monthly,Cancelled,9.99,0.0,9.99,Low Usage
6450,4651,20231119,,Fan,Monthly,Active,5.99,0.0,5.99,
6451,4688,20230416,20230516,Family,Monthly,Cancelled,14.99,0.0,14.99,Low Usage
6452,4725,20250711,,Premium,Annual,Active,9.99,0.0,49.95,
6453,4762,20240924,20250924,Fan,Monthly,Cancelled,5.99,1.2,57.48,Price
6454,4799,20230320,20250319,Family,Monthly,Cancelled,14.99,0.0,359.76,Low Usage
6455,4836,20241204,,Premium,Monthly,Active,9.99,0.0,29.97,
6456,4873,20250305,,Fan,Annual,Active,5.99,0.0,59.9,
6457,4910,20240121,20240719,Family,Monthly,Cancelled,14.99,0.0,89.94,Low Usage
6458,4947,20231211,20251210,Premium,Monthly,Cancelled,9.99,0.0,239.76,Low Usage
6459,4984,20240917,20241017,Fan,Monthly,Cancelled,5.99,0.0,5.99,Price
6460,5021,20230319,,Family,Annual,Active,14.99,0.0,359.76,
6461,5058,20230403,20230702,Premium,Monthly,Cancelled,9.99,0.0,29.97,Low Usage
6462,5095,20231205,20251204,Fan,Monthly,Cancelled,5.99,1.2,114.96,Price
6463,5132,20240205,20240505,Family,Monthly,Cancelled,14.99,0.0,44.97,Low Usage
6464,5169,20240916,20250916,Premium,Annual,Cancelled,9.99,0.0,119.88,Low Usage
6465,5206,20240702,,Fan,Monthly,Active,5.99,0.0,107.82,
6466,5243,20230510,20240509,Family,Monthly,Cancelled,14.99,0.0,179.88,Low Usage
6467,5280,20250811,20250910,Premium,Monthly,Cancelled,9.99,0.0,9.99,Low Usage
6468,5317,20250513,,Fan,Annual,Active,5.99,0.0,41.93,
6469,5354,20230215,20250214,Family,Monthly,Cancelled,14.99,0.0,359.76,Low Usage
6470,5391,20231126,,Premium,Monthly,Active,9.99,0.0,239.76,
6471,5428,20231117,20231217,Fan,Monthly,Cancelled,5.99,1.2,4.79,Price
6472,5465,20240229,20250228,Family,Annual,Cancelled,14.99,0.0,179.88,Low Usage
6473,5502,20231025,20251024,Premium,Monthly,Cancelled,9.99,0.0,239.76,Low Usage
6474,5539,20241231,20250331,Fan,Monthly,Cancelled,5.99,0.0,17.97,Price
6475,5576,20240625,,Family,Monthly,Active,14.99,0.0,269.82,
6476,5613,20231118,20231218,Premium,Annual,Cancelled,9.99,0.0,9.99,Low Usage
6477,5650,20250420,,Fan,Monthly,Active,5.99,0.0,47.92,
6478,5687,20241104,20250202,Family,Monthly,Cancelled,14.99,0.0,44.97,Low Usage
6479,5724,20250321,20250917,Premium,Monthly,Cancelled,9.99,0.0,59.94,Low Usage
6480,5761,20231125,,Fan,Annual,Active,5.99,1.2,4.79,
6481,5798,20251104,20251204,Family,Monthly,Cancelled,14.99,0.0,14.99,Low Usage
6482,5835,20241029,20241128,Premium,Monthly,Cancelled,9.99,0.0,9.99,Low Usage
6483,5872,20231124,20240522,Fan,Monthly,Cancelled,5.99,0.0,35.94,Price
6484,5909,20250308,,Family,Annual,Active,14.99,0.0,134.91,
6485,5946,20230203,,Premium,Monthly,Active,9.99,0.0,29.97,
6486,5983,20250203,20250504,Fan,Monthly,Cancelled,5.99,0.0,17.97,Price
6487,20,20250502,20250601,Family,Monthly,Cancelled,14.99,0.0,14.99,Low Usage
6488,57,20241217,20250116,Premium,Annual,Cancelled,9.99,0.0,9.99,Low Usage
6489,94,20241030,,Fan,Monthly,Active,5.99,1.2,67.06,
6490,131,20250408,,Family,Monthly,Active,14.99,0.0,14.99,
6491,168,20250426,,Premium,Monthly,Active,9.99,0.0,79.92,
6492,205,20241229,,Fan,Annual,Active,5.99,0.0,71.88,
6493,242,20241128,20250527,Family,Monthly,Cancelled,14.99,0.0,89.94,Low Usage
6494,279,20250414,20250514,Premium,Monthly,Cancelled,9.99,0.0,9.99,Low Usage
6495,316,20230521,,Fan,Monthly,Active,5.99,0.0,71.88,
6496,353,20250816,,Family,Annual,Active,14.99,0.0,59.96,
6497,390,20231110,20241109,Premium,Monthly,Cancelled,9.99,0.0,119.88,Low Usage
6498,427,20250731,,Fan,Monthly,Active,5.99,1.2,23.95,
6499,464,20230616,20250615,Family,Monthly,Cancelled,14.99,0.0,359.76,Low Usage
6500,501,20230219,,Premium,Annual,Active,9.99,0.0,59.94,
6501,538,20230207,20250206,Fan,Monthly,Cancelled,5.99,0.0,143.76,Price
6502,575,20240330,20240429,Family,Monthly,Cancelled,14.99,0.0,14.99,Low Usage
6503,612,20250131,20250302,Premium,Monthly,Cancelled,9.99,0.0,9.99,Low Usage
6504,649,20240507,20241103,Fan,Annual,Cancelled,5.99,0.0,35.94,Price
6505,686,20240430,,Family,Monthly,Active,14.99,0.0,14.99,
6506,723,20240621,,Premium,Monthly,Active,9.99,0.0,179.82,
6507,760,20230605,20240604,Fan,Monthly,Cancelled,5.99,1.2,57.48,Price
6508,797,20230925,20231224,Family,Annual,Cancelled,14.99,0.0,44.97,Low Usage
6509,834,20230630,20231227,Premium,Monthly,Cancelled,9.99,0.0,59.94,Low Usage
6510,871,20230901,,Fan,Monthly,Active,5.99,0.0,71.88,
6511,908,20251018,,Family,Monthly,Active,14.99,0.0,29.98,
6512,945,20240819,20240918,Premium,Annual,Cancelled,9.99,0.0,9.99,Low Usage
6513,982,20250424,,Fan,Monthly,Active,5.99,0.0,47.92,
6514,1019,20240406,20250406,Family,Monthly,Cancelled,14.99,0.0,179.88,Low Usage
6515,1056,20250214,,Premium,Monthly,Active,9.99,0.0,99.9,
6516,1093,20251010,,Fan,Annual,Active,5.99,1.2,9.58,
6517,1130,20240211,20240809,Family,Monthly,Cancelled,14.99,0.0,89.94,Low Usage
6518,1167,20250325,20250921,Premium,Monthly,Cancelled,9.99,0.0,59.94,Low Usage
6519,1204,20250404,,Fan,Monthly,Active,5.99,0.0,53.91,
6520,1241,20250213,,Family,Annual,Active,14.99,0.0,149.9,
6521,1278,20240715,20241013,Premium,Monthly,Cancelled,9.99,0.0,29.97,Low Usage
6522,1315,20231219,20251218,Fan,Monthly,Cancelled,5.99,0.0,143.76,Price
6523,1352,20230322,20230421,Family,Monthly,Cancelled,14.99,0.0,14.99,Low Usage
6524,1389,20240429,20250429,Premium,Annual,Cancelled,9.99,0.0,119.88,Low Usage
6525,1426,20250426,,Fan,Monthly,Active,5.99,1.2,38.32,
6526,1463,20231009,20241008,Family,Monthly,Cancelled,14.99,0.0,179.88,Low Usage
6527,1500,20230224,20240224,Premium,Monthly,Cancelled,9.99,0.0,119.88,Low Usage
6528,1537,20240311,,Fan,Annual,Active,5.99,0.0,131.78,
6529,1574,20250503,,Family,Monthly,Active,14.99,0.0,119.92,
6530,1611,20250514,,Premium,Monthly,Active,9.99,0.0,9.99,
6531,1648,20240608,20250608,Fan,Monthly,Cancelled,5.99,0.0,71.88,Price
6532,1685,20240417,20240517,Family,Annual,Cancelled,14.99,0.0,14.99,Low Usage
6533,1722,20240625,20240725,Premium,Monthly,Cancelled,9.99,0.0,9.99,Low Usage
6534,1759,20231013,20240410,Fan,Monthly,Cancelled,5.99,1.2,28.74,Price
6535,1796,20240928,,Family,Monthly,Active,14.99,0.0,179.88,
6536,1833,20241125,20250524,Premium,Annual,Cancelled,9.99,0.0,59.94,Low Usage
6537,1870,20241022,,Fan,Monthly,Active,5.99,0.0,83.86,
6538,1907,20230818,20231116,Family,Monthly,Cancelled,14.99,0.0,44.97,Low Usage
6539,1944,20230808,20250807,Premium,Monthly,Cancelled,9.99,0.0,239.76,Low Usage
6540,1981,20240216,,Fan,Annual,Active,5.99,0.0,131.78,
6541,2018,20230401,20240331,Family,Monthly,Cancelled,14.99,0.0,179.88,Low Usage
6542,2055,20230611,20250610,Premium,Monthly,Cancelled,9.99,0.0,239.76,Low Usage
6543,2092,20230205,20250204,Fan,Monthly,Cancelled,5.99,1.2,114.96,Price
6544,2129,20231011,20251010,Family,Annual,Cancelled,14.99,0.0,359.76,Low Usage
6545,2166,20240927,,Premium,Monthly,Active,9.99,0.0,29.97,
6546,2203,20250922,20251221,Fan,Monthly,Cancelled,5.99,0.0,17.97,Price
6547,2240,20251016,,Family,Monthly,Active,14.99,0.0,29.98,
6548,2277,20230619,20231216,Premium,Annual,Cancelled,9.99,0.0,59.94,Low Usage
6549,2314,20250701,20251228,Fan,Monthly,Cancelled,5.99,0.0,35.94,Price
6550,2351,20230905,,Family,Monthly,Active,14.99,0.0,179.88,
6551,2388,20240209,20240509,Premium,Monthly,Cancelled,9.99,0.0,29.97,Low Usage
6552,2425,20240820,20250216,Fan,Annual,Cancelled,5.99,1.2,28.74,Price
6553,2462,20250828,,Family,Monthly,Active,14.99,0.0,59.96,
6554,2499,20230402,20230701,Premium,Monthly,Cancelled,9.99,0.0,29.97,Low Usage
6555,2536,20250909,,Fan,Monthly,Active,5.99,0.0,17.97,
6556,2573,20250414,20250713,Family,Annual,Cancelled,14.99,0.0,44.97,Low Usage
6557,2610,20230527,20230626,Premium,Monthly,Cancelled,9.99,0.0,9.99,Low Usage
6558,2647,20250730,,Fan,Monthly,Active,5.99,0.0,29.95,
6559,2684,20240330,20250330,Family,Monthly,Cancelled,14.99,0.0,179.88,Low Usage
6560,2721,20240218,,Premium,Annual,Active,9.99,0.0,9.99,
6561,2758,20250304,20250403,Fan,Monthly,Cancelled,5.99,1.2,4.79,Price
6562,2795,20250626,,Family,Monthly,Active,14.99,0.0,89.94,
6563,2832,20250202,,Premium,Monthly,Active,9.99,0.0,109.89,
6564,2869,20250601,20250701,Fan,Annual,Cancelled,5.99,0.0,5.99,Price
6565,2906,20230107,,Family,Monthly,Active,14.99,0.0,179.88,
6566,2943,20240328,20240427,Premium,Monthly,Cancelled,9.99,0.0,9.99,Low Usage
6567,2980,20240905,20250905,Fan,Monthly,Cancelled,5.99,0.0,71.88,Price
6568,3017,20230715,20231013,Family,Annual,Cancelled,14.99,0.0,44.97,Low Usage
6569,3054,20250413,20250712,Premium,Monthly,Cancelled,9.99,0.0,29.97,Low Usage
6570,3091,20240516,,Fan,Monthly,Active,5.99,1.2,28.74,
6571,3128,20250930,,Family,Monthly,Active,14.99,0.0,44.97,
6572,3165,20251115,,Premium,Annual,Active,9.99,0.0,9.99,
6573,3202,20230930,20240929,Fan,Monthly,Cancelled,5.99,0.0,71.88,Price
6574,3239,20230313,20230611,Family,Monthly,Cancelled,14.99,0.0,44.97,Low Usage
6575,3276,20240810,,Premium,Monthly,Active,9.99,0.0,119.88,
6576,3313,20240922,20250321,Fan,Annual,Cancelled,5.99,0.0,35.94,Price
6577,3350,20230827,20240826,Family,Monthly,Cancelled,14.99,0.0,179.88,Low Usage
6578,3387,20250106,20250705,Premium,Monthly,Cancelled,9.99,0.0,59.94,Low Usage
6579,3424,20240218,20240816,Fan,Monthly,Cancelled,5.99,1.2,28.74,Price
6580,3461,20240926,,Family,Annual,Active,14.99,0.0,224.85,
6581,3498,20230327,20250326,Premium,Monthly,Cancelled,9.99,0.0,239.76,Low Usage
6582,3535,20230721,20231019,Fan,Monthly,Cancelled,5.99,0.0,17.97,Price
6583,3572,20230622,20250621,Family,Monthly,Cancelled,14.99,0.0,359.76,Low Usage
6584,3609,20240217,20240517,Premium,Annual,Cancelled,9.99,0.0,29.97,Low Usage
6585,3646,20230312,,Fan,Monthly,Active,5.99,0.0,17.97,
6586,3683,20241003,20251003,Family,Monthly,Cancelled,14.99,0.0,179.88,Low Usage
6587,3720,20230828,20240827,Premium,Monthly,Cancelled,9.99,0.0,119.88,Low Usage
6588,3757,20250530,,Fan,Annual,Active,5.99,1.2,33.53,
6589,3794,20241128,,Family,Monthly,Active,14.99,0.0,194.87,
6590,3831,20240627,,Premium,Monthly,Active,9.99,0.0,29.97,
6591,3868,20230520,20240519,Fan,Monthly,Cancelled,5.99,0.0,71.88,Price
6592,3905,20240204,,Family,Annual,Active,14.99,0.0,344.77,
6593,3942,20241227,20250625,Premium,Monthly,Cancelled,9.99,0.0,59.94,Low Usage
6594,3979,20240105,20240204,Fan,Monthly,Cancelled,5.99,0.0,5.99,Price
6595,4016,20230813,,Family,Monthly,Active,14.99,0.0,89.94,
6596,4053,20230713,20240712,Premium,Annual,Cancelled,9.99,0.0,119.88,Low Usage
6597,4090,20231215,20240314,Fan,Monthly,Cancelled,5.99,1.2,14.37,Price
6598,4127,20250621,20250919,Family,Monthly,Cancelled,14.99,0.0,44.97,Low Usage
6599,4164,20240104,20240702,Premium,Monthly,Cancelled,9.99,0.0,59.94,Low Usage
6600,4201,20230417,,Fan,Annual,Active,5.99,0.0,5.99,
6601,4238,20240120,20240718,Family,Monthly,Cancelled,14.99,0.0,89.94,Low Usage
6602,4275,20230609,20231206,Premium,Monthly,Cancelled,9.99,0.0,59.94,Low Usage
6603,4312,20230620,20250619,Fan,Monthly,Cancelled,5.99,0.0,143.76,Price
6604,4349,20230713,20250712,Family,Annual,Cancelled,14.99,0.0,359.76,Low Usage
6605,4386,20230530,,Premium,Monthly,Active,9.99,0.0,59.94,
6606,4423,20230701,20250630,Fan,Monthly,Cancelled,5.99,1.2,114.96,Price
6607,4460,20240502,20240601,Family,Monthly,Cancelled,14.99,0.0,14.99,Low Usage
6608,4497,20241102,20251102,Premium,Annual,Cancelled,9.99,0.0,119.88,Low Usage
6609,4534,20241107,20251107,Fan,Monthly,Cancelled,5.99,0.0,71.88,Price
6610,4571,20241126,,Family,Monthly,Active,14.99,0.0,194.87,
6611,4608,20231130,20240528,Premium,Monthly,Cancelled,9.99,0.0,59.94,Low Usage
6612,4645,20240909,20250909,Fan,Annual,Cancelled,5.99,0.0,71.88,Price
6613,4682,20240613,,Family,Monthly,Active,14.99,0.0,269.82,
6614,4719,20250331,,Premium,Monthly,Active,9.99,0.0,89.91,
6615,4756,20240213,,Fan,Monthly,Active,5.99,1.2,57.48,
6616,4793,20251027,,Family,Annual,Active,14.99,0.0,29.98,
6617,4830,20240606,20250606,Premium,Monthly,Cancelled,9.99,0.0,119.88,Low Usage
6618,4867,20240909,20241208,Fan,Monthly,Cancelled,5.99,0.0,17.97,Price
6619,4904,20231228,20251227,Family,Monthly,Cancelled,14.99,0.0,359.76,Low Usage
6620,4941,20250809,,Premium,Annual,Active,9.99,0.0,9.99,
6621,4978,20240930,20241030,Fan,Monthly,Cancelled,5.99,0.0,5.99,Price
6622,5015,20241118,20250517,Family,Monthly,Cancelled,14.99,0.0,89.94,Low Usage
6623,5052,20230428,20240427,Premium,Monthly,Cancelled,9.99,0.0,119.88,Low Usage
6624,5089,20251116,,Fan,Annual,Active,5.99,1.2,4.79,
6625,5126,20251109,,Family,Monthly,Active,14.99,0.0,14.99,
6626,5163,20241206,20250306,Premium,Monthly,Cancelled,9.99,0.0,29.97,Low Usage
6627,5200,20240925,,Fan,Monthly,Active,5.99,0.0,89.85,
6628,5237,20250519,20251115,Family,Annual,Cancelled,14.99,0.0,89.94,Low Usage
6629,5274,20250506,,Premium,Monthly,Active,9.99,0.0,79.92,
6630,5311,20240607,,Fan,Monthly,Active,5.99,0.0,17.97,
6631,5348,20231014,20240411,Family,Monthly,Cancelled,14.99,0.0,89.94,Low Usage
6632,5385,20231211,20241210,Premium,Annual,Cancelled,9.99,0.0,119.88,Low Usage
6633,5422,20230603,20230703,Fan,Monthly,Cancelled,5.99,1.2,4.79,Price
6634,5459,20231127,20231227,Family,Monthly,Cancelled,14.99,0.0,14.99,Low Usage
6635,5496,20240123,,Premium,Monthly,Active,9.99,0.0,9.99,
6636,5533,20241110,,Fan,Annual,Active,5.99,0.0,77.87,
6637,5570,20230411,20250410,Family,Monthly,Cancelled,14.99,0.0,359.76,Low Usage
6638,5607,20231123,20241122,Premium,Monthly,Cancelled,9.99,0.0,119.88,Low Usage
6639,5644,20250605,20251202,Fan,Monthly,Cancelled,5.99,0.0,35.94,Price
6640,5681,20240404,,Family,Annual,Active,14.99,0.0,44.97,
6641,5718,20250430,20250530,Premium,Monthly,Cancelled,9.99,0.0,9.99,Low Usage
6642,5755,20231010,20251009,Fan,Monthly,Cancelled,5.99,1.2,114.96,Price
6643,5792,20251028,20251127,Family,Monthly,Cancelled,14.99,0.0,14.99,Low Usage
6644,5829,20230522,20240521,Premium,Annual,Cancelled,9.99,0.0,119.88,Low Usage
6645,5866,20250605,,Fan,Monthly,Active,5.99,0.0,35.94,
6646,5903,20230614,20250613,Family,Monthly,Cancelled,14.99,0.0,359.76,Low Usage
6647,5940,20250409,20250708,Premium,Monthly,Cancelled,9.99,0.0,29.97,Low Usage
6648,5977,20240814,20250210,Fan,Annual,Cancelled,5.99,0.0,35.94,Price
6649,14,20230309,20230607,Family,Monthly,Cancelled,14.99,0.0,44.97,Low Usage
6650,51,20250402,,Premium,Monthly,Active,9.99,0.0,89.91,
6651,88,20231002,20231231,Fan,Monthly,Cancelled,5.99,1.2,14.37,Price
6652,125,20240217,20240815,Family,Annual,Cancelled,14.99,0.0,89.94,Low Usage
6653,162,20250320,20250419,Premium,Monthly,Cancelled,9.99,0.0,9.99,Low Usage
6654,199,20230925,20240924,Fan,Monthly,Cancelled,5.99,0.0,71.88,Price
6655,236,20250516,,Family,Monthly,Active,14.99,0.0,14.99,
6656,273,20230103,20230202,Premium,Annual,Cancelled,9.99,0.0,9.99,Low Usage
6657,310,20250521,20250620,Fan,Monthly,Cancelled,5.99,0.0,5.99,Price
6658,347,20231009,20240406,Family,Monthly,Cancelled,14.99,0.0,89.94,Low Usage
6659,384,20240717,,Premium,Monthly,Active,9.99,0.0,169.83,
6660,421,20240814,,Fan,Annual,Active,5.99,1.2,4.79,
6661,458,20241001,20251001,Family,Monthly,Cancelled,14.99,0.0,179.88,Low Usage
6662,495,20230611,20230711,Premium,Monthly,Cancelled,9.99,0.0,9.99,Low Usage
6663,532,20230412,20230512,Fan,Monthly,Cancelled,5.99,0.0,5.99,Price
6664,569,20241201,20250301,Family,Annual,Cancelled,14.99,0.0,44.97,Low Usage
6665,606,20231206,,Premium,Monthly,Active,9.99,0.0,59.94,
6666,643,20231023,20240121,Fan,Monthly,Cancelled,5.99,0.0,17.97,Price
6667,680,20250708,,Family,Monthly,Active,14.99,0.0,74.95,
6668,717,20230513,20250512,Premium,Annual,Cancelled,9.99,0.0,239.76,Low Usage
6669,754,20240930,20241030,Fan,Monthly,Cancelled,5.99,1.2,4.79,Price
6670,791,20240724,,Family,Monthly,Active,14.99,0.0,254.83,
6671,828,20230304,20240303,Premium,Monthly,Cancelled,9.99,0.0,119.88,Low Usage
6672,865,20250825,,Fan,Annual,Active,5.99,0.0,23.96,
6673,902,20250422,20250522,Family,Monthly,Cancelled,14.99,0.0,14.99,Low Usage
6674,939,20250316,20250912,Premium,Monthly,Cancelled,9.99,0.0,59.94,Low Usage
6675,976,20240330,,Fan,Monthly,Active,5.99,0.0,125.79,
6676,1013,20240210,,Family,Annual,Active,14.99,0.0,344.77,
6677,1050,20251109,,Premium,Monthly,Active,9.99,0.0,9.99,
6678,1087,20250410,20251007,Fan,Monthly,Cancelled,5.99,1.2,28.74,Price
6679,1124,20250730,,Family,Monthly,Active,14.99,0.0,74.95,
6680,1161,20230107,,Premium,Annual,Active,9.99,0.0,9.99,
6681,1198,20250710,20251008,Fan,Monthly,Cancelled,5.99,0.0,17.97,Price
6682,1235,20240619,20241216,Family,Monthly,Cancelled,14.99,0.0,89.94,Low Usage
6683,1272,20230908,20231008,Premium,Monthly,Cancelled,9.99,0.0,9.99,Low Usage
6684,1309,20250618,20251215,Fan,Annual,Cancelled,5.99,0.0,35.94,Price
6685,1346,20250302,,Family,Monthly,Active,14.99,0.0,89.94,
6686,1383,20250528,,Premium,Monthly,Active,9.99,0.0,69.93,
6687,1420,20251110,,Fan,Monthly,Active,5.99,1.2,4.79,
6688,1457,20250317,,Family,Annual,Active,14.99,0.0,134.91,
6689,1494,20240717,20250717,Premium,Monthly,Cancelled,9.99,0.0,119.88,Low Usage
6690,1531,20231025,,Fan,Monthly,Active,5.99,0.0,143.76,
6691,1568,20241109,,Family,Monthly,Active,14.99,0.0,194.87,
6692,1605,20231207,20240604,Premium,Annual,Cancelled,9.99,0.0,59.94,Low Usage
6693,1642,20240509,20250509,Fan,Monthly,Cancelled,5.99,0.0,71.88,Price
6694,1679,20250410,20250510,Family,Monthly,Cancelled,14.99,0.0,14.99,Low Usage
6695,1716,20240905,,Premium,Monthly,Active,9.99,0.0,9.99,
6696,1753,20250415,,Fan,Annual,Active,5.99,1.2,38.32,
6697,1790,20240715,20241013,Family,Monthly,Cancelled,14.99,0.0,44.97,Low Usage
6698,1827,20231105,20231205,Premium,Monthly,Cancelled,9.99,0.0,9.99,Low Usage
6699,1864,20250625,,Fan,Monthly,Active,5.99,0.0,35.94,
6700,1901,20240415,,Family,Annual,Active,14.99,0.0,44.97,
6701,1938,20250515,,Premium,Monthly,Active,9.99,0.0,69.93,
6702,1975,20240430,20240530,Fan,Monthly,Cancelled,5.99,0.0,5.99,Price
6703,2012,20230127,20230226,Family,Monthly,Cancelled,14.99,0.0,14.99,Low Usage
6704,2049,20240205,20240803,Premium,Annual,Cancelled,9.99,0.0,59.94,Low Usage
6705,2086,20250828,,Fan,Monthly,Active,5.99,1.2,4.79,
6706,2123,20230817,20240213,Family,Monthly,Cancelled,14.99,0.0,89.94,Low Usage
6707,2160,20250829,,Premium,Monthly,Active,9.99,0.0,39.96,
6708,2197,20240201,20240302,Fan,Annual,Cancelled,5.99,0.0,5.99,Price
6709,2234,20250416,,Family,Monthly,Active,14.99,0.0,119.92,
6710,2271,20250822,,Premium,Monthly,Active,9.99,0.0,39.96,
6711,2308,20250828,,Fan,Monthly,Active,5.99,0.0,23.96,
6712,2345,20240204,20250203,Family,Annual,Cancelled,14.99,0.0,179.88,Low Usage
6713,2382,20241015,20241114,Premium,Monthly,Cancelled,9.99,0.0,9.99,Low Usage
6714,2419,20240414,20250414,Fan,Monthly,Cancelled,5.99,1.2,57.48,Price
6715,2456,20250707,,Family,Monthly,Active,14.99,0.0,74.95,
6716,2493,20250619,20250917,Premium,Annual,Cancelled,9.99,0.0,29.97,Low Usage
6717,2530,20230101,20240101,Fan,Monthly,Cancelled,5.99,0.0,71.88,Price
6718,2567,20240405,20240704,Family,Monthly,Cancelled,14.99,0.0,44.97,Low Usage
6719,2604,20230512,20240511,Premium,Monthly,Cancelled,9.99,0.0,119.88,Low Usage
6720,2641,20231125,,Fan,Annual,Active,5.99,0.0,5.99,
6721,2678,20240826,,Family,Monthly,Active,14.99,0.0,239.84,
6722,2715,20240707,20240806,Premium,Monthly,Cancelled,9.99,0.0,9.99,Low Usage
6723,2752,20250209,20250510,Fan,Monthly,Cancelled,5.99,1.2,14.37,Price
6724,2789,20241221,20250120,Family,Annual,Cancelled,14.99,0.0,14.99,Low Usage
6725,2826,20231017,,Premium,Monthly,Active,9.99,0.0,119.88,
6726,2863,20250710,,Fan,Monthly,Active,5.99,0.0,29.95,
6727,2900,20231205,20240304,Family,Monthly,Cancelled,14.99,0.0,44.97,Low Usage
6728,2937,20240409,,Premium,Annual,Active,9.99,0.0,209.79,
6729,2974,20240810,,Fan,Monthly,Active,5.99,0.0,95.84,
6730,3011,20240313,,Family,Monthly,Active,14.99,0.0,14.99,
6731,3048,20240110,20240409,Premium,Monthly,Cancelled,9.99,0.0,29.97,Low Usage
6732,3085,20230903,20240301,Fan,Annual,Cancelled,5.99,1.2,28.74,Price
6733,3122,20231119,20240217,Family,Monthly,Cancelled,14.99,0.0,44.97,Low Usage
6734,3159,20240924,20250323,Premium,Monthly,Cancelled,9.99,0.0,59.94,Low Usage
6735,3196,20230924,,Fan,Monthly,Active,5.99,0.0,35.94,
6736,3233,20230922,20250921,Family,Annual,Cancelled,14.99,0.0,359.76,Low Usage
6737,3270,20230417,20231014,Premium,Monthly,Cancelled,9.99,0.0,59.94,Low Usage
6738,3307,20240222,20240323,Fan,Monthly,Cancelled,5.99,0.0,5.99,Price
6739,3344,20230614,20250613,Family,Monthly,Cancelled,14.99,0.0,359.76,Low Usage
6740,3381,20250714,,Premium,Annual,Active,9.99,0.0,49.95,
6741,3418,20230303,20250302,Fan,Monthly,Cancelled,5.99,1.2,114.96,Price
6742,3455,20231222,20240321,Family,Monthly,Cancelled,14.99,0.0,44.97,Low Usage
6743,3492,20230624,20250623,Premium,Monthly,Cancelled,9.99,0.0,239.76,Low Usage
6744,3529,20230224,20230326,Fan,Annual,Cancelled,5.99,0.0,5.99,Price
6745,3566,20240410,,Family,Monthly,Active,14.99,0.0,89.94,
6746,3603,20241220,20250320,Premium,Monthly,Cancelled,9.99,0.0,29.97,Low Usage
6747,3640,20250225,20250327,Fan,Monthly,Cancelled,5.99,0.0,5.99,Price
6748,3677,20240103,,Family,Annual,Active,14.99,0.0,359.76,
6749,3714,20231025,20240123,Premium,Monthly,Cancelled,9.99,0.0,29.97,Low Usage
6750,3751,20240614,,Fan,Monthly,Active,5.99,1.2,4.79,
6751,3788,20230121,20240121,Family,Monthly,Cancelled,14.99,0.0,179.88,Low Usage
6752,3825,20231026,20241025,Premium,Annual,Cancelled,9.99,0.0,119.88,Low Usage
6753,3862,20230516,20250515,Fan,Monthly,Cancelled,5.99,0.0,143.76,Price
6754,3899,20250816,20250915,Family,Monthly,Cancelled,14.99,0.0,14.99,Low Usage
6755,3936,20250422,,Premium,Monthly,Active,9.99,0.0,79.92,
6756,3973,20230511,20240510,Fan,Annual,Cancelled,5.99,0.0,71.88,Price
6757,4010,20230527,20240526,Family,Monthly,Cancelled,14.99,0.0,179.88,Low Usage
6758,4047,20250316,,Premium,Monthly,Active,9.99,0.0,89.91,
6759,4084,20240630,,Fan,Monthly,Active,5.99,1.2,86.22,
6760,4121,20231004,,Family,Annual,Active,14.99,0.0,89.94,
6761,4158,20230319,20250318,Premium,Monthly,Cancelled,9.99,0.0,239.76,Low Usage
6762,4195,20240330,,Fan,Monthly,Active,5.99,0.0,125.79,
6763,4232,20230227,20250226,Family,Monthly,Cancelled,14.99,0.0,359.76,Low Usage
6764,4269,20240909,20241208,Premium,Annual,Cancelled,9.99,0.0,29.97,Low Usage
6765,4306,20230101,,Fan,Monthly,Active,5.99,0.0,35.94,
6766,4343,20240118,,Family,Monthly,Active,14.99,0.0,344.77,
6767,4380,20240905,20250304,Premium,Monthly,Cancelled,9.99,0.0,59.94,Low Usage
6768,4417,20241005,,Fan,Annual,Active,5.99,1.2,71.85,
6769,4454,20240930,,Family,Monthly,Active,14.99,0.0,224.85,
6770,4491,20241015,,Premium,Monthly,Active,9.99,0.0,139.86,
6771,4528,20241201,20250301,Fan,Monthly,Cancelled,5.99,0.0,17.97,Price
6772,4565,20230727,20231025,Family,Annual,Cancelled,14.99,0.0,44.97,Low Usage
6773,4602,20250517,,Premium,Monthly,Active,9.99,0.0,69.93,
6774,4639,20241212,20250312,Fan,Monthly,Cancelled,5.99,0.0,17.97,Price
6775,4676,20231201,,Family,Monthly,Active,14.99,0.0,359.76,
6776,4713,20240301,20240828,Premium,Annual,Cancelled,9.99,0.0,59.94,Low Usage
6777,4750,20240102,20240401,Fan,Monthly,Cancelled,5.99,1.2,14.37,Price
6778,4787,20230401,20230630,Family,Monthly,Cancelled,14.99,0.0,44.97,Low Usage
6779,4824,20250718,20250817,Premium,Monthly,Cancelled,9.99,0.0,9.99,Low Usage
6780,4861,20240323,,Fan,Annual,Active,5.99,0.0,17.97,
6781,4898,20250429,20250728,Family,Monthly,Cancelled,14.99,0.0,44.97,Low Usage
6782,4935,20250213,20250514,Premium,Monthly,Cancelled,9.99,0.0,29.97,Low Usage
6783,4972,20240928,20250928,Fan,Monthly,Cancelled,5.99,0.0,71.88,Price
6784,5009,20250408,,Family,Annual,Active,14.99,0.0,119.92,
6785,5046,20240622,,Premium,Monthly,Active,9.99,0.0,29.97,
6786,5083,20230426,20230526,Fan,Monthly,Cancelled,5.99,1.2,4.79,Price
6787,5120,20240131,20240729,Family,Monthly,Cancelled,14.99,0.0,89.94,Low Usage
6788,5157,20240527,20250527,Premium,Annual,Cancelled,9.99,0.0,119.88,Low Usage
6789,5194,20240110,,Fan,Monthly,Active,5.99,0.0,143.76,
6790,5231,20230903,,Family,Monthly,Active,14.99,0.0,89.94,
6791,5268,20250223,20250325,Premium,Monthly,Cancelled,9.99,0.0,9.99,Low Usage
6792,5305,20240331,20240430,Fan,Annual,Cancelled,5.99,0.0,5.99,Price
6793,5342,20240530,20241126,Family,Monthly,Cancelled,14.99,0.0,89.94,Low Usage
6794,5379,20250517,,Premium,Monthly,Active,9.99,0.0,69.93,
6795,5416,20241228,,Fan,Monthly,Active,5.99,1.2,57.48,
6796,5453,20250506,20251102,Family,Annual,Cancelled,14.99,0.0,89.94,Low Usage
6797,5490,20240922,20250321,Premium,Monthly,Cancelled,9.99,0.0,59.94,Low Usage
6798,5527,20240702,20241229,Fan,Monthly,Cancelled,5.99,0.0,35.94,Price
6799,5564,20241205,20250104,Family,Monthly,Cancelled,14.99,0.0,14.99,Low Usage
6800,5601,20230216,,Premium,Annual,Active,9.99,0.0,239.76,
6801,5638,20250604,20250704,Fan,Monthly,Cancelled,5.99,0.0,5.99,Price
6802,5675,20251018,,Family,Monthly,Active,14.99,0.0,29.98,
6803,5712,20240706,20250706,Premium,Monthly,Cancelled,9.99,0.0,119.88,Low Usage
6804,5749,20240614,20240912,Fan,Annual,Cancelled,5.99,1.2,14.37,Price
6805,5786,20250702,,Family,Monthly,Active,14.99,0.0,89.94,
6806,5823,20250312,,Premium,Monthly,Active,9.99,0.0,89.91,
6807,5860,20251102,,Fan,Monthly,Active,5.99,0.0,11.98,
6808,5897,20230128,20230727,Family,Annual,Cancelled,14.99,0.0,89.94,Low Usage
6809,5934,20230102,20230402,Premium,Monthly,Cancelled,9.99,0.0,29.97,Low Usage
6810,5971,20240826,,Fan,Monthly,Active,5.99,0.0,71.88,
6811,8,20250904,,Family,Monthly,Active,14.99,0.0,44.97,
6812,45,20241222,20250322,Premium,Annual,Cancelled,9.99,0.0,29.97,Low Usage
6813,82,20250316,,Fan,Monthly,Active,5.99,1.2,43.11,
6814,119,20241213,20250611,Family,Monthly,Cancelled,14.99,0.0,89.94,Low Usage
6815,156,20240221,,Premium,Monthly,Active,9.99,0.0,29.97,
6816,193,20231128,20240526,Fan,Annual,Cancelled,5.99,0.0,35.94,Price
6817,230,20240913,,Family,Monthly,Active,14.99,0.0,224.85,
6818,267,20250430,20250530,Premium,Monthly,Cancelled,9.99,0.0,9.99,Low Usage
6819,304,20250411,20250511,Fan,Monthly,Cancelled,5.99,0.0,5.99,Price
6820,341,20231231,,Family,Annual,Active,14.99,0.0,14.99,
6821,378,20250521,,Premium,Monthly,Active,9.99,0.0,69.93,
6822,415,20230816,20240212,Fan,Monthly,Cancelled,5.99,1.2,28.74,Price
6823,452,20240703,20250703,Family,Monthly,Cancelled,14.99,0.0,179.88,Low Usage
6824,489,20240719,,Premium,Annual,Active,9.99,0.0,169.83,
6825,526,20240617,,Fan,Monthly,Active,5.99,0.0,35.94,
6826,563,20250314,,Family,Monthly,Active,14.99,0.0,134.91,
6827,600,20240630,20250630,Premium,Monthly,Cancelled,9.99,0.0,119.88,Low Usage
6828,637,20250328,20250626,Fan,Annual,Cancelled,5.99,0.0,17.97,Price
6829,674,20240514,,Family,Monthly,Active,14.99,0.0,284.81,
6830,711,20251113,,Premium,Monthly,Active,9.99,0.0,9.99,
6831,748,20240116,,Fan,Monthly,Active,5.99,1.2,110.17,
6832,785,20230718,20240114,Family,Annual,Cancelled,14.99,0.0,89.94,Low Usage
6833,822,20230216,20240216,Premium,Monthly,Cancelled,9.99,0.0,119.88,Low Usage
6834,859,20230909,20250908,Fan,Monthly,Cancelled,5.99,0.0,143.76,Price
6835,896,20251021,,Family,Monthly,Active,14.99,0.0,29.98,
6836,933,20240622,20240920,Premium,Annual,Cancelled,9.99,0.0,29.97,Low Usage
6837,970,20250704,,Fan,Monthly,Active,5.99,0.0,35.94,
6838,1007,20230928,20250927,Family,Monthly,Cancelled,14.99,0.0,359.76,Low Usage
6839,1044,20250723,,Premium,Monthly,Active,9.99,0.0,49.95,
6840,1081,20230806,,Fan,Annual,Active,5.99,1.2,28.74,
6841,1118,20250319,20250915,Family,Monthly,Cancelled,14.99,0.0,89.94,Low Usage
6842,1155,20240528,20240826,Premium,Monthly,Cancelled,9.99,0.0,29.97,Low Usage
6843,1192,20240309,20240905,Fan,Monthly,Cancelled,5.99,0.0,35.94,Price
6844,1229,20240517,20250517,Family,Annual,Cancelled,14.99,0.0,179.88,Low Usage
6845,1266,20250320,,Premium,Monthly,Active,9.99,0.0,59.94,
6846,1303,20250521,,Fan,Monthly,Active,5.99,0.0,41.93,
6847,1340,20231028,20251027,Family,Monthly,Cancelled,14.99,0.0,359.76,Low Usage
6848,1377,20230226,20230825,Premium,Annual,Cancelled,9.99,0.0,59.94,Low Usage
6849,1414,20250106,,Fan,Monthly,Active,5.99,1.2,57.48,
6850,1451,20230223,,Family,Monthly,Active,14.99,0.0,179.88,
6851,1488,20240119,20240218,Premium,Monthly,Cancelled,9.99,0.0,9.99,Low Usage
6852,1525,20241014,20250412,Fan,Annual,Cancelled,5.99,0.0,35.94,Price
6853,1562,20240416,20250416,Family,Monthly,Cancelled,14.99,0.0,179.88,Low Usage
6854,1599,20230213,20250212,Premium,Monthly,Cancelled,9.99,0.0,239.76,Low Usage
6855,1636,20240527,,Fan,Monthly,Active,5.99,0.0,5.99,
6856,1673,20250612,,Family,Annual,Active,14.99,0.0,89.94,
6857,1710,20250412,,Premium,Monthly,Active,9.99,0.0,79.92,
6858,1747,20241122,20250521,Fan,Monthly,Cancelled,5.99,1.2,28.74,Price
6859,1784,20241022,,Family,Monthly,Active,14.99,0.0,209.86,
6860,1821,20230720,,Premium,Annual,Active,9.99,0.0,29.97,
6861,1858,20230510,20231106,Fan,Monthly,Cancelled,5.99,0.0,35.94,Price
6862,1895,20230824,20240220,Family,Monthly,Cancelled,14.99,0.0,89.94,Low Usage
6863,1932,20230509,20250508,Premium,Monthly,Cancelled,9.99,0.0,239.76,Low Usage
6864,1969,20240105,20250104,Fan,Annual,Cancelled,5.99,0.0,71.88,Price
6865,2006,20250627,,Family,Monthly,Active,14.99,0.0,14.99,
6866,2043,20230424,20250423,Premium,Monthly,Cancelled,9.99,0.0,239.76,Low Usage
6867,2080,20241120,20241220,Fan,Monthly,Cancelled,5.99,1.2,4.79,Price
6868,2117,20240303,20240402,Family,Annual,Cancelled,14.99,0.0,14.99,Low Usage
6869,2154,20240811,20241109,Premium,Monthly,Cancelled,9.99,0.0,29.97,Low Usage
6870,2191,20240503,,Fan,Monthly,Active,5.99,0.0,17.97,
6871,2228,20230525,20231121,Family,Monthly,Cancelled,14.99,0.0,89.94,Low Usage
6872,2265,20230702,20240701,Premium,Annual,Cancelled,9.99,0.0,119.88,Low Usage
6873,2302,20230306,20240305,Fan,Monthly,Cancelled,5.99,0.0,71.88,Price
6874,2339,20230623,20240622,Family,Monthly,Cancelled,14.99,0.0,179.88,Low Usage
6875,2376,20250427,,Premium,Monthly,Active,9.99,0.0,59.94,
6876,2413,20230708,20240104,Fan,Annual,Cancelled,5.99,1.2,28.74,Price
6877,2450,20251116,20251216,Family,Monthly,Cancelled,14.99,0.0,14.99,Low Usage
6878,2487,20230919,20250918,Premium,Monthly,Cancelled,9.99,0.0,239.76,Low Usage
6879,2524,20250224,20250326,Fan,Monthly,Cancelled,5.99,0.0,5.99,Price
6880,2561,20240820,,Family,Annual,Active,14.99,0.0,179.88,
6881,2598,20240215,20250214,Premium,Monthly,Cancelled,9.99,0.0,119.88,Low Usage
6882,2635,20240130,20240429,Fan,Monthly,Cancelled,5.99,0.0,17.97,Price
6883,2672,20240321,,Family,Monthly,Active,14.99,0.0,314.79,
6884,2709,20240414,20240713,Premium,Annual,Cancelled,9.99,0.0,29.97,Low Usage
6885,2746,20250527,,Fan,Monthly,Active,5.99,1.2,33.53,
6886,2783,20250712,,Family,Monthly,Active,14.99,0.0,74.95,
6887,2820,20251031,,Premium,Monthly,Active,9.99,0.0,19.98,
6888,2857,20241017,20241116,Fan,Annual,Cancelled,5.99,0.0,5.99,Price
6889,2894,20250912,20251012,Family,Monthly,Cancelled,14.99,0.0,14.99,Low Usage
6890,2931,20230206,,Premium,Monthly,Active,9.99,0.0,119.88,
6891,2968,20250228,,Fan,Monthly,Active,5.99,0.0,59.9,
6892,3005,20230629,20231226,Family,Annual,Cancelled,14.99,0.0,89.94,Low Usage
6893,3042,20230124,20240124,Premium,Monthly,Cancelled,9.99,0.0,119.88,Low Usage
6894,3079,20250614,20251211,Fan,Monthly,Cancelled,5.99,1.2,28.74,Price
6895,3116,20240418,,Family,Monthly,Active,14.99,0.0,299.8,
6896,3153,20250314,20250612,Premium,Annual,Cancelled,9.99,0.0,29.97,Low Usage
6897,3190,20230429,20240428,Fan,Monthly,Cancelled,5.99,0.0,71.88,Price
6898,3227,20240911,20241210,Family,Monthly,Cancelled,14.99,0.0,44.97,Low Usage
6899,3264,20230119,20240119,Premium,Monthly,Cancelled,9.99,0.0,119.88,Low Usage
6900,3301,20240829,,Fan,Annual,Active,5.99,0.0,5.99,
6901,3338,20241228,20251228,Family,Monthly,Cancelled,14.99,0.0,179.88,Low Usage
6902,3375,20231031,20251030,Premium,Monthly,Cancelled,9.99,0.0,239.76,Low Usage
6903,3412,20250404,20250703,Fan,Monthly,Cancelled,5.99,1.2,14.37,Price
6904,3449,20240129,20250128,Family,Annual,Cancelled,14.99,0.0,179.88,Low Usage
6905,3486,20231226,,Premium,Monthly,Active,9.99,0.0,239.76,
6906,3523,20250423,20250722,Fan,Monthly,Cancelled,5.99,0.0,17.97,Price
6907,3560,20230806,20240202,Family,Monthly,Cancelled,14.99,0.0,89.94,Low Usage
6908,3597,20250702,,Premium,Annual,Active,9.99,0.0,59.94,
6909,3634,20250414,20251011,Fan,Monthly,Cancelled,5.99,0.0,35.94,Price
6910,3671,20231203,,Family,Monthly,Active,14.99,0.0,179.88,
6911,3708,20240630,20241227,Premium,Monthly,Cancelled,9.99,0.0,59.94,Low Usage
6912,3745,20230923,20240321,Fan,Annual,Cancelled,5.99,1.2,28.74,Price
6913,3782,20250705,,Family,Monthly,Active,14.99,0.0,89.94,
6914,3819,20230926,20231026,Premium,Monthly,Cancelled,9.99,0.0,9.99,Low Usage
6915,3856,20231030,,Fan,Monthly,Active,5.99,0.0,35.94,
6916,3893,20241129,20250528,Family,Annual,Cancelled,14.99,0.0,89.94,Low Usage
6917,3930,20231117,20251116,Premium,Monthly,Cancelled,9.99,0.0,239.76,Low Usage
6918,3967,20240307,20250307,Fan,Monthly,Cancelled,5.99,0.0,71.88,Price
6919,4004,20230924,20250923,Family,Monthly,Cancelled,14.99,0.0,359.76,Low Usage
6920,4041,20230811,,Premium,Annual,Active,9.99,0.0,239.76,
6921,4078,20250116,20250215,Fan,Monthly,Cancelled,5.99,1.2,4.79,Price
6922,4115,20250705,20251003,Family,Monthly,Cancelled,14.99,0.0,44.97,Low Usage
6923,4152,20231018,20240415,Premium,Monthly,Cancelled,9.99,0.0,59.94,Low Usage
6924,4189,20240412,20240711,Fan,Annual,Cancelled,5.99,0.0,17.97,Price
6925,4226,20230510,,Family,Monthly,Active,14.99,0.0,14.99,
6926,4263,20231102,20251101,Premium,Monthly,Cancelled,9.99,0.0,239.76,Low Usage
6927,4300,20240106,20240405,Fan,Monthly,Cancelled,5.99,0.0,17.97,Price
6928,4337,20240723,20241021,Family,Annual,Cancelled,14.99,0.0,44.97,Low Usage
6929,4374,20230209,20230311,Premium,Monthly,Cancelled,9.99,0.0,9.99,Low Usage
6930,4411,20230915,,Fan,Monthly,Active,5.99,1.2,114.96,
6931,4448,20230704,20250703,Family,Monthly,Cancelled,14.99,0.0,359.76,Low Usage
6932,4485,20230331,20230927,Premium,Annual,Cancelled,9.99,0.0,59.94,Low Usage
6933,4522,20241005,20241104,Fan,Monthly,Cancelled,5.99,0.0,5.99,Price
6934,4559,20230707,20250706,Family,Monthly,Cancelled,14.99,0.0,359.76,Low Usage
6935,4596,20240619,,Premium,Monthly,Active,9.99,0.0,179.82,
6936,4633,20250823,,Fan,Annual,Active,5.99,0.0,23.96,
6937,4670,20250412,,Family,Monthly,Active,14.99,0.0,119.92,
6938,4707,20250411,,Premium,Monthly,Active,9.99,0.0,79.92,
6939,4744,20231125,20251124,Fan,Monthly,Cancelled,5.99,1.2,114.96,Price
6940,4781,20250323,,Family,Annual,Active,14.99,0.0,44.97,
6941,4818,20231223,20251222,Premium,Monthly,Cancelled,9.99,0.0,239.76,Low Usage
6942,4855,20240416,20250416,Fan,Monthly,Cancelled,5.99,0.0,71.88,Price
6943,4892,20241102,,Family,Monthly,Active,14.99,0.0,209.86,
6944,4929,20230912,20250911,Premium,Annual,Cancelled,9.99,0.0,239.76,Low Usage
6945,4966,20250820,,Fan,Monthly,Active,5.99,0.0,23.96,
6946,5003,20240207,20240507,Family,Monthly,Cancelled,14.99,0.0,44.97,Low Usage
6947,5040,20240118,,Premium,Monthly,Active,9.99,0.0,229.77,
6948,5077,20250129,20250728,Fan,Annual,Cancelled,5.99,1.2,28.74,Price
6949,5114,20240122,,Family,Monthly,Active,14.99,0.0,344.77,
6950,5151,20250626,,Premium,Monthly,Active,9.99,0.0,59.94,
6951,5188,20230415,20250414,Fan,Monthly,Cancelled,5.99,0.0,143.76,Price
6952,5225,20230311,20230907,Family,Annual,Cancelled,14.99,0.0,89.94,Low Usage
6953,5262,20240621,,Premium,Monthly,Active,9.99,0.0,179.82,
6954,5299,20250708,20251006,Fan,Monthly,Cancelled,5.99,0.0,17.97,Price
6955,5336,20240111,,Family,Monthly,Active,14.99,0.0,89.94,
6956,5373,20231026,20231125,Premium,Annual,Cancelled,9.99,0.0,9.99,Low Usage
6957,5410,20241117,20251117,Fan,Monthly,Cancelled,5.99,1.2,57.48,Price
6958,5447,20230403,20230930,Family,Monthly,Cancelled,14.99,0.0,89.94,Low Usage
6959,5484,20250720,20250819,Premium,Monthly,Cancelled,9.99,0.0,9.99,Low Usage
6960,5521,20230827,,Fan,Annual,Active,5.99,0.0,143.76,
6961,5558,20241214,20251214,Family,Monthly,Cancelled,14.99,0.0,179.88,Low Usage
6962,5595,20250328,,Premium,Monthly,Active,9.99,0.0,89.91,
6963,5632,20231112,20231212,Fan,Monthly,Cancelled,5.99,0.0,5.99,Price
6964,5669,20241228,20250127,Family,Annual,Cancelled,14.99,0.0,14.99,Low Usage
6965,5706,20230416,,Premium,Monthly,Active,9.99,0.0,239.76,
6966,5743,20240117,,Fan,Monthly,Active,5.99,1.2,110.17,
6967,5780,20241113,20250211,Family,Monthly,Cancelled,14.99,0.0,44.97,Low Usage
6968,5817,20240616,20250616,Premium,Annual,Cancelled,9.99,0.0,119.88,Low Usage
6969,5854,20250923,,Fan,Monthly,Active,5.99,0.0,17.97,
6970,5891,20241116,,Family,Monthly,Active,14.99,0.0,44.97,
6971,5928,20251003,20251102,Premium,Monthly,Cancelled,9.99,0.0,9.99,Low Usage
6972,5965,20230218,20250217,Fan,Annual,Cancelled,5.99,0.0,143.76,Price
6973,2,20240409,20250409,Family,Monthly,Cancelled,14.99,0.0,179.88,Low Usage
6974,39,20240124,20240423,Premium,Monthly,Cancelled,9.99,0.0,29.97,Low Usage
6975,76,20250206,,Fan,Monthly,Active,5.99,1.2,4.79,
6976,113,20250615,20250715,Family,Annual,Cancelled,14.99,0.0,14.99,Low Usage
6977,150,20240625,20250625,Premium,Monthly,Cancelled,9.99,0.0,119.88,Low Usage
6978,187,20230423,20230722,Fan,Monthly,Cancelled,5.99,0.0,17.97,Price
6979,224,20251019,,Family,Monthly,Active,14.99,0.0,29.98,
6980,261,20240417,,Premium,Annual,Active,9.99,0.0,9.99,
6981,298,20250430,,Fan,Monthly,Active,5.99,0.0,47.92,
6982,335,20230216,20230517,Family,Monthly,Cancelled,14.99,0.0,44.97,Low Usage
6983,372,20240803,20241101,Premium,Monthly,Cancelled,9.99,0.0,29.97,Low Usage
6984,409,20250928,20251028,Fan,Annual,Cancelled,5.99,1.2,4.79,Price
6985,446,20230321,,Family,Monthly,Active,14.99,0.0,179.88,
6986,483,20250408,,Premium,Monthly,Active,9.99,0.0,79.92,
6987,520,20250102,,Fan,Monthly,Active,5.99,0.0,71.88,
6988,557,20250215,20250317,Family,Annual,Cancelled,14.99,0.0,14.99,Low Usage
6989,594,20250324,20250423,Premium,Monthly,Cancelled,9.99,0.0,9.99,Low Usage
6990,631,20241110,,Fan,Monthly,Active,5.99,0.0,35.94,
6991,668,20251018,,Family,Monthly,Active,14.99,0.0,29.98,
6992,705,20250823,20251121,Premium,Annual,Cancelled,9.99,0.0,29.97,Low Usage
6993,742,20230908,20231008,Fan,Monthly,Cancelled,5.99,1.2,4.79,Price
6994,779,20250904,20251203,Family,Monthly,Cancelled,14.99,0.0,44.97,Low Usage
6995,816,20250116,,Premium,Monthly,Active,9.99,0.0,29.97,
6996,853,20250207,,Fan,Annual,Active,5.99,0.0,59.9,
6997,890,20250206,20250507,Family,Monthly,Cancelled,14.99,0.0,44.97,Low Usage
6998,927,20251011,,Premium,Monthly,Active,9.99,0.0,19.98,
6999,964,20230117,20230716,Fan,Monthly,Cancelled,5.99,0.0,35.94,Price
7000,1001,20250511,,Family,Annual,Active,14.99,0.0,104.93,
7001,1038,20240222,20240323,Premium,Monthly,Cancelled,9.99,0.0,9.99,Low Usage
7002,1075,20230531,20230829,Fan,Monthly,Cancelled,5.99,1.2,14.37,Price
7003,1112,20251030,,Family,Monthly,Active,14.99,0.0,29.98,
7004,1149,20240331,20240430,Premium,Annual,Cancelled,9.99,0.0,9.99,Low Usage
7005,1186,20250519,,Fan,Monthly,Active,5.99,0.0,17.97,
7006,1223,20240407,20241004,Family,Monthly,Cancelled,14.99,0.0,89.94,Low Usage
7007,1260,20240209,20250208,Premium,Monthly,Cancelled,9.99,0.0,119.88,Low Usage
7008,1297,20250206,,Fan,Annual,Active,5.99,0.0,59.9,
7009,1334,20240519,20250519,Family,Monthly,Cancelled,14.99,0.0,179.88,Low Usage
7010,1371,20251108,,Premium,Monthly,Active,9.99,0.0,9.99,
7011,1408,20230726,20250725,Fan,Monthly,Cancelled,5.99,1.2,114.96,Price
7012,1445,20240623,20250623,Family,Annual,Cancelled,14.99,0.0,179.88,Low Usage
7013,1482,20230427,20231024,Premium,Monthly,Cancelled,9.99,0.0,59.94,Low Usage
7014,1519,20250913,20251212,Fan,Monthly,Cancelled,5.99,0.0,17.97,Price
7015,1556,20230227,,Family,Monthly,Active,14.99,0.0,14.99,
7016,1593,20230813,20240812,Premium,Annual,Cancelled,9.99,0.0,119.88,Low Usage
7017,1630,20230314,20230413,Fan,Monthly,Cancelled,5.99,0.0,5.99,Price
7018,1667,20250626,,Family,Monthly,Active,14.99,0.0,89.94,
7019,1704,20250308,20250407,Premium,Monthly,Cancelled,9.99,0.0,9.99,Low Usage
7020,1741,20240229,,Fan,Annual,Active,5.99,1.2,57.48,
7021,1778,20230325,20230424,Family,Monthly,Cancelled,14.99,0.0,14.99,Low Usage
7022,1815,20250928,,Premium,Monthly,Active,9.99,0.0,29.97,
7023,1852,20250111,20250411,Fan,Monthly,Cancelled,5.99,0.0,17.97,Price
7024,1889,20240226,20250225,Family,Annual,Cancelled,14.99,0.0,179.88,Low Usage
7025,1926,20250601,,Premium,Monthly,Active,9.99,0.0,69.93,
7026,1963,20250329,20250627,Fan,Monthly,Cancelled,5.99,0.0,17.97,Price
7027,2000,20230722,20250721,Family,Monthly,Cancelled,14.99,0.0,359.76,Low Usage
7028,2037,20240630,20240730,Premium,Annual,Cancelled,9.99,0.0,9.99,Low Usage
7029,2074,20230330,20240329,Fan,Monthly,Cancelled,5.99,1.2,57.48,Price
7030,2111,20241117,,Family,Monthly,Active,14.99,0.0,89.94,
7031,2148,20230426,20230725,Premium,Monthly,Cancelled,9.99,0.0,29.97,Low Usage
7032,2185,20230923,20240922,Fan,Annual,Cancelled,5.99,0.0,71.88,Price
7033,2222,20240314,20250314,Family,Monthly,Cancelled,14.99,0.0,179.88,Low Usage
7034,2259,20240904,,Premium,Monthly,Active,9.99,0.0,159.84,
7035,2296,20250510,,Fan,Monthly,Active,5.99,0.0,41.93,
7036,2333,20241221,20250120,Family,Annual,Cancelled,14.99,0.0,14.99,Low Usage
7037,2370,20251111,,Premium,Monthly,Active,9.99,0.0,9.99,
7038,2407,20231225,20240324,Fan,Monthly,Cancelled,5.99,1.2,14.37,Price
7039,2444,20251028,,Family,Monthly,Active,14.99,0.0,29.98,
7040,2481,20250419,,Premium,Annual,Active,9.99,0.0,79.92,
7041,2518,20230502,20230731,Fan,Monthly,Cancelled,5.99,0.0,17.97,Price
7042,2555,20230518,20240517,Family,Monthly,Cancelled,14.99,0.0,179.88,Low Usage
7043,2592,20250915,20251015,Premium,Monthly,Cancelled,9.99,0.0,9.99,Low Usage
7044,2629,20230812,20240811,Fan,Annual,Cancelled,5.99,0.0,71.88,Price
7045,2666,20240212,,Family,Monthly,Active,14.99,0.0,89.94,
7046,2703,20230306,20230902,Premium,Monthly,Cancelled,9.99,0.0,59.94,Low Usage
7047,2740,20230122,20230422,Fan,Monthly,Cancelled,5.99,1.2,14.37,Price
7048,2777,20240925,20241025,Family,Annual,Cancelled,14.99,0.0,14.99,Low Usage
7049,2814,20231214,20240113,Premium,Monthly,Cancelled,9.99,0.0,9.99,Low Usage
7050,2851,20250506,,Fan,Monthly,Active,5.99,0.0,47.92,
7051,2888,20250907,,Family,Monthly,Active,14.99,0.0,44.97,
7052,2925,20240501,20240730,Premium,Annual,Cancelled,9.99,0.0,29.97,Low Usage
7053,2962,20250625,20250923,Fan,Monthly,Cancelled,5.99,0.0,17.97,Price
7054,2999,20240318,20240914,Family,Monthly,Cancelled,14.99,0.0,89.94,Low Usage
7055,3036,20231014,,Premium,Monthly,Active,9.99,0.0,29.97,
7056,3073,20250110,,Fan,Annual,Active,5.99,1.2,52.69,
7057,3110,20250611,20250909,Family,Monthly,Cancelled,14.99,0.0,44.97,Low Usage
7058,3147,20230811,20231109,Premium,Monthly,Cancelled,9.99,0.0,29.97,Low Usage
7059,3184,20240131,20240430,Fan,Monthly,Cancelled,5.99,0.0,17.97,Price
7060,3221,20250118,,Family,Annual,Active,14.99,0.0,14.99,
7061,3258,20230830,20240829,Premium,Monthly,Cancelled,9.99,0.0,119.88,Low Usage
7062,3295,20250920,,Fan,Monthly,Active,5.99,0.0,17.97,
7063,3332,20250224,20250525,Family,Monthly,Cancelled,14.99,0.0,44.97,Low Usage
7064,3369,20230129,20230228,Premium,Annual,Cancelled,9.99,0.0,9.99,Low Usage
7065,3406,20240516,,Fan,Monthly,Active,5.99,1.2,57.48,
7066,3443,20231215,20240114,Family,Monthly,Cancelled,14.99,0.0,14.99,Low Usage
7067,3480,20230304,20240303,Premium,Monthly,Cancelled,9.99,0.0,119.88,Low Usage
7068,3517,20240522,20250522,Fan,Annual,Cancelled,5.99,0.0,71.88,Price
7069,3554,20250909,20251009,Family,Monthly,Cancelled,14.99,0.0,14.99,Low Usage
7070,3591,20240809,,Premium,Monthly,Active,9.99,0.0,9.99,
7071,3628,20241014,20251014,Fan,Monthly,Cancelled,5.99,0.0,71.88,Price
7072,3665,20240505,20250505,Family,Annual,Cancelled,14.99,0.0,179.88,Low Usage
7073,3702,20240531,,Premium,Monthly,Active,9.99,0.0,189.81,
7074,3739,20230317,20230913,Fan,Monthly,Cancelled,5.99,1.2,28.74,Price
7075,3776,20230115,,Family,Monthly,Active,14.99,0.0,14.99,
7076,3813,20230416,20231013,Premium,Annual,Cancelled,9.99,0.0,59.94,Low Usage
7077,3850,20241220,,Fan,Monthly,Active,5.99,0.0,71.88,
7078,3887,20240714,,Family,Monthly,Active,14.99,0.0,254.83,
7079,3924,20250907,,Premium,Monthly,Active,9.99,0.0,29.97,
7080,3961,20250208,,Fan,Annual,Active,5.99,0.0,59.9,
7081,3998,20230612,20250611,Family,Monthly,Cancelled,14.99,0.0,359.76,Low Usage
7082,4035,20230331,20230430,Premium,Monthly,Cancelled,9.99,0.0,9.99,Low Usage
7083,4072,20240629,20241226,Fan,Monthly,Cancelled,5.99,1.2,28.74,Price
7084,4109,20230308,20250307,Family,Annual,Cancelled,14.99,0.0,359.76,Low Usage
7085,4146,20240331,,Premium,Monthly,Active,9.99,0.0,59.94,
7086,4183,20240401,20240501,Fan,Monthly,Cancelled,5.99,0.0,5.99,Price
7087,4220,20250518,20250816,Family,Monthly,Cancelled,14.99,0.0,44.97,Low Usage
7088,4257,20240303,20240601,Premium,Annual,Cancelled,9.99,0.0,29.97,Low Usage
7089,4294,20240503,,Fan,Monthly,Active,5.99,0.0,119.8,
7090,4331,20230324,,Family,Monthly,Active,14.99,0.0,89.94,
7091,4368,20230913,20231212,Premium,Monthly,Cancelled,9.99,0.0,29.97,Low Usage
7092,4405,20231028,20251027,Fan,Annual,Cancelled,5.99,1.2,114.96,Price
7093,4442,20240818,20240917,Family,Monthly,Cancelled,14.99,0.0,14.99,Low Usage
7094,4479,20230331,20250330,Premium,Monthly,Cancelled,9.99,0.0,239.76,Low Usage
7095,4516,20250919,,Fan,Monthly,Active,5.99,0.0,17.97,
7096,4553,20240201,20240302,Family,Annual,Cancelled,14.99,0.0,14.99,Low Usage
7097,4590,20240311,20250311,Premium,Monthly,Cancelled,9.99,0.0,119.88,Low Usage
7098,4627,20230610,20231207,Fan,Monthly,Cancelled,5.99,0.0,35.94,Price
7099,4664,20240618,,Family,Monthly,Active,14.99,0.0,269.82,
7100,4701,20230627,,Premium,Annual,Active,9.99,0.0,119.88,
7101,4738,20230318,20230616,Fan,Monthly,Cancelled,5.99,1.2,14.37,Price
7102,4775,20250608,20250708,Family,Monthly,Cancelled,14.99,0.0,14.99,Low Usage
7103,4812,20230412,20230512,Premium,Monthly,Cancelled,9.99,0.0,9.99,Low Usage
7104,4849,20230704,20231002,Fan,Annual,Cancelled,5.99,0.0,17.97,Price
7105,4886,20231023,,Family,Monthly,Active,14.99,0.0,89.94,
7106,4923,20240127,20250126,Premium,Monthly,Cancelled,9.99,0.0,119.88,Low Usage
7107,4960,20250116,,Fan,Monthly,Active,5.99,0.0,65.89,
7108,4997,20250926,,Family,Annual,Active,14.99,0.0,44.97,
7109,5034,20241004,20250402,Premium,Monthly,Cancelled,9.99,0.0,59.94,Low Usage
7110,5071,20250601,,Fan,Monthly,Active,5.99,1.2,33.53,
7111,5108,20241205,20250104,Family,Monthly,Cancelled,14.99,0.0,14.99,Low Usage
7112,5145,20241123,20250522,Premium,Annual,Cancelled,9.99,0.0,59.94,Low Usage
7113,5182,20230130,20230301,Fan,Monthly,Cancelled,5.99,0.0,5.99,Price
7114,5219,20240123,20240721,Family,Monthly,Cancelled,14.99,0.0,89.94,Low Usage
7115,5256,20230530,,Premium,Monthly,Active,9.99,0.0,29.97,
7116,5293,20240803,20250803,Fan,Annual,Cancelled,5.99,0.0,71.88,Price
7117,5330,20250318,20250417,Family,Monthly,Cancelled,14.99,0.0,14.99,Low Usage
7118,5367,20230303,20230601,Premium,Monthly,Cancelled,9.99,0.0,29.97,Low Usage
7119,5404,20240511,20241107,Fan,Monthly,Cancelled,5.99,1.2,28.74,Price
7120,5441,20231016,,Family,Annual,Active,14.99,0.0,44.97,
7121,5478,20240225,20240525,Premium,Monthly,Cancelled,9.99,0.0,29.97,Low Usage
7122,5515,20230404,20250403,Fan,Monthly,Cancelled,5.99,0.0,143.76,Price
7123,5552,20240714,,Family,Monthly,Active,14.99,0.0,254.83,
7124,5589,20230927,20231226,Premium,Annual,Cancelled,9.99,0.0,29.97,Low Usage
7125,5626,20240723,,Fan,Monthly,Active,5.99,0.0,17.97,
7126,5663,20250107,20250206,Family,Monthly,Cancelled,14.99,0.0,14.99,Low Usage
7127,5700,20250407,,Premium,Monthly,Active,9.99,0.0,79.92,
7128,5737,20230801,20240731,Fan,Annual,Cancelled,5.99,1.2,57.48,Price
7129,5774,20240910,20250910,Family,Monthly,Cancelled,14.99,0.0,179.88,Low Usage
7130,5811,20231027,,Premium,Monthly,Active,9.99,0.0,9.99,
7131,5848,20251019,,Fan,Monthly,Active,5.99,0.0,11.98,
7132,5885,20240604,20250604,Family,Annual,Cancelled,14.99,0.0,179.88,Low Usage
7133,5922,20250102,20250402,Premium,Monthly,Cancelled,9.99,0.0,29.97,Low Usage
7134,5959,20240419,20250419,Fan,Monthly,Cancelled,5.99,0.0,71.88,Price
7135,5996,20240529,,Family,Monthly,Active,14.99,0.0,284.81,
7136,33,20240202,20250201,Premium,Annual,Cancelled,9.99,0.0,119.88,Low Usage
7137,70,20230625,20230725,Fan,Monthly,Cancelled,5.99,1.2,4.79,Price
7138,107,20250117,20250216,Family,Monthly,Cancelled,14.99,0.0,14.99,Low Usage
7139,144,20231114,20240512,Premium,Monthly,Cancelled,9.99,0.0,59.94,Low Usage
7140,181,20241223,,Fan,Annual,Active,5.99,0.0,17.97,
7141,218,20240809,20241107,Family,Monthly,Cancelled,14.99,0.0,44.97,Low Usage
7142,255,20231016,20241015,Premium,Monthly,Cancelled,9.99,0.0,119.88,Low Usage
7143,292,20230822,20240218,Fan,Monthly,Cancelled,5.99,0.0,35.94,Price
7144,329,20250928,,Family,Annual,Active,14.99,0.0,44.97,
7145,366,20230904,,Premium,Monthly,Active,9.99,0.0,29.97,
7146,403,20250929,20251029,Fan,Monthly,Cancelled,5.99,1.2,4.79,Price
7147,440,20240428,,Family,Monthly,Active,14.99,0.0,299.8,
7148,477,20240618,20240916,Premium,Annual,Cancelled,9.99,0.0,29.97,Low Usage
7149,514,20240917,,Fan,Monthly,Active,5.99,0.0,89.85,
7150,551,20240821,,Family,Monthly,Active,14.99,0.0,179.88,
7151,588,20240212,20250211,Premium,Monthly,Cancelled,9.99,0.0,119.88,Low Usage
7152,625,20231113,20231213,Fan,Annual,Cancelled,5.99,0.0,5.99,Price
7153,662,20241111,20250209,Family,Monthly,Cancelled,14.99,0.0,44.97,Low Usage
7154,699,20231222,20241221,Premium,Monthly,Cancelled,9.99,0.0,119.88,Low Usage
7155,736,20230101,,Fan,Monthly,Active,5.99,1.2,4.79,
7156,773,20231220,20241219,Family,Annual,Cancelled,14.99,0.0,179.88,Low Usage
7157,810,20230212,20230811,Premium,Monthly,Cancelled,9.99,0.0,59.94,Low Usage
7158,847,20240102,20250101,Fan,Monthly,Cancelled,5.99,0.0,71.88,Price
7159,884,20230816,20240815,Family,Monthly,Cancelled,14.99,0.0,179.88,Low Usage
7160,921,20250607,,Premium,Annual,Active,9.99,0.0,9.99,
7161,958,20240319,20240418,Fan,Monthly,Cancelled,5.99,0.0,5.99,Price
7162,995,20250219,20250321,Family,Monthly,Cancelled,14.99,0.0,14.99,Low Usage
7163,1032,20250131,20250501,Premium,Monthly,Cancelled,9.99,0.0,29.97,Low Usage
7164,1069,20240729,20241027,Fan,Annual,Cancelled,5.99,1.2,14.37,Price
7165,1106,20240209,,Family,Monthly,Active,14.99,0.0,179.88,
7166,1143,20230608,20231205,Premium,Monthly,Cancelled,9.99,0.0,59.94,Low Usage
7167,1180,20230324,20230622,Fan,Monthly,Cancelled,5.99,0.0,17.97,Price
7168,1217,20251029,,Family,Annual,Active,14.99,0.0,29.98,
7169,1254,20250430,20250729,Premium,Monthly,Cancelled,9.99,0.0,29.97,Low Usage
7170,1291,20240513,,Fan,Monthly,Active,5.99,0.0,17.97,
7171,1328,20240323,20250323,Family,Monthly,Cancelled,14.99,0.0,179.88,Low Usage
7172,1365,20240730,20250730,Premium,Annual,Cancelled,9.99,0.0,119.88,Low Usage
7173,1402,20250429,20251026,Fan,Monthly,Cancelled,5.99,1.2,28.74,Price
7174,1439,20230128,20230227,Family,Monthly,Cancelled,14.99,0.0,14.99,Low Usage
7175,1476,20250713,,Premium,Monthly,Active,9.99,0.0,29.97,
7176,1513,20240403,20240930,Fan,Annual,Cancelled,5.99,0.0,35.94,Price
7177,1550,20230704,20250703,Family,Monthly,Cancelled,14.99,0.0,359.76,Low Usage
7178,1587,20240527,20241123,Premium,Monthly,Cancelled,9.99,0.0,59.94,Low Usage
7179,1624,20250424,,Fan,Monthly,Active,5.99,0.0,47.92,
7180,1661,20231025,,Family,Annual,Active,14.99,0.0,44.97,
7181,1698,20241024,,Premium,Monthly,Active,9.99,0.0,139.86,
7182,1735,20251101,,Fan,Monthly,Active,5.99,1.2,9.58,
7183,1772,20230210,20230809,Family,Monthly,Cancelled,14.99,0.0,89.94,Low Usage
7184,1809,20240309,20240905,Premium,Annual,Cancelled,9.99,0.0,59.94,Low Usage
7185,1846,20250614,,Fan,Monthly,Active,5.99,0.0,35.94,
7186,1883,20250810,,Family,Monthly,Active,14.99,0.0,59.96,
7187,1920,20241130,20250529,Premium,Monthly,Cancelled,9.99,0.0,59.94,Low Usage
7188,1957,20231021,20231120,Fan,Annual,Cancelled,5.99,0.0,5.99,Price
7189,1994,20240330,,Family,Monthly,Active,14.99,0.0,314.79,
7190,2031,20230128,,Premium,Monthly,Active,9.99,0.0,9.99,
7191,2068,20240417,20241014,Fan,Monthly,Cancelled,5.99,1.2,28.74,Price
7192,2105,20250214,20250813,Family,Annual,Cancelled,14.99,0.0,89.94,Low Usage
7193,2142,20250319,20250418,Premium,Monthly,Cancelled,9.99,0.0,9.99,Low Usage
7194,2179,20250810,,Fan,Monthly,Active,5.99,0.0,23.96,
7195,2216,20230407,,Family,Monthly,Active,14.99,0.0,44.97,
7196,2253,20240304,20240831,Premium,Annual,Cancelled,9.99,0.0,59.94,Low Usage
7197,2290,20240806,20250806,Fan,Monthly,Cancelled,5.99,0.0,71.88,Price
7198,2327,20250514,,Family,Monthly,Active,14.99,0.0,104.93,
7199,2364,20230524,20230623,Premium,Monthly,Cancelled,9.99,0.0,9.99,Low Usage
7200,2401,20231226,,Fan,Annual,Active,5.99,1.2,28.74,
7201,2438,20240121,,Family,Monthly,Active,14.99,0.0,344.77,
7202,2475,20240426,20250426,Premium,Monthly,Cancelled,9.99,0.0,119.88,Low Usage
7203,2512,20250716,,Fan,Monthly,Active,5.99,0.0,29.95,
7204,2549,20240104,,Family,Annual,Active,14.99,0.0,359.76,
7205,2586,20250608,,Premium,Monthly,Active,9.99,0.0,59.94,
7206,2623,20230429,20240428,Fan,Monthly,Cancelled,5.99,0.0,71.88,Price
7207,2660,20240825,20250221,Family,Monthly,Cancelled,14.99,0.0,89.94,Low Usage
7208,2697,20231019,20241018,Premium,Annual,Cancelled,9.99,0.0,119.88,Low Usage
7209,2734,20230121,20230421,Fan,Monthly,Cancelled,5.99,1.2,14.37,Price
7210,2771,20240904,,Family,Monthly,Active,14.99,0.0,44.97,
7211,2808,20231207,20240604,Premium,Monthly,Cancelled,9.99,0.0,59.94,Low Usage
7212,2845,20250428,20251025,Fan,Annual,Cancelled,5.99,0.0,35.94,Price
7213,2882,20240305,,Family,Monthly,Active,14.99,0.0,329.78,
7214,2919,20241106,20251106,Premium,Monthly,Cancelled,9.99,0.0,119.88,Low Usage
7215,2956,20250530,,Fan,Monthly,Active,5.99,0.0,5.99,
7216,2993,20230302,20230401,Family,Annual,Cancelled,14.99,0.0,14.99,Low Usage
7217,3030,20240830,20250830,Premium,Monthly,Cancelled,9.99,0.0,119.88,Low Usage
7218,3067,20240122,20240720,Fan,Monthly,Cancelled,5.99,1.2,28.74,Price
7219,3104,20240905,20250905,Family,Monthly,Cancelled,14.99,0.0,179.88,Low Usage
7220,3141,20241114,,Premium,Annual,Active,9.99,0.0,9.99,
7221,3178,20251114,,Fan,Monthly,Active,5.99,0.0,5.99,
7222,3215,20240320,20240618,Family,Monthly,Cancelled,14.99,0.0,44.97,Low Usage
7223,3252,20230920,20240318,Premium,Monthly,Cancelled,9.99,0.0,59.94,Low Usage
7224,3289,20240815,,Fan,Annual,Active,5.99,0.0,95.84,
7225,3326,20250709,,Family,Monthly,Active,14.99,0.0,74.95,
7226,3363,20230919,20240918,Premium,Monthly,Cancelled,9.99,0.0,119.88,Low Usage
7227,3400,20230922,20231022,Fan,Monthly,Cancelled,5.99,1.2,4.79,Price
7228,3437,20241115,20241215,Family,Annual,Cancelled,14.99,0.0,14.99,Low Usage
7229,3474,20240207,20240507,Premium,Monthly,Cancelled,9.99,0.0,29.97,Low Usage
7230,3511,20240830,,Fan,Monthly,Active,5.99,0.0,95.84,
7231,3548,20250314,,Family,Monthly,Active,14.99,0.0,134.91,
7232,3585,20230318,20230914,Premium,Annual,Cancelled,9.99,0.0,59.94,Low Usage
7233,3622,20240820,20250216,Fan,Monthly,Cancelled,5.99,0.0,35.94,Price
7234,3659,20230624,20240623,Family,Monthly,Cancelled,14.99,0.0,179.88,Low Usage
7235,3696,20240910,,Premium,Monthly,Active,9.99,0.0,9.99,
7236,3733,20230530,20230828,Fan,Annual,Cancelled,5.99,1.2,14.37,Price
7237,3770,20240507,20240805,Family,Monthly,Cancelled,14.99,0.0,44.97,Low Usage
7238,3807,20241218,20251218,Premium,Monthly,Cancelled,9.99,0.0,119.88,Low Usage
7239,3844,20251111,,Fan,Monthly,Active,5.99,0.0,5.99,
7240,3881,20251019,,Family,Annual,Active,14.99,0.0,29.98,
7241,3918,20240106,20240405,Premium,Monthly,Cancelled,9.99,0.0,29.97,Low Usage
7242,3955,20250524,,Fan,Monthly,Active,5.99,0.0,41.93,
7243,3992,20240804,20240903,Family,Monthly,Cancelled,14.99,0.0,14.99,Low Usage
7244,4029,20241016,20250414,Premium,Annual,Cancelled,9.99,0.0,59.94,Low Usage
7245,4066,20240221,,Fan,Monthly,Active,5.99,1.2,4.79,
7246,4103,20240426,,Family,Monthly,Active,14.99,0.0,299.8,
7247,4140,20240416,20240516,Premium,Monthly,Cancelled,9.99,0.0,9.99,Low Usage
7248,4177,20230221,20230323,Fan,Annual,Cancelled,5.99,0.0,5.99,Price
7249,4214,20241010,20250408,Family,Monthly,Cancelled,14.99,0.0,89.94,Low Usage
7250,4251,20250716,,Premium,Monthly,Active,9.99,0.0,49.95,
7251,4288,20230117,20240117,Fan,Monthly,Cancelled,5.99,0.0,71.88,Price
7252,4325,20251013,,Family,Annual,Active,14.99,0.0,29.98,
7253,4362,20230217,20230518,Premium,Monthly,Cancelled,9.99,0.0,29.97,Low Usage
7254,4399,20240103,,Fan,Monthly,Active,5.99,1.2,114.96,
7255,4436,20230206,,Family,Monthly,Active,14.99,0.0,179.88,
7256,4473,20240312,20250312,Premium,Annual,Cancelled,9.99,0.0,119.88,Low Usage
7257,4510,20250524,20250822,Fan,Monthly,Cancelled,5.99,0.0,17.97,Price
7258,4547,20241214,20250113,Family,Monthly,Cancelled,14.99,0.0,14.99,Low Usage
7259,4584,20240328,,Premium,Monthly,Active,9.99,0.0,209.79,
7260,4621,20251109,,Fan,Annual,Active,5.99,0.0,5.99,
7261,4658,20250901,20251001,Family,Monthly,Cancelled,14.99,0.0,14.99,Low Usage
7262,4695,20250126,20250725,Premium,Monthly,Cancelled,9.99,0.0,59.94,Low Usage
7263,4732,20240624,20241221,Fan,Monthly,Cancelled,5.99,1.2,28.74,Price
7264,4769,20240812,20250812,Family,Annual,Cancelled,14.99,0.0,179.88,Low Usage
7265,4806,20250313,,Premium,Monthly,Active,9.99,0.0,29.97,
7266,4843,20230704,20231002,Fan,Monthly,Cancelled,5.99,0.0,17.97,Price
7267,4880,20240701,20240731,Family,Monthly,Cancelled,14.99,0.0,14.99,Low Usage
7268,4917,20241020,20241119,Premium,Annual,Cancelled,9.99,0.0,9.99,Low Usage
7269,4954,20230414,20250413,Fan,Monthly,Cancelled,5.99,0.0,143.76,Price
7270,4991,20240422,,Family,Monthly,Active,14.99,0.0,89.94,
7271,5028,20240602,20240702,Premium,Monthly,Cancelled,9.99,0.0,9.99,Low Usage
7272,5065,20250313,20250412,Fan,Annual,Cancelled,5.99,1.2,4.79,Price
7273,5102,20251023,,Family,Monthly,Active,14.99,0.0,29.98,
7274,5139,20240622,20240722,Premium,Monthly,Cancelled,9.99,0.0,9.99,Low Usage
7275,5176,20250412,,Fan,Monthly,Active,5.99,0.0,5.99,
7276,5213,20240809,,Family,Annual,Active,14.99,0.0,254.83,
7277,5250,20250510,,Premium,Monthly,Active,9.99,0.0,69.93,
7278,5287,20250805,,Fan,Monthly,Active,5.99,0.0,23.96,
7279,5324,20240430,20240729,Family,Monthly,Cancelled,14.99,0.0,44.97,Low Usage
7280,5361,20240721,,Premium,Annual,Active,9.99,0.0,119.88,
7281,5398,20230119,20250118,Fan,Monthly,Cancelled,5.99,1.2,114.96,Price
7282,5435,20240612,20250612,Family,Monthly,Cancelled,14.99,0.0,179.88,Low Usage
7283,5472,20241021,20250119,Premium,Monthly,Cancelled,9.99,0.0,29.97,Low Usage
7284,5509,20230902,20240229,Fan,Annual,Cancelled,5.99,0.0,35.94,Price
7285,5546,20231116,,Family,Monthly,Active,14.99,0.0,89.94,
7286,5583,20250302,20250531,Premium,Monthly,Cancelled,9.99,0.0,29.97,Low Usage
7287,5620,20230806,20240202,Fan,Monthly,Cancelled,5.99,0.0,35.94,Price
7288,5657,20240216,20240317,Family,Annual,Cancelled,14.99,0.0,14.99,Low Usage
7289,5694,20240905,,Premium,Monthly,Active,9.99,0.0,159.84,
7290,5731,20241030,,Fan,Monthly,Active,5.99,1.2,28.74,
7291,5768,20230206,20240206,Family,Monthly,Cancelled,14.99,0.0,179.88,Low Usage
7292,5805,20240922,,Premium,Annual,Active,9.99,0.0,149.85,
7293,5842,20240801,,Fan,Monthly,Active,5.99,0.0,101.83,
7294,5879,20250409,,Family,Monthly,Active,14.99,0.0,119.92,
7295,5916,20250830,,Premium,Monthly,Active,9.99,0.0,9.99,
7296,5953,20241108,20250206,Fan,Annual,Cancelled,5.99,0.0,17.97,Price
7297,5990,20230623,20230921,Family,Monthly,Cancelled,14.99,0.0,44.97,Low Usage
7298,27,20230603,20231130,Premium,Monthly,Cancelled,9.99,0.0,59.94,Low Usage
7299,64,20240320,,Fan,Monthly,Active,5.99,1.2,100.59,
7300,101,20240513,,Family,Annual,Active,14.99,0.0,44.97,
7301,138,20250516,,Premium,Monthly,Active,9.99,0.0,69.93,
7302,175,20240916,20250916,Fan,Monthly,Cancelled,5.99,0.0,71.88,Price
7303,212,20250108,20250707,Family,Monthly,Cancelled,14.99,0.0,89.94,Low Usage
7304,249,20241120,20251120,Premium,Annual,Cancelled,9.99,0.0,119.88,Low Usage
7305,286,20250716,,Fan,Monthly,Active,5.99,0.0,5.99,
7306,323,20240704,20250704,Family,Monthly,Cancelled,14.99,0.0,179.88,Low Usage
7307,360,20240930,20241030,Premium,Monthly,Cancelled,9.99,0.0,9.99,Low Usage
7308,397,20241003,20250401,Fan,Annual,Cancelled,5.99,1.2,28.74,Price
7309,434,20230528,20250527,Family,Monthly,Cancelled,14.99,0.0,359.76,Low Usage
7310,471,20240621,,Premium,Monthly,Active,9.99,0.0,9.99,
7311,508,20240419,20241016,Fan,Monthly,Cancelled,5.99,0.0,35.94,Price
7312,545,20250820,,Family,Annual,Active,14.99,0.0,59.96,
7313,582,20230721,20240720,Premium,Monthly,Cancelled,9.99,0.0,119.88,Low Usage
7314,619,20240709,,Fan,Monthly,Active,5.99,0.0,107.82,
7315,656,20250508,,Family,Monthly,Active,14.99,0.0,104.93,
7316,693,20250101,20250630,Premium,Annual,Cancelled,9.99,0.0,59.94,Low Usage
7317,730,20231010,20241009,Fan,Monthly,Cancelled,5.99,1.2,57.48,Price
7318,767,20240713,20250713,Family,Monthly,Cancelled,14.99,0.0,179.88,Low Usage
7319,804,20240716,20250716,Premium,Monthly,Cancelled,9.99,0.0,119.88,Low Usage
7320,841,20230902,,Fan,Annual,Active,5.99,0.0,5.99,
7321,878,20250819,,Family,Monthly,Active,14.99,0.0,59.96,
7322,915,20231119,20231219,Premium,Monthly,Cancelled,9.99,0.0,9.99,Low Usage
7323,952,20230518,20250517,Fan,Monthly,Cancelled,5.99,0.0,143.76,Price
7324,989,20230703,20231001,Family,Annual,Cancelled,14.99,0.0,44.97,Low Usage
7325,1026,20250802,,Premium,Monthly,Active,9.99,0.0,49.95,
7326,1063,20230208,20250207,Fan,Monthly,Cancelled,5.99,1.2,114.96,Price
7327,1100,20240331,20240430,Family,Monthly,Cancelled,14.99,0.0,14.99,Low Usage
7328,1137,20250116,,Premium,Annual,Active,9.99,0.0,109.89,
7329,1174,20230320,20230618,Fan,Monthly,Cancelled,5.99,0.0,17.97,Price
7330,1211,20241219,,Family,Monthly,Active,14.99,0.0,89.94,
7331,1248,20230217,20230319,Premium,Monthly,Cancelled,9.99,0.0,9.99,Low Usage
7332,1285,20230827,20240826,Fan,Annual,Cancelled,5.99,0.0,71.88,Price
7333,1322,20250714,,Family,Monthly,Active,14.99,0.0,74.95,
7334,1359,20240523,,Premium,Monthly,Active,9.99,0.0,189.81,
7335,1396,20250719,,Fan,Monthly,Active,5.99,1.2,23.95,
7336,1433,20230404,20250403,Family,Annual,Cancelled,14.99,0.0,359.76,Low Usage
7337,1470,20240418,20250418,Premium,Monthly,Cancelled,9.99,0.0,119.88,Low Usage
7338,1507,20241003,20250101,Fan,Monthly,Cancelled,5.99,0.0,17.97,Price
7339,1544,20230219,20250218,Family,Monthly,Cancelled,14.99,0.0,359.76,Low Usage
7340,1581,20230228,,Premium,Annual,Active,9.99,0.0,29.97,
7341,1618,20230831,20230930,Fan,Monthly,Cancelled,5.99,0.0,5.99,Price
7342,1655,20230424,20230723,Family,Monthly,Cancelled,14.99,0.0,44.97,Low Usage
7343,1692,20231109,20241108,Premium,Monthly,Cancelled,9.99,0.0,119.88,Low Usage
7344,1729,20250522,,Fan,Annual,Active,5.99,1.2,33.53,
7345,1766,20240427,,Family,Monthly,Active,14.99,0.0,299.8,
7346,1803,20240901,20241130,Premium,Monthly,Cancelled,9.99,0.0,29.97,Low Usage
7347,1840,20240609,20240907,Fan,Monthly,Cancelled,5.99,0.0,17.97,Price
7348,1877,20230905,20231005,Family,Annual,Cancelled,14.99,0.0,14.99,Low Usage
7349,1914,20250820,20251118,Premium,Monthly,Cancelled,9.99,0.0,29.97,Low Usage
7350,1951,20231015,,Fan,Monthly,Active,5.99,0.0,71.88,
7351,1988,20251028,,Family,Monthly,Active,14.99,0.0,29.98,
7352,2025,20230404,20230504,Premium,Annual,Cancelled,9.99,0.0,9.99,Low Usage
7353,2062,20251115,20251215,Fan,Monthly,Cancelled,5.99,1.2,4.79,Price
7354,2099,20250620,20250918,Family,Monthly,Cancelled,14.99,0.0,44.97,Low Usage
7355,2136,20240620,,Premium,Monthly,Active,9.99,0.0,59.94,
7356,2173,20230923,20250922,Fan,Annual,Cancelled,5.99,0.0,143.76,Price
7357,2210,20231112,20241111,Family,Monthly,Cancelled,14.99,0.0,179.88,Low Usage
7358,2247,20230319,20240318,Premium,Monthly,Cancelled,9.99,0.0,119.88,Low Usage
7359,2284,20230122,20230422,Fan,Monthly,Cancelled,5.99,0.0,17.97,Price
7360,2321,20230722,,Family,Annual,Active,14.99,0.0,89.94,
7361,2358,20240612,20241209,Premium,Monthly,Cancelled,9.99,0.0,59.94,Low Usage
7362,2395,20250915,20251214,Fan,Monthly,Cancelled,5.99,1.2,14.37,Price
7363,2432,20250322,20250620,Family,Monthly,Cancelled,14.99,0.0,44.97,Low Usage
7364,2469,20251011,20251110,Premium,Annual,Cancelled,9.99,0.0,9.99,Low Usage
7365,2506,20231016,,Fan,Monthly,Active,5.99,0.0,17.97,
7366,2543,20240604,20240704,Family,Monthly,Cancelled,14.99,0.0,14.99,Low Usage
7367,2580,20241209,20250607,Premium,Monthly,Cancelled,9.99,0.0,59.94,Low Usage
7368,2617,20230126,20240126,Fan,Annual,Cancelled,5.99,0.0,71.88,Price
7369,2654,20230728,20230827,Family,Monthly,Cancelled,14.99,0.0,14.99,Low Usage
7370,2691,20230111,,Premium,Monthly,Active,9.99,0.0,9.99,
7371,2728,20231127,20240225,Fan,Monthly,Cancelled,5.99,1.2,14.37,Price
7372,2765,20250302,20250829,Family,Annual,Cancelled,14.99,0.0,89.94,Low Usage
7373,2802,20230509,20231105,Premium,Monthly,Cancelled,9.99,0.0,59.94,Low Usage
7374,2839,20250115,20250415,Fan,Monthly,Cancelled,5.99,0.0,17.97,Price
7375,2876,20241030,,Family,Monthly,Active,14.99,0.0,14.99,
7376,2913,20240131,,Premium,Annual,Active,9.99,0.0,229.77,
7377,2950,20250305,,Fan,Monthly,Active,5.99,0.0,59.9,
7378,2987,20240921,20241220,Family,Monthly,Cancelled,14.99,0.0,44.97,Low Usage
7379,3024,20240124,20240223,Premium,Monthly,Cancelled,9.99,0.0,9.99,Low Usage
7380,3061,20240213,,Fan,Annual,Active,5.99,1.2,28.74,
7381,3098,20250704,20251231,Family,Monthly,Cancelled,14.99,0.0,89.94,Low Usage
7382,3135,20241208,,Premium,Monthly,Active,9.99,0.0,119.88,
7383,3172,20251106,20251206,Fan,Monthly,Cancelled,5.99,0.0,5.99,Price
7384,3209,20250923,,Family,Annual,Active,14.99,0.0,44.97,
7385,3246,20230605,,Premium,Monthly,Active,9.99,0.0,119.88,
7386,3283,20230904,20250903,Fan,Monthly,Cancelled,5.99,0.0,143.76,Price
7387,3320,20230923,20240321,Family,Monthly,Cancelled,14.99,0.0,89.94,Low Usage
7388,3357,20241009,20250407,Premium,Annual,Cancelled,9.99,0.0,59.94,Low Usage
7389,3394,20230211,20230313,Fan,Monthly,Cancelled,5.99,1.2,4.79,Price
7390,3431,20240704,,Family,Monthly,Active,14.99,0.0,179.88,
7391,3468,20250519,,Premium,Monthly,Active,9.99,0.0,69.93,
7392,3505,20250514,20251110,Fan,Annual,Cancelled,5.99,0.0,35.94,Price
7393,3542,20250324,20250622,Family,Monthly,Cancelled,14.99,0.0,44.97,Low Usage
7394,3579,20231227,20241226,Premium,Monthly,Cancelled,9.99,0.0,119.88,Low Usage
7395,3616,20231127,,Fan,Monthly,Active,5.99,0.0,143.76,
7396,3653,20231102,20240430,Family,Annual,Cancelled,14.99,0.0,89.94,Low Usage
7397,3690,20230520,20230619,Premium,Monthly,Cancelled,9.99,0.0,9.99,Low Usage
7398,3727,20250310,,Fan,Monthly,Active,5.99,1.2,43.11,
7399,3764,20240610,20241207,Family,Monthly,Cancelled,14.99,0.0,89.94,Low Usage
7400,3801,20231202,,Premium,Annual,Active,9.99,0.0,59.94,
7401,3838,20230706,20250705,Fan,Monthly,Cancelled,5.99,0.0,143.76,Price
7402,3875,20240907,20241206,Family,Monthly,Cancelled,14.99,0.0,44.97,Low Usage
7403,3912,20240426,20240725,Premium,Monthly,Cancelled,9.99,0.0,29.97,Low Usage
7404,3949,20230121,20250120,Fan,Annual,Cancelled,5.99,0.0,143.76,Price
7405,3986,20250225,,Family,Monthly,Active,14.99,0.0,149.9,
7406,4023,20251106,20251206,Premium,Monthly,Cancelled,9.99,0.0,9.99,Low Usage
7407,4060,20231013,20251012,Fan,Monthly,Cancelled,5.99,1.2,114.96,Price
7408,4097,20230928,20240326,Family,Annual,Cancelled,14.99,0.0,89.94,Low Usage
7409,4134,20240120,20240718,Premium,Monthly,Cancelled,9.99,0.0,59.94,Low Usage
7410,4171,20241117,,Fan,Monthly,Active,5.99,0.0,35.94,
7411,4208,20231231,20240330,Family,Monthly,Cancelled,14.99,0.0,44.97,Low Usage
7412,4245,20251105,,Premium,Annual,Active,9.99,0.0,9.99,
7413,4282,20230731,20231029,Fan,Monthly,Cancelled,5.99,0.0,17.97,Price
7414,4319,20240704,20241231,Family,Monthly,Cancelled,14.99,0.0,89.94,Low Usage
7415,4356,20240319,,Premium,Monthly,Active,9.99,0.0,59.94,
7416,4393,20250131,20250501,Fan,Annual,Cancelled,5.99,1.2,14.37,Price
7417,4430,20241007,,Family,Monthly,Active,14.99,0.0,224.85,
7418,4467,20230410,20231007,Premium,Monthly,Cancelled,9.99,0.0,59.94,Low Usage
7419,4504,20230506,20250505,Fan,Monthly,Cancelled,5.99,0.0,143.76,Price
7420,4541,20250804,,Family,Annual,Active,14.99,0.0,74.95,
7421,4578,20251105,,Premium,Monthly,Active,9.99,0.0,9.99,
7422,4615,20230117,20240117,Fan,Monthly,Cancelled,5.99,0.0,71.88,Price
7423,4652,20250326,20250922,Family,Monthly,Cancelled,14.99,0.0,89.94,Low Usage
7424,4689,20230317,20230615,Premium,Annual,Cancelled,9.99,0.0,29.97,Low Usage
7425,4726,20240302,,Fan,Monthly,Active,5.99,1.2,28.74,
7426,4763,20230301,20250228,Family,Monthly,Cancelled,14.99,0.0,359.76,Low Usage
7427,4800,20230705,20230804,Premium,Monthly,Cancelled,9.99,0.0,9.99,Low Usage
7428,4837,20230412,20240411,Fan,Annual,Cancelled,5.99,0.0,71.88,Price
7429,4874,20251003,,Family,Monthly,Active,14.99,0.0,44.97,
7430,4911,20230605,,Premium,Monthly,Active,9.99,0.0,9.99,
7431,4948,20250119,,Fan,Monthly,Active,5.99,0.0,65.89,
7432,4985,20230129,20230429,Family,Annual,Cancelled,14.99,0.0,44.97,Low Usage
7433,5022,20240312,20250312,Premium,Monthly,Cancelled,9.99,0.0,119.88,Low Usage
7434,5059,20240426,20241023,Fan,Monthly,Cancelled,5.99,1.2,28.74,Price
7435,5096,20230719,,Family,Monthly,Active,14.99,0.0,179.88,
7436,5133,20230719,20240115,Premium,Annual,Cancelled,9.99,0.0,59.94,Low Usage
7437,5170,20250212,,Fan,Monthly,Active,5.99,0.0,59.9,
7438,5207,20240208,20240309,Family,Monthly,Cancelled,14.99,0.0,14.99,Low Usage
7439,5244,20240211,,Premium,Monthly,Active,9.99,0.0,229.77,
7440,5281,20240823,,Fan,Annual,Active,5.99,0.0,95.84,
7441,5318,20240223,,Family,Monthly,Active,14.99,0.0,329.78,
7442,5355,20230729,20240728,Premium,Monthly,Cancelled,9.99,0.0,119.88,Low Usage
7443,5392,20230618,20231215,Fan,Monthly,Cancelled,5.99,1.2,28.74,Price
7444,5429,20250327,,Family,Annual,Active,14.99,0.0,134.91,
7445,5466,20231114,,Premium,Monthly,Active,9.99,0.0,9.99,
7446,5503,20231007,20231106,Fan,Monthly,Cancelled,5.99,0.0,5.99,Price
7447,5540,20230114,20250113,Family,Monthly,Cancelled,14.99,0.0,359.76,Low Usage
7448,5577,20240608,20250608,Premium,Annual,Cancelled,9.99,0.0,119.88,Low Usage
7449,5614,20241125,,Fan,Monthly,Active,5.99,0.0,77.87,
7450,5651,20230204,,Family,Monthly,Active,14.99,0.0,359.76,
7451,5688,20241030,20251030,Premium,Monthly,Cancelled,9.99,0.0,119.88,Low Usage
7452,5725,20230421,20231018,Fan,Annual,Cancelled,5.99,1.2,28.74,Price
7453,5762,20230201,20230731,Family,Monthly,Cancelled,14.99,0.0,89.94,Low Usage
7454,5799,20240318,20240616,Premium,Monthly,Cancelled,9.99,0.0,29.97,Low Usage
7455,5836,20230206,,Fan,Monthly,Active,5.99,0.0,5.99,
7456,5873,20240713,20240812,Family,Annual,Cancelled,14.99,0.0,14.99,Low Usage
7457,5910,20240618,20240916,Premium,Monthly,Cancelled,9.99,0.0,29.97,Low Usage
7458,5947,20230926,20240324,Fan,Monthly,Cancelled,5.99,0.0,35.94,Price
7459,5984,20250321,20250619,Family,Monthly,Cancelled,14.99,0.0,44.97,Low Usage
7460,21,20250827,,Premium,Annual,Active,9.99,0.0,9.99,
7461,58,20240128,,Fan,Monthly,Active,5.99,1.2,110.17,
7462,95,20240327,20250327,Family,Monthly,Cancelled,14.99,0.0,179.88,Low Usage
7463,132,20250315,20250414,Premium,Monthly,Cancelled,9.99,0.0,9.99,Low Usage
7464,169,20230420,20240419,Fan,Annual,Cancelled,5.99,0.0,71.88,Price
7465,206,20240305,,Family,Monthly,Active,14.99,0.0,89.94,
7466,243,20240531,20250531,Premium,Monthly,Cancelled,9.99,0.0,119.88,Low Usage
7467,280,20240311,,Fan,Monthly,Active,5.99,0.0,131.78,
7468,317,20251109,,Family,Annual,Active,14.99,0.0,14.99,
7469,354,20230125,20240125,Premium,Monthly,Cancelled,9.99,0.0,119.88,Low Usage
7470,391,20250922,,Fan,Monthly,Active,5.99,1.2,14.37,
7471,428,20230308,20230904,Family,Monthly,Cancelled,14.99,0.0,89.94,Low Usage
7472,465,20230817,20231115,Premium,Annual,Cancelled,9.99,0.0,29.97,Low Usage
7473,502,20250504,20250603,Fan,Monthly,Cancelled,5.99,0.0,5.99,Price
7474,539,20240826,,Family,Monthly,Active,14.99,0.0,239.84,
7475,576,20240901,,Premium,Monthly,Active,9.99,0.0,9.99,
7476,613,20240602,20240702,Fan,Annual,Cancelled,5.99,0.0,5.99,Price
7477,650,20250218,,Family,Monthly,Active,14.99,0.0,149.9,
7478,687,20240819,20250215,Premium,Monthly,Cancelled,9.99,0.0,59.94,Low Usage
7479,724,20251022,,Fan,Monthly,Active,5.99,1.2,9.58,
7480,761,20250819,,Family,Annual,Active,14.99,0.0,59.96,
7481,798,20250802,20251031,Premium,Monthly,Cancelled,9.99,0.0,29.97,Low Usage
7482,835,20250711,,Fan,Monthly,Active,5.99,0.0,29.95,
7483,872,20240516,20240615,Family,Monthly,Cancelled,14.99,0.0,14.99,Low Usage
7484,909,20230201,20230303,Premium,Annual,Cancelled,9.99,0.0,9.99,Low Usage
7485,946,20250407,,Fan,Monthly,Active,5.99,0.0,17.97,
7486,983,20250227,,Family,Monthly,Active,14.99,0.0,149.9,
7487,1020,20250929,,Premium,Monthly,Active,9.99,0.0,29.97,
7488,1057,20250216,20250517,Fan,Annual,Cancelled,5.99,1.2,14.37,Price
7489,1094,20240509,20241105,Family,Monthly,Cancelled,14.99,0.0,89.94,Low Usage
7490,1131,20240123,,Premium,Monthly,Active,9.99,0.0,229.77,
7491,1168,20250608,20251205,Fan,Monthly,Cancelled,5.99,0.0,35.94,Price
7492,1205,20240213,20250212,Family,Annual,Cancelled,14.99,0.0,179.88,Low Usage
7493,1242,20250806,,Premium,Monthly,Active,9.99,0.0,39.96,
7494,1279,20250513,,Fan,Monthly,Active,5.99,0.0,41.93,
7495,1316,20240221,,Family,Monthly,Active,14.99,0.0,89.94,
7496,1353,20230507,20240506,Premium,Annual,Cancelled,9.99,0.0,119.88,Low Usage
7497,1390,20240414,20240713,Fan,Monthly,Cancelled,5.99,1.2,14.37,Price
7498,1427,20240223,20240523,Family,Monthly,Cancelled,14.99,0.0,44.97,Low Usage
7499,1464,20250806,20251104,Premium,Monthly,Cancelled,9.99,0.0,29.97,Low Usage
7500,1501,20230811,,Fan,Annual,Active,5.99,0.0,71.88,
7501,1538,20250311,20250609,Family,Monthly,Cancelled,14.99,0.0,44.97,Low Usage
7502,1575,20230926,20240324,Premium,Monthly,Cancelled,9.99,0.0,59.94,Low Usage
7503,1612,20240225,20240525,Fan,Monthly,Cancelled,5.99,0.0,17.97,Price
7504,1649,20230814,20231112,Family,Annual,Cancelled,14.99,0.0,44.97,Low Usage
7505,1686,20230305,,Premium,Monthly,Active,9.99,0.0,29.97,
7506,1723,20240411,,Fan,Monthly,Active,5.99,1.2,100.59,
7507,1760,20240213,20240513,Family,Monthly,Cancelled,14.99,0.0,44.97,Low Usage
7508,1797,20241112,20250511,Premium,Annual,Cancelled,9.99,0.0,59.94,Low Usage
7509,1834,20240922,20241221,Fan,Monthly,Cancelled,5.99,0.0,17.97,Price
7510,1871,20230629,,Family,Monthly,Active,14.99,0.0,89.94,
7511,1908,20230703,20240702,Premium,Monthly,Cancelled,9.99,0.0,119.88,Low Usage
7512,1945,20241214,20250113,Fan,Annual,Cancelled,5.99,0.0,5.99,Price
7513,1982,20230328,20230626,Family,Monthly,Cancelled,14.99,0.0,44.97,Low Usage
7514,2019,20241104,20250202,Premium,Monthly,Cancelled,9.99,0.0,29.97,Low Usage
7515,2056,20240310,,Fan,Monthly,Active,5.99,1.2,57.48,
7516,2093,20241114,,Family,Annual,Active,14.99,0.0,194.87,
7517,2130,20250319,,Premium,Monthly,Active,9.99,0.0,89.91,
7518,2167,20250723,,Fan,Monthly,Active,5.99,0.0,29.95,
7519,2204,20240616,20240914,Family,Monthly,Cancelled,14.99,0.0,44.97,Low Usage
7520,2241,20250816,,Premium,Annual,Active,9.99,0.0,29.97,
7521,2278,20250329,20250627,Fan,Monthly,Cancelled,5.99,0.0,17.97,Price
7522,2315,20230516,20231112,Family,Monthly,Cancelled,14.99,0.0,89.94,Low Usage
7523,2352,20240922,20241022,Premium,Monthly,Cancelled,9.99,0.0,9.99,Low Usage
7524,2389,20250617,20250717,Fan,Annual,Cancelled,5.99,1.2,4.79,Price
7525,2426,20240817,,Family,Monthly,Active,14.99,0.0,89.94,
7526,2463,20230508,20230806,Premium,Monthly,Cancelled,9.99,0.0,29.97,Low Usage
7527,2500,20250616,,Fan,Monthly,Active,5.99,0.0,35.94,
7528,2537,20240903,20241003,Family,Annual,Cancelled,14.99,0.0,14.99,Low Usage
7529,2574,20240705,20250705,Premium,Monthly,Cancelled,9.99,0.0,119.88,Low Usage
7530,2611,20230217,,Fan,Monthly,Active,5.99,0.0,143.76,
7531,2648,20240614,20240714,Family,Monthly,Cancelled,14.99,0.0,14.99,Low Usage
7532,2685,20250812,20251110,Premium,Annual,Cancelled,9.99,0.0,29.97,Low Usage
7533,2722,20240521,20240819,Fan,Monthly,Cancelled,5.99,1.2,14.37,Price
7534,2759,20240325,20240623,Family,Monthly,Cancelled,14.99,0.0,44.97,Low Usage
7535,2796,20230503,,Premium,Monthly,Active,9.99,0.0,239.76,
7536,2833,20240614,20241211,Fan,Annual,Cancelled,5.99,0.0,35.94,Price
7537,2870,20231113,20240211,Family,Monthly,Cancelled,14.99,0.0,44.97,Low Usage
7538,2907,20250802,20250901,Premium,Monthly,Cancelled,9.99,0.0,9.99,Low Usage
7539,2944,20240426,20240526,Fan,Monthly,Cancelled,5.99,0.0,5.99,Price
7540,2981,20240407,,Family,Annual,Active,14.99,0.0,179.88,
7541,3018,20250202,20250304,Premium,Monthly,Cancelled,9.99,0.0,9.99,Low Usage
7542,3055,20230407,20231004,Fan,Monthly,Cancelled,5.99,1.2,28.74,Price
7543,3092,20250527,20251123,Family,Monthly,Cancelled,14.99,0.0,89.94,Low Usage
7544,3129,20250529,20251125,Premium,Annual,Cancelled,9.99,0.0,59.94,Low Usage
7545,3166,20250125,,Fan,Monthly,Active,5.99,0.0,65.89,
7546,3203,20240325,20240921,Family,Monthly,Cancelled,14.99,0.0,89.94,Low Usage
7547,3240,20250203,,Premium,Monthly,Active,9.99,0.0,109.89,
7548,3277,20250326,,Fan,Annual,Active,5.99,0.0,53.91,
7549,3314,20230426,20250425,Family,Monthly,Cancelled,14.99,0.0,359.76,Low Usage
7550,3351,20240804,,Premium,Monthly,Active,9.99,0.0,119.88,
7551,3388,20250303,,Fan,Monthly,Active,5.99,1.2,47.9,
7552,3425,20230216,20230815,Family,Annual,Cancelled,14.99,0.0,89.94,Low Usage
7553,3462,20250418,20251015,Premium,Monthly,Cancelled,9.99,0.0,59.94,Low Usage
7554,3499,20231019,20251018,Fan,Monthly,Cancelled,5.99,0.0,143.76,Price
7555,3536,20240106,,Family,Monthly,Active,14.99,0.0,359.76,
7556,3573,20241002,20251002,Premium,Annual,Cancelled,9.99,0.0,119.88,Low Usage
7557,3610,20231015,20240113,Fan,Monthly,Cancelled,5.99,0.0,17.97,Price
7558,3647,20240327,20240923,Family,Monthly,Cancelled,14.99,0.0,89.94,Low Usage
7559,3684,20240801,20241030,Premium,Monthly,Cancelled,9.99,0.0,29.97,Low Usage
7560,3721,20230120,,Fan,Annual,Active,5.99,1.2,57.48,
7561,3758,20250710,,Family,Monthly,Active,14.99,0.0,74.95,
7562,3795,20231222,20241221,Premium,Monthly,Cancelled,9.99,0.0,119.88,Low Usage
7563,3832,20230209,20230311,Fan,Monthly,Cancelled,5.99,0.0,5.99,Price
7564,3869,20250714,,Family,Annual,Active,14.99,0.0,74.95,
7565,3906,20241117,,Premium,Monthly,Active,9.99,0.0,129.87,
7566,3943,20240923,20250322,Fan,Monthly,Cancelled,5.99,0.0,35.94,Price
7567,3980,20250123,20250222,Family,Monthly,Cancelled,14.99,0.0,14.99,Low Usage
7568,4017,20231002,20251001,Premium,Annual,Cancelled,9.99,0.0,239.76,Low Usage
7569,4054,20231003,20240331,Fan,Monthly,Cancelled,5.99,1.2,28.74,Price
7570,4091,20230123,,Family,Monthly,Active,14.99,0.0,359.76,
7571,4128,20250811,,Premium,Monthly,Active,9.99,0.0,39.96,
7572,4165,20240104,,Fan,Annual,Active,5.99,0.0,143.76,
7573,4202,20251008,,Family,Monthly,Active,14.99,0.0,29.98,
7574,4239,20240904,20241203,Premium,Monthly,Cancelled,9.99,0.0,29.97,Low Usage
7575,4276,20250525,,Fan,Monthly,Active,5.99,0.0,35.94,
7576,4313,20230707,20250706,Family,Annual,Cancelled,14.99,0.0,359.76,Low Usage
7577,4350,20241009,20250407,Premium,Monthly,Cancelled,9.99,0.0,59.94,Low Usage
7578,4387,20231006,20240403,Fan,Monthly,Cancelled,5.99,1.2,28.74,Price
7579,4424,20250205,20250307,Family,Monthly,Cancelled,14.99,0.0,14.99,Low Usage
7580,4461,20240731,,Premium,Annual,Active,9.99,0.0,59.94,
7581,4498,20240420,,Fan,Monthly,Active,5.99,0.0,119.8,
7582,4535,20230201,20230303,Family,Monthly,Cancelled,14.99,0.0,14.99,Low Usage
7583,4572,20250827,,Premium,Monthly,Active,9.99,0.0,39.96,
7584,4609,20240303,20240402,Fan,Annual,Cancelled,5.99,0.0,5.99,Price
7585,4646,20250517,,Family,Monthly,Active,14.99,0.0,104.93,
7586,4683,20230829,20240828,Premium,Monthly,Cancelled,9.99,0.0,119.88,Low Usage
7587,4720,20231130,20240528,Fan,Monthly,Cancelled,5.99,1.2,28.74,Price
7588,4757,20250617,,Family,Annual,Active,14.99,0.0,89.94,
7589,4794,20250109,20250708,Premium,Monthly,Cancelled,9.99,0.0,59.94,Low Usage
7590,4831,20231220,,Fan,Monthly,Active,5.99,0.0,5.99,
7591,4868,20240527,20250527,Family,Monthly,Cancelled,14.99,0.0,179.88,Low Usage
7592,4905,20230227,20230826,Premium,Annual,Cancelled,9.99,0.0,59.94,Low Usage
7593,4942,20240123,20250122,Fan,Monthly,Cancelled,5.99,0.0,71.88,Price
7594,4979,20240609,20240709,Family,Monthly,Cancelled,14.99,0.0,14.99,Low Usage
7595,5016,20250529,,Premium,Monthly,Active,9.99,0.0,29.97,
7596,5053,20250330,20250926,Fan,Annual,Cancelled,5.99,1.2,28.74,Price
7597,5090,20250714,,Family,Monthly,Active,14.99,0.0,74.95,
7598,5127,20230912,20240310,Premium,Monthly,Cancelled,9.99,0.0,59.94,Low Usage
7599,5164,20240914,20250313,Fan,Monthly,Cancelled,5.99,0.0,35.94,Price
7600,5201,20240101,,Family,Annual,Active,14.99,0.0,14.99,
7601,5238,20230616,20240615,Premium,Monthly,Cancelled,9.99,0.0,119.88,Low Usage
7602,5275,20241129,,Fan,Monthly,Active,5.99,0.0,77.87,
7603,5312,20240803,20240902,Family,Monthly,Cancelled,14.99,0.0,14.99,Low Usage
7604,5349,20240911,20241210,Premium,Annual,Cancelled,9.99,0.0,29.97,Low Usage
7605,5386,20230111,,Fan,Monthly,Active,5.99,1.2,4.79,
7606,5423,20250125,,Family,Monthly,Active,14.99,0.0,164.89,
7607,5460,20230118,20230418,Premium,Monthly,Cancelled,9.99,0.0,29.97,Low Usage
7608,5497,20230331,20240330,Fan,Annual,Cancelled,5.99,0.0,71.88,Price
7609,5534,20240826,20250222,Family,Monthly,Cancelled,14.99,0.0,89.94,Low Usage
7610,5571,20240818,,Premium,Monthly,Active,9.99,0.0,9.99,
7611,5608,20240916,20250315,Fan,Monthly,Cancelled,5.99,0.0,35.94,Price
7612,5645,20230124,20230223,Family,Annual,Cancelled,14.99,0.0,14.99,Low Usage
7613,5682,20240220,20240520,Premium,Monthly,Cancelled,9.99,0.0,29.97,Low Usage
7614,5719,20250930,,Fan,Monthly,Active,5.99,1.2,14.37,
7615,5756,20250104,,Family,Monthly,Active,14.99,0.0,44.97,
7616,5793,20240306,,Premium,Annual,Active,9.99,0.0,219.78,
7617,5830,20240206,20240506,Fan,Monthly,Cancelled,5.99,0.0,17.97,Price
7618,5867,20241116,20250515,Family,Monthly,Cancelled,14.99,0.0,89.94,Low Usage
7619,5904,20230924,20231223,Premium,Monthly,Cancelled,9.99,0.0,29.97,Low Usage
7620,5941,20240402,,Fan,Annual,Active,5.99,0.0,5.99,
7621,5978,20230917,20231017,Family,Monthly,Cancelled,14.99,0.0,14.99,Low Usage
7622,15,20240713,20250109,Premium,Monthly,Cancelled,9.99,0.0,59.94,Low Usage
7623,52,20240704,20240803,Fan,Monthly,Cancelled,5.99,1.2,4.79,Price
7624,89,20240824,20241122,Family,Annual,Cancelled,14.99,0.0,44.97,Low Usage
7625,126,20230507,,Premium,Monthly,Active,9.99,0.0,59.94,
7626,163,20240116,20240215,Fan,Monthly,Cancelled,5.99,0.0,5.99,Price
7627,200,20250827,,Family,Monthly,Active,14.99,0.0,59.96,
7628,237,20240115,20240214,Premium,Annual,Cancelled,9.99,0.0,9.99,Low Usage
7629,274,20250216,,Fan,Monthly,Active,5.99,0.0,59.9,
7630,311,20230120,,Family,Monthly,Active,14.99,0.0,359.76,
7631,348,20250104,20250203,Premium,Monthly,Cancelled,9.99,0.0,9.99,Low Usage
7632,385,20240303,20240601,Fan,Annual,Cancelled,5.99,1.2,14.37,Price
7633,422,20231125,20240523,Family,Monthly,Cancelled,14.99,0.0,89.94,Low Usage
7634,459,20240811,20250811,Premium,Monthly,Cancelled,9.99,0.0,119.88,Low Usage
7635,496,20230531,,Fan,Monthly,Active,5.99,0.0,71.88,
7636,533,20230516,20230615,Family,Annual,Cancelled,14.99,0.0,14.99,Low Usage
7637,570,20240922,20241022,Premium,Monthly,Cancelled,9.99,0.0,9.99,Low Usage
7638,607,20231130,20251129,Fan,Monthly,Cancelled,5.99,0.0,143.76,Price
7639,644,20241026,20251026,Family,Monthly,Cancelled,14.99,0.0,179.88,Low Usage
7640,681,20251104,,Premium,Annual,Active,9.99,0.0,9.99,
7641,718,20250528,20250627,Fan,Monthly,Cancelled,5.99,1.2,4.79,Price
7642,755,20230403,20230930,Family,Monthly,Cancelled,14.99,0.0,89.94,Low Usage
7643,792,20240603,20250603,Premium,Monthly,Cancelled,9.99,0.0,119.88,Low Usage
7644,829,20250811,20250910,Fan,Annual,Cancelled,5.99,0.0,5.99,Price
7645,866,20250504,,Family,Monthly,Active,14.99,0.0,119.92,
7646,903,20230227,20250226,Premium,Monthly,Cancelled,9.99,0.0,239.76,Low Usage
7647,940,20250720,,Fan,Monthly,Active,5.99,0.0,29.95,
7648,977,20230109,20230208,Family,Annual,Cancelled,14.99,0.0,14.99,Low Usage
7649,1014,20230626,20231223,Premium,Monthly,Cancelled,9.99,0.0,59.94,Low Usage
7650,1051,20240517,,Fan,Monthly,Active,5.99,1.2,4.79,
7651,1088,20230116,20240116,Family,Monthly,Cancelled,14.99,0.0,179.88,Low Usage
7652,1125,20240712,20241010,Premium,Annual,Cancelled,9.99,0.0,29.97,Low Usage
7653,1162,20250518,,Fan,Monthly,Active,5.99,0.0,41.93,
7654,1199,20241117,,Family,Monthly,Active,14.99,0.0,194.87,
7655,1236,20231114,,Premium,Monthly,Active,9.99,0.0,9.99,
7656,1273,20240326,20240425,Fan,Annual,Cancelled,5.99,0.0,5.99,Price
7657,1310,20230113,20250112,Family,Monthly,Cancelled,14.99,0.0,359.76,Low Usage
7658,1347,20231030,20240427,Premium,Monthly,Cancelled,9.99,0.0,59.94,Low Usage
7659,1384,20251109,20251209,Fan,Monthly,Cancelled,5.99,1.2,4.79,Price
7660,1421,20230430,,Family,Annual,Active,14.99,0.0,179.88,
7661,1458,20231103,20240201,Premium,Monthly,Cancelled,9.99,0.0,29.97,Low Usage
7662,1495,20230617,20230717,Fan,Monthly,Cancelled,5.99,0.0,5.99,Price
7663,1532,20230112,20230412,Family,Monthly,Cancelled,14.99,0.0,44.97,Low Usage
7664,1569,20240206,,Premium,Annual,Active,9.99,0.0,229.77,
7665,1606,20250304,,Fan,Monthly,Active,5.99,0.0,59.9,
7666,1643,20230701,20230731,Family,Monthly,Cancelled,14.99,0.0,14.99,Low Usage
7667,1680,20250327,,Premium,Monthly,Active,9.99,0.0,89.91,
7668,1717,20240314,20240413,Fan,Annual,Cancelled,5.99,1.2,4.79,Price
7669,1754,20250912,20251211,Family,Monthly,Cancelled,14.99,0.0,44.97,Low Usage
7670,1791,20250411,,Premium,Monthly,Active,9.99,0.0,79.92,
7671,1828,20250111,,Fan,Monthly,Active,5.99,0.0,65.89,
7672,1865,20240117,20250116,Family,Annual,Cancelled,14.99,0.0,179.88,Low Usage
7673,1902,20230419,20250418,Premium,Monthly,Cancelled,9.99,0.0,239.76,Low Usage
7674,1939,20230720,20250719,Fan,Monthly,Cancelled,5.99,0.0,143.76,Price
7675,1976,20241001,,Family,Monthly,Active,14.99,0.0,44.97,
7676,2013,20230615,20230913,Premium,Annual,Cancelled,9.99,0.0,29.97,Low Usage
7677,2050,20230810,20230909,Fan,Monthly,Cancelled,5.99,1.2,4.79,Price
7678,2087,20240805,20250201,Family,Monthly,Cancelled,14.99,0.0,89.94,Low Usage
7679,2124,20230813,20250812,Premium,Monthly,Cancelled,9.99,0.0,239.76,Low Usage
7680,2161,20230919,,Fan,Annual,Active,5.99,0.0,143.76,
7681,2198,20250407,,Family,Monthly,Active,14.99,0.0,119.92,
7682,2235,20250920,,Premium,Monthly,Active,9.99,0.0,29.97,
7683,2272,20241012,20250110,Fan,Monthly,Cancelled,5.99,0.0,17.97,Price
7684,2309,20230318,20230616,Family,Annual,Cancelled,14.99,0.0,44.97,Low Usage
7685,2346,20240908,,Premium,Monthly,Active,9.99,0.0,9.99,
7686,2383,20230814,20250813,Fan,Monthly,Cancelled,5.99,1.2,114.96,Price
7687,2420,20250916,,Family,Monthly,Active,14.99,0.0,44.97,
7688,2457,20230309,20230607,Premium,Annual,Cancelled,9.99,0.0,29.97,Low Usage
7689,2494,20240904,20250303,Fan,Monthly,Cancelled,5.99,0.0,35.94,Price
7690,2531,20230703,,Family,Monthly,Active,14.99,0.0,359.76,
7691,2568,20251006,,Premium,Monthly,Active,9.99,0.0,19.98,
7692,2605,20241007,20250105,Fan,Annual,Cancelled,5.99,0.0,17.97,Price
7693,2642,20251102,,Family,Monthly,Active,14.99,0.0,29.98,
7694,2679,20230121,20240121,Premium,Monthly,Cancelled,9.99,0.0,119.88,Low Usage
7695,2716,20240330,,Fan,Monthly,Active,5.99,1.2,14.37,
7696,2753,20250912,20251012,Family,Annual,Cancelled,14.99,0.0,14.99,Low Usage
7697,2790,20231222,20240619,Premium,Monthly,Cancelled,9.99,0.0,59.94,Low Usage
7698,2827,20230718,20250717,Fan,Monthly,Cancelled,5.99,0.0,143.76,Price
7699,2864,20230917,20240315,Family,Monthly,Cancelled,14.99,0.0,89.94,Low Usage
7700,2901,20250723,,Premium,Annual,Active,9.99,0.0,9.99,
7701,2938,20241119,20250217,Fan,Monthly,Cancelled,5.99,0.0,17.97,Price
7702,2975,20240618,,Family,Monthly,Active,14.99,0.0,269.82,
7703,3012,20250528,20251124,Premium,Monthly,Cancelled,9.99,0.0,59.94,Low Usage
7704,3049,20230725,20240121,Fan,Annual,Cancelled,5.99,1.2,28.74,Price
7705,3086,20240409,,Family,Monthly,Active,14.99,0.0,314.79,
7706,3123,20250421,20250720,Premium,Monthly,Cancelled,9.99,0.0,29.97,Low Usage
7707,3160,20241003,,Fan,Monthly,Active,5.99,0.0,89.85,
7708,3197,20240518,,Family,Annual,Active,14.99,0.0,284.81,
7709,3234,20250722,20250821,Premium,Monthly,Cancelled,9.99,0.0,9.99,Low Usage
7710,3271,20250709,,Fan,Monthly,Active,5.99,0.0,29.95,
7711,3308,20251017,,Family,Monthly,Active,14.99,0.0,29.98,
7712,3345,20230224,20230525,Premium,Annual,Cancelled,9.99,0.0,29.97,Low Usage
7713,3382,20241104,20251104,Fan,Monthly,Cancelled,5.99,1.2,57.48,Price
7714,3419,20230818,20250817,Family,Monthly,Cancelled,14.99,0.0,359.76,Low Usage
7715,3456,20231110,,Premium,Monthly,Active,9.99,0.0,9.99,
7716,3493,20240902,,Fan,Annual,Active,5.99,0.0,95.84,
7717,3530,20240925,20241224,Family,Monthly,Cancelled,14.99,0.0,44.97,Low Usage
7718,3567,20240713,20250109,Premium,Monthly,Cancelled,9.99,0.0,59.94,Low Usage
7719,3604,20250323,20250919,Fan,Monthly,Cancelled,5.99,0.0,35.94,Price
7720,3641,20251101,,Family,Annual,Active,14.99,0.0,29.98,
7721,3678,20230603,20230703,Premium,Monthly,Cancelled,9.99,0.0,9.99,Low Usage
7722,3715,20240626,20240726,Fan,Monthly,Cancelled,5.99,1.2,4.79,Price
7723,3752,20240907,20250907,Family,Monthly,Cancelled,14.99,0.0,179.88,Low Usage
7724,3789,20250316,20250415,Premium,Annual,Cancelled,9.99,0.0,9.99,Low Usage
7725,3826,20240705,,Fan,Monthly,Active,5.99,0.0,35.94,
7726,3863,20250626,20251223,Family,Monthly,Cancelled,14.99,0.0,89.94,Low Usage
7727,3900,20251116,20251216,Premium,Monthly,Cancelled,9.99,0.0,9.99,Low Usage
7728,3937,20240302,20250302,Fan,Annual,Cancelled,5.99,0.0,71.88,Price
7729,3974,20240416,20240516,Family,Monthly,Cancelled,14.99,0.0,14.99,Low Usage
7730,4011,20240711,,Premium,Monthly,Active,9.99,0.0,119.88,
7731,4048,20231216,20240315,Fan,Monthly,Cancelled,5.99,1.2,14.37,Price
7732,4085,20240419,20240718,Family,Annual,Cancelled,14.99,0.0,44.97,Low Usage
7733,4122,20240131,,Premium,Monthly,Active,9.99,0.0,229.77,
7734,4159,20251012,,Fan,Monthly,Active,5.99,0.0,11.98,
7735,4196,20230214,,Family,Monthly,Active,14.99,0.0,14.99,
7736,4233,20250218,20250320,Premium,Annual,Cancelled,9.99,0.0,9.99,Low Usage
7737,4270,20230824,20240220,Fan,Monthly,Cancelled,5.99,0.0,35.94,Price
7738,4307,20250516,20250615,Family,Monthly,Cancelled,14.99,0.0,14.99,Low Usage
7739,4344,20240228,20240826,Premium,Monthly,Cancelled,9.99,0.0,59.94,Low Usage
7740,4381,20231117,,Fan,Annual,Active,5.99,1.2,14.37,
7741,4418,20230119,20230419,Family,Monthly,Cancelled,14.99,0.0,44.97,Low Usage
7742,4455,20230504,20230802,Premium,Monthly,Cancelled,9.99,0.0,29.97,Low Usage
7743,4492,20231109,20241108,Fan,Monthly,Cancelled,5.99,0.0,71.88,Price
7744,4529,20240806,20250806,Family,Annual,Cancelled,14.99,0.0,179.88,Low Usage
7745,4566,20240802,,Premium,Monthly,Active,9.99,0.0,29.97,
7746,4603,20250326,20250922,Fan,Monthly,Cancelled,5.99,0.0,35.94,Price
7747,4640,20231226,20240623,Family,Monthly,Cancelled,14.99,0.0,89.94,Low Usage
7748,4677,20240726,20240825,Premium,Annual,Cancelled,9.99,0.0,9.99,Low Usage
7749,4714,20240518,20240617,Fan,Monthly,Cancelled,5.99,1.2,4.79,Price
7750,4751,20251001,,Family,Monthly,Active,14.99,0.0,44.97,
7751,4788,20240808,20241106,Premium,Monthly,Cancelled,9.99,0.0,29.97,Low Usage
7752,4825,20250919,,Fan,Annual,Active,5.99,0.0,17.97,
7753,4862,20250708,,Family,Monthly,Active,14.99,0.0,74.95,
7754,4899,20231227,20240326,Premium,Monthly,Cancelled,9.99,0.0,29.97,Low Usage
7755,4936,20240126,,Fan,Monthly,Active,5.99,0.0,17.97,
7756,4973,20250808,,Family,Annual,Active,14.99,0.0,59.96,
7757,5010,20240719,20250719,Premium,Monthly,Cancelled,9.99,0.0,119.88,Low Usage
7758,5047,20230822,20240218,Fan,Monthly,Cancelled,5.99,1.2,28.74,Price
7759,5084,20240807,20250203,Family,Monthly,Cancelled,14.99,0.0,89.94,Low Usage
7760,5121,20250914,,Premium,Annual,Active,9.99,0.0,29.97,
7761,5158,20230506,20230605,Fan,Monthly,Cancelled,5.99,0.0,5.99,Price
7762,5195,20230901,20240228,Family,Monthly,Cancelled,14.99,0.0,89.94,Low Usage
7763,5232,20240713,20250109,Premium,Monthly,Cancelled,9.99,0.0,59.94,Low Usage
7764,5269,20230103,20230202,Fan,Annual,Cancelled,5.99,0.0,5.99,Price
7765,5306,20240215,,Family,Monthly,Active,14.99,0.0,44.97,
7766,5343,20241207,20250106,Premium,Monthly,Cancelled,9.99,0.0,9.99,Low Usage
7767,5380,20250112,,Fan,Monthly,Active,5.99,1.2,52.69,
7768,5417,20230504,20230802,Family,Annual,Cancelled,14.99,0.0,44.97,Low Usage
7769,5454,20250220,,Premium,Monthly,Active,9.99,0.0,99.9,
7770,5491,20251015,,Fan,Monthly,Active,5.99,0.0,11.98,
7771,5528,20240324,20240423,Family,Monthly,Cancelled,14.99,0.0,14.99,Low Usage
7772,5565,20230519,20230618,Premium,Annual,Cancelled,9.99,0.0,9.99,Low Usage
7773,5602,20230324,20240323,Fan,Monthly,Cancelled,5.99,0.0,71.88,Price
7774,5639,20240630,20250630,Family,Monthly,Cancelled,14.99,0.0,179.88,Low Usage
7775,5676,20230705,,Premium,Monthly,Active,9.99,0.0,9.99,
7776,5713,20250526,,Fan,Annual,Active,5.99,1.2,33.53,
7777,5750,20251011,,Family,Monthly,Active,14.99,0.0,29.98,
7778,5787,20250104,20250203,Premium,Monthly,Cancelled,9.99,0.0,9.99,Low Usage
7779,5824,20241213,20250611,Fan,Monthly,Cancelled,5.99,0.0,35.94,Price
7780,5861,20250322,,Family,Annual,Active,14.99,0.0,89.94,
7781,5898,20250520,,Premium,Monthly,Active,9.99,0.0,69.93,
7782,5935,20240617,20240915,Fan,Monthly,Cancelled,5.99,0.0,17.97,Price
7783,5972,20240707,20241005,Family,Monthly,Cancelled,14.99,0.0,44.97,Low Usage
7784,9,20230309,20250308,Premium,Annual,Cancelled,9.99,0.0,239.76,Low Usage
7785,46,20230108,,Fan,Monthly,Active,5.99,1.2,57.48,
7786,83,20240112,20240411,Family,Monthly,Cancelled,14.99,0.0,44.97,Low Usage
7787,120,20241229,20250128,Premium,Monthly,Cancelled,9.99,0.0,9.99,Low Usage
7788,157,20240615,20240715,Fan,Annual,Cancelled,5.99,0.0,5.99,Price
7789,194,20231231,20240628,Family,Monthly,Cancelled,14.99,0.0,89.94,Low Usage
7790,231,20241102,,Premium,Monthly,Active,9.99,0.0,29.97,
7791,268,20240131,20240430,Fan,Monthly,Cancelled,5.99,0.0,17.97,Price
7792,305,20250926,,Family,Annual,Active,14.99,0.0,44.97,
7793,342,20250715,,Premium,Monthly,Active,9.99,0.0,49.95,
7794,379,20250605,20251202,Fan,Monthly,Cancelled,5.99,1.2,28.74,Price
7795,416,20241021,,Family,Monthly,Active,14.99,0.0,44.97,
7796,453,20250606,20250706,Premium,Annual,Cancelled,9.99,0.0,9.99,Low Usage
7797,490,20240309,,Fan,Monthly,Active,5.99,0.0,131.78,
7798,527,20230606,20250605,Family,Monthly,Cancelled,14.99,0.0,359.76,Low Usage
7799,564,20230410,20230709,Premium,Monthly,Cancelled,9.99,0.0,29.97,Low Usage
7800,601,20240409,,Fan,Annual,Active,5.99,0.0,5.99,
7801,638,20231027,20241026,Family,Monthly,Cancelled,14.99,0.0,179.88,Low Usage
7802,675,20230902,20231002,Premium,Monthly,Cancelled,9.99,0.0,9.99,Low Usage
7803,712,20251112,,Fan,Monthly,Active,5.99,1.2,4.79,
7804,749,20250326,,Family,Annual,Active,14.99,0.0,134.91,
7805,786,20250321,,Premium,Monthly,Active,9.99,0.0,29.97,
7806,823,20250517,20250616,Fan,Monthly,Cancelled,5.99,0.0,5.99,Price
7807,860,20251011,,Family,Monthly,Active,14.99,0.0,29.98,
7808,897,20230921,20250920,Premium,Annual,Cancelled,9.99,0.0,239.76,Low Usage
7809,934,20230201,20250131,Fan,Monthly,Cancelled,5.99,0.0,143.76,Price
7810,971,20240411,,Family,Monthly,Active,14.99,0.0,314.79,
7811,1008,20240126,,Premium,Monthly,Active,9.99,0.0,229.77,
7812,1045,20240808,20240907,Fan,Annual,Cancelled,5.99,1.2,4.79,Price
7813,1082,20230828,20231126,Family,Monthly,Cancelled,14.99,0.0,44.97,Low Usage
7814,1119,20250716,,Premium,Monthly,Active,9.99,0.0,49.95,
7815,1156,20240821,,Fan,Monthly,Active,5.99,0.0,5.99,
7816,1193,20250213,20250315,Family,Annual,Cancelled,14.99,0.0,14.99,Low Usage
7817,1230,20250119,,Premium,Monthly,Active,9.99,0.0,109.89,
7818,1267,20230219,20230321,Fan,Monthly,Cancelled,5.99,0.0,5.99,Price
7819,1304,20240121,20250120,Family,Monthly,Cancelled,14.99,0.0,179.88,Low Usage
7820,1341,20240516,,Premium,Annual,Active,9.99,0.0,189.81,
7821,1378,20250831,20251129,Fan,Monthly,Cancelled,5.99,1.2,14.37,Price
7822,1415,20250430,,Family,Monthly,Active,14.99,0.0,119.92,
7823,1452,20230225,20230824,Premium,Monthly,Cancelled,9.99,0.0,59.94,Low Usage
7824,1489,20250730,,Fan,Annual,Active,5.99,0.0,29.95,
7825,1526,20250204,,Family,Monthly,Active,14.99,0.0,44.97,
7826,1563,20240906,20241006,Premium,Monthly,Cancelled,9.99,0.0,9.99,Low Usage
7827,1600,20231030,20251029,Fan,Monthly,Cancelled,5.99,0.0,143.76,Price
7828,1637,20250728,,Family,Annual,Active,14.99,0.0,74.95,
7829,1674,20251111,,Premium,Monthly,Active,9.99,0.0,9.99,
7830,1711,20250407,,Fan,Monthly,Active,5.99,1.2,4.79,
7831,1748,20250601,,Family,Monthly,Active,14.99,0.0,104.93,
7832,1785,20240422,20240721,Premium,Annual,Cancelled,9.99,0.0,29.97,Low Usage
7833,1822,20250723,,Fan,Monthly,Active,5.99,0.0,29.95,
7834,1859,20240722,20241020,Family,Monthly,Cancelled,14.99,0.0,44.97,Low Usage
7835,1896,20240219,,Premium,Monthly,Active,9.99,0.0,119.88,
7836,1933,20250728,,Fan,Annual,Active,5.99,0.0,29.95,
7837,1970,20240716,20250716,Family,Monthly,Cancelled,14.99,0.0,179.88,Low Usage
7838,2007,20240406,20240506,Premium,Monthly,Cancelled,9.99,0.0,9.99,Low Usage
7839,2044,20240724,20250724,Fan,Monthly,Cancelled,5.99,1.2,57.48,Price
7840,2081,20240516,,Family,Annual,Active,14.99,0.0,89.94,
7841,2118,20240808,20240907,Premium,Monthly,Cancelled,9.99,0.0,9.99,Low Usage
7842,2155,20251007,20251106,Fan,Monthly,Cancelled,5.99,0.0,5.99,Price
7843,2192,20240330,20240926,Family,Monthly,Cancelled,14.99,0.0,89.94,Low Usage
7844,2229,20230221,20230820,Premium,Annual,Cancelled,9.99,0.0,59.94,Low Usage
7845,2266,20250623,,Fan,Monthly,Active,5.99,0.0,17.97,
7846,2303,20251008,,Family,Monthly,Active,14.99,0.0,29.98,
7847,2340,20230728,20231026,Premium,Monthly,Cancelled,9.99,0.0,29.97,Low Usage
7848,2377,20231013,20231112,Fan,Annual,Cancelled,5.99,1.2,4.79,Price
7849,2414,20230817,20250816,Family,Monthly,Cancelled,14.99,0.0,359.76,Low Usage
7850,2451,20250619,,Premium,Monthly,Active,9.99,0.0,59.94,
7851,2488,20230605,20250604,Fan,Monthly,Cancelled,5.99,0.0,143.76,Price
7852,2525,20230807,20250806,Family,Annual,Cancelled,14.99,0.0,359.76,Low Usage
7853,2562,20240906,20250305,Premium,Monthly,Cancelled,9.99,0.0,59.94,Low Usage
7854,2599,20230704,20231231,Fan,Monthly,Cancelled,5.99,0.0,35.94,Price
7855,2636,20231227,,Family,Monthly,Active,14.99,0.0,359.76,
7856,2673,20250515,,Premium,Annual,Active,9.99,0.0,69.93,
7857,2710,20240726,20241024,Fan,Monthly,Cancelled,5.99,1.2,14.37,Price
7858,2747,20240308,20240407,Family,Monthly,Cancelled,14.99,0.0,14.99,Low Usage
7859,2784,20230125,20230425,Premium,Monthly,Cancelled,9.99,0.0,29.97,Low Usage
7860,2821,20230405,,Fan,Annual,Active,5.99,0.0,35.94,
7861,2858,20231028,20240126,Family,Monthly,Cancelled,14.99,0.0,44.97,Low Usage
7862,2895,20240113,20250112,Premium,Monthly,Cancelled,9.99,0.0,119.88,Low Usage
7863,2932,20250108,20250207,Fan,Monthly,Cancelled,5.99,0.0,5.99,Price
7864,2969,20231126,20240524,Family,Annual,Cancelled,14.99,0.0,89.94,Low Usage
7865,3006,20240916,,Premium,Monthly,Active,9.99,0.0,149.85,
7866,3043,20250415,20250515,Fan,Monthly,Cancelled,5.99,1.2,4.79,Price
7867,3080,20231006,20240403,Family,Monthly,Cancelled,14.99,0.0,89.94,Low Usage
7868,3117,20250517,20251113,Premium,Annual,Cancelled,9.99,0.0,59.94,Low Usage
7869,3154,20241108,20241208,Fan,Monthly,Cancelled,5.99,0.0,5.99,Price
7870,3191,20241121,,Family,Monthly,Active,14.99,0.0,14.99,
7871,3228,20240502,20240601,Premium,Monthly,Cancelled,9.99,0.0,9.99,Low Usage
7872,3265,20240822,20240921,Fan,Annual,Cancelled,5.99,0.0,5.99,Price
7873,3302,20241116,20251116,Family,Monthly,Cancelled,14.99,0.0,179.88,Low Usage
7874,3339,20241121,20241221,Premium,Monthly,Cancelled,9.99,0.0,9.99,Low Usage
7875,3376,20230316,,Fan,Monthly,Active,5.99,1.2,14.37,
7876,3413,20240803,,Family,Annual,Active,14.99,0.0,254.83,
7877,3450,20250624,20251221,Premium,Monthly,Cancelled,9.99,0.0,59.94,Low Usage
7878,3487,20250329,20250627,Fan,Monthly,Cancelled,5.99,0.0,17.97,Price
7879,3524,20230301,20250228,Family,Monthly,Cancelled,14.99,0.0,359.76,Low Usage
7880,3561,20230610,,Premium,Annual,Active,9.99,0.0,29.97,
7881,3598,20250123,,Fan,Monthly,Active,5.99,0.0,65.89,
7882,3635,20250618,20250718,Family,Monthly,Cancelled,14.99,0.0,14.99,Low Usage
7883,3672,20250509,20251105,Premium,Monthly,Cancelled,9.99,0.0,59.94,Low Usage
7884,3709,20241022,20250120,Fan,Annual,Cancelled,5.99,1.2,14.37,Price
7885,3746,20230613,,Family,Monthly,Active,14.99,0.0,359.76,
7886,3783,20250921,20251021,Premium,Monthly,Cancelled,9.99,0.0,9.99,Low Usage
7887,3820,20250924,,Fan,Monthly,Active,5.99,0.0,17.97,
7888,3857,20240610,,Family,Annual,Active,14.99,0.0,284.81,
7889,3894,20240906,,Premium,Monthly,Active,9.99,0.0,159.84,
7890,3931,20230620,,Fan,Monthly,Active,5.99,0.0,71.88,
7891,3968,20240421,20250421,Family,Monthly,Cancelled,14.99,0.0,179.88,Low Usage
7892,4005,20230819,20230918,Premium,Annual,Cancelled,9.99,0.0,9.99,Low Usage
7893,4042,20241005,20241104,Fan,Monthly,Cancelled,5.99,1.2,4.79,Price
7894,4079,20250726,,Family,Monthly,Active,14.99,0.0,74.95,
7895,4116,20240608,,Premium,Monthly,Active,9.99,0.0,9.99,
7896,4153,20240423,20240523,Fan,Annual,Cancelled,5.99,0.0,5.99,Price
7897,4190,20250601,,Family,Monthly,Active,14.99,0.0,104.93,
7898,4227,20251103,,Premium,Monthly,Active,9.99,0.0,9.99,
7899,4264,20240315,20240613,Fan,Monthly,Cancelled,5.99,0.0,17.97,Price
7900,4301,20250913,,Family,Annual,Active,14.99,0.0,44.97,
7901,4338,20240324,20250324,Premium,Monthly,Cancelled,9.99,0.0,119.88,Low Usage
7902,4375,20250509,20250608,Fan,Monthly,Cancelled,5.99,1.2,4.79,Price
7903,4412,20250125,20250224,Family,Monthly,Cancelled,14.99,0.0,14.99,Low Usage
7904,4449,20240326,20250326,Premium,Annual,Cancelled,9.99,0.0,119.88,Low Usage
7905,4486,20230505,,Fan,Monthly,Active,5.99,0.0,71.88,
7906,4523,20240319,20240418,Family,Monthly,Cancelled,14.99,0.0,14.99,Low Usage
7907,4560,20230825,20231123,Premium,Monthly,Cancelled,9.99,0.0,29.97,Low Usage
7908,4597,20240828,20241126,Fan,Annual,Cancelled,5.99,0.0,17.97,Price
7909,4634,20231030,20240128,Family,Monthly,Cancelled,14.99,0.0,44.97,Low Usage
7910,4671,20250212,,Premium,Monthly,Active,9.99,0.0,99.9,
7911,4708,20240322,20240620,Fan,Monthly,Cancelled,5.99,1.2,14.37,Price
7912,4745,20240302,,Family,Annual,Active,14.99,0.0,329.78,
7913,4782,20230805,20240201,Premium,Monthly,Cancelled,9.99,0.0,59.94,Low Usage
7914,4819,20251025,,Fan,Monthly,Active,5.99,0.0,11.98,
7915,4856,20240925,,Family,Monthly,Active,14.99,0.0,89.94,
7916,4893,20250525,,Premium,Annual,Active,9.99,0.0,69.93,
7917,4930,20250915,,Fan,Monthly,Active,5.99,0.0,17.97,
7918,4967,20240303,,Family,Monthly,Active,14.99,0.0,329.78,
7919,5004,20241019,20250117,Premium,Monthly,Cancelled,9.99,0.0,29.97,Low Usage
7920,5041,20251101,,Fan,Annual,Active,5.99,1.2,9.58,
7921,5078,20230914,20250913,Family,Monthly,Cancelled,14.99,0.0,359.76,Low Usage
7922,5115,20250824,,Premium,Monthly,Active,9.99,0.0,39.96,
7923,5152,20230615,20230715,Fan,Monthly,Cancelled,5.99,0.0,5.99,Price
7924,5189,20241216,20250316,Family,Annual,Cancelled,14.99,0.0,44.97,Low Usage
7925,5226,20240926,,Premium,Monthly,Active,9.99,0.0,59.94,
7926,5263,20241214,20250612,Fan,Monthly,Cancelled,5.99,0.0,35.94,Price
7927,5300,20250718,20250817,Family,Monthly,Cancelled,14.99,0.0,14.99,Low Usage
7928,5337,20250909,,Premium,Annual,Active,9.99,0.0,29.97,
7929,5374,20240723,20241021,Fan,Monthly,Cancelled,5.99,1.2,14.37,Price
7930,5411,20241010,,Family,Monthly,Active,14.99,0.0,179.88,
7931,5448,20230523,20230821,Premium,Monthly,Cancelled,9.99,0.0,29.97,Low Usage
7932,5485,20240120,20250119,Fan,Annual,Cancelled,5.99,0.0,71.88,Price
7933,5522,20250122,,Family,Monthly,Active,14.99,0.0,164.89,
7934,5559,20250216,,Premium,Monthly,Active,9.99,0.0,99.9,
7935,5596,20240816,,Fan,Monthly,Active,5.99,0.0,71.88,
7936,5633,20250821,20251119,Family,Annual,Cancelled,14.99,0.0,44.97,Low Usage
7937,5670,20230311,20230609,Premium,Monthly,Cancelled,9.99,0.0,29.97,Low Usage
7938,5707,20240720,20241018,Fan,Monthly,Cancelled,5.99,1.2,14.37,Price
7939,5744,20251111,,Family,Monthly,Active,14.99,0.0,14.99,
7940,5781,20250312,,Premium,Annual,Active,9.99,0.0,9.99,
7941,5818,20250408,,Fan,Monthly,Active,5.99,0.0,47.92,
7942,5855,20241102,20251102,Family,Monthly,Cancelled,14.99,0.0,179.88,Low Usage
7943,5892,20250205,20250307,Premium,Monthly,Cancelled,9.99,0.0,9.99,Low Usage
7944,5929,20250902,,Fan,Annual,Active,5.99,0.0,23.96,
7945,5966,20240304,,Family,Monthly,Active,14.99,0.0,89.94,
7946,3,20241203,20250102,Premium,Monthly,Cancelled,9.99,0.0,9.99,Low Usage
7947,40,20230826,20240825,Fan,Monthly,Cancelled,5.99,1.2,57.48,Price
7948,77,20251029,,Family,Annual,Active,14.99,0.0,29.98,
7949,114,20240331,20250331,Premium,Monthly,Cancelled,9.99,0.0,119.88,Low Usage
7950,151,20230522,,Fan,Monthly,Active,5.99,0.0,71.88,
7951,188,20250330,,Family,Monthly,Active,14.99,0.0,134.91,
7952,225,20250514,20250613,Premium,Annual,Cancelled,9.99,0.0,9.99,Low Usage
7953,262,20250820,,Fan,Monthly,Active,5.99,0.0,23.96,
7954,299,20230305,20230404,Family,Monthly,Cancelled,14.99,0.0,14.99,Low Usage
7955,336,20231208,,Premium,Monthly,Active,9.99,0.0,239.76,
7956,373,20251003,,Fan,Annual,Active,5.99,1.2,14.37,
7957,410,20230825,20231123,Family,Monthly,Cancelled,14.99,0.0,44.97,Low Usage
7958,447,20241230,20250129,Premium,Monthly,Cancelled,9.99,0.0,9.99,Low Usage
7959,484,20251016,,Fan,Monthly,Active,5.99,0.0,11.98,
7960,521,20230331,,Family,Annual,Active,14.99,0.0,359.76,
7961,558,20240410,20241007,Premium,Monthly,Cancelled,9.99,0.0,59.94,Low Usage
7962,595,20240307,20250307,Fan,Monthly,Cancelled,5.99,0.0,71.88,Price
7963,632,20230628,20230728,Family,Monthly,Cancelled,14.99,0.0,14.99,Low Usage
7964,669,20250127,20250427,Premium,Annual,Cancelled,9.99,0.0,29.97,Low Usage
7965,706,20240626,,Fan,Monthly,Active,5.99,1.2,28.74,
7966,743,20230427,20230726,Family,Monthly,Cancelled,14.99,0.0,44.97,Low Usage
7967,780,20251011,20251110,Premium,Monthly,Cancelled,9.99,0.0,9.99,Low Usage
7968,817,20230525,20240524,Fan,Annual,Cancelled,5.99,0.0,71.88,Price
7969,854,20230110,20230410,Family,Monthly,Cancelled,14.99,0.0,44.97,Low Usage
7970,891,20250828,,Premium,Monthly,Active,9.99,0.0,29.97,
7971,928,20231005,20240103,Fan,Monthly,Cancelled,5.99,0.0,17.97,Price
7972,965,20250910,,Family,Annual,Active,14.99,0.0,44.97,
7973,1002,20250318,,Premium,Monthly,Active,9.99,0.0,89.91,
7974,1039,20250717,,Fan,Monthly,Active,5.99,1.2,23.95,
7975,1076,20240620,,Family,Monthly,Active,14.99,0.0,179.88,
7976,1113,20250703,20250802,Premium,Annual,Cancelled,9.99,0.0,9.99,Low Usage
7977,1150,20241214,20251214,Fan,Monthly,Cancelled,5.99,0.0,71.88,Price
7978,1187,20250325,20250623,Family,Monthly,Cancelled,14.99,0.0,44.97,Low Usage
7979,1224,20230313,20230412,Premium,Monthly,Cancelled,9.99,0.0,9.99,Low Usage
7980,1261,20250708,,Fan,Annual,Active,5.99,0.0,29.95,
7981,1298,20230606,20231203,Family,Monthly,Cancelled,14.99,0.0,89.94,Low Usage
7982,1335,20240620,20241217,Premium,Monthly,Cancelled,9.99,0.0,59.94,Low Usage
7983,1372,20230306,20240305,Fan,Monthly,Cancelled,5.99,1.2,57.48,Price
7984,1409,20240211,20240511,Family,Annual,Cancelled,14.99,0.0,44.97,Low Usage
7985,1446,20231022,,Premium,Monthly,Active,9.99,0.0,29.97,
7986,1483,20250919,20251019,Fan,Monthly,Cancelled,5.99,0.0,5.99,Price
7987,1520,20231203,20241202,Family,Monthly,Cancelled,14.99,0.0,179.88,Low Usage
7988,1557,20230608,20240607,Premium,Annual,Cancelled,9.99,0.0,119.88,Low Usage
7989,1594,20240302,20240401,Fan,Monthly,Cancelled,5.99,0.0,5.99,Price
7990,1631,20241030,,Family,Monthly,Active,14.99,0.0,44.97,
7991,1668,20230112,20230711,Premium,Monthly,Cancelled,9.99,0.0,59.94,Low Usage
7992,1705,20240514,20250514,Fan,Annual,Cancelled,5.99,1.2,57.48,Price
7993,1742,20250712,,Family,Monthly,Active,14.99,0.0,74.95,
7994,1779,20250815,,Premium,Monthly,Active,9.99,0.0,39.96,
7995,1816,20250323,,Fan,Monthly,Active,5.99,0.0,5.99,
7996,1853,20241001,20250330,Family,Annual,Cancelled,14.99,0.0,89.94,Low Usage
7997,1890,20250527,20251123,Premium,Monthly,Cancelled,9.99,0.0,59.94,Low Usage
7998,1927,20250312,,Fan,Monthly,Active,5.99,0.0,53.91,
7999,1964,20230616,20231213,Family,Monthly,Cancelled,14.99,0.0,89.94,Low Usage
8000,2001,20251115,,Premium,Annual,Active,9.99,0.0,9.99,
8001,2038,20240101,20241231,Fan,Monthly,Cancelled,5.99,1.2,57.48,Price
8002,2075,20250811,20251109,Family,Monthly,Cancelled,14.99,0.0,44.97,Low Usage
8003,2112,20250820,20251118,Premium,Monthly,Cancelled,9.99,0.0,29.97,Low Usage
8004,2149,20250625,20250725,Fan,Annual,Cancelled,5.99,0.0,5.99,Price
8005,2186,20250819,,Family,Monthly,Active,14.99,0.0,44.97,
8006,2223,20240127,,Premium,Monthly,Active,9.99,0.0,229.77,
8007,2260,20230429,20240428,Fan,Monthly,Cancelled,5.99,0.0,71.88,Price
8008,2297,20240115,20250114,Family,Annual,Cancelled,14.99,0.0,179.88,Low Usage
8009,2334,20231112,20231212,Premium,Monthly,Cancelled,9.99,0.0,9.99,Low Usage
8010,2371,20231125,,Fan,Monthly,Active,5.99,1.2,14.37,
8011,2408,20231001,20231031,Family,Monthly,Cancelled,14.99,0.0,14.99,Low Usage
8012,2445,20241231,20250130,Premium,Annual,Cancelled,9.99,0.0,9.99,Low Usage
8013,2482,20230722,20240118,Fan,Monthly,Cancelled,5.99,0.0,35.94,Price
8014,2519,20241203,,Family,Monthly,Active,14.99,0.0,194.87,
8015,2556,20241125,,Premium,Monthly,Active,9.99,0.0,29.97,
8016,2593,20230621,20250620,Fan,Annual,Cancelled,5.99,0.0,143.76,Price
8017,2630,20240217,20240318,Family,Monthly,Cancelled,14.99,0.0,14.99,Low Usage
8018,2667,20240326,20240922,Premium,Monthly,Cancelled,9.99,0.0,59.94,Low Usage
8019,2704,20251107,,Fan,Monthly,Active,5.99,1.2,4.79,
8020,2741,20230926,,Family,Annual,Active,14.99,0.0,179.88,
8021,2778,20250530,,Premium,Monthly,Active,9.99,0.0,69.93,
8022,2815,20240307,20250307,Fan,Monthly,Cancelled,5.99,0.0,71.88,Price
8023,2852,20240114,20240413,Family,Monthly,Cancelled,14.99,0.0,44.97,Low Usage
8024,2889,20240701,20241228,Premium,Annual,Cancelled,9.99,0.0,59.94,Low Usage
8025,2926,20240814,,Fan,Monthly,Active,5.99,0.0,35.94,
8026,2963,20251115,,Family,Monthly,Active,14.99,0.0,14.99,
8027,3000,20250502,20250731,Premium,Monthly,Cancelled,9.99,0.0,29.97,Low Usage
8028,3037,20230824,20240823,Fan,Annual,Cancelled,5.99,1.2,57.48,Price
8029,3074,20250111,20250411,Family,Monthly,Cancelled,14.99,0.0,44.97,Low Usage
8030,3111,20240125,,Premium,Monthly,Active,9.99,0.0,9.99,
8031,3148,20230825,20250824,Fan,Monthly,Cancelled,5.99,0.0,143.76,Price
8032,3185,20240209,20250208,Family,Annual,Cancelled,14.99,0.0,179.88,Low Usage
8033,3222,20240911,20250310,Premium,Monthly,Cancelled,9.99,0.0,59.94,Low Usage
8034,3259,20250128,,Fan,Monthly,Active,5.99,0.0,65.89,
8035,3296,20230710,,Family,Monthly,Active,14.99,0.0,44.97,
8036,3333,20230721,20250720,Premium,Annual,Cancelled,9.99,0.0,239.76,Low Usage
8037,3370,20230304,20230602,Fan,Monthly,Cancelled,5.99,1.2,14.37,Price
8038,3407,20240612,20240712,Family,Monthly,Cancelled,14.99,0.0,14.99,Low Usage
8039,3444,20230828,20240224,Premium,Monthly,Cancelled,9.99,0.0,59.94,Low Usage
8040,3481,20240828,,Fan,Annual,Active,5.99,0.0,71.88,
8041,3518,20240212,20240810,Family,Monthly,Cancelled,14.99,0.0,89.94,Low Usage
8042,3555,20250129,20250429,Premium,Monthly,Cancelled,9.99,0.0,29.97,Low Usage
8043,3592,20230924,20231024,Fan,Monthly,Cancelled,5.99,0.0,5.99,Price
8044,3629,20241031,20250129,Family,Annual,Cancelled,14.99,0.0,44.97,Low Usage
8045,3666,20231230,,Premium,Monthly,Active,9.99,0.0,59.94,
8046,3703,20231103,20240201,Fan,Monthly,Cancelled,5.99,1.2,14.37,Price
8047,3740,20230725,20230824,Family,Monthly,Cancelled,14.99,0.0,14.99,Low Usage
8048,3777,20230106,20250105,Premium,Annual,Cancelled,9.99,0.0,239.76,Low Usage
8049,3814,20250415,,Fan,Monthly,Active,5.99,0.0,47.92,
8050,3851,20240912,,Family,Monthly,Active,14.99,0.0,44.97,
8051,3888,20240701,20240929,Premium,Monthly,Cancelled,9.99,0.0,29.97,Low Usage
8052,3925,20230430,20250429,Fan,Annual,Cancelled,5.99,0.0,143.76,Price
8053,3962,20231031,20240428,Family,Monthly,Cancelled,14.99,0.0,89.94,Low Usage
8054,3999,20240418,20241015,Premium,Monthly,Cancelled,9.99,0.0,59.94,Low Usage
8055,4036,20250526,,Fan,Monthly,Active,5.99,1.2,28.74,
8056,4073,20230824,20240220,Family,Annual,Cancelled,14.99,0.0,89.94,Low Usage
8057,4110,20230820,20240819,Premium,Monthly,Cancelled,9.99,0.0,119.88,Low Usage
8058,4147,20240304,20250304,Fan,Monthly,Cancelled,5.99,0.0,71.88,Price
8059,4184,20240311,20250311,Family,Monthly,Cancelled,14.99,0.0,179.88,Low Usage
8060,4221,20240730,,Premium,Annual,Active,9.99,0.0,119.88,
8061,4258,20250809,,Fan,Monthly,Active,5.99,0.0,23.96,
8062,4295,20240704,20240803,Family,Monthly,Cancelled,14.99,0.0,14.99,Low Usage
8063,4332,20231112,20240210,Premium,Monthly,Cancelled,9.99,0.0,29.97,Low Usage
8064,4369,20250322,20250421,Fan,Annual,Cancelled,5.99,1.2,4.79,Price
8065,4406,20230627,,Family,Monthly,Active,14.99,0.0,89.94,
8066,4443,20231113,20231213,Premium,Monthly,Cancelled,9.99,0.0,9.99,Low Usage
8067,4480,20251010,20251109,Fan,Monthly,Cancelled,5.99,0.0,5.99,Price
8068,4517,20241215,,Family,Annual,Active,14.99,0.0,179.88,
8069,4554,20230710,20240106,Premium,Monthly,Cancelled,9.99,0.0,59.94,Low Usage
8070,4591,20250220,,Fan,Monthly,Active,5.99,0.0,59.9,
8071,4628,20240917,20250316,Family,Monthly,Cancelled,14.99,0.0,89.94,Low Usage
8072,4665,20241013,20251013,Premium,Annual,Cancelled,9.99,0.0,119.88,Low Usage
8073,4702,20250327,20250625,Fan,Monthly,Cancelled,5.99,1.2,14.37,Price
8074,4739,20231018,20241017,Family,Monthly,Cancelled,14.99,0.0,179.88,Low Usage
8075,4776,20230419,,Premium,Monthly,Active,9.99,0.0,119.88,
8076,4813,20241122,20241222,Fan,Annual,Cancelled,5.99,0.0,5.99,Price
8077,4850,20250812,20250911,Family,Monthly,Cancelled,14.99,0.0,14.99,Low Usage
8078,4887,20230102,20250101,Premium,Monthly,Cancelled,9.99,0.0,239.76,Low Usage
8079,4924,20250624,,Fan,Monthly,Active,5.99,0.0,35.94,
8080,4961,20240810,,Family,Annual,Active,14.99,0.0,89.94,
8081,4998,20230327,20230426,Premium,Monthly,Cancelled,9.99,0.0,9.99,Low Usage
8082,5035,20230228,20230330,Fan,Monthly,Cancelled,5.99,1.2,4.79,Price
8083,5072,20240704,20241002,Family,Monthly,Cancelled,14.99,0.0,44.97,Low Usage
8084,5109,20231205,20251204,Premium,Annual,Cancelled,9.99,0.0,239.76,Low Usage
8085,5146,20240106,,Fan,Monthly,Active,5.99,0.0,5.99,
8086,5183,20250111,20250411,Family,Monthly,Cancelled,14.99,0.0,44.97,Low Usage
8087,5220,20230501,20240430,Premium,Monthly,Cancelled,9.99,0.0,119.88,Low Usage
8088,5257,20231212,20240609,Fan,Annual,Cancelled,5.99,0.0,35.94,Price
8089,5294,20230816,20250815,Family,Monthly,Cancelled,14.99,0.0,359.76,Low Usage
8090,5331,20231206,,Premium,Monthly,Active,9.99,0.0,29.97,
8091,5368,20230210,20230809,Fan,Monthly,Cancelled,5.99,1.2,28.74,Price
8092,5405,20231228,20240127,Family,Annual,Cancelled,14.99,0.0,14.99,Low Usage
8093,5442,20230926,20240925,Premium,Monthly,Cancelled,9.99,0.0,119.88,Low Usage
8094,5479,20230321,20240320,Fan,Monthly,Cancelled,5.99,0.0,71.88,Price
8095,5516,20241016,,Family,Monthly,Active,14.99,0.0,179.88,
8096,5553,20230520,20250519,Premium,Annual,Cancelled,9.99,0.0,239.76,Low Usage
8097,5590,20230428,20230727,Fan,Monthly,Cancelled,5.99,0.0,17.97,Price
8098,5627,20250222,20250324,Family,Monthly,Cancelled,14.99,0.0,14.99,Low Usage
8099,5664,20240821,,Premium,Monthly,Active,9.99,0.0,159.84,
8100,5701,20241115,,Fan,Annual,Active,5.99,1.2,4.79,
8101,5738,20240114,,Family,Monthly,Active,14.99,0.0,344.77,
8102,5775,20250516,,Premium,Monthly,Active,9.99,0.0,69.93,
8103,5812,20251031,,Fan,Monthly,Active,5.99,0.0,11.98,
8104,5849,20230608,20231205,Family,Annual,Cancelled,14.99,0.0,89.94,Low Usage
8105,5886,20241001,,Premium,Monthly,Active,9.99,0.0,119.88,
8106,5923,20241012,,Fan,Monthly,Active,5.99,0.0,83.86,
8107,5960,20231005,20241004,Family,Monthly,Cancelled,14.99,0.0,179.88,Low Usage
8108,5997,20240426,20250426,Premium,Annual,Cancelled,9.99,0.0,119.88,Low Usage
8109,34,20241006,20250104,Fan,Monthly,Cancelled,5.99,1.2,14.37,Price
8110,71,20241224,,Family,Monthly,Active,14.99,0.0,44.97,
8111,108,20230918,20250917,Premium,Monthly,Cancelled,9.99,0.0,239.76,Low Usage
8112,145,20240129,20240727,Fan,Annual,Cancelled,5.99,0.0,35.94,Price
8113,182,20230804,20231102,Family,Monthly,Cancelled,14.99,0.0,44.97,Low Usage
8114,219,20230417,20231014,Premium,Monthly,Cancelled,9.99,0.0,59.94,Low Usage
8115,256,20250814,,Fan,Monthly,Active,5.99,0.0,17.97,
8116,293,20250206,,Family,Annual,Active,14.99,0.0,149.9,
8117,330,20230215,20230814,Premium,Monthly,Cancelled,9.99,0.0,59.94,Low Usage
8118,367,20230912,20231012,Fan,Monthly,Cancelled,5.99,1.2,4.79,Price
8119,404,20240630,20250630,Family,Monthly,Cancelled,14.99,0.0,179.88,Low Usage
8120,441,20230328,,Premium,Annual,Active,9.99,0.0,59.94,
8121,478,20250803,,Fan,Monthly,Active,5.99,0.0,29.95,
8122,515,20240308,20240606,Family,Monthly,Cancelled,14.99,0.0,44.97,Low Usage
8123,552,20230317,20240316,Premium,Monthly,Cancelled,9.99,0.0,119.88,Low Usage
8124,589,20251019,,Fan,Annual,Active,5.99,0.0,11.98,
8125,626,20230216,,Family,Monthly,Active,14.99,0.0,359.76,
8126,663,20241001,20241031,Premium,Monthly,Cancelled,9.99,0.0,9.99,Low Usage
8127,700,20250204,20250505,Fan,Monthly,Cancelled,5.99,1.2,14.37,Price
8128,737,20241027,20250425,Family,Annual,Cancelled,14.99,0.0,89.94,Low Usage
8129,774,20240414,20240713,Premium,Monthly,Cancelled,9.99,0.0,29.97,Low Usage
8130,811,20251018,,Fan,Monthly,Active,5.99,0.0,11.98,
8131,848,20230827,20250826,Family,Monthly,Cancelled,14.99,0.0,359.76,Low Usage
8132,885,20250416,,Premium,Annual,Active,9.99,0.0,79.92,
8133,922,20231126,20231226,Fan,Monthly,Cancelled,5.99,0.0,5.99,Price
8134,959,20250201,,Family,Monthly,Active,14.99,0.0,164.89,
8135,996,20250912,,Premium,Monthly,Active,9.99,0.0,29.97,
8136,1033,20250531,,Fan,Annual,Active,5.99,1.2,33.53,
8137,1070,20250911,,Family,Monthly,Active,14.99,0.0,44.97,
8138,1107,20240405,20250405,Premium,Monthly,Cancelled,9.99,0.0,119.88,Low Usage
8139,1144,20250226,20250527,Fan,Monthly,Cancelled,5.99,0.0,17.97,Price
8140,1181,20240913,,Family,Annual,Active,14.99,0.0,224.85,
8141,1218,20231015,20241014,Premium,Monthly,Cancelled,9.99,0.0,119.88,Low Usage
8142,1255,20250809,20250908,Fan,Monthly,Cancelled,5.99,0.0,5.99,Price
8143,1292,20230706,20230805,Family,Monthly,Cancelled,14.99,0.0,14.99,Low Usage
8144,1329,20230318,20230417,Premium,Annual,Cancelled,9.99,0.0,9.99,Low Usage
8145,1366,20250927,,Fan,Monthly,Active,5.99,1.2,14.37,
8146,1403,20241209,20250108,Family,Monthly,Cancelled,14.99,0.0,14.99,Low Usage
8147,1440,20230724,20231022,Premium,Monthly,Cancelled,9.99,0.0,29.97,Low Usage
8148,1477,20241224,20250324,Fan,Annual,Cancelled,5.99,0.0,17.97,Price
8149,1514,20251101,,Family,Monthly,Active,14.99,0.0,29.98,
8150,1551,20230301,,Premium,Monthly,Active,9.99,0.0,239.76,
8151,1588,20231107,20240205,Fan,Monthly,Cancelled,5.99,0.0,17.97,Price
8152,1625,20230613,20240612,Family,Annual,Cancelled,14.99,0.0,179.88,Low Usage
8153,1662,20240207,20240308,Premium,Monthly,Cancelled,9.99,0.0,9.99,Low Usage
8154,1699,20230806,20250805,Fan,Monthly,Cancelled,5.99,1.2,114.96,Price
8155,1736,20240329,,Family,Monthly,Active,14.99,0.0,14.99,
8156,1773,20240520,20240818,Premium,Annual,Cancelled,9.99,0.0,29.97,Low Usage
8157,1810,20230429,20231026,Fan,Monthly,Cancelled,5.99,0.0,35.94,Price
8158,1847,20231102,20241101,Family,Monthly,Cancelled,14.99,0.0,179.88,Low Usage
8159,1884,20240907,20241007,Premium,Monthly,Cancelled,9.99,0.0,9.99,Low Usage
8160,1921,20230603,,Fan,Annual,Active,5.99,0.0,71.88,
8161,1958,20240731,,Family,Monthly,Active,14.99,0.0,254.83,
8162,1995,20230117,20240117,Premium,Monthly,Cancelled,9.99,0.0,119.88,Low Usage
8163,2032,20240224,20240325,Fan,Monthly,Cancelled,5.99,1.2,4.79,Price
8164,2069,20230520,20230619,Family,Annual,Cancelled,14.99,0.0,14.99,Low Usage
8165,2106,20230607,,Premium,Monthly,Active,9.99,0.0,239.76,
8166,2143,20231210,20240607,Fan,Monthly,Cancelled,5.99,0.0,35.94,Price
8167,2180,20240527,,Family,Monthly,Active,14.99,0.0,284.81,
8168,2217,20230720,20231018,Premium,Annual,Cancelled,9.99,0.0,29.97,Low Usage
8169,2254,20250309,20250408,Fan,Monthly,Cancelled,5.99,0.0,5.99,Price
8170,2291,20251028,,Family,Monthly,Active,14.99,0.0,29.98,
8171,2328,20230506,20230804,Premium,Monthly,Cancelled,9.99,0.0,29.97,Low Usage
8172,2365,20250624,,Fan,Annual,Active,5.99,1.2,28.74,
8173,2402,20230619,20230917,Family,Monthly,Cancelled,14.99,0.0,44.97,Low Usage
8174,2439,20241207,20250106,Premium,Monthly,Cancelled,9.99,0.0,9.99,Low Usage
8175,2476,20231007,,Fan,Monthly,Active,5.99,0.0,35.94,
8176,2513,20230827,20250826,Family,Annual,Cancelled,14.99,0.0,359.76,Low Usage
8177,2550,20230802,20250801,Premium,Monthly,Cancelled,9.99,0.0,239.76,Low Usage
8178,2587,20250324,20250423,Fan,Monthly,Cancelled,5.99,0.0,5.99,Price
8179,2624,20230828,20230927,Family,Monthly,Cancelled,14.99,0.0,14.99,Low Usage
8180,2661,20250831,,Premium,Annual,Active,9.99,0.0,39.96,
8181,2698,20230810,20240206,Fan,Monthly,Cancelled,5.99,1.2,28.74,Price
8182,2735,20240504,20240603,Family,Monthly,Cancelled,14.99,0.0,14.99,Low Usage
8183,2772,20250606,20250904,Premium,Monthly,Cancelled,9.99,0.0,29.97,Low Usage
8184,2809,20250310,20250608,Fan,Annual,Cancelled,5.99,0.0,17.97,Price
8185,2846,20241018,,Family,Monthly,Active,14.99,0.0,209.86,
8186,2883,20240807,20240906,Premium,Monthly,Cancelled,9.99,0.0,9.99,Low Usage
8187,2920,20240625,20250625,Fan,Monthly,Cancelled,5.99,0.0,71.88,Price
8188,2957,20251020,,Family,Annual,Active,14.99,0.0,29.98,
8189,2994,20251004,,Premium,Monthly,Active,9.99,0.0,19.98,
8190,3031,20230119,,Fan,Monthly,Active,5.99,1.2,14.37,
8191,3068,20230113,20230212,Family,Monthly,Cancelled,14.99,0.0,14.99,Low Usage
8192,3105,20250730,,Premium,Annual,Active,9.99,0.0,49.95,
8193,3142,20230706,20240705,Fan,Monthly,Cancelled,5.99,0.0,71.88,Price
8194,3179,20240811,20241109,Family,Monthly,Cancelled,14.99,0.0,44.97,Low Usage
8195,3216,20230810,,Premium,Monthly,Active,9.99,0.0,29.97,
8196,3253,20240412,,Fan,Annual,Active,5.99,0.0,119.8,
8197,3290,20240821,20250217,Family,Monthly,Cancelled,14.99,0.0,89.94,Low Usage
8198,3327,20250220,,Premium,Monthly,Active,9.99,0.0,99.9,
8199,3364,20230112,20250111,Fan,Monthly,Cancelled,5.99,1.2,114.96,Price
8200,3401,20231225,,Family,Annual,Active,14.99,0.0,89.94,
8201,3438,20230314,20250313,Premium,Monthly,Cancelled,9.99,0.0,239.76,Low Usage
8202,3475,20230915,20240914,Fan,Monthly,Cancelled,5.99,0.0,71.88,Price
8203,3512,20240818,20240917,Family,Monthly,Cancelled,14.99,0.0,14.99,Low Usage
8204,3549,20240110,20240209,Premium,Annual,Cancelled,9.99,0.0,9.99,Low Usage
8205,3586,20230131,,Fan,Monthly,Active,5.99,0.0,5.99,
8206,3623,20250419,,Family,Monthly,Active,14.99,0.0,119.92,
8207,3660,20230102,20230402,Premium,Monthly,Cancelled,9.99,0.0,29.97,Low Usage
8208,3697,20241015,20250113,Fan,Annual,Cancelled,5.99,1.2,14.37,Price
8209,3734,20250112,20250711,Family,Monthly,Cancelled,14.99,0.0,89.94,Low Usage
8210,3771,20240929,,Premium,Monthly,Active,9.99,0.0,29.97,
8211,3808,20250821,,Fan,Monthly,Active,5.99,0.0,23.96,
8212,3845,20231103,20231203,Family,Annual,Cancelled,14.99,0.0,14.99,Low Usage
8213,3882,20230818,20231116,Premium,Monthly,Cancelled,9.99,0.0,29.97,Low Usage
8214,3919,20240803,20240902,Fan,Monthly,Cancelled,5.99,0.0,5.99,Price
8215,3956,20250307,,Family,Monthly,Active,14.99,0.0,44.97,
8216,3993,20230408,20230508,Premium,Annual,Cancelled,9.99,0.0,9.99,Low Usage
8217,4030,20250721,,Fan,Monthly,Active,5.99,1.2,23.95,
8218,4067,20250519,,Family,Monthly,Active,14.99,0.0,104.93,
8219,4104,20240428,20250428,Premium,Monthly,Cancelled,9.99,0.0,119.88,Low Usage
8220,4141,20230131,,Fan,Annual,Active,5.99,0.0,143.76,
8221,4178,20250709,,Family,Monthly,Active,14.99,0.0,74.95,
8222,4215,20251020,,Premium,Monthly,Active,9.99,0.0,19.98,
8223,4252,20230102,20240102,Fan,Monthly,Cancelled,5.99,0.0,71.88,Price
8224,4289,20250819,20251117,Family,Annual,Cancelled,14.99,0.0,44.97,Low Usage
8225,4326,20240521,,Premium,Monthly,Active,9.99,0.0,9.99,
8226,4363,20240803,20250803,Fan,Monthly,Cancelled,5.99,1.2,57.48,Price
8227,4400,20251020,,Family,Monthly,Active,14.99,0.0,29.98,
8228,4437,20230929,20250928,Premium,Annual,Cancelled,9.99,0.0,239.76,Low Usage
8229,4474,20250810,,Fan,Monthly,Active,5.99,0.0,23.96,
8230,4511,20230228,,Family,Monthly,Active,14.99,0.0,179.88,
8231,4548,20230409,20231006,Premium,Monthly,Cancelled,9.99,0.0,59.94,Low Usage
8232,4585,20240307,20240406,Fan,Annual,Cancelled,5.99,0.0,5.99,Price
8233,4622,20230422,20230721,Family,Monthly,Cancelled,14.99,0.0,44.97,Low Usage
8234,4659,20241227,20251227,Premium,Monthly,Cancelled,9.99,0.0,119.88,Low Usage
8235,4696,20240207,,Fan,Monthly,Active,5.99,1.2,4.79,
8236,4733,20240824,20250220,Family,Annual,Cancelled,14.99,0.0,89.94,Low Usage
8237,4770,20240930,20241229,Premium,Monthly,Cancelled,9.99,0.0,29.97,Low Usage
8238,4807,20240123,20240222,Fan,Monthly,Cancelled,5.99,0.0,5.99,Price
8239,4844,20230422,20250421,Family,Monthly,Cancelled,14.99,0.0,359.76,Low Usage
8240,4881,20240301,,Premium,Annual,Active,9.99,0.0,59.94,
8241,4918,20250903,20251003,Fan,Monthly,Cancelled,5.99,0.0,5.99,Price
8242,4955,20230914,20231014,Family,Monthly,Cancelled,14.99,0.0,14.99,Low Usage
8243,4992,20230929,20231029,Premium,Monthly,Cancelled,9.99,0.0,9.99,Low Usage
8244,5029,20240121,20240420,Fan,Annual,Cancelled,5.99,1.2,14.37,Price
8245,5066,20241116,,Family,Monthly,Active,14.99,0.0,44.97,
8246,5103,20230607,20230707,Premium,Monthly,Cancelled,9.99,0.0,9.99,Low Usage
8247,5140,20231231,20240330,Fan,Monthly,Cancelled,5.99,0.0,17.97,Price
8248,5177,20240825,20240924,Family,Annual,Cancelled,14.99,0.0,14.99,Low Usage
8249,5214,20250104,,Premium,Monthly,Active,9.99,0.0,119.88,
8250,5251,20240602,,Fan,Monthly,Active,5.99,0.0,35.94,
8251,5288,20240517,,Family,Monthly,Active,14.99,0.0,284.81,
8252,5325,20240209,20240509,Premium,Annual,Cancelled,9.99,0.0,29.97,Low Usage
8253,5362,20240826,20250222,Fan,Monthly,Cancelled,5.99,1.2,28.74,Price
8254,5399,20250913,,Family,Monthly,Active,14.99,0.0,44.97,
8255,5436,20250821,,Premium,Monthly,Active,9.99,0.0,39.96,
8256,5473,20230706,20250705,Fan,Annual,Cancelled,5.99,0.0,143.76,Price
8257,5510,20230327,20240326,Family,Monthly,Cancelled,14.99,0.0,179.88,Low Usage
8258,5547,20250326,20250624,Premium,Monthly,Cancelled,9.99,0.0,29.97,Low Usage
8259,5584,20240724,20250724,Fan,Monthly,Cancelled,5.99,0.0,71.88,Price
8260,5621,20240508,,Family,Annual,Active,14.99,0.0,299.8,
8261,5658,20250223,20250325,Premium,Monthly,Cancelled,9.99,0.0,9.99,Low Usage
8262,5695,20240411,20250411,Fan,Monthly,Cancelled,5.99,1.2,57.48,Price
8263,5732,20241113,,Family,Monthly,Active,14.99,0.0,194.87,
8264,5769,20230627,20240626,Premium,Annual,Cancelled,9.99,0.0,119.88,Low Usage
8265,5806,20240813,,Fan,Monthly,Active,5.99,0.0,5.99,
8266,5843,20230526,20230625,Family,Monthly,Cancelled,14.99,0.0,14.99,Low Usage
8267,5880,20231112,20240510,Premium,Monthly,Cancelled,9.99,0.0,59.94,Low Usage
8268,5917,20230413,20250412,Fan,Annual,Cancelled,5.99,0.0,143.76,Price
8269,5954,20241215,,Family,Monthly,Active,14.99,0.0,179.88,
8270,5991,20241128,,Premium,Monthly,Active,9.99,0.0,119.88,
8271,28,20240515,,Fan,Monthly,Active,5.99,1.2,91.01,
8272,65,20240628,20241225,Family,Annual,Cancelled,14.99,0.0,89.94,Low Usage
8273,102,20231021,20240418,Premium,Monthly,Cancelled,9.99,0.0,59.94,Low Usage
8274,139,20230427,20231024,Fan,Monthly,Cancelled,5.99,0.0,35.94,Price
8275,176,20240416,,Family,Monthly,Active,14.99,0.0,299.8,
8276,213,20240223,20240821,Premium,Annual,Cancelled,9.99,0.0,59.94,Low Usage
8277,250,20250121,,Fan,Monthly,Active,5.99,0.0,65.89,
8278,287,20240218,,Family,Monthly,Active,14.99,0.0,329.78,
8279,324,20250621,20250721,Premium,Monthly,Cancelled,9.99,0.0,9.99,Low Usage
8280,361,20250614,,Fan,Annual,Active,5.99,1.2,28.74,
8281,398,20250205,20250307,Family,Monthly,Cancelled,14.99,0.0,14.99,Low Usage
8282,435,20230120,20240120,Premium,Monthly,Cancelled,9.99,0.0,119.88,Low Usage
8283,472,20251026,,Fan,Monthly,Active,5.99,0.0,11.98,
8284,509,20230930,20240929,Family,Annual,Cancelled,14.99,0.0,179.88,Low Usage
8285,546,20241028,,Premium,Monthly,Active,9.99,0.0,9.99,
8286,583,20230819,20240215,Fan,Monthly,Cancelled,5.99,0.0,35.94,Price
8287,620,20250917,,Family,Monthly,Active,14.99,0.0,44.97,
8288,657,20230910,20240308,Premium,Annual,Cancelled,9.99,0.0,59.94,Low Usage
8289,694,20251008,,Fan,Monthly,Active,5.99,1.2,9.58,
8290,731,20241017,,Family,Monthly,Active,14.99,0.0,209.86,
8291,768,20240916,,Premium,Monthly,Active,9.99,0.0,149.85,
8292,805,20240411,20250411,Fan,Annual,Cancelled,5.99,0.0,71.88,Price
8293,842,20240811,20241109,Family,Monthly,Cancelled,14.99,0.0,44.97,Low Usage
8294,879,20231110,20231210,Premium,Monthly,Cancelled,9.99,0.0,9.99,Low Usage
8295,916,20240303,,Fan,Monthly,Active,5.99,0.0,17.97,
8296,953,20250707,,Family,Annual,Active,14.99,0.0,74.95,
8297,990,20230507,20230606,Premium,Monthly,Cancelled,9.99,0.0,9.99,Low Usage
8298,1027,20240108,20250107,Fan,Monthly,Cancelled,5.99,1.2,57.48,Price
8299,1064,20230725,20240724,Family,Monthly,Cancelled,14.99,0.0,179.88,Low Usage
8300,1101,20240529,,Premium,Annual,Active,9.99,0.0,9.99,
8301,1138,20231218,20240615,Fan,Monthly,Cancelled,5.99,0.0,35.94,Price
8302,1175,20230516,20250515,Family,Monthly,Cancelled,14.99,0.0,359.76,Low Usage
8303,1212,20240204,20240305,Premium,Monthly,Cancelled,9.99,0.0,9.99,Low Usage
8304,1249,20230917,20231216,Fan,Annual,Cancelled,5.99,0.0,17.97,Price
8305,1286,20240827,,Family,Monthly,Active,14.99,0.0,179.88,
8306,1323,20231126,20240524,Premium,Monthly,Cancelled,9.99,0.0,59.94,Low Usage
8307,1360,20250227,20250826,Fan,Monthly,Cancelled,5.99,1.2,28.74,Price
8308,1397,20230104,20250103,Family,Annual,Cancelled,14.99,0.0,359.76,Low Usage
8309,1434,20230424,20231021,Premium,Monthly,Cancelled,9.99,0.0,59.94,Low Usage
8310,1471,20241222,,Fan,Monthly,Active,5.99,0.0,71.88,
8311,1508,20241025,20250423,Family,Monthly,Cancelled,14.99,0.0,89.94,Low Usage
8312,1545,20240627,20240727,Premium,Annual,Cancelled,9.99,0.0,9.99,Low Usage
8313,1582,20250809,,Fan,Monthly,Active,5.99,0.0,23.96,
8314,1619,20231105,20251104,Family,Monthly,Cancelled,14.99,0.0,359.76,Low Usage
8315,1656,20250421,,Premium,Monthly,Active,9.99,0.0,59.94,
8316,1693,20240718,20240817,Fan,Annual,Cancelled,5.99,1.2,4.79,Price
8317,1730,20250829,20251127,Family,Monthly,Cancelled,14.99,0.0,44.97,Low Usage
8318,1767,20240805,,Premium,Monthly,Active,9.99,0.0,169.83,
8319,1804,20230727,20250726,Fan,Monthly,Cancelled,5.99,0.0,143.76,Price
8320,1841,20230421,,Family,Annual,Active,14.99,0.0,89.94,
8321,1878,20250816,,Premium,Monthly,Active,9.99,0.0,39.96,
8322,1915,20251013,,Fan,Monthly,Active,5.99,0.0,11.98,
8323,1952,20240409,,Family,Monthly,Active,14.99,0.0,314.79,
8324,1989,20250930,20251030,Premium,Annual,Cancelled,9.99,0.0,9.99,Low Usage
8325,2026,20240916,,Fan,Monthly,Active,5.99,1.2,4.79,
8326,2063,20240325,20240623,Family,Monthly,Cancelled,14.99,0.0,44.97,Low Usage
8327,2100,20250724,,Premium,Monthly,Active,9.99,0.0,49.95,
8328,2137,20240830,20250830,Fan,Annual,Cancelled,5.99,0.0,71.88,Price
8329,2174,20240131,20240430,Family,Monthly,Cancelled,14.99,0.0,44.97,Low Usage
8330,2211,20250225,,Premium,Monthly,Active,9.99,0.0,29.97,
8331,2248,20240506,,Fan,Monthly,Active,5.99,0.0,119.8,
8332,2285,20240118,20240417,Family,Annual,Cancelled,14.99,0.0,44.97,Low Usage
8333,2322,20250629,20250729,Premium,Monthly,Cancelled,9.99,0.0,9.99,Low Usage
8334,2359,20250115,,Fan,Monthly,Active,5.99,1.2,52.69,
8335,2396,20240512,,Family,Monthly,Active,14.99,0.0,179.88,
8336,2433,20251103,,Premium,Annual,Active,9.99,0.0,9.99,
8337,2470,20241106,20250505,Fan,Monthly,Cancelled,5.99,0.0,35.94,Price
8338,2507,20240719,,Family,Monthly,Active,14.99,0.0,254.83,
8339,2544,20240124,20240223,Premium,Monthly,Cancelled,9.99,0.0,9.99,Low Usage
8340,2581,20250414,,Fan,Annual,Active,5.99,0.0,5.99,
8341,2618,20250902,20251002,Family,Monthly,Cancelled,14.99,0.0,14.99,Low Usage
8342,2655,20250703,20251230,Premium,Monthly,Cancelled,9.99,0.0,59.94,Low Usage
8343,2692,20230309,20230408,Fan,Monthly,Cancelled,5.99,1.2,4.79,Price
8344,2729,20240703,20241230,Family,Annual,Cancelled,14.99,0.0,89.94,Low Usage
8345,2766,20250322,,Premium,Monthly,Active,9.99,0.0,89.91,
8346,2803,20250920,20251219,Fan,Monthly,Cancelled,5.99,0.0,17.97,Price
8347,2840,20240302,20240829,Family,Monthly,Cancelled,14.99,0.0,89.94,Low Usage
8348,2877,20250615,,Premium,Annual,Active,9.99,0.0,59.94,
8349,2914,20240708,20250708,Fan,Monthly,Cancelled,5.99,0.0,71.88,Price
8350,2951,20240402,,Family,Monthly,Active,14.99,0.0,89.94,
8351,2988,20230424,20231021,Premium,Monthly,Cancelled,9.99,0.0,59.94,Low Usage
8352,3025,20230726,20240122,Fan,Annual,Cancelled,5.99,1.2,28.74,Price
8353,3062,20250712,20250811,Family,Monthly,Cancelled,14.99,0.0,14.99,Low Usage
8354,3099,20250414,20251011,Premium,Monthly,Cancelled,9.99,0.0,59.94,Low Usage
8355,3136,20250201,,Fan,Monthly,Active,5.99,0.0,17.97,
8356,3173,20250110,,Family,Annual,Active,14.99,0.0,164.89,
8357,3210,20230929,20231228,Premium,Monthly,Cancelled,9.99,0.0,29.97,Low Usage
8358,3247,20251107,,Fan,Monthly,Active,5.99,0.0,5.99,
8359,3284,20250617,20250915,Family,Monthly,Cancelled,14.99,0.0,44.97,Low Usage
8360,3321,20250317,,Premium,Annual,Active,9.99,0.0,9.99,
8361,3358,20250128,,Fan,Monthly,Active,5.99,1.2,52.69,
8362,3395,20240124,20240722,Family,Monthly,Cancelled,14.99,0.0,89.94,Low Usage
8363,3432,20230819,20240215,Premium,Monthly,Cancelled,9.99,0.0,59.94,Low Usage
8364,3469,20240819,20241117,Fan,Annual,Cancelled,5.99,0.0,17.97,Price
8365,3506,20230223,,Family,Monthly,Active,14.99,0.0,14.99,
8366,3543,20230124,20230223,Premium,Monthly,Cancelled,9.99,0.0,9.99,Low Usage
8367,3580,20230924,20240923,Fan,Monthly,Cancelled,5.99,0.0,71.88,Price
8368,3617,20241210,20250310,Family,Annual,Cancelled,14.99,0.0,44.97,Low Usage
8369,3654,20231102,20231202,Premium,Monthly,Cancelled,9.99,0.0,9.99,Low Usage
8370,3691,20240319,,Fan,Monthly,Active,5.99,1.2,57.48,
8371,3728,20250627,,Family,Monthly,Active,14.99,0.0,89.94,
8372,3765,20240112,20240710,Premium,Annual,Cancelled,9.99,0.0,59.94,Low Usage
8373,3802,20241027,20250125,Fan,Monthly,Cancelled,5.99,0.0,17.97,Price
8374,3839,20230603,20240602,Family,Monthly,Cancelled,14.99,0.0,179.88,Low Usage
8375,3876,20250804,,Premium,Monthly,Active,9.99,0.0,49.95,
8376,3913,20230525,20250524,Fan,Annual,Cancelled,5.99,0.0,143.76,Price
8377,3950,20240411,20240511,Family,Monthly,Cancelled,14.99,0.0,14.99,Low Usage
8378,3987,20250506,,Premium,Monthly,Active,9.99,0.0,79.92,
8379,4024,20241206,20250306,Fan,Monthly,Cancelled,5.99,1.2,14.37,Price
8380,4061,20240612,,Family,Annual,Active,14.99,0.0,179.88,
8381,4098,20250119,,Premium,Monthly,Active,9.99,0.0,109.89,
8382,4135,20230905,20240303,Fan,Monthly,Cancelled,5.99,0.0,35.94,Price
8383,4172,20250522,20250820,Family,Monthly,Cancelled,14.99,0.0,44.97,Low Usage
8384,4209,20240904,,Premium,Annual,Active,9.99,0.0,159.84,
8385,4246,20240824,,Fan,Monthly,Active,5.99,0.0,17.97,
8386,4283,20250308,,Family,Monthly,Active,14.99,0.0,134.91,
8387,4320,20250609,,Premium,Monthly,Active,9.99,0.0,59.94,
8388,4357,20240303,,Fan,Annual,Active,5.99,1.2,105.38,
8389,4394,20240524,20240822,Family,Monthly,Cancelled,14.99,0.0,44.97,Low Usage
8390,4431,20230104,,Premium,Monthly,Active,9.99,0.0,59.94,
8391,4468,20250511,20251107,Fan,Monthly,Cancelled,5.99,0.0,35.94,Price
8392,4505,20240725,20250121,Family,Annual,Cancelled,14.99,0.0,89.94,Low Usage
8393,4542,20230421,20230521,Premium,Monthly,Cancelled,9.99,0.0,9.99,Low Usage
8394,4579,20250423,20250722,Fan,Monthly,Cancelled,5.99,0.0,17.97,Price
8395,4616,20250118,,Family,Monthly,Active,14.99,0.0,44.97,
8396,4653,20251108,20251208,Premium,Annual,Cancelled,9.99,0.0,9.99,Low Usage
8397,4690,20231013,20240410,Fan,Monthly,Cancelled,5.99,1.2,28.74,Price
8398,4727,20251030,,Family,Monthly,Active,14.99,0.0,29.98,
8399,4764,20241116,20250214,Premium,Monthly,Cancelled,9.99,0.0,29.97,Low Usage
8400,4801,20230815,,Fan,Annual,Active,5.99,0.0,143.76,
8401,4838,20250219,20250520,Family,Monthly,Cancelled,14.99,0.0,44.97,Low Usage
8402,4875,20250305,20250901,Premium,Monthly,Cancelled,9.99,0.0,59.94,Low Usage
8403,4912,20230110,20230209,Fan,Monthly,Cancelled,5.99,0.0,5.99,Price
8404,4949,20241205,20251205,Family,Annual,Cancelled,14.99,0.0,179.88,Low Usage
8405,4986,20250525,,Premium,Monthly,Active,9.99,0.0,9.99,
8406,5023,20230721,20250720,Fan,Monthly,Cancelled,5.99,1.2,114.96,Price
8407,5060,20250117,20250716,Family,Monthly,Cancelled,14.99,0.0,89.94,Low Usage
8408,5097,20240225,,Premium,Annual,Active,9.99,0.0,219.78,
8409,5134,20250810,20251108,Fan,Monthly,Cancelled,5.99,0.0,17.97,Price
8410,5171,20250323,,Family,Monthly,Active,14.99,0.0,44.97,
8411,5208,20250714,,Premium,Monthly,Active,9.99,0.0,49.95,
8412,5245,20230504,20230603,Fan,Annual,Cancelled,5.99,0.0,5.99,Price
8413,5282,20230905,20250904,Family,Monthly,Cancelled,14.99,0.0,359.76,Low Usage
8414,5319,20250713,,Premium,Monthly,Active,9.99,0.0,49.95,
8415,5356,20240104,,Fan,Monthly,Active,5.99,1.2,4.79,
8416,5393,20250324,20250423,Family,Annual,Cancelled,14.99,0.0,14.99,Low Usage
8417,5430,20231225,20240124,Premium,Monthly,Cancelled,9.99,0.0,9.99,Low Usage
8418,5467,20250109,20250708,Fan,Monthly,Cancelled,5.99,0.0,35.94,Price
8419,5504,20230507,20231103,Family,Monthly,Cancelled,14.99,0.0,89.94,Low Usage
8420,5541,20241104,,Premium,Annual,Active,9.99,0.0,29.97,
8421,5578,20240510,20241106,Fan,Monthly,Cancelled,5.99,0.0,35.94,Price
8422,5615,20240116,20240714,Family,Monthly,Cancelled,14.99,0.0,89.94,Low Usage
8423,5652,20230710,20231008,Premium,Monthly,Cancelled,9.99,0.0,29.97,Low Usage
8424,5689,20231206,20251205,Fan,Annual,Cancelled,5.99,1.2,114.96,Price
8425,5726,20230407,,Family,Monthly,Active,14.99,0.0,14.99,
8426,5763,20230821,20250820,Premium,Monthly,Cancelled,9.99,0.0,239.76,Low Usage
8427,5800,20250710,20250809,Fan,Monthly,Cancelled,5.99,0.0,5.99,Price
8428,5837,20241226,,Family,Annual,Active,14.99,0.0,179.88,
8429,5874,20241208,20251208,Premium,Monthly,Cancelled,9.99,0.0,119.88,Low Usage
8430,5911,20250608,,Fan,Monthly,Active,5.99,0.0,5.99,
8431,5948,20250308,20250904,Family,Monthly,Cancelled,14.99,0.0,89.94,Low Usage
8432,5985,20250626,20250726,Premium,Annual,Cancelled,9.99,0.0,9.99,Low Usage
8433,22,20241207,,Fan,Monthly,Active,5.99,1.2,62.27,
8434,59,20240529,20250529,Family,Monthly,Cancelled,14.99,0.0,179.88,Low Usage
8435,96,20240126,,Premium,Monthly,Active,9.99,0.0,229.77,
8436,133,20250324,20250622,Fan,Annual,Cancelled,5.99,0.0,17.97,Price
8437,170,20240606,20241203,Family,Monthly,Cancelled,14.99,0.0,89.94,Low Usage
8438,207,20240328,20250328,Premium,Monthly,Cancelled,9.99,0.0,119.88,Low Usage
8439,244,20240601,20250601,Fan,Monthly,Cancelled,5.99,0.0,71.88,Price
8440,281,20231116,,Family,Annual,Active,14.99,0.0,179.88,
8441,318,20240104,20250103,Premium,Monthly,Cancelled,9.99,0.0,119.88,Low Usage
8442,355,20231217,20251216,Fan,Monthly,Cancelled,5.99,1.2,114.96,Price
8443,392,20230322,20230620,Family,Monthly,Cancelled,14.99,0.0,44.97,Low Usage
8444,429,20250219,20250520,Premium,Annual,Cancelled,9.99,0.0,29.97,Low Usage
8445,466,20240517,,Fan,Monthly,Active,5.99,0.0,35.94,
8446,503,20241209,20251209,Family,Monthly,Cancelled,14.99,0.0,179.88,Low Usage
8447,540,20241002,20241101,Premium,Monthly,Cancelled,9.99,0.0,9.99,Low Usage
8448,577,20241220,20250119,Fan,Annual,Cancelled,5.99,0.0,5.99,Price
8449,614,20250926,,Family,Monthly,Active,14.99,0.0,44.97,
8450,651,20240311,,Premium,Monthly,Active,9.99,0.0,29.97,
8451,688,20240827,20240926,Fan,Monthly,Cancelled,5.99,1.2,4.79,Price
8452,725,20230109,20230708,Family,Annual,Cancelled,14.99,0.0,89.94,Low Usage
8453,762,20240307,,Premium,Monthly,Active,9.99,0.0,219.78,
8454,799,20240312,20240610,Fan,Monthly,Cancelled,5.99,0.0,17.97,Price
8455,836,20250618,,Family,Monthly,Active,14.99,0.0,89.94,
8456,873,20230414,20240413,Premium,Annual,Cancelled,9.99,0.0,119.88,Low Usage
8457,910,20240516,,Fan,Monthly,Active,5.99,0.0,113.81,
8458,947,20230404,20230703,Family,Monthly,Cancelled,14.99,0.0,44.97,Low Usage
8459,984,20250705,20251003,Premium,Monthly,Cancelled,9.99,0.0,29.97,Low Usage
8460,1021,20240314,,Fan,Annual,Active,5.99,1.2,4.79,
8461,1058,20240928,,Family,Monthly,Active,14.99,0.0,224.85,
8462,1095,20241109,20250207,Premium,Monthly,Cancelled,9.99,0.0,29.97,Low Usage
8463,1132,20250131,,Fan,Monthly,Active,5.99,0.0,65.89,
8464,1169,20230112,20250111,Family,Annual,Cancelled,14.99,0.0,359.76,Low Usage
8465,1206,20250618,,Premium,Monthly,Active,9.99,0.0,59.94,
8466,1243,20230314,20230612,Fan,Monthly,Cancelled,5.99,0.0,17.97,Price
8467,1280,20240515,20241111,Family,Monthly,Cancelled,14.99,0.0,89.94,Low Usage
8468,1317,20231010,20231109,Premium,Annual,Cancelled,9.99,0.0,9.99,Low Usage
8469,1354,20250305,,Fan,Monthly,Active,5.99,1.2,47.9,
8470,1391,20240327,,Family,Monthly,Active,14.99,0.0,14.99,
8471,1428,20241003,20250101,Premium,Monthly,Cancelled,9.99,0.0,29.97,Low Usage
8472,1465,20240323,20240621,Fan,Annual,Cancelled,5.99,0.0,17.97,Price
8473,1502,20241021,20251021,Family,Monthly,Cancelled,14.99,0.0,179.88,Low Usage
8474,1539,20230609,20250608,Premium,Monthly,Cancelled,9.99,0.0,239.76,Low Usage
8475,1576,20230612,,Fan,Monthly,Active,5.99,0.0,143.76,
8476,1613,20230320,20230916,Family,Annual,Cancelled,14.99,0.0,89.94,Low Usage
8477,1650,20240610,20250610,Premium,Monthly,Cancelled,9.99,0.0,119.88,Low Usage
8478,1687,20230606,20231203,Fan,Monthly,Cancelled,5.99,1.2,28.74,Price
8479,1724,20250121,20250720,Family,Monthly,Cancelled,14.99,0.0,89.94,Low Usage
8480,1761,20250209,,Premium,Annual,Active,9.99,0.0,99.9,
8481,1798,20240402,20250402,Fan,Monthly,Cancelled,5.99,0.0,71.88,Price
8482,1835,20250829,,Family,Monthly,Active,14.99,0.0,59.96,
8483,1872,20240917,20241216,Premium,Monthly,Cancelled,9.99,0.0,29.97,Low Usage
8484,1909,20250519,,Fan,Annual,Active,5.99,0.0,41.93,
8485,1946,20251011,,Family,Monthly,Active,14.99,0.0,29.98,
8486,1983,20230624,20231221,Premium,Monthly,Cancelled,9.99,0.0,59.94,Low Usage
8487,2020,20251104,,Fan,Monthly,Active,5.99,1.2,4.79,
8488,2057,20241026,20251026,Family,Annual,Cancelled,14.99,0.0,179.88,Low Usage
8489,2094,20231229,20240128,Premium,Monthly,Cancelled,9.99,0.0,9.99,Low Usage
8490,2131,20230307,,Fan,Monthly,Active,5.99,0.0,17.97,
8491,2168,20250503,20250801,Family,Monthly,Cancelled,14.99,0.0,44.97,Low Usage
8492,2205,20241119,20241219,Premium,Annual,Cancelled,9.99,0.0,9.99,Low Usage
8493,2242,20240527,20240626,Fan,Monthly,Cancelled,5.99,0.0,5.99,Price
8494,2279,20230524,20230822,Family,Monthly,Cancelled,14.99,0.0,44.97,Low Usage
8495,2316,20240911,,Premium,Monthly,Active,9.99,0.0,29.97,
8496,2353,20251110,,Fan,Annual,Active,5.99,1.2,4.79,
8497,2390,20250215,20250814,Family,Monthly,Cancelled,14.99,0.0,89.94,Low Usage
8498,2427,20231014,20241013,Premium,Monthly,Cancelled,9.99,0.0,119.88,Low Usage
8499,2464,20241025,20251025,Fan,Monthly,Cancelled,5.99,0.0,71.88,Price
8500,2501,20231017,,Family,Annual,Active,14.99,0.0,359.76,
8501,2538,20230713,20230812,Premium,Monthly,Cancelled,9.99,0.0,9.99,Low Usage
8502,2575,20231207,20251206,Fan,Monthly,Cancelled,5.99,0.0,143.76,Price
8503,2612,20230217,20230518,Family,Monthly,Cancelled,14.99,0.0,44.97,Low Usage
8504,2649,20240714,20250110,Premium,Annual,Cancelled,9.99,0.0,59.94,Low Usage
8505,2686,20230925,,Fan,Monthly,Active,5.99,1.2,57.48,
8506,2723,20240716,,Family,Monthly,Active,14.99,0.0,254.83,
8507,2760,20250722,20251020,Premium,Monthly,Cancelled,9.99,0.0,29.97,Low Usage
8508,2797,20250110,,Fan,Annual,Active,5.99,0.0,65.89,
8509,2834,20250801,,Family,Monthly,Active,14.99,0.0,74.95,
8510,2871,20250119,,Premium,Monthly,Active,9.99,0.0,29.97,
8511,2908,20240128,20240726,Fan,Monthly,Cancelled,5.99,0.0,35.94,Price
8512,2945,20240322,,Family,Annual,Active,14.99,0.0,314.79,
8513,2982,20240924,,Premium,Monthly,Active,9.99,0.0,149.85,
8514,3019,20230820,20240819,Fan,Monthly,Cancelled,5.99,1.2,57.48,Price
8515,3056,20241118,,Family,Monthly,Active,14.99,0.0,14.99,
8516,3093,20231123,20240221,Premium,Annual,Cancelled,9.99,0.0,29.97,Low Usage
8517,3130,20240706,20250102,Fan,Monthly,Cancelled,5.99,0.0,35.94,Price
8518,3167,20241003,20250401,Family,Monthly,Cancelled,14.99,0.0,89.94,Low Usage
8519,3204,20250616,,Premium,Monthly,Active,9.99,0.0,59.94,
8520,3241,20230201,,Fan,Annual,Active,5.99,0.0,71.88,
8521,3278,20230922,20250921,Family,Monthly,Cancelled,14.99,0.0,359.76,Low Usage
8522,3315,20230110,20230209,Premium,Monthly,Cancelled,9.99,0.0,9.99,Low Usage
8523,3352,20230401,20230630,Fan,Monthly,Cancelled,5.99,1.2,14.37,Price
8524,3389,20240106,20240405,Family,Annual,Cancelled,14.99,0.0,44.97,Low Usage
8525,3426,20250223,,Premium,Monthly,Active,9.99,0.0,99.9,
8526,3463,20250604,20251201,Fan,Monthly,Cancelled,5.99,0.0,35.94,Price
8527,3500,20230416,20231013,Family,Monthly,Cancelled,14.99,0.0,89.94,Low Usage
8528,3537,20240830,20250830,Premium,Annual,Cancelled,9.99,0.0,119.88,Low Usage
8529,3574,20250809,20251107,Fan,Monthly,Cancelled,5.99,0.0,17.97,Price
8530,3611,20240503,,Family,Monthly,Active,14.99,0.0,299.8,
8531,3648,20230226,20240226,Premium,Monthly,Cancelled,9.99,0.0,119.88,Low Usage
8532,3685,20231216,20240115,Fan,Annual,Cancelled,5.99,1.2,4.79,Price
8533,3722,20230824,20230923,Family,Monthly,Cancelled,14.99,0.0,14.99,Low Usage
8534,3759,20250512,,Premium,Monthly,Active,9.99,0.0,69.93,
8535,3796,20241127,,Fan,Monthly,Active,5.99,0.0,35.94,
8536,3833,20241214,20250612,Family,Annual,Cancelled,14.99,0.0,89.94,Low Usage
8537,3870,20240615,20241212,Premium,Monthly,Cancelled,9.99,0.0,59.94,Low Usage
8538,3907,20230423,20250422,Fan,Monthly,Cancelled,5.99,0.0,143.76,Price
8539,3944,20240612,20250612,Family,Monthly,Cancelled,14.99,0.0,179.88,Low Usage
8540,3981,20250318,,Premium,Annual,Active,9.99,0.0,29.97,
8541,4018,20250207,20250309,Fan,Monthly,Cancelled,5.99,1.2,4.79,Price
8542,4055,20230505,20230604,Family,Monthly,Cancelled,14.99,0.0,14.99,Low Usage
8543,4092,20240406,20240506,Premium,Monthly,Cancelled,9.99,0.0,9.99,Low Usage
8544,4129,20231109,20241108,Fan,Annual,Cancelled,5.99,0.0,71.88,Price
8545,4166,20231022,,Family,Monthly,Active,14.99,0.0,179.88,
8546,4203,20250923,20251023,Premium,Monthly,Cancelled,9.99,0.0,9.99,Low Usage
8547,4240,20250807,20251105,Fan,Monthly,Cancelled,5.99,0.0,17.97,Price
8548,4277,20241126,20250224,Family,Annual,Cancelled,14.99,0.0,44.97,Low Usage
8549,4314,20240215,20240515,Premium,Monthly,Cancelled,9.99,0.0,29.97,Low Usage
8550,4351,20250519,,Fan,Monthly,Active,5.99,1.2,33.53,
8551,4388,20250522,,Family,Monthly,Active,14.99,0.0,104.93,
8552,4425,20240315,,Premium,Annual,Active,9.99,0.0,209.79,
8553,4462,20230405,20250404,Fan,Monthly,Cancelled,5.99,0.0,143.76,Price
8554,4499,20230316,20240315,Family,Monthly,Cancelled,14.99,0.0,179.88,Low Usage
8555,4536,20250131,,Premium,Monthly,Active,9.99,0.0,109.89,
8556,4573,20240130,20250129,Fan,Annual,Cancelled,5.99,0.0,71.88,Price
8557,4610,20250811,,Family,Monthly,Active,14.99,0.0,59.96,
8558,4647,20241121,20250520,Premium,Monthly,Cancelled,9.99,0.0,59.94,Low Usage
8559,4684,20250629,,Fan,Monthly,Active,5.99,1.2,28.74,
8560,4721,20231029,,Family,Annual,Active,14.99,0.0,89.94,
8561,4758,20230730,20231028,Premium,Monthly,Cancelled,9.99,0.0,29.97,Low Usage
8562,4795,20240110,20250109,Fan,Monthly,Cancelled,5.99,0.0,71.88,Price
8563,4832,20230909,20240908,Family,Monthly,Cancelled,14.99,0.0,179.88,Low Usage
8564,4869,20240728,20241026,Premium,Annual,Cancelled,9.99,0.0,29.97,Low Usage
8565,4906,20250103,,Fan,Monthly,Active,5.99,0.0,71.88,
8566,4943,20240710,,Family,Monthly,Active,14.99,0.0,269.82,
8567,4980,20250930,20251229,Premium,Monthly,Cancelled,9.99,0.0,29.97,Low Usage
8568,5017,20250806,20251104,Fan,Annual,Cancelled,5.99,1.2,14.37,Price
8569,5054,20240413,20241010,Family,Monthly,Cancelled,14.99,0.0,89.94,Low Usage
8570,5091,20241006,,Premium,Monthly,Active,9.99,0.0,29.97,
8571,5128,20250114,20250213,Fan,Monthly,Cancelled,5.99,0.0,5.99,Price
8572,5165,20250921,,Family,Annual,Active,14.99,0.0,44.97,
8573,5202,20250110,,Premium,Monthly,Active,9.99,0.0,109.89,
8574,5239,20241101,20251101,Fan,Monthly,Cancelled,5.99,0.0,71.88,Price
8575,5276,20241120,,Family,Monthly,Active,14.99,0.0,89.94,
8576,5313,20241103,20241203,Premium,Annual,Cancelled,9.99,0.0,9.99,Low Usage
8577,5350,20250124,,Fan,Monthly,Active,5.99,1.2,52.69,
8578,5387,20240822,20240921,Family,Monthly,Cancelled,14.99,0.0,14.99,Low Usage
8579,5424,20240324,20240622,Premium,Monthly,Cancelled,9.99,0.0,29.97,Low Usage
8580,5461,20250414,,Fan,Annual,Active,5.99,0.0,47.92,
8581,5498,20240219,20250218,Family,Monthly,Cancelled,14.99,0.0,179.88,Low Usage
8582,5535,20240815,,Premium,Monthly,Active,9.99,0.0,159.84,
8583,5572,20250511,20251107,Fan,Monthly,Cancelled,5.99,0.0,35.94,Price
8584,5609,20250402,20250929,Family,Annual,Cancelled,14.99,0.0,89.94,Low Usage
8585,5646,20240922,,Premium,Monthly,Active,9.99,0.0,29.97,
8586,5683,20250918,,Fan,Monthly,Active,5.99,1.2,14.37,
8587,5720,20240903,20241003,Family,Monthly,Cancelled,14.99,0.0,14.99,Low Usage
8588,5757,20250407,20250706,Premium,Annual,Cancelled,9.99,0.0,29.97,Low Usage
8589,5794,20250926,,Fan,Monthly,Active,5.99,0.0,17.97,
8590,5831,20250701,,Family,Monthly,Active,14.99,0.0,89.94,
8591,5868,20250805,,Premium,Monthly,Active,9.99,0.0,39.96,
8592,5905,20250307,20250605,Fan,Annual,Cancelled,5.99,0.0,17.97,Price
8593,5942,20231111,20240509,Family,Monthly,Cancelled,14.99,0.0,89.94,Low Usage
8594,5979,20250804,,Premium,Monthly,Active,9.99,0.0,49.95,
8595,16,20250119,,Fan,Monthly,Active,5.99,1.2,4.79,
8596,53,20241109,20250508,Family,Annual,Cancelled,14.99,0.0,89.94,Low Usage
8597,90,20250329,20250627,Premium,Monthly,Cancelled,9.99,0.0,29.97,Low Usage
8598,127,20230629,20231226,Fan,Monthly,Cancelled,5.99,0.0,35.94,Price
8599,164,20240731,20241029,Family,Monthly,Cancelled,14.99,0.0,44.97,Low Usage
8600,201,20231204,,Premium,Annual,Active,9.99,0.0,239.76,
8601,238,20240919,20241218,Fan,Monthly,Cancelled,5.99,0.0,17.97,Price
8602,275,20240420,20241017,Family,Monthly,Cancelled,14.99,0.0,89.94,Low Usage
8603,312,20230813,20250812,Premium,Monthly,Cancelled,9.99,0.0,239.76,Low Usage
8604,349,20241103,20241203,Fan,Annual,Cancelled,5.99,1.2,4.79,Price
8605,386,20250427,,Family,Monthly,Active,14.99,0.0,44.97,
8606,423,20240430,20240729,Premium,Monthly,Cancelled,9.99,0.0,29.97,Low Usage
8607,460,20250712,,Fan,Monthly,Active,5.99,0.0,29.95,
8608,497,20250728,,Family,Annual,Active,14.99,0.0,74.95,
8609,534,20231012,20251011,Premium,Monthly,Cancelled,9.99,0.0,239.76,Low Usage
8610,571,20230522,,Fan,Monthly,Active,5.99,0.0,71.88,
8611,608,20230130,20230301,Family,Monthly,Cancelled,14.99,0.0,14.99,Low Usage
8612,645,20230328,20230626,Premium,Annual,Cancelled,9.99,0.0,29.97,Low Usage
8613,682,20231224,20241223,Fan,Monthly,Cancelled,5.99,1.2,57.48,Price
8614,719,20241020,20250418,Family,Monthly,Cancelled,14.99,0.0,89.94,Low Usage
8615,756,20240529,,Premium,Monthly,Active,9.99,0.0,59.94,
8616,793,20240504,,Fan,Annual,Active,5.99,0.0,119.8,
8617,830,20231119,20241118,Family,Monthly,Cancelled,14.99,0.0,179.88,Low Usage
8618,867,20250209,20250311,Premium,Monthly,Cancelled,9.99,0.0,9.99,Low Usage
8619,904,20241027,,Fan,Monthly,Active,5.99,0.0,83.86,
8620,941,20241031,,Family,Annual,Active,14.99,0.0,89.94,
8621,978,20230131,20240131,Premium,Monthly,Cancelled,9.99,0.0,119.88,Low Usage
8622,1015,20231205,20241204,Fan,Monthly,Cancelled,5.99,1.2,57.48,Price
8623,1052,20250729,20250828,Family,Monthly,Cancelled,14.99,0.0,14.99,Low Usage
8624,1089,20250213,,Premium,Annual,Active,9.99,0.0,99.9,
8625,1126,20250226,,Fan,Monthly,Active,5.99,0.0,59.9,
8626,1163,20230917,20231017,Family,Monthly,Cancelled,14.99,0.0,14.99,Low Usage
8627,1200,20230921,20231021,Premium,Monthly,Cancelled,9.99,0.0,9.99,Low Usage
8628,1237,20250425,,Fan,Annual,Active,5.99,0.0,47.92,
8629,1274,20240521,,Family,Monthly,Active,14.99,0.0,284.81,
8630,1311,20240421,,Premium,Monthly,Active,9.99,0.0,199.8,
8631,1348,20250113,20250212,Fan,Monthly,Cancelled,5.99,1.2,4.79,Price
8632,1385,20250321,20250619,Family,Annual,Cancelled,14.99,0.0,44.97,Low Usage
8633,1422,20240927,20250927,Premium,Monthly,Cancelled,9.99,0.0,119.88,Low Usage
8634,1459,20250816,,Fan,Monthly,Active,5.99,0.0,23.96,
8635,1496,20240902,,Family,Monthly,Active,14.99,0.0,239.84,
8636,1533,20240831,20250831,Premium,Annual,Cancelled,9.99,0.0,119.88,Low Usage
8637,1570,20230610,20230908,Fan,Monthly,Cancelled,5.99,0.0,17.97,Price
8638,1607,20251004,,Family,Monthly,Active,14.99,0.0,29.98,
8639,1644,20240526,20241122,Premium,Monthly,Cancelled,9.99,0.0,59.94,Low Usage
8640,1681,20230817,,Fan,Annual,Active,5.99,1.2,114.96,
8641,1718,20241217,20250317,Family,Monthly,Cancelled,14.99,0.0,44.97,Low Usage
8642,1755,20230603,20250602,Premium,Monthly,Cancelled,9.99,0.0,239.76,Low Usage
8643,1792,20240625,,Fan,Monthly,Active,5.99,0.0,107.82,
8644,1829,20230210,20230312,Family,Annual,Cancelled,14.99,0.0,14.99,Low Usage
8645,1866,20241212,,Premium,Monthly,Active,9.99,0.0,59.94,
8646,1903,20230604,20240603,Fan,Monthly,Cancelled,5.99,0.0,71.88,Price
8647,1940,20251018,,Family,Monthly,Active,14.99,0.0,29.98,
8648,1977,20231212,20240609,Premium,Annual,Cancelled,9.99,0.0,59.94,Low Usage
8649,2014,20240706,20241004,Fan,Monthly,Cancelled,5.99,1.2,14.37,Price
8650,2051,20240212,,Family,Monthly,Active,14.99,0.0,44.97,
8651,2088,20230904,20240302,Premium,Monthly,Cancelled,9.99,0.0,59.94,Low Usage
8652,2125,20240212,,Fan,Annual,Active,5.99,0.0,131.78,
8653,2162,20250630,20251227,Family,Monthly,Cancelled,14.99,0.0,89.94,Low Usage
8654,2199,20231128,20240526,Premium,Monthly,Cancelled,9.99,0.0,59.94,Low Usage
8655,2236,20250426,,Fan,Monthly,Active,5.99,0.0,47.92,
8656,2273,20230415,20230714,Family,Annual,Cancelled,14.99,0.0,44.97,Low Usage
8657,2310,20230110,20230709,Premium,Monthly,Cancelled,9.99,0.0,59.94,Low Usage
8658,2347,20250625,20250923,Fan,Monthly,Cancelled,5.99,1.2,14.37,Price
8659,2384,20240419,20240718,Family,Monthly,Cancelled,14.99,0.0,44.97,Low Usage
8660,2421,20240129,,Premium,Annual,Active,9.99,0.0,9.99,
8661,2458,20250214,,Fan,Monthly,Active,5.99,0.0,59.9,
8662,2495,20241230,,Family,Monthly,Active,14.99,0.0,179.88,
8663,2532,20250111,20250710,Premium,Monthly,Cancelled,9.99,0.0,59.94,Low Usage
8664,2569,20231021,20251020,Fan,Annual,Cancelled,5.99,0.0,143.76,Price
8665,2606,20240703,,Family,Monthly,Active,14.99,0.0,44.97,
8666,2643,20240403,,Premium,Monthly,Active,9.99,0.0,209.79,
8667,2680,20250212,20250811,Fan,Monthly,Cancelled,5.99,1.2,28.74,Price
8668,2717,20230211,20250210,Family,Annual,Cancelled,14.99,0.0,359.76,Low Usage
8669,2754,20230517,20231113,Premium,Monthly,Cancelled,9.99,0.0,59.94,Low Usage
8670,2791,20230829,,Fan,Monthly,Active,5.99,0.0,143.76,
8671,2828,20230413,20250412,Family,Monthly,Cancelled,14.99,0.0,359.76,Low Usage
8672,2865,20240518,20240816,Premium,Annual,Cancelled,9.99,0.0,29.97,Low Usage
8673,2902,20251108,,Fan,Monthly,Active,5.99,0.0,5.99,
8674,2939,20250419,20251016,Family,Monthly,Cancelled,14.99,0.0,89.94,Low Usage
8675,2976,20230530,,Premium,Monthly,Active,9.99,0.0,59.94,
8676,3013,20251006,,Fan,Annual,Active,5.99,1.2,9.58,
8677,3050,20250124,20250424,Family,Monthly,Cancelled,14.99,0.0,44.97,Low Usage
8678,3087,20231015,20240412,Premium,Monthly,Cancelled,9.99,0.0,59.94,Low Usage
8679,3124,20230711,20250710,Fan,Monthly,Cancelled,5.99,0.0,143.76,Price
8680,3161,20240729,,Family,Annual,Active,14.99,0.0,179.88,
8681,3198,20230330,20230628,Premium,Monthly,Cancelled,9.99,0.0,29.97,Low Usage
8682,3235,20240422,,Fan,Monthly,Active,5.99,0.0,119.8,
8683,3272,20230428,20231025,Family,Monthly,Cancelled,14.99,0.0,89.94,Low Usage
8684,3309,20241025,,Premium,Annual,Active,9.99,0.0,139.86,
8685,3346,20230309,,Fan,Monthly,Active,5.99,1.2,57.48,
8686,3383,20241109,20241209,Family,Monthly,Cancelled,14.99,0.0,14.99,Low Usage
8687,3420,20240417,20241014,Premium,Monthly,Cancelled,9.99,0.0,59.94,Low Usage
8688,3457,20251108,,Fan,Annual,Active,5.99,0.0,5.99,
8689,3494,20240922,20241022,Family,Monthly,Cancelled,14.99,0.0,14.99,Low Usage
8690,3531,20240506,,Premium,Monthly,Active,9.99,0.0,29.97,
8691,3568,20230419,20230718,Fan,Monthly,Cancelled,5.99,0.0,17.97,Price
8692,3605,20230923,20240321,Family,Annual,Cancelled,14.99,0.0,89.94,Low Usage
8693,3642,20240616,20240716,Premium,Monthly,Cancelled,9.99,0.0,9.99,Low Usage
8694,3679,20231225,20240622,Fan,Monthly,Cancelled,5.99,1.2,28.74,Price
8695,3716,20250220,,Family,Monthly,Active,14.99,0.0,44.97,
8696,3753,20251023,,Premium,Annual,Active,9.99,0.0,19.98,
8697,3790,20240603,20241130,Fan,Monthly,Cancelled,5.99,0.0,35.94,Price
8698,3827,20250722,20250821,Family,Monthly,Cancelled,14.99,0.0,14.99,Low Usage
8699,3864,20231203,20241202,Premium,Monthly,Cancelled,9.99,0.0,119.88,Low Usage
8700,3901,20231007,,Fan,Annual,Active,5.99,0.0,35.94,
8701,3938,20230506,20230804,Family,Monthly,Cancelled,14.99,0.0,44.97,Low Usage
8702,3975,20240405,20250405,Premium,Monthly,Cancelled,9.99,0.0,119.88,Low Usage
8703,4012,20250424,20250524,Fan,Monthly,Cancelled,5.99,1.2,4.79,Price
8704,4049,20240119,20250118,Family,Annual,Cancelled,14.99,0.0,179.88,Low Usage
8705,4086,20240326,,Premium,Monthly,Active,9.99,0.0,59.94,
8706,4123,20240801,20250128,Fan,Monthly,Cancelled,5.99,0.0,35.94,Price
8707,4160,20240604,,Family,Monthly,Active,14.99,0.0,284.81,
8708,4197,20231021,20231120,Premium,Annual,Cancelled,9.99,0.0,9.99,Low Usage
8709,4234,20240213,20240513,Fan,Monthly,Cancelled,5.99,0.0,17.97,Price
8710,4271,20240116,,Family,Monthly,Active,14.99,0.0,44.97,
8711,4308,20250930,20251229,Premium,Monthly,Cancelled,9.99,0.0,29.97,Low Usage
8712,4345,20250607,20251204,Fan,Annual,Cancelled,5.99,1.2,28.74,Price
8713,4382,20240117,20240416,Family,Monthly,Cancelled,14.99,0.0,44.97,Low Usage
8714,4419,20240512,20240611,Premium,Monthly,Cancelled,9.99,0.0,9.99,Low Usage
8715,4456,20240309,,Fan,Monthly,Active,5.99,0.0,17.97,
8716,4493,20240120,20240219,Family,Annual,Cancelled,14.99,0.0,14.99,Low Usage
8717,4530,20230903,20250902,Premium,Monthly,Cancelled,9.99,0.0,239.76,Low Usage
8718,4567,20250703,,Fan,Monthly,Active,5.99,0.0,35.94,
8719,4604,20240929,,Family,Monthly,Active,14.99,0.0,224.85,
8720,4641,20250307,,Premium,Annual,Active,9.99,0.0,99.9,
8721,4678,20231008,20231107,Fan,Monthly,Cancelled,5.99,1.2,4.79,Price
8722,4715,20240908,20250307,Family,Monthly,Cancelled,14.99,0.0,89.94,Low Usage
8723,4752,20250614,20250714,Premium,Monthly,Cancelled,9.99,0.0,9.99,Low Usage
8724,4789,20230811,20240207,Fan,Annual,Cancelled,5.99,0.0,35.94,Price
8725,4826,20241211,,Family,Monthly,Active,14.99,0.0,179.88,
8726,4863,20230919,20231218,Premium,Monthly,Cancelled,9.99,0.0,29.97,Low Usage
8727,4900,20251014,,Fan,Monthly,Active,5.99,0.0,11.98,
8728,4937,20241110,20250208,Family,Annual,Cancelled,14.99,0.0,44.97,Low Usage
8729,4974,20251115,,Premium,Monthly,Active,9.99,0.0,9.99,
8730,5011,20251018,,Fan,Monthly,Active,5.99,1.2,9.58,
8731,5048,20250411,20250710,Family,Monthly,Cancelled,14.99,0.0,44.97,Low Usage
8732,5085,20230110,20230709,Premium,Annual,Cancelled,9.99,0.0,59.94,Low Usage
8733,5122,20250510,,Fan,Monthly,Active,5.99,0.0,41.93,
8734,5159,20250704,20251002,Family,Monthly,Cancelled,14.99,0.0,44.97,Low Usage
8735,5196,20230904,,Premium,Monthly,Active,9.99,0.0,59.94,
8736,5233,20250930,,Fan,Annual,Active,5.99,0.0,17.97,
8737,5270,20230124,20240124,Family,Monthly,Cancelled,14.99,0.0,179.88,Low Usage
8738,5307,20230810,20240809,Premium,Monthly,Cancelled,9.99,0.0,119.88,Low Usage
8739,5344,20230618,20230718,Fan,Monthly,Cancelled,5.99,1.2,4.79,Price
8740,5381,20251004,,Family,Annual,Active,14.99,0.0,29.98,
8741,5418,20241125,,Premium,Monthly,Active,9.99,0.0,129.87,
8742,5455,20250730,,Fan,Monthly,Active,5.99,0.0,29.95,
8743,5492,20251024,,Family,Monthly,Active,14.99,0.0,29.98,
8744,5529,20240205,20250204,Premium,Annual,Cancelled,9.99,0.0,119.88,Low Usage
8745,5566,20230902,,Fan,Monthly,Active,5.99,0.0,5.99,
8746,5603,20231127,20240225,Family,Monthly,Cancelled,14.99,0.0,44.97,Low Usage
8747,5640,20250808,20251106,Premium,Monthly,Cancelled,9.99,0.0,29.97,Low Usage
8748,5677,20230930,20231030,Fan,Annual,Cancelled,5.99,1.2,4.79,Price
8749,5714,20240522,20240820,Family,Monthly,Cancelled,14.99,0.0,44.97,Low Usage
8750,5751,20240410,,Premium,Monthly,Active,9.99,0.0,119.88,
8751,5788,20250404,,Fan,Monthly,Active,5.99,0.0,53.91,
8752,5825,20240728,20240827,Family,Annual,Cancelled,14.99,0.0,14.99,Low Usage
8753,5862,20250917,20251017,Premium,Monthly,Cancelled,9.99,0.0,9.99,Low Usage
8754,5899,20230911,20240910,Fan,Monthly,Cancelled,5.99,0.0,71.88,Price
8755,5936,20241008,,Family,Monthly,Active,14.99,0.0,44.97,
8756,5973,20240809,20250809,Premium,Annual,Cancelled,9.99,0.0,119.88,Low Usage
8757,10,20231216,20240115,Fan,Monthly,Cancelled,5.99,1.2,4.79,Price
8758,47,20250212,20250811,Family,Monthly,Cancelled,14.99,0.0,89.94,Low Usage
8759,84,20240516,20240615,Premium,Monthly,Cancelled,9.99,0.0,9.99,Low Usage
8760,121,20230614,,Fan,Annual,Active,5.99,0.0,5.99,
8761,158,20250915,,Family,Monthly,Active,14.99,0.0,44.97,
8762,195,20230406,20240405,Premium,Monthly,Cancelled,9.99,0.0,119.88,Low Usage
8763,232,20231020,20251019,Fan,Monthly,Cancelled,5.99,0.0,143.76,Price
8764,269,20230318,20230417,Family,Annual,Cancelled,14.99,0.0,14.99,Low Usage
8765,306,20251014,,Premium,Monthly,Active,9.99,0.0,19.98,
8766,343,20240425,20240525,Fan,Monthly,Cancelled,5.99,1.2,4.79,Price
8767,380,20240705,,Family,Monthly,Active,14.99,0.0,269.82,
8768,417,20231112,20231212,Premium,Annual,Cancelled,9.99,0.0,9.99,Low Usage
8769,454,20250607,20251204,Fan,Monthly,Cancelled,5.99,0.0,35.94,Price
8770,491,20241228,,Family,Monthly,Active,14.99,0.0,44.97,
8771,528,20250111,20250411,Premium,Monthly,Cancelled,9.99,0.0,29.97,Low Usage
8772,565,20240312,20240411,Fan,Annual,Cancelled,5.99,0.0,5.99,Price
8773,602,20241213,20250611,Family,Monthly,Cancelled,14.99,0.0,89.94,Low Usage
8774,639,20240422,20241019,Premium,Monthly,Cancelled,9.99,0.0,59.94,Low Usage
8775,676,20240319,,Fan,Monthly,Active,5.99,1.2,14.37,
8776,713,20250326,20250922,Family,Annual,Cancelled,14.99,0.0,89.94,Low Usage
8777,750,20250719,,Premium,Monthly,Active,9.99,0.0,49.95,
8778,787,20250412,20250711,Fan,Monthly,Cancelled,5.99,0.0,17.97,Price
8779,824,20240320,20240419,Family,Monthly,Cancelled,14.99,0.0,14.99,Low Usage
8780,861,20240202,,Premium,Annual,Active,9.99,0.0,229.77,
8781,898,20230801,20230831,Fan,Monthly,Cancelled,5.99,0.0,5.99,Price
8782,935,20241212,20250312,Family,Monthly,Cancelled,14.99,0.0,44.97,Low Usage
8783,972,20240131,20240430,Premium,Monthly,Cancelled,9.99,0.0,29.97,Low Usage
8784,1009,20250612,,Fan,Annual,Active,5.99,1.2,28.74,
8785,1046,20251106,,Family,Monthly,Active,14.99,0.0,14.99,
8786,1083,20230901,20231001,Premium,Monthly,Cancelled,9.99,0.0,9.99,Low Usage
8787,1120,20230223,20230822,Fan,Monthly,Cancelled,5.99,0.0,35.94,Price
8788,1157,20250405,20250704,Family,Annual,Cancelled,14.99,0.0,44.97,Low Usage
8789,1194,20230527,20250526,Premium,Monthly,Cancelled,9.99,0.0,239.76,Low Usage
8790,1231,20250227,,Fan,Monthly,Active,5.99,0.0,59.9,
8791,1268,20250905,20251204,Family,Monthly,Cancelled,14.99,0.0,44.97,Low Usage
8792,1305,20250215,20250516,Premium,Annual,Cancelled,9.99,0.0,29.97,Low Usage
8793,1342,20231122,20240220,Fan,Monthly,Cancelled,5.99,1.2,14.37,Price
8794,1379,20241223,20250122,Family,Monthly,Cancelled,14.99,0.0,14.99,Low Usage
8795,1416,20250714,,Premium,Monthly,Active,9.99,0.0,49.95,
8796,1453,20240411,20240710,Fan,Annual,Cancelled,5.99,0.0,17.97,Price
8797,1490,20250624,20250922,Family,Monthly,Cancelled,14.99,0.0,44.97,Low Usage
8798,1527,20251024,20251123,Premium,Monthly,Cancelled,9.99,0.0,9.99,Low Usage
8799,1564,20240307,20240903,Fan,Monthly,Cancelled,5.99,0.0,35.94,Price
8800,1601,20241018,,Family,Annual,Active,14.99,0.0,179.88,
8801,1638,20230930,20231229,Premium,Monthly,Cancelled,9.99,0.0,29.97,Low Usage
8802,1675,20250806,,Fan,Monthly,Active,5.99,1.2,19.16,
8803,1712,20240403,20240702,Family,Monthly,Cancelled,14.99,0.0,44.97,Low Usage
8804,1749,20230922,20240921,Premium,Annual,Cancelled,9.99,0.0,119.88,Low Usage
8805,1786,20250207,,Fan,Monthly,Active,5.99,0.0,5.99,
8806,1823,20240826,20240925,Family,Monthly,Cancelled,14.99,0.0,14.99,Low Usage
8807,1860,20240503,20250503,Premium,Monthly,Cancelled,9.99,0.0,119.88,Low Usage
8808,1897,20240328,20240626,Fan,Annual,Cancelled,5.99,0.0,17.97,Price
8809,1934,20240211,20240312,Family,Monthly,Cancelled,14.99,0.0,14.99,Low Usage
8810,1971,20230602,,Premium,Monthly,Active,9.99,0.0,239.76,
8811,2008,20250611,20251208,Fan,Monthly,Cancelled,5.99,1.2,28.74,Price
8812,2045,20230117,20240117,Family,Annual,Cancelled,14.99,0.0,179.88,Low Usage
8813,2082,20240826,20241124,Premium,Monthly,Cancelled,9.99,0.0,29.97,Low Usage
8814,2119,20240625,20250625,Fan,Monthly,Cancelled,5.99,0.0,71.88,Price
8815,2156,20240413,,Family,Monthly,Active,14.99,0.0,299.8,
8816,2193,20250412,20251009,Premium,Annual,Cancelled,9.99,0.0,59.94,Low Usage
8817,2230,20231019,20241018,Fan,Monthly,Cancelled,5.99,0.0,71.88,Price
8818,2267,20250330,20250429,Family,Monthly,Cancelled,14.99,0.0,14.99,Low Usage
8819,2304,20230718,20240114,Premium,Monthly,Cancelled,9.99,0.0,59.94,Low Usage
8820,2341,20250903,,Fan,Annual,Active,5.99,1.2,14.37,
8821,2378,20241102,20250501,Family,Monthly,Cancelled,14.99,0.0,89.94,Low Usage
8822,2415,20250110,,Premium,Monthly,Active,9.99,0.0,109.89,
8823,2452,20231208,20251207,Fan,Monthly,Cancelled,5.99,0.0,143.76,Price
8824,2489,20250917,20251017,Family,Annual,Cancelled,14.99,0.0,14.99,Low Usage
8825,2526,20241014,,Premium,Monthly,Active,9.99,0.0,29.97,
8826,2563,20240524,20240822,Fan,Monthly,Cancelled,5.99,0.0,17.97,Price
8827,2600,20240229,20240827,Family,Monthly,Cancelled,14.99,0.0,89.94,Low Usage
8828,2637,20230315,20230911,Premium,Annual,Cancelled,9.99,0.0,59.94,Low Usage
8829,2674,20250829,,Fan,Monthly,Active,5.99,1.2,19.16,
8830,2711,20230522,,Family,Monthly,Active,14.99,0.0,359.76,
8831,2748,20240112,20240211,Premium,Monthly,Cancelled,9.99,0.0,9.99,Low Usage
8832,2785,20230708,20240707,Fan,Annual,Cancelled,5.99,0.0,71.88,Price
8833,2822,20240304,,Family,Monthly,Active,14.99,0.0,329.78,
8834,2859,20230112,20250111,Premium,Monthly,Cancelled,9.99,0.0,239.76,Low Usage
8835,2896,20250916,,Fan,Monthly,Active,5.99,0.0,17.97,
8836,2933,20240618,20240916,Family,Annual,Cancelled,14.99,0.0,44.97,Low Usage
8837,2970,20250309,20250905,Premium,Monthly,Cancelled,9.99,0.0,59.94,Low Usage
8838,3007,20231102,20240430,Fan,Monthly,Cancelled,5.99,1.2,28.74,Price
8839,3044,20231020,20251019,Family,Monthly,Cancelled,14.99,0.0,359.76,Low Usage
8840,3081,20230126,,Premium,Annual,Active,9.99,0.0,59.94,
8841,3118,20230802,20230901,Fan,Monthly,Cancelled,5.99,0.0,5.99,Price
8842,3155,20251010,,Family,Monthly,Active,14.99,0.0,29.98,
8843,3192,20241218,20250117,Premium,Monthly,Cancelled,9.99,0.0,9.99,Low Usage
8844,3229,20240205,20240803,Fan,Annual,Cancelled,5.99,0.0,35.94,Price
8845,3266,20250501,,Family,Monthly,Active,14.99,0.0,14.99,
8846,3303,20230824,20230923,Premium,Monthly,Cancelled,9.99,0.0,9.99,Low Usage
8847,3340,20240623,20241220,Fan,Monthly,Cancelled,5.99,1.2,28.74,Price
8848,3377,20250412,,Family,Annual,Active,14.99,0.0,119.92,
8849,3414,20231201,20240529,Premium,Monthly,Cancelled,9.99,0.0,59.94,Low Usage
8850,3451,20231007,,Fan,Monthly,Active,5.99,0.0,143.76,
8851,3488,20240604,20240902,Family,Monthly,Cancelled,14.99,0.0,44.97,Low Usage
8852,3525,20251111,20251211,Premium,Annual,Cancelled,9.99,0.0,9.99,Low Usage
8853,3562,20251021,20251120,Fan,Monthly,Cancelled,5.99,0.0,5.99,Price
8854,3599,20230314,20230612,Family,Monthly,Cancelled,14.99,0.0,44.97,Low Usage
8855,3636,20250501,,Premium,Monthly,Active,9.99,0.0,59.94,
8856,3673,20230917,20240916,Fan,Annual,Cancelled,5.99,1.2,57.48,Price
8857,3710,20231029,20251028,Family,Monthly,Cancelled,14.99,0.0,359.76,Low Usage
8858,3747,20240426,20250426,Premium,Monthly,Cancelled,9.99,0.0,119.88,Low Usage
8859,3784,20250401,,Fan,Monthly,Active,5.99,0.0,53.91,
8860,3821,20230409,,Family,Annual,Active,14.99,0.0,179.88,
8861,3858,20240422,,Premium,Monthly,Active,9.99,0.0,199.8,
8862,3895,20240922,20241221,Fan,Monthly,Cancelled,5.99,0.0,17.97,Price
8863,3932,20241011,,Family,Monthly,Active,14.99,0.0,209.86,
8864,3969,20230131,20230302,Premium,Annual,Cancelled,9.99,0.0,9.99,Low Usage
8865,4006,20240831,,Fan,Monthly,Active,5.99,1.2,28.74,
8866,4043,20230227,20230826,Family,Monthly,Cancelled,14.99,0.0,89.94,Low Usage
8867,4080,20250628,20251225,Premium,Monthly,Cancelled,9.99,0.0,59.94,Low Usage
8868,4117,20240915,,Fan,Annual,Active,5.99,0.0,89.85,
8869,4154,20251020,,Family,Monthly,Active,14.99,0.0,29.98,
8870,4191,20250605,,Premium,Monthly,Active,9.99,0.0,59.94,
8871,4228,20230509,20231105,Fan,Monthly,Cancelled,5.99,0.0,35.94,Price
8872,4265,20241121,20241221,Family,Annual,Cancelled,14.99,0.0,14.99,Low Usage
8873,4302,20250510,20251106,Premium,Monthly,Cancelled,9.99,0.0,59.94,Low Usage
8874,4339,20250923,20251023,Fan,Monthly,Cancelled,5.99,1.2,4.79,Price
8875,4376,20241013,,Family,Monthly,Active,14.99,0.0,89.94,
8876,4413,20231118,20241117,Premium,Annual,Cancelled,9.99,0.0,119.88,Low Usage
8877,4450,20250222,20250523,Fan,Monthly,Cancelled,5.99,0.0,17.97,Price
8878,4487,20251009,,Family,Monthly,Active,14.99,0.0,29.98,
8879,4524,20250402,20250701,Premium,Monthly,Cancelled,9.99,0.0,29.97,Low Usage
8880,4561,20250406,,Fan,Annual,Active,5.99,0.0,35.94,
8881,4598,20230117,20240117,Family,Monthly,Cancelled,14.99,0.0,179.88,Low Usage
8882,4635,20250127,20250726,Premium,Monthly,Cancelled,9.99,0.0,59.94,Low Usage
8883,4672,20230716,20240112,Fan,Monthly,Cancelled,5.99,1.2,28.74,Price
8884,4709,20230204,20250203,Family,Annual,Cancelled,14.99,0.0,359.76,Low Usage
8885,4746,20251109,,Premium,Monthly,Active,9.99,0.0,9.99,
8886,4783,20230421,20230720,Fan,Monthly,Cancelled,5.99,0.0,17.97,Price
8887,4820,20251105,,Family,Monthly,Active,14.99,0.0,14.99,
8888,4857,20241228,20251228,Premium,Annual,Cancelled,9.99,0.0,119.88,Low Usage
8889,4894,20250915,,Fan,Monthly,Active,5.99,0.0,17.97,
8890,4931,20250128,,Family,Monthly,Active,14.99,0.0,89.94,
8891,4968,20240625,20240923,Premium,Monthly,Cancelled,9.99,0.0,29.97,Low Usage
8892,5005,20241014,20251014,Fan,Annual,Cancelled,5.99,1.2,57.48,Price
8893,5042,20240217,,Family,Monthly,Active,14.99,0.0,329.78,
8894,5079,20250506,20250804,Premium,Monthly,Cancelled,9.99,0.0,29.97,Low Usage
8895,5116,20240926,,Fan,Monthly,Active,5.99,0.0,71.88,
8896,5153,20230910,20231209,Family,Annual,Cancelled,14.99,0.0,44.97,Low Usage
8897,5190,20240622,20250622,Premium,Monthly,Cancelled,9.99,0.0,119.88,Low Usage
8898,5227,20231213,20251212,Fan,Monthly,Cancelled,5.99,0.0,143.76,Price
8899,5264,20240723,,Family,Monthly,Active,14.99,0.0,254.83,
8900,5301,20240323,,Premium,Annual,Active,9.99,0.0,9.99,
8901,5338,20230626,20230726,Fan,Monthly,Cancelled,5.99,1.2,4.79,Price
8902,5375,20250103,,Family,Monthly,Active,14.99,0.0,179.88,
8903,5412,20230522,20230621,Premium,Monthly,Cancelled,9.99,0.0,9.99,Low Usage
8904,5449,20250405,,Fan,Annual,Active,5.99,0.0,53.91,
8905,5486,20230827,,Family,Monthly,Active,14.99,0.0,89.94,
8906,5523,20250127,20250726,Premium,Monthly,Cancelled,9.99,0.0,59.94,Low Usage
8907,5560,20250811,,Fan,Monthly,Active,5.99,0.0,23.96,
8908,5597,20250807,20251105,Family,Annual,Cancelled,14.99,0.0,44.97,Low Usage
8909,5634,20250611,20250711,Premium,Monthly,Cancelled,9.99,0.0,9.99,Low Usage
8910,5671,20240623,,Fan,Monthly,Active,5.99,1.2,28.74,
8911,5708,20230531,20230630,Family,Monthly,Cancelled,14.99,0.0,14.99,Low Usage
8912,5745,20231004,20240401,Premium,Annual,Cancelled,9.99,0.0,59.94,Low Usage
8913,5782,20250810,,Fan,Monthly,Active,5.99,0.0,23.96,
8914,5819,20240725,20250121,Family,Monthly,Cancelled,14.99,0.0,89.94,Low Usage
8915,5856,20231126,,Premium,Monthly,Active,9.99,0.0,239.76,
8916,5893,20230208,20230310,Fan,Annual,Cancelled,5.99,0.0,5.99,Price
8917,5930,20251012,,Family,Monthly,Active,14.99,0.0,29.98,
8918,5967,20250506,20251102,Premium,Monthly,Cancelled,9.99,0.0,59.94,Low Usage
8919,4,20230625,20230923,Fan,Monthly,Cancelled,5.99,1.2,14.37,Price
8920,41,20250801,,Family,Annual,Active,14.99,0.0,14.99,
8921,78,20240429,20250429,Premium,Monthly,Cancelled,9.99,0.0,119.88,Low Usage
8922,115,20230728,20240124,Fan,Monthly,Cancelled,5.99,0.0,35.94,Price
8923,152,20231105,20241104,Family,Monthly,Cancelled,14.99,0.0,179.88,Low Usage
8924,189,20230311,20230609,Premium,Annual,Cancelled,9.99,0.0,29.97,Low Usage
8925,226,20231015,,Fan,Monthly,Active,5.99,0.0,17.97,
8926,263,20251028,,Family,Monthly,Active,14.99,0.0,29.98,
8927,300,20250410,,Premium,Monthly,Active,9.99,0.0,79.92,
8928,337,20230428,20240427,Fan,Annual,Cancelled,5.99,1.2,57.48,Price
8929,374,20250204,,Family,Monthly,Active,14.99,0.0,164.89,
8930,411,20250508,,Premium,Monthly,Active,9.99,0.0,9.99,
8931,448,20240503,20240801,Fan,Monthly,Cancelled,5.99,0.0,17.97,Price
8932,485,20250818,20251116,Family,Annual,Cancelled,14.99,0.0,44.97,Low Usage
8933,522,20240220,,Premium,Monthly,Active,9.99,0.0,219.78,
8934,559,20251027,,Fan,Monthly,Active,5.99,0.0,11.98,
8935,596,20250423,,Family,Monthly,Active,14.99,0.0,119.92,
8936,633,20240825,20240924,Premium,Annual,Cancelled,9.99,0.0,9.99,Low Usage
8937,670,20230522,20230820,Fan,Monthly,Cancelled,5.99,1.2,14.37,Price
8938,707,20231229,20240128,Family,Monthly,Cancelled,14.99,0.0,14.99,Low Usage
8939,744,20250125,20250425,Premium,Monthly,Cancelled,9.99,0.0,29.97,Low Usage
8940,781,20250814,,Fan,Annual,Active,5.99,0.0,23.96,
8941,818,20250828,20251126,Family,Monthly,Cancelled,14.99,0.0,44.97,Low Usage
8942,855,20230714,20231012,Premium,Monthly,Cancelled,9.99,0.0,29.97,Low Usage
8943,892,20230427,20230726,Fan,Monthly,Cancelled,5.99,0.0,17.97,Price
8944,929,20250115,,Family,Annual,Active,14.99,0.0,164.89,
8945,966,20250929,,Premium,Monthly,Active,9.99,0.0,29.97,
8946,1003,20250629,20250927,Fan,Monthly,Cancelled,5.99,1.2,14.37,Price
8947,1040,20250607,,Family,Monthly,Active,14.99,0.0,89.94,
8948,1077,20230405,20230704,Premium,Annual,Cancelled,9.99,0.0,29.97,Low Usage
8949,1114,20230304,20230403,Fan,Monthly,Cancelled,5.99,0.0,5.99,Price
8950,1151,20240827,,Family,Monthly,Active,14.99,0.0,14.99,
8951,1188,20230619,20230917,Premium,Monthly,Cancelled,9.99,0.0,29.97,Low Usage
8952,1225,20231103,20251102,Fan,Annual,Cancelled,5.99,0.0,143.76,Price
8953,1262,20240301,20240828,Family,Monthly,Cancelled,14.99,0.0,89.94,Low Usage
8954,1299,20230704,20231231,Premium,Monthly,Cancelled,9.99,0.0,59.94,Low Usage
8955,1336,20251019,,Fan,Monthly,Active,5.99,1.2,4.79,
8956,1373,20240213,,Family,Annual,Active,14.99,0.0,329.78,
8957,1410,20230702,20230801,Premium,Monthly,Cancelled,9.99,0.0,9.99,Low Usage
8958,1447,20250407,,Fan,Monthly,Active,5.99,0.0,47.92,
8959,1484,20230916,20231016,Family,Monthly,Cancelled,14.99,0.0,14.99,Low Usage
8960,1521,20240612,,Premium,Annual,Active,9.99,0.0,59.94,
8961,1558,20230411,20231008,Fan,Monthly,Cancelled,5.99,0.0,35.94,Price
8962,1595,20240118,20240217,Family,Monthly,Cancelled,14.99,0.0,14.99,Low Usage
8963,1632,20250203,,Premium,Monthly,Active,9.99,0.0,109.89,
8964,1669,20231007,20241006,Fan,Annual,Cancelled,5.99,1.2,57.48,Price
8965,1706,20240709,,Family,Monthly,Active,14.99,0.0,179.88,
8966,1743,20230828,20250827,Premium,Monthly,Cancelled,9.99,0.0,239.76,Low Usage
8967,1780,20230119,20250118,Fan,Monthly,Cancelled,5.99,0.0,143.76,Price
8968,1817,20231126,20231226,Family,Annual,Cancelled,14.99,0.0,14.99,Low Usage
8969,1854,20250310,20250608,Premium,Monthly,Cancelled,9.99,0.0,29.97,Low Usage
8970,1891,20230712,,Fan,Monthly,Active,5.99,0.0,35.94,
8971,1928,20250812,,Family,Monthly,Active,14.99,0.0,59.96,
8972,1965,20241221,20250321,Premium,Annual,Cancelled,9.99,0.0,29.97,Low Usage
8973,2002,20250422,20251019,Fan,Monthly,Cancelled,5.99,1.2,28.74,Price
8974,2039,20230329,20230925,Family,Monthly,Cancelled,14.99,0.0,89.94,Low Usage
8975,2076,20230504,,Premium,Monthly,Active,9.99,0.0,59.94,
8976,2113,20250203,20250802,Fan,Annual,Cancelled,5.99,0.0,35.94,Price
8977,2150,20250407,20250507,Family,Monthly,Cancelled,14.99,0.0,14.99,Low Usage
8978,2187,20231029,20241028,Premium,Monthly,Cancelled,9.99,0.0,119.88,Low Usage
8979,2224,20241002,,Fan,Monthly,Active,5.99,0.0,89.85,
8980,2261,20240517,,Family,Annual,Active,14.99,0.0,44.97,
8981,2298,20240715,,Premium,Monthly,Active,9.99,0.0,169.83,
8982,2335,20230524,20230623,Fan,Monthly,Cancelled,5.99,1.2,4.79,Price
8983,2372,20250711,20250810,Family,Monthly,Cancelled,14.99,0.0,14.99,Low Usage
8984,2409,20230620,20231217,Premium,Annual,Cancelled,9.99,0.0,59.94,Low Usage
8985,2446,20241020,,Fan,Monthly,Active,5.99,0.0,35.94,
8986,2483,20250729,20251027,Family,Monthly,Cancelled,14.99,0.0,44.97,Low Usage
8987,2520,20240319,20240617,Premium,Monthly,Cancelled,9.99,0.0,29.97,Low Usage
8988,2557,20230928,20250927,Fan,Annual,Cancelled,5.99,0.0,143.76,Price
8989,2594,20240324,20250324,Family,Monthly,Cancelled,14.99,0.0,179.88,Low Usage
8990,2631,20250203,,Premium,Monthly,Active,9.99,0.0,109.89,
8991,2668,20230812,20231110,Fan,Monthly,Cancelled,5.99,1.2,14.37,Price
8992,2705,20231031,20241030,Family,Annual,Cancelled,14.99,0.0,179.88,Low Usage
8993,2742,20240417,20240716,Premium,Monthly,Cancelled,9.99,0.0,29.97,Low Usage
8994,2779,20230727,20231025,Fan,Monthly,Cancelled,5.99,0.0,17.97,Price
8995,2816,20240717,,Family,Monthly,Active,14.99,0.0,44.97,
8996,2853,20230823,20250822,Premium,Annual,Cancelled,9.99,0.0,239.76,Low Usage
8997,2890,20231102,20241101,Fan,Monthly,Cancelled,5.99,0.0,71.88,Price
8998,2927,20231006,20240403,Family,Monthly,Cancelled,14.99,0.0,89.94,Low Usage
8999,2964,20240921,20250320,Premium,Monthly,Cancelled,9.99,0.0,59.94,Low Usage
9000,3001,20230908,,Fan,Annual,Active,5.99,1.2,14.37,
