follow_id,follower_user_id,followed_user_id,follow_date_key,source_surface
1,888,4350,20240522,Recommendation
2,5844,1108,20240918,Watch Party
3,2446,1787,20231221,Review
4,2300,4315,20240225,Profile
5,1827,213,20240917,Recommendation
6,3338,2777,20230308,Watch Party
7,4390,5977,20231121,Review
8,1275,978,20240812,Profile
9,2895,3745,20240524,Recommendation
10,919,4245,20240215,Watch Party
11,1579,159,20230611,Review
12,367,26,20250721,Profile
13,1088,920,20230909,Recommendation
14,1917,3842,20240531,Watch Party
15,3427,5607,20250825,Review
16,3114,955,20230522,Profile
17,1472,4020,20250506,Recommendation
18,5250,66,20230424,Watch Party
19,3413,3094,20230119,Review
20,4948,1481,20230325,Profile
21,3152,162,20230526,Recommendation
22,2982,1861,20250129,Watch Party
23,2084,2680,20250816,Review
24,3448,4886,20241214,Profile
25,565,3139,20240422,Recommendation
26,5387,5388,20230224,Watch Party
27,1879,1004,20230907,Review
28,1603,4605,20240228,Profile
29,512,725,20251208,Recommendation
30,543,846,20241018,Watch Party
31,3732,5669,20250815,Review
32,1553,3070,20240127,Profile
33,4615,2312,20230811,Recommendation
34,2241,2121,20240921,Watch Party
35,3867,3770,20230517,Review
36,378,5942,20230128,Profile
37,4689,693,20250318,Recommendation
38,5041,2795,20241208,Watch Party
39,5990,3789,20230114,Review
40,1138,3014,20251112,Profile
41,1593,4986,20250826,Recommendation
42,4425,3151,20250711,Watch Party
43,4718,1424,20240315,Review
44,3067,1925,20240705,Profile
45,1178,2104,20231116,Recommendation
46,4632,1256,20250210,Watch Party
47,957,3283,20251221,Review
48,5491,4684,20240327,Profile
49,1861,53,20240529,Recommendation
50,4169,1632,20250128,Watch Party
51,776,4227,20230416,Review
52,2316,3312,20241202,Profile
53,2410,3731,20240927,Recommendation
54,3450,1748,20250525,Watch Party
55,4778,5567,20230304,Review
56,5136,1529,20250419,Profile
57,5873,1861,20250212,Recommendation
58,1075,4519,20231231,Watch Party
59,3824,4253,20241009,Review
60,3728,1712,20240103,Profile
61,5254,5480,20240224,Recommendation
62,5263,1542,20250122,Watch Party
63,2503,5977,20240930,Review
64,1075,189,20230310,Profile
65,5721,3052,20250415,Recommendation
66,687,1942,20230309,Watch Party
67,204,1498,20250603,Review
68,1616,3792,20250428,Profile
69,5237,4992,20250410,Recommendation
70,3247,2767,20240612,Watch Party
71,5094,3356,20241009,Review
72,1987,2112,20240802,Profile
73,1301,2852,20240404,Recommendation
74,5982,5851,20230123,Watch Party
75,5536,4081,20251117,Review
76,1324,5347,20251004,Profile
77,1015,2473,20230507,Recommendation
78,5321,2134,20240318,Watch Party
79,2457,4162,20230730,Review
80,3712,3858,20230505,Profile
81,1686,1690,20240729,Recommendation
82,5185,3371,20250625,Watch Party
83,5053,5473,20240106,Review
84,1890,3376,20240617,Profile
85,4316,2442,20230823,Recommendation
86,2716,3755,20250529,Watch Party
87,3615,25,20240223,Review
88,729,3591,20250918,Profile
89,1377,482,20251129,Recommendation
90,1933,3160,20231024,Watch Party
91,2855,5127,20251203,Review
92,1904,5788,20231006,Profile
93,1560,1017,20230607,Recommendation
94,4910,2762,20251024,Watch Party
95,91,5089,20240906,Review
96,3976,2329,20250129,Profile
97,1487,62,20240824,Recommendation
98,707,1101,20240323,Watch Party
99,2978,3801,20240308,Review
100,52,751,20230612,Profile
101,1074,2015,20230709,Recommendation
102,2276,1464,20250730,Watch Party
103,1324,5128,20230408,Review
104,5983,5287,20250817,Profile
105,1845,4589,20231210,Recommendation
106,2407,4734,20251115,Watch Party
107,5922,2523,20240701,Review
108,3096,1995,20240513,Profile
109,1803,167,20250221,Recommendation
110,1814,4112,20230612,Watch Party
111,1613,1639,20241231,Review
112,435,4163,20251106,Profile
113,311,5693,20241214,Recommendation
114,3137,1922,20230817,Watch Party
115,5703,5775,20230906,Review
116,1046,3408,20250812,Profile
117,1614,1243,20250430,Recommendation
118,2569,2498,20250903,Watch Party
119,116,655,20250719,Review
120,3839,381,20231004,Profile
121,5064,3257,20251206,Recommendation
122,1480,35,20240902,Watch Party
123,216,4535,20231007,Review
124,2232,255,20241130,Profile
125,2202,3361,20241224,Recommendation
126,3364,2400,20250510,Watch Party
127,3677,5039,20230503,Review
128,409,3518,20240809,Profile
129,3209,310,20250520,Recommendation
130,541,716,20231116,Watch Party
131,3752,2056,20250729,Review
132,1026,4743,20240519,Profile
133,1332,2480,20230209,Recommendation
134,5982,5711,20231030,Watch Party
135,257,5353,20240208,Review
136,241,3032,20250317,Profile
137,3696,5467,20250811,Recommendation
138,2718,781,20250103,Watch Party
139,5102,4149,20241211,Review
140,3236,5314,20241024,Profile
141,1096,2761,20251109,Recommendation
142,4049,2144,20231218,Watch Party
143,5770,3268,20251220,Review
144,250,2944,20230131,Profile
145,2710,183,20230927,Recommendation
146,3582,4336,20231029,Watch Party
147,4951,3126,20231120,Review
148,1631,252,20250828,Profile
149,4145,2187,20240616,Recommendation
150,3170,2080,20240924,Watch Party
151,3817,1121,20230228,Review
152,4176,4051,20250428,Profile
153,5097,3842,20230927,Recommendation
154,2164,1894,20231120,Watch Party
155,804,1872,20250106,Review
156,4953,3085,20230208,Profile
157,1633,2545,20230816,Recommendation
158,3294,3067,20230109,Watch Party
159,2340,1951,20240526,Review
160,4270,5165,20250722,Profile
161,5137,3206,20250226,Recommendation
162,2777,4651,20250203,Watch Party
163,980,4732,20250426,Review
164,5311,5378,20240507,Profile
165,2298,5067,20230812,Recommendation
166,1350,160,20240626,Watch Party
167,4227,5419,20250721,Review
168,3447,5954,20250710,Profile
169,5515,3725,20230815,Recommendation
170,5347,3736,20230525,Watch Party
171,2221,5784,20240924,Review
172,2051,3448,20240330,Profile
173,3582,5940,20230908,Recommendation
174,5983,612,20250729,Watch Party
175,1824,1778,20230211,Review
176,4948,3136,20250806,Profile
177,4126,4573,20230822,Recommendation
178,3189,1961,20240327,Watch Party
179,4605,2134,20251124,Review
180,34,2056,20241014,Profile
181,3628,378,20231205,Recommendation
182,3911,3930,20230330,Watch Party
183,3115,4312,20241028,Review
184,4245,5762,20250522,Profile
185,4306,732,20240627,Recommendation
186,1353,3007,20250131,Watch Party
187,350,20,20250227,Review
188,5817,1326,20230616,Profile
189,5854,2519,20240301,Recommendation
190,4339,3399,20240529,Watch Party
191,5024,2495,20230408,Review
192,2765,989,20240310,Profile
193,2701,4517,20240907,Recommendation
194,2065,4105,20250220,Watch Party
195,1788,5667,20240813,Review
196,1058,5104,20250925,Profile
197,5941,2419,20240828,Recommendation
198,2461,3159,20241116,Watch Party
199,3319,4627,20240112,Review
200,1632,615,20250614,Profile
201,2992,5224,20230320,Recommendation
202,2167,775,20230203,Watch Party
203,789,1174,20231211,Review
204,463,2576,20240203,Profile
205,4359,2888,20230324,Recommendation
206,25,1498,20250815,Watch Party
207,135,5644,20240731,Review
208,5623,5977,20250723,Profile
209,441,1546,20240218,Recommendation
210,3070,2037,20241016,Watch Party
211,3300,4377,20250930,Review
212,1474,2780,20250324,Profile
213,278,5268,20230612,Recommendation
214,1122,867,20241107,Watch Party
215,5463,699,20240523,Review
216,5687,2613,20230913,Profile
217,4388,3586,20251210,Recommendation
218,3989,1570,20240807,Watch Party
219,3048,177,20240826,Review
220,202,1028,20250325,Profile
221,5543,5363,20250724,Recommendation
222,1563,2530,20230710,Watch Party
223,4569,4763,20230621,Review
224,4124,2648,20240128,Profile
225,4002,3255,20250501,Recommendation
226,2229,5970,20250325,Watch Party
227,4369,1597,20230128,Review
228,5337,3134,20230426,Profile
229,2531,579,20241114,Recommendation
230,285,3217,20250730,Watch Party
231,2831,4066,20240908,Review
232,4196,1193,20250924,Profile
233,3545,4916,20251219,Recommendation
234,1402,3773,20250530,Watch Party
235,508,5730,20240802,Review
236,3485,2608,20240722,Profile
237,2514,1224,20250820,Recommendation
238,2060,5469,20250122,Watch Party
239,372,425,20240916,Review
240,1286,5147,20230920,Profile
241,367,3889,20240417,Recommendation
242,2270,5872,20251101,Watch Party
243,4249,5891,20231228,Review
244,1056,4552,20230918,Profile
245,1750,4577,20231120,Recommendation
246,5562,255,20231020,Watch Party
247,337,1352,20250331,Review
248,2445,2114,20241208,Profile
249,1100,2551,20250520,Recommendation
250,2731,3477,20251108,Watch Party
251,2389,5852,20230723,Review
252,1325,2355,20240906,Profile
253,1747,80,20241219,Recommendation
254,2571,3025,20240405,Watch Party
255,2603,2203,20240303,Review
256,1189,5774,20240122,Profile
257,577,5316,20240104,Recommendation
258,3726,5951,20240414,Watch Party
259,394,4086,20240823,Review
260,678,1753,20251120,Profile
261,3657,374,20250320,Recommendation
262,1919,583,20250131,Watch Party
263,650,4944,20230621,Review
264,4831,18,20241115,Profile
265,3147,5353,20250125,Recommendation
266,1175,346,20240527,Watch Party
267,3038,404,20230629,Review
268,1392,1176,20230311,Profile
269,5440,3593,20230114,Recommendation
270,2963,2704,20251116,Watch Party
271,2144,723,20250509,Review
272,5261,16,20230228,Profile
273,4010,4054,20250610,Recommendation
274,4636,1282,20241006,Watch Party
275,2256,3129,20250717,Review
276,95,2628,20230812,Profile
277,1183,4824,20241231,Recommendation
278,1270,2865,20240121,Watch Party
279,914,2099,20240311,Review
280,2482,5060,20230624,Profile
281,3351,4777,20231113,Recommendation
282,3897,3442,20250626,Watch Party
283,4295,5263,20251207,Review
284,5163,5441,20230611,Profile
285,4696,2779,20240812,Recommendation
286,3089,3764,20250526,Watch Party
287,3511,3729,20240630,Review
288,3946,1383,20250612,Profile
289,2480,775,20240729,Recommendation
290,1553,1479,20230605,Watch Party
291,2685,1864,20230210,Review
292,3927,3922,20251017,Profile
293,2887,4731,20240831,Recommendation
294,5409,2355,20250104,Watch Party
295,94,1537,20250223,Review
296,1029,5776,20251209,Profile
297,1490,5912,20230623,Recommendation
298,5222,4829,20241002,Watch Party
299,1571,2025,20250705,Review
300,4203,2941,20240909,Profile
301,5259,5922,20231028,Recommendation
302,3158,5564,20250821,Watch Party
303,2906,2638,20230205,Review
304,3312,901,20240901,Profile
305,3333,5111,20230201,Recommendation
306,2611,1941,20251015,Watch Party
307,2565,4492,20241005,Review
308,1292,734,20230802,Profile
309,2313,3629,20231027,Recommendation
310,214,2202,20230527,Watch Party
311,5932,5986,20250831,Review
312,1444,3992,20250224,Profile
313,2513,5325,20250916,Recommendation
314,4554,1986,20230507,Watch Party
315,1813,5463,20230318,Review
316,3306,4333,20230724,Profile
317,2748,1565,20231007,Recommendation
318,4975,2148,20251128,Watch Party
319,1362,2174,20231122,Review
320,1418,215,20240809,Profile
321,1291,3854,20231002,Recommendation
322,3296,1725,20231205,Watch Party
323,2237,2008,20250522,Review
324,2556,5052,20250106,Profile
325,1705,3275,20250203,Recommendation
326,5422,2936,20240318,Watch Party
327,1675,4844,20240902,Review
328,4708,3089,20231208,Profile
329,3170,1116,20251122,Recommendation
330,4074,1809,20250421,Watch Party
331,681,3139,20251119,Review
332,4346,4758,20241013,Profile
333,1069,3557,20240422,Recommendation
334,1585,676,20231126,Watch Party
335,3217,208,20240116,Review
336,2020,1624,20250504,Profile
337,5739,3128,20231104,Recommendation
338,5515,328,20241219,Watch Party
339,2610,4287,20230409,Review
340,4170,4443,20250504,Profile
341,2223,2174,20240628,Recommendation
342,989,456,20231203,Watch Party
343,3463,1120,20240427,Review
344,591,687,20230730,Profile
345,3728,1734,20231003,Recommendation
346,644,4539,20230211,Watch Party
347,1060,5112,20250405,Review
348,1053,2270,20241229,Profile
349,1023,911,20250923,Recommendation
350,711,29,20241111,Watch Party
351,4043,5687,20250113,Review
352,2328,2660,20250219,Profile
353,402,3807,20250929,Recommendation
354,2730,2094,20250328,Watch Party
355,1453,3828,20240314,Review
356,5685,4809,20251004,Profile
357,5268,2657,20230617,Recommendation
358,5040,4784,20231009,Watch Party
359,5879,4884,20230511,Review
360,658,441,20240731,Profile
361,1209,5997,20230213,Recommendation
362,1888,1257,20230331,Watch Party
363,4266,2078,20231011,Review
364,3830,3570,20250206,Profile
365,4711,1448,20241021,Recommendation
366,6,1378,20240307,Watch Party
367,5894,5251,20241226,Review
368,3939,3608,20231124,Profile
369,1352,1634,20241018,Recommendation
370,64,3016,20251007,Watch Party
371,4256,2980,20240327,Review
372,5054,4831,20250718,Profile
373,1045,5580,20240328,Recommendation
374,3848,5556,20230320,Watch Party
375,3057,576,20231105,Review
376,1851,91,20251130,Profile
377,4462,1231,20240131,Recommendation
378,2484,5901,20230128,Watch Party
379,3574,1644,20230420,Review
380,2022,3786,20241027,Profile
381,2092,5849,20250825,Recommendation
382,4622,2198,20231006,Watch Party
383,4513,2698,20240514,Review
384,1930,2918,20241020,Profile
385,3616,642,20241227,Recommendation
386,1119,5201,20230705,Watch Party
387,4049,5275,20230705,Review
388,369,5912,20250713,Profile
389,4405,3359,20240821,Recommendation
390,385,2965,20230609,Watch Party
391,169,3445,20250317,Review
392,219,1042,20230824,Profile
393,5294,2439,20230114,Recommendation
394,2486,5191,20231210,Watch Party
395,1441,279,20251127,Review
396,4264,893,20230131,Profile
397,5470,3840,20240920,Recommendation
398,389,1655,20230913,Watch Party
399,3722,1890,20250322,Review
400,1770,4935,20230311,Profile
401,2388,3577,20230926,Recommendation
402,5059,4787,20230204,Watch Party
403,331,3782,20230915,Review
404,1834,2928,20250630,Profile
405,4549,2974,20251122,Recommendation
406,1666,4473,20231018,Watch Party
407,5407,1634,20240716,Review
408,1269,5459,20240520,Profile
409,2990,2487,20231201,Recommendation
410,3374,2175,20230610,Watch Party
411,4387,277,20230406,Review
412,2872,2584,20230210,Profile
413,1312,813,20250131,Recommendation
414,63,2910,20251116,Watch Party
415,5201,1208,20231115,Review
416,887,304,20230210,Profile
417,2764,1320,20240913,Recommendation
418,3067,3498,20250114,Watch Party
419,5294,2375,20241013,Review
420,1119,3590,20230305,Profile
421,3986,513,20230928,Recommendation
422,5432,2660,20250519,Watch Party
423,599,608,20230606,Review
424,495,1749,20230530,Profile
425,1373,4903,20250107,Recommendation
426,4010,996,20241109,Watch Party
427,4958,2713,20230107,Review
428,2741,2888,20230908,Profile
429,4402,260,20241106,Recommendation
430,955,1838,20250316,Watch Party
431,3836,5312,20250614,Review
432,1763,5908,20230804,Profile
433,2657,4079,20231223,Recommendation
434,2189,738,20230108,Watch Party
435,4831,2520,20241021,Review
436,2339,5786,20250405,Profile
437,4387,1651,20250529,Recommendation
438,5914,3115,20230521,Watch Party
439,356,870,20240224,Review
440,3210,5798,20231121,Profile
441,3609,1367,20240914,Recommendation
442,3171,5746,20231205,Watch Party
443,73,3738,20250320,Review
444,2726,630,20240617,Profile
445,3248,2240,20231018,Recommendation
446,2498,4072,20231230,Watch Party
447,653,330,20230530,Review
448,1707,4336,20240403,Profile
449,2917,4246,20240315,Recommendation
450,4159,2120,20250819,Watch Party
451,3782,918,20251208,Review
452,2860,3656,20240701,Profile
453,4554,1947,20251104,Recommendation
454,2384,4204,20251017,Watch Party
455,4339,688,20250521,Review
456,1989,1625,20250306,Profile
457,203,364,20230622,Recommendation
458,4175,5983,20230415,Watch Party
459,5751,3387,20241102,Review
460,4432,5531,20230625,Profile
461,5852,2184,20250123,Recommendation
462,913,623,20240305,Watch Party
463,2466,4072,20250214,Review
464,5300,4703,20241011,Profile
465,1405,5771,20230121,Recommendation
466,1378,2271,20230115,Watch Party
467,1412,5749,20230815,Review
468,2924,594,20230507,Profile
469,3428,978,20240101,Recommendation
470,1675,2562,20250824,Watch Party
471,4186,4320,20250515,Review
472,4999,1520,20250620,Profile
473,2065,4014,20241224,Recommendation
474,2071,5037,20251002,Watch Party
475,4030,1079,20230521,Review
476,5056,3559,20250210,Profile
477,4312,5360,20250505,Recommendation
478,5952,3678,20240115,Watch Party
479,4956,4344,20250923,Review
480,5699,5524,20251207,Profile
481,1222,5541,20230525,Recommendation
482,3780,3171,20240413,Watch Party
483,5613,1741,20250715,Review
484,3500,3386,20250410,Profile
485,3564,2637,20231209,Recommendation
486,502,2080,20250615,Watch Party
487,2616,4947,20230507,Review
488,300,2237,20240331,Profile
489,2501,4559,20230321,Recommendation
490,1590,1123,20230926,Watch Party
491,5583,2377,20240609,Review
492,3557,1732,20250407,Profile
493,3417,3580,20230210,Recommendation
494,2393,129,20251103,Watch Party
495,4816,895,20241115,Review
496,5686,3975,20230210,Profile
497,2657,3337,20240602,Recommendation
498,1242,2887,20240515,Watch Party
499,926,4881,20230103,Review
500,4994,2942,20250104,Profile
501,3996,3624,20250515,Recommendation
502,283,5670,20230626,Watch Party
503,5433,5498,20251005,Review
504,1540,5596,20250403,Profile
505,5616,169,20250502,Recommendation
506,2531,3407,20230820,Watch Party
507,1389,3246,20250331,Review
508,2240,3086,20241225,Profile
509,3463,494,20250703,Recommendation
510,3031,3797,20241004,Watch Party
511,2718,4459,20230326,Review
512,194,3792,20240607,Profile
513,2496,5681,20230904,Recommendation
514,693,291,20231014,Watch Party
515,2289,5957,20240714,Review
516,5742,5815,20250831,Profile
517,4379,1251,20251123,Recommendation
518,438,3441,20230428,Watch Party
519,3662,4232,20240427,Review
520,3415,213,20250911,Profile
521,1669,2857,20230308,Recommendation
522,5218,2414,20241126,Watch Party
523,4833,5278,20230115,Review
524,1623,2859,20230721,Profile
525,2415,2451,20251109,Recommendation
526,737,3938,20240611,Watch Party
527,2150,1728,20250419,Review
528,2840,3475,20240511,Profile
529,5746,4718,20251128,Recommendation
530,1824,5512,20251116,Watch Party
531,2321,4331,20240407,Review
532,2981,1678,20250203,Profile
533,2916,1036,20251226,Recommendation
534,3101,4386,20230701,Watch Party
535,5116,3139,20250412,Review
536,1063,4979,20240628,Profile
537,4352,1375,20250527,Recommendation
538,5271,535,20251126,Watch Party
539,147,3585,20240611,Review
540,362,5235,20230709,Profile
541,5496,1850,20250104,Recommendation
542,4595,3659,20251001,Watch Party
543,5917,4765,20240118,Review
544,4903,4016,20250526,Profile
545,1653,905,20250120,Recommendation
546,5726,126,20240201,Watch Party
547,990,1573,20240619,Review
548,5175,5639,20251223,Profile
549,4247,4919,20250821,Recommendation
550,3465,4123,20230628,Watch Party
551,2399,4995,20230505,Review
552,2335,2187,20240308,Profile
553,64,2932,20230402,Recommendation
554,3560,3607,20230622,Watch Party
555,2670,2920,20240707,Review
556,4927,3828,20240917,Profile
557,828,3773,20240625,Recommendation
558,617,2066,20240823,Watch Party
559,3050,4162,20240810,Review
560,647,123,20230222,Profile
561,5959,5515,20230822,Recommendation
562,5178,5225,20250522,Watch Party
563,2266,2977,20230925,Review
564,2326,4363,20240902,Profile
565,4821,1783,20251014,Recommendation
566,744,4936,20230919,Watch Party
567,3984,879,20230922,Review
568,1521,475,20251019,Profile
569,1148,3179,20240911,Recommendation
570,348,1273,20231223,Watch Party
571,4980,4223,20230904,Review
572,986,5437,20250928,Profile
573,5000,3605,20251023,Recommendation
574,4959,3595,20231204,Watch Party
575,4335,2447,20250409,Review
576,4688,771,20250915,Profile
577,115,1440,20250219,Recommendation
578,312,5216,20250815,Watch Party
579,4493,5474,20241119,Review
580,3101,4804,20240208,Profile
581,3793,1182,20230418,Recommendation
582,1571,4606,20230925,Watch Party
583,3165,2918,20241123,Review
584,148,3216,20231125,Profile
585,1664,1517,20250828,Recommendation
586,799,5084,20250611,Watch Party
587,556,3564,20230906,Review
588,2306,4748,20230606,Profile
589,252,5255,20240510,Recommendation
590,639,2837,20230528,Watch Party
591,5673,5161,20240102,Review
592,1789,5835,20250927,Profile
593,4727,1617,20240619,Recommendation
594,4189,3387,20230908,Watch Party
595,4902,2097,20240514,Review
596,77,570,20241215,Profile
597,901,2552,20250408,Recommendation
598,3335,3124,20230615,Watch Party
599,1404,2266,20230913,Review
600,3664,3381,20250708,Profile
601,2388,2831,20240410,Recommendation
602,66,3228,20250830,Watch Party
603,775,308,20251001,Review
604,3117,1861,20240413,Profile
605,937,276,20230416,Recommendation
606,1698,374,20240708,Watch Party
607,4121,37,20251101,Review
608,2594,2097,20250920,Profile
609,4654,4506,20240412,Recommendation
610,5858,1624,20240911,Watch Party
611,414,3067,20241024,Review
612,2942,781,20230407,Profile
613,4357,2199,20230419,Recommendation
614,3905,5513,20251226,Watch Party
615,2486,4267,20240219,Review
616,3431,3018,20241019,Profile
617,3494,2837,20240517,Recommendation
618,1192,1903,20250513,Watch Party
619,569,5606,20250726,Review
620,4010,978,20240518,Profile
621,5714,3775,20250816,Recommendation
622,2246,5219,20241103,Watch Party
623,628,3046,20241007,Review
624,5533,1024,20240527,Profile
625,3780,3553,20241124,Recommendation
626,1728,3131,20250724,Watch Party
627,5066,3143,20240119,Review
628,4926,4528,20250911,Profile
629,5456,5070,20251017,Recommendation
630,1817,3225,20240817,Watch Party
631,5080,2932,20231023,Review
632,4291,3712,20250702,Profile
633,1684,3714,20250312,Recommendation
634,3772,3354,20231128,Watch Party
635,4657,264,20230628,Review
636,1562,2210,20230723,Profile
637,198,4516,20250313,Recommendation
638,2890,5681,20250502,Watch Party
639,3231,5561,20240906,Review
640,4655,4821,20230531,Profile
641,1800,555,20250729,Recommendation
642,2596,1970,20250508,Watch Party
643,5777,2811,20240801,Review
644,2328,895,20231115,Profile
645,2159,1355,20250502,Recommendation
646,2349,1982,20230411,Watch Party
647,125,4257,20230815,Review
648,733,3384,20230407,Profile
649,1671,1424,20230923,Recommendation
650,1962,2010,20230628,Watch Party
651,1576,5874,20250810,Review
652,3762,1579,20240909,Profile
653,2111,38,20241001,Recommendation
654,3231,177,20230328,Watch Party
655,391,4132,20240514,Review
656,3047,3029,20250719,Profile
657,4273,3149,20250519,Recommendation
658,5308,3870,20240209,Watch Party
659,5208,1685,20231215,Review
660,1446,2155,20240920,Profile
661,5400,5730,20250901,Recommendation
662,4688,4402,20230610,Watch Party
663,1132,2537,20241215,Review
664,1819,5950,20250128,Profile
665,3923,743,20240518,Recommendation
666,3624,2710,20240229,Watch Party
667,728,1981,20240306,Review
668,731,4529,20251113,Profile
669,2359,4670,20250311,Recommendation
670,2562,4713,20250915,Watch Party
671,3779,2419,20240821,Review
672,3278,4346,20230712,Profile
673,4459,846,20240619,Recommendation
674,4629,4845,20240419,Watch Party
675,4302,692,20230721,Review
676,1505,2511,20231211,Profile
677,5211,1976,20251124,Recommendation
678,241,747,20250529,Watch Party
679,710,3401,20240823,Review
680,4517,3241,20240101,Profile
681,3212,963,20240829,Recommendation
682,932,2906,20241006,Watch Party
683,4483,4906,20230419,Review
684,2204,1864,20251213,Profile
685,140,3896,20241206,Recommendation
686,1221,4806,20230428,Watch Party
687,2263,3907,20230111,Review
688,4476,3942,20231007,Profile
689,2364,2413,20230612,Recommendation
690,911,4722,20240208,Watch Party
691,4667,5410,20250312,Review
692,5983,3406,20251119,Profile
693,3562,3249,20230102,Recommendation
694,737,4132,20250513,Watch Party
695,691,5373,20251023,Review
696,1257,2760,20250213,Profile
697,2384,2804,20240518,Recommendation
698,4278,5770,20241012,Watch Party
699,1739,5959,20230801,Review
700,54,476,20250905,Profile
701,1426,2226,20240516,Recommendation
702,5027,1693,20230615,Watch Party
703,4606,3890,20240703,Review
704,5489,251,20240227,Profile
705,1962,5801,20241213,Recommendation
706,1851,4149,20230810,Watch Party
707,1746,2787,20230713,Review
708,3925,1031,20230424,Profile
709,2645,5740,20230324,Recommendation
710,5966,1253,20240614,Watch Party
711,1181,4863,20230927,Review
712,5123,5231,20230522,Profile
713,3410,3722,20230329,Recommendation
714,4242,1039,20240324,Watch Party
715,3351,4282,20230819,Review
716,4376,3728,20240528,Profile
717,1018,1523,20231203,Recommendation
718,4449,1533,20230207,Watch Party
719,2241,4810,20231011,Review
720,1818,2327,20240727,Profile
721,4054,4103,20250820,Recommendation
722,2008,3244,20251223,Watch Party
723,4082,1453,20240912,Review
724,4446,242,20251102,Profile
725,5963,1436,20251031,Recommendation
726,3399,1949,20251101,Watch Party
727,703,1741,20250706,Review
728,2457,1180,20251019,Profile
729,477,672,20250121,Recommendation
730,151,597,20241207,Watch Party
731,1002,3096,20230902,Review
732,971,2859,20230715,Profile
733,2534,313,20250523,Recommendation
734,4577,5900,20231223,Watch Party
735,771,2847,20250114,Review
736,2553,2113,20231011,Profile
737,179,3309,20250417,Recommendation
738,3863,867,20250917,Watch Party
739,3486,2425,20240513,Review
740,5707,1332,20230815,Profile
741,835,3243,20240510,Recommendation
742,5294,4095,20250605,Watch Party
743,5474,3310,20230312,Review
744,5668,4916,20230510,Profile
745,1193,1678,20240327,Recommendation
746,5900,4659,20231104,Watch Party
747,2591,5845,20231113,Review
748,441,229,20250926,Profile
749,2933,4708,20251202,Recommendation
750,580,82,20241210,Watch Party
751,5707,3109,20240722,Review
752,1127,156,20250610,Profile
753,2321,911,20230604,Recommendation
754,1856,2700,20250224,Watch Party
755,3641,4973,20240718,Review
756,4477,5324,20230708,Profile
757,3039,922,20241220,Recommendation
758,3784,4408,20250311,Watch Party
759,286,1513,20230926,Review
760,1494,4054,20240521,Profile
761,1492,374,20240604,Recommendation
762,4411,4645,20230704,Watch Party
763,1236,2444,20250823,Review
764,3277,2904,20250220,Profile
765,4163,4251,20230111,Recommendation
766,5202,3350,20230106,Watch Party
767,595,4318,20230929,Review
768,4145,5666,20240622,Profile
769,837,2452,20250329,Recommendation
770,4579,5767,20230202,Watch Party
771,3685,3805,20230317,Review
772,1666,4646,20240519,Profile
773,1107,3908,20240909,Recommendation
774,2341,5654,20240308,Watch Party
775,1664,2682,20241003,Review
776,5381,2684,20240402,Profile
777,3364,5375,20240205,Recommendation
778,5456,4555,20230122,Watch Party
779,1360,3513,20230717,Review
780,4540,449,20250614,Profile
781,152,2297,20230911,Recommendation
782,1409,4066,20241127,Watch Party
783,1792,890,20251008,Review
784,961,2922,20230325,Profile
785,407,3412,20250918,Recommendation
786,2807,2261,20250729,Watch Party
787,5143,949,20250731,Review
788,3677,3519,20250527,Profile
789,3853,4237,20230808,Recommendation
790,5942,1130,20230206,Watch Party
791,3931,4451,20251002,Review
792,3067,4289,20250928,Profile
793,3416,1895,20240525,Recommendation
794,4104,5952,20250602,Watch Party
795,2513,3938,20240905,Review
796,556,2500,20240922,Profile
797,1656,134,20230704,Recommendation
798,288,978,20240826,Watch Party
799,247,5433,20240218,Review
800,6,1018,20230222,Profile
801,3695,342,20240218,Recommendation
802,3492,1065,20241022,Watch Party
803,4599,3747,20251005,Review
804,1911,5396,20230410,Profile
805,1310,1017,20230520,Recommendation
806,3410,5677,20241009,Watch Party
807,1935,45,20250419,Review
808,284,5884,20240531,Profile
809,1167,2589,20240417,Recommendation
810,5889,4943,20231103,Watch Party
811,3130,4090,20240215,Review
812,482,2019,20241113,Profile
813,2572,3279,20240616,Recommendation
814,2925,3571,20230812,Watch Party
815,3890,517,20231026,Review
816,3473,1525,20230927,Profile
817,4439,4708,20250121,Recommendation
818,852,1444,20240414,Watch Party
819,1801,5804,20240114,Review
820,4431,2443,20230603,Profile
821,591,5858,20230710,Recommendation
822,2112,2772,20230818,Watch Party
823,5292,3169,20231009,Review
824,3700,301,20251220,Profile
825,4286,2794,20250404,Recommendation
826,4271,5648,20241117,Watch Party
827,4893,4330,20231115,Review
828,1857,612,20230620,Profile
829,620,5757,20241215,Recommendation
830,1456,2776,20240608,Watch Party
831,2712,5444,20241115,Review
832,917,631,20230805,Profile
833,3053,5375,20230514,Recommendation
834,312,958,20230719,Watch Party
835,3570,5064,20230323,Review
836,5994,2871,20240826,Profile
837,5156,3838,20250124,Recommendation
838,89,5100,20240817,Watch Party
839,4342,3678,20230208,Review
840,5767,5010,20231221,Profile
841,1670,5164,20240623,Recommendation
842,5014,1191,20241106,Watch Party
843,3591,2820,20251229,Review
844,1895,3033,20230805,Profile
845,5070,2964,20230914,Recommendation
846,3959,2930,20250120,Watch Party
847,5872,5679,20250821,Review
848,3520,5355,20230329,Profile
849,5205,601,20240816,Recommendation
850,4485,4903,20250317,Watch Party
851,3335,3681,20240226,Review
852,1831,3564,20230626,Profile
853,2125,3863,20250805,Recommendation
854,30,2624,20251124,Watch Party
855,4003,2681,20230826,Review
856,3926,2532,20231031,Profile
857,3768,2480,20250828,Recommendation
858,628,1012,20231023,Watch Party
859,4509,3709,20230217,Review
860,4274,1061,20240723,Profile
861,924,3760,20231020,Recommendation
862,3191,2822,20240406,Watch Party
863,1169,3064,20230811,Review
864,4156,826,20241117,Profile
865,5701,336,20240801,Recommendation
866,5032,5627,20230611,Watch Party
867,3740,3580,20230726,Review
868,4351,3645,20230924,Profile
869,1468,5499,20241218,Recommendation
870,2930,5419,20241010,Watch Party
871,4959,4801,20230814,Review
872,5894,2470,20240610,Profile
873,1721,4364,20230405,Recommendation
874,830,399,20241220,Watch Party
875,1709,3725,20250921,Review
876,1950,4629,20230812,Profile
877,1317,1535,20230928,Recommendation
878,4066,2300,20250531,Watch Party
879,1386,3251,20240528,Review
880,147,1810,20250913,Profile
881,894,4744,20230126,Recommendation
882,86,4062,20241207,Watch Party
883,2552,2090,20250222,Review
884,418,2165,20250208,Profile
885,4594,1309,20240613,Recommendation
886,3847,2443,20240507,Watch Party
887,5235,4650,20240806,Review
888,1379,5463,20240620,Profile
889,5807,3825,20240526,Recommendation
890,2560,4256,20240804,Watch Party
891,5085,3518,20241220,Review
892,5849,4316,20230423,Profile
893,237,1910,20240723,Recommendation
894,506,3236,20250710,Watch Party
895,408,3930,20231124,Review
896,2474,78,20251111,Profile
897,247,3548,20251015,Recommendation
898,1811,2558,20230128,Watch Party
899,5407,876,20230528,Review
900,3466,603,20250105,Profile
901,3978,1129,20230319,Recommendation
902,282,5644,20240603,Watch Party
903,26,1300,20230111,Review
904,2163,3585,20250602,Profile
905,4775,685,20251013,Recommendation
906,2216,4185,20240610,Watch Party
907,540,2041,20230511,Review
908,653,3826,20230128,Profile
909,5809,5978,20230716,Recommendation
910,1343,3046,20231001,Watch Party
911,3939,4076,20230313,Review
912,4494,4557,20240827,Profile
913,5808,4424,20250103,Recommendation
914,5201,5117,20231227,Watch Party
915,540,2047,20240826,Review
916,1661,3955,20250806,Profile
917,3496,1915,20250401,Recommendation
918,4402,2483,20251201,Watch Party
919,3575,2867,20240523,Review
920,3232,1001,20230701,Profile
921,1588,2136,20251208,Recommendation
922,2017,3796,20240419,Watch Party
923,1391,2448,20250927,Review
924,1776,558,20240807,Profile
925,4092,4158,20240927,Recommendation
926,1468,5146,20240417,Watch Party
927,1361,859,20230527,Review
928,369,4595,20250914,Profile
929,3375,2309,20230310,Recommendation
930,72,2758,20230306,Watch Party
931,759,3138,20241006,Review
932,136,3191,20230620,Profile
933,1011,4476,20230501,Recommendation
934,1488,380,20230702,Watch Party
935,543,352,20240130,Review
936,491,5886,20250322,Profile
937,2362,4830,20240516,Recommendation
938,1664,5312,20230623,Watch Party
939,5233,173,20240904,Review
940,3026,5409,20230412,Profile
941,3891,4574,20240408,Recommendation
942,5998,4042,20250826,Watch Party
943,1163,1394,20241114,Review
944,3043,418,20240208,Profile
945,1424,4312,20250808,Recommendation
946,4145,3695,20230628,Watch Party
947,5597,3898,20241006,Review
948,1301,5442,20250424,Profile
949,800,5029,20241226,Recommendation
950,4247,2215,20250319,Watch Party
951,641,5693,20250626,Review
952,4122,3289,20230212,Profile
953,4141,559,20230510,Recommendation
954,2982,5882,20240205,Watch Party
955,2076,1814,20240208,Review
956,4676,2752,20230228,Profile
957,1816,1408,20250626,Recommendation
958,5304,4637,20251102,Watch Party
959,775,3466,20240810,Review
960,1414,5237,20241209,Profile
961,4837,4928,20230715,Recommendation
962,2460,1254,20250124,Watch Party
963,5864,254,20250807,Review
964,1576,4700,20230417,Profile
965,2611,5660,20250416,Recommendation
966,5827,2938,20241013,Watch Party
967,5071,5722,20230212,Review
968,1572,4417,20241222,Profile
969,2678,4261,20240509,Recommendation
970,2072,1294,20240725,Watch Party
971,1100,5239,20250713,Review
972,310,3955,20241013,Profile
973,3286,2859,20240202,Recommendation
974,3777,68,20240328,Watch Party
975,4763,4628,20230602,Review
976,3802,1713,20230719,Profile
977,2508,2024,20250504,Recommendation
978,4122,3839,20230710,Watch Party
979,1966,650,20250520,Review
980,121,2465,20230129,Profile
981,5679,329,20240815,Recommendation
982,389,5598,20250820,Watch Party
983,269,165,20250723,Review
984,4897,3504,20241018,Profile
985,806,5940,20240824,Recommendation
986,2086,5793,20251229,Watch Party
987,1320,3607,20241211,Review
988,4732,1322,20251213,Profile
989,847,1396,20231211,Recommendation
990,522,4277,20231104,Watch Party
991,5928,5089,20230204,Review
992,1591,1272,20240623,Profile
993,2028,4397,20251125,Recommendation
994,4944,5369,20240721,Watch Party
995,593,1315,20230814,Review
996,5674,4871,20241015,Profile
997,1108,3908,20230729,Recommendation
998,4853,3887,20230702,Watch Party
999,1002,406,20231021,Review
1000,572,4949,20240131,Profile
1001,2068,2277,20240506,Recommendation
1002,1152,2392,20231015,Watch Party
1003,5621,843,20251219,Review
1004,2751,1523,20230910,Profile
1005,3502,3523,20240101,Recommendation
1006,41,230,20240117,Watch Party
1007,4603,1401,20250202,Review
1008,1607,3005,20230330,Profile
1009,5850,2732,20240918,Recommendation
1010,913,1209,20231112,Watch Party
1011,968,772,20240914,Review
1012,375,5249,20240203,Profile
1013,3339,5468,20240131,Recommendation
1014,3589,1128,20230323,Watch Party
1015,5167,1286,20230330,Review
1016,5894,1482,20240904,Profile
1017,565,3457,20230526,Recommendation
1018,715,4141,20251228,Watch Party
1019,3977,4085,20251009,Review
1020,5649,65,20250922,Profile
1021,98,3043,20240813,Recommendation
1022,3177,1504,20240417,Watch Party
1023,3333,2918,20250512,Review
1024,397,5169,20250614,Profile
1025,5203,5253,20240324,Recommendation
1026,1655,2756,20240902,Watch Party
1027,3887,3092,20230824,Review
1028,1123,4528,20250711,Profile
1029,2261,111,20251012,Recommendation
1030,3321,2405,20240116,Watch Party
1031,1915,5635,20240328,Review
1032,1692,2986,20240719,Profile
1033,1423,4289,20231104,Recommendation
1034,1584,1916,20250108,Watch Party
1035,1143,4460,20231229,Review
1036,2093,3018,20230621,Profile
1037,5288,4672,20250903,Recommendation
1038,2274,2923,20250816,Watch Party
1039,4770,2060,20240407,Review
1040,4599,2347,20240902,Profile
1041,4843,1474,20230516,Recommendation
1042,4183,1301,20240609,Watch Party
1043,1503,2139,20230628,Review
1044,647,491,20231203,Profile
1045,1478,128,20250804,Recommendation
1046,1264,4630,20240720,Watch Party
1047,3706,1506,20230908,Review
1048,2976,4890,20231111,Profile
1049,3188,4643,20251025,Recommendation
1050,2913,4273,20230622,Watch Party
1051,3608,5972,20250429,Review
1052,5207,1669,20240207,Profile
1053,5271,2920,20240907,Recommendation
1054,1152,3363,20240712,Watch Party
1055,4607,5985,20250601,Review
1056,2095,3283,20240329,Profile
1057,5697,4905,20230924,Recommendation
1058,157,2789,20250124,Watch Party
1059,1678,4966,20231218,Review
1060,5155,3040,20231205,Profile
1061,1368,776,20230101,Recommendation
1062,843,528,20241125,Watch Party
1063,3194,912,20240105,Review
1064,4458,2377,20241103,Profile
1065,4731,1438,20241017,Recommendation
1066,198,2728,20230525,Watch Party
1067,5210,551,20250922,Review
1068,5794,1195,20240310,Profile
1069,65,3282,20250128,Recommendation
1070,2868,2615,20250530,Watch Party
1071,819,4321,20230304,Review
1072,1828,2389,20240424,Profile
1073,5241,3626,20230129,Recommendation
1074,4017,2390,20250429,Watch Party
1075,2735,2942,20240515,Review
1076,2389,3050,20250909,Profile
1077,4702,615,20250618,Recommendation
1078,5272,1607,20250310,Watch Party
1079,5006,2816,20230730,Review
1080,3569,405,20240716,Profile
1081,1824,5797,20240717,Recommendation
1082,5846,463,20241018,Watch Party
1083,1663,2377,20240703,Review
1084,50,1410,20240617,Profile
1085,4528,4988,20230428,Recommendation
1086,5590,5596,20250528,Watch Party
1087,3192,5037,20240706,Review
1088,4129,4519,20230323,Profile
1089,5042,51,20240819,Recommendation
1090,4630,5951,20231201,Watch Party
1091,1720,1195,20230523,Review
1092,3277,664,20250823,Profile
1093,3770,3258,20250228,Recommendation
1094,3015,5649,20250729,Watch Party
1095,2783,5319,20250212,Review
1096,5458,2241,20240713,Profile
1097,3203,5220,20250409,Recommendation
1098,2532,2617,20241122,Watch Party
1099,5348,5175,20250402,Review
1100,5706,3777,20230118,Profile
1101,5742,1484,20230326,Recommendation
1102,2814,734,20250630,Watch Party
1103,3865,2693,20241103,Review
1104,3196,274,20240409,Profile
1105,3417,1659,20230123,Recommendation
1106,5489,3637,20250106,Watch Party
1107,528,5199,20250108,Review
1108,3198,3445,20240421,Profile
1109,3760,1859,20240429,Recommendation
1110,1784,5994,20230606,Watch Party
1111,4215,4554,20251006,Review
1112,5062,3734,20250107,Profile
1113,462,4350,20241002,Recommendation
1114,1484,1582,20230120,Watch Party
1115,3385,90,20230914,Review
1116,530,3523,20250724,Profile
1117,3983,431,20250903,Recommendation
1118,3007,2306,20251029,Watch Party
1119,2083,608,20241224,Review
1120,727,5315,20250822,Profile
1121,2120,4988,20230131,Recommendation
1122,1769,2709,20250909,Watch Party
1123,348,2060,20251014,Review
1124,3557,3457,20240902,Profile
1125,1562,5655,20231226,Recommendation
1126,1736,4842,20230513,Watch Party
1127,1030,3470,20250928,Review
1128,4249,1548,20251112,Profile
1129,365,5632,20251014,Recommendation
1130,5636,4524,20250916,Watch Party
1131,2688,130,20230512,Review
1132,1546,4123,20230127,Profile
1133,900,1032,20250831,Recommendation
1134,3764,2671,20240321,Watch Party
1135,3577,5947,20230605,Review
1136,2384,3123,20230805,Profile
1137,3504,2143,20230531,Recommendation
1138,1522,2354,20230210,Watch Party
1139,3840,1721,20230927,Review
1140,1088,4197,20240103,Profile
1141,603,5873,20250926,Recommendation
1142,4576,3254,20240902,Watch Party
1143,3416,218,20230830,Review
1144,2775,4303,20250208,Profile
1145,115,2799,20230519,Recommendation
1146,4562,1761,20240905,Watch Party
1147,96,5558,20240223,Review
1148,4512,3642,20230506,Profile
1149,2881,4863,20231226,Recommendation
1150,4654,2150,20251210,Watch Party
1151,1140,1904,20230327,Review
1152,5119,2628,20240525,Profile
1153,1759,769,20250213,Recommendation
1154,481,4903,20231219,Watch Party
1155,1427,2577,20250516,Review
1156,5653,844,20241104,Profile
1157,2546,3977,20230803,Recommendation
1158,43,1432,20240220,Watch Party
1159,742,4160,20250403,Review
1160,2726,5525,20240903,Profile
1161,2389,1528,20250711,Recommendation
1162,2150,514,20240214,Watch Party
1163,315,1387,20240604,Review
1164,3287,3675,20250602,Profile
1165,694,2809,20230701,Recommendation
1166,5391,1673,20251102,Watch Party
1167,5611,1113,20241205,Review
1168,4284,4073,20240616,Profile
1169,1651,4531,20250827,Recommendation
1170,5880,643,20250620,Watch Party
1171,982,1844,20250903,Review
1172,4614,3789,20240501,Profile
1173,224,5815,20230130,Recommendation
1174,1051,329,20240104,Watch Party
1175,662,3729,20250517,Review
1176,4224,4702,20230615,Profile
1177,5128,5623,20240401,Recommendation
1178,5547,1030,20251027,Watch Party
1179,2352,1960,20230521,Review
1180,791,4516,20251115,Profile
1181,1683,1583,20230330,Recommendation
1182,4270,5431,20231101,Watch Party
1183,2898,3096,20230212,Review
1184,4148,3598,20250704,Profile
1185,2701,4800,20230516,Recommendation
1186,854,684,20250730,Watch Party
1187,2964,4848,20250509,Review
1188,16,632,20230201,Profile
1189,2235,2161,20250911,Recommendation
1190,584,184,20240525,Watch Party
1191,4432,4771,20250214,Review
1192,1365,3633,20240519,Profile
1193,5024,2054,20251229,Recommendation
1194,786,3091,20240828,Watch Party
1195,4683,4400,20250822,Review
1196,3829,1975,20240401,Profile
1197,4718,4969,20250927,Recommendation
1198,581,111,20230721,Watch Party
1199,1904,768,20251130,Review
1200,3799,2026,20240420,Profile
1201,4926,2175,20250304,Recommendation
1202,2263,1926,20240206,Watch Party
1203,985,5304,20240822,Review
1204,785,4510,20230614,Profile
1205,3935,3387,20250512,Recommendation
1206,3236,5363,20230518,Watch Party
1207,2199,3100,20240806,Review
1208,1566,1918,20230714,Profile
1209,3184,4290,20241207,Recommendation
1210,4984,846,20250328,Watch Party
1211,2187,4462,20230606,Review
1212,5009,125,20240927,Profile
1213,5264,4680,20251203,Recommendation
1214,711,4653,20230329,Watch Party
1215,1963,1158,20240725,Review
1216,4178,5545,20250213,Profile
1217,615,1131,20251019,Recommendation
1218,3231,3386,20240523,Watch Party
1219,5565,141,20241011,Review
1220,2559,3233,20240115,Profile
1221,5690,3592,20240331,Recommendation
1222,5285,3610,20240409,Watch Party
1223,2979,2413,20241123,Review
1224,1632,1496,20230803,Profile
1225,4684,380,20230912,Recommendation
1226,2011,3143,20230521,Watch Party
1227,5623,1799,20250219,Review
1228,2708,1015,20250426,Profile
1229,1997,5155,20230301,Recommendation
1230,306,3430,20230614,Watch Party
1231,1142,1483,20250703,Review
1232,4595,4638,20240825,Profile
1233,544,5133,20230830,Recommendation
1234,3533,5885,20240530,Watch Party
1235,1652,4217,20240224,Review
1236,2418,3670,20251001,Profile
1237,4613,2827,20240624,Recommendation
1238,1909,331,20231208,Watch Party
1239,1917,1731,20250820,Review
1240,775,817,20230309,Profile
1241,3389,3319,20250322,Recommendation
1242,2167,4512,20240204,Watch Party
1243,2246,4612,20230904,Review
1244,4135,4451,20230916,Profile
1245,384,1573,20231124,Recommendation
1246,3370,4439,20250410,Watch Party
1247,2816,1103,20230922,Review
1248,2142,4982,20231111,Profile
1249,1128,4145,20230725,Recommendation
1250,1057,4430,20241129,Watch Party
1251,3887,1222,20240511,Review
1252,5528,4390,20230217,Profile
1253,1584,2289,20231225,Recommendation
1254,3671,432,20230507,Watch Party
1255,5276,2643,20230426,Review
1256,1306,2958,20240129,Profile
1257,2986,3565,20230323,Recommendation
1258,2446,3607,20230325,Watch Party
1259,825,2667,20230915,Review
1260,3556,779,20230225,Profile
1261,2870,749,20251110,Recommendation
1262,559,1835,20231101,Watch Party
1263,4294,610,20251020,Review
1264,1296,4175,20240301,Profile
1265,5647,5702,20250521,Recommendation
1266,1439,2364,20250530,Watch Party
1267,1858,4376,20230518,Review
1268,2304,2293,20241122,Profile
1269,4818,409,20250826,Recommendation
1270,1174,3985,20230416,Watch Party
1271,2169,4812,20230701,Review
1272,2907,5894,20251130,Profile
1273,142,4667,20250913,Recommendation
1274,4582,4255,20240428,Watch Party
1275,4507,2144,20240729,Review
1276,5398,1896,20251103,Profile
1277,1743,3892,20251126,Recommendation
1278,5739,2101,20251012,Watch Party
1279,2374,5275,20230406,Review
1280,2536,5488,20250520,Profile
1281,1381,3097,20231221,Recommendation
1282,1703,1611,20241210,Watch Party
1283,3752,2141,20250723,Review
1284,4105,1766,20250420,Profile
1285,5364,1016,20251230,Recommendation
1286,4069,5613,20241119,Watch Party
1287,1238,3819,20230126,Review
1288,449,2585,20230807,Profile
1289,2449,930,20231118,Recommendation
1290,4740,2758,20240803,Watch Party
1291,937,1552,20250322,Review
1292,4195,4302,20240726,Profile
1293,4501,2212,20251007,Recommendation
1294,525,1413,20231128,Watch Party
1295,2799,343,20250803,Review
1296,3259,2684,20230227,Profile
1297,3721,498,20250208,Recommendation
1298,1407,2690,20231216,Watch Party
1299,5550,154,20240427,Review
1300,3882,5373,20230104,Profile
1301,2138,2817,20250309,Recommendation
1302,3711,1930,20250502,Watch Party
1303,2980,3700,20250414,Review
1304,5546,21,20230807,Profile
1305,221,4238,20240704,Recommendation
1306,5570,4629,20250620,Watch Party
1307,5244,3249,20240608,Review
1308,3815,4121,20240829,Profile
1309,2676,3550,20240522,Recommendation
1310,368,4248,20240508,Watch Party
1311,2718,2016,20231118,Review
1312,3701,1978,20251104,Profile
1313,3955,2988,20230101,Recommendation
1314,1365,683,20231223,Watch Party
1315,1702,1971,20230410,Review
1316,3068,5250,20240614,Profile
1317,544,3636,20230824,Recommendation
1318,5322,284,20250702,Watch Party
1319,4554,29,20250920,Review
1320,3188,5363,20241118,Profile
1321,1643,2889,20240608,Recommendation
1322,5820,5814,20241212,Watch Party
1323,4321,1972,20240114,Review
1324,4809,5321,20250626,Profile
1325,5184,2339,20240402,Recommendation
1326,694,5276,20240329,Watch Party
1327,16,2617,20230113,Review
1328,2045,3808,20250503,Profile
1329,4492,3071,20240824,Recommendation
1330,869,4942,20240216,Watch Party
1331,3164,377,20250419,Review
1332,4515,2576,20230720,Profile
1333,3914,5508,20230608,Recommendation
1334,1011,2072,20240208,Watch Party
1335,1038,5283,20240423,Review
1336,1449,3356,20240517,Profile
1337,3007,943,20230913,Recommendation
1338,4182,201,20250201,Watch Party
1339,67,2799,20250509,Review
1340,2369,2767,20250403,Profile
1341,2054,2605,20250415,Recommendation
1342,5342,3722,20240229,Watch Party
1343,4967,680,20241028,Review
1344,2622,3625,20251004,Profile
1345,3284,4824,20231006,Recommendation
1346,5164,2085,20240326,Watch Party
1347,4834,4648,20251104,Review
1348,2645,5847,20231117,Profile
1349,51,4861,20250131,Recommendation
1350,1601,5683,20230817,Watch Party
1351,396,1854,20240113,Review
1352,3204,522,20251027,Profile
1353,4183,5350,20250527,Recommendation
1354,2940,5030,20251203,Watch Party
1355,4464,4895,20250503,Review
1356,3218,3699,20241223,Profile
1357,505,977,20250115,Recommendation
1358,274,5585,20251017,Watch Party
1359,1024,3669,20240507,Review
1360,5226,3060,20240708,Profile
1361,1670,2403,20250515,Recommendation
1362,4131,1631,20241205,Watch Party
1363,642,3441,20240916,Review
1364,3823,5255,20240501,Profile
1365,6,3116,20250107,Recommendation
1366,4018,205,20241109,Watch Party
1367,4874,230,20240117,Review
1368,2466,5194,20250602,Profile
1369,5744,4882,20250501,Recommendation
1370,415,4957,20241122,Watch Party
1371,4954,5563,20250304,Review
1372,2760,293,20240210,Profile
1373,4164,3570,20241031,Recommendation
1374,2713,4732,20250727,Watch Party
1375,5013,871,20250627,Review
1376,4717,1305,20231226,Profile
1377,1029,475,20250318,Recommendation
1378,5968,5023,20251120,Watch Party
1379,3875,1466,20240726,Review
1380,755,3780,20240603,Profile
1381,3456,2515,20230317,Recommendation
1382,1421,4267,20240425,Watch Party
1383,535,5525,20230222,Review
1384,1129,4442,20240727,Profile
1385,5433,4440,20230615,Recommendation
1386,3505,556,20230625,Watch Party
1387,5835,5580,20251017,Review
1388,273,367,20250507,Profile
1389,1528,2526,20250515,Recommendation
1390,754,2589,20250615,Watch Party
1391,1700,3279,20241001,Review
1392,5428,719,20241001,Profile
1393,4229,1812,20230425,Recommendation
1394,3366,2334,20230720,Watch Party
1395,1100,1655,20241129,Review
1396,862,5969,20241110,Profile
1397,4597,5092,20230428,Recommendation
1398,156,4627,20231225,Watch Party
1399,108,3502,20230919,Review
1400,1319,1412,20230301,Profile
1401,4642,2981,20230526,Recommendation
1402,5012,2908,20241221,Watch Party
1403,1296,2123,20250906,Review
1404,2498,3415,20231122,Profile
1405,4716,5597,20240410,Recommendation
1406,3262,3670,20230119,Watch Party
1407,1987,5560,20251111,Review
1408,3679,796,20240718,Profile
1409,461,3932,20250830,Recommendation
1410,421,5742,20230802,Watch Party
1411,3419,193,20240731,Review
1412,5616,3590,20250204,Profile
1413,3055,5859,20230823,Recommendation
1414,2920,5615,20251129,Watch Party
1415,3218,4849,20250920,Review
1416,2457,1157,20250414,Profile
1417,1727,4570,20241214,Recommendation
1418,3413,14,20231114,Watch Party
1419,1711,263,20231202,Review
1420,3240,1826,20240620,Profile
1421,3342,3959,20250426,Recommendation
1422,1864,3818,20240830,Watch Party
1423,1654,4718,20240704,Review
1424,1398,4398,20240613,Profile
1425,4204,2613,20250820,Recommendation
1426,4223,5573,20241214,Watch Party
1427,1774,1303,20230914,Review
1428,276,481,20241228,Profile
1429,1466,5707,20230303,Recommendation
1430,5611,4493,20251208,Watch Party
1431,5446,3255,20240104,Review
1432,4291,3231,20230828,Profile
1433,4567,393,20251229,Recommendation
1434,4935,2635,20240901,Watch Party
1435,3341,1593,20241117,Review
1436,4705,3216,20250218,Profile
1437,1971,2808,20240323,Recommendation
1438,4063,4075,20231118,Watch Party
1439,4976,1627,20230527,Review
1440,4896,4462,20231027,Profile
1441,4543,5324,20240311,Recommendation
1442,3272,25,20250614,Watch Party
1443,1150,5055,20251023,Review
1444,2054,3205,20231121,Profile
1445,662,1470,20250519,Recommendation
1446,5753,3692,20250806,Watch Party
1447,15,4579,20251020,Review
1448,4063,2878,20240425,Profile
1449,1278,4447,20250818,Recommendation
1450,3821,3758,20250517,Watch Party
1451,5447,1553,20240727,Review
1452,1466,1096,20230609,Profile
1453,3782,2488,20230124,Recommendation
1454,2029,2223,20240703,Watch Party
1455,3399,3569,20230814,Review
1456,5803,407,20240407,Profile
1457,2122,4126,20230615,Recommendation
1458,3767,2935,20231018,Watch Party
1459,3764,4446,20250711,Review
1460,1099,2855,20250225,Profile
1461,3965,4873,20250530,Recommendation
1462,5429,1515,20240619,Watch Party
1463,256,5357,20240113,Review
1464,4927,864,20251007,Profile
1465,2049,2530,20240624,Recommendation
1466,220,2620,20240822,Watch Party
1467,3721,1402,20250301,Review
1468,1591,13,20240214,Profile
1469,3170,344,20250625,Recommendation
1470,4275,4047,20250904,Watch Party
1471,1362,1971,20241211,Review
1472,5390,5044,20240210,Profile
1473,5057,4806,20250821,Recommendation
1474,3845,96,20230810,Watch Party
1475,3152,4341,20250305,Review
1476,2162,5942,20240610,Profile
1477,4943,1237,20240728,Recommendation
1478,1769,2335,20240408,Watch Party
1479,2659,849,20230802,Review
1480,1208,3009,20230705,Profile
1481,1701,2114,20250321,Recommendation
1482,583,5714,20240628,Watch Party
1483,885,4001,20230703,Review
1484,4622,4936,20250907,Profile
1485,1429,1536,20240101,Recommendation
1486,3553,242,20250823,Watch Party
1487,1805,5065,20240505,Review
1488,1063,858,20240124,Profile
1489,352,2727,20230402,Recommendation
1490,4486,2251,20250216,Watch Party
1491,1747,5825,20250516,Review
1492,864,5255,20250708,Profile
1493,4002,5220,20251107,Recommendation
1494,5928,5650,20251119,Watch Party
1495,4080,4260,20230111,Review
1496,5295,4395,20240620,Profile
1497,5322,3723,20251208,Recommendation
1498,2311,4190,20241103,Watch Party
1499,1198,3361,20250226,Review
1500,3604,1186,20230816,Profile
1501,2367,5415,20240912,Recommendation
1502,1043,3233,20231213,Watch Party
1503,4650,4218,20250531,Review
1504,2248,2847,20240226,Profile
1505,2674,5302,20231003,Recommendation
1506,4423,2162,20241212,Watch Party
1507,1821,457,20250917,Review
1508,980,4444,20231128,Profile
1509,5605,2603,20251129,Recommendation
1510,4356,1806,20250506,Watch Party
1511,1515,5035,20240101,Review
1512,1806,4609,20250305,Profile
1513,5943,4393,20240515,Recommendation
1514,2114,2027,20230914,Watch Party
1515,2774,2406,20250524,Review
1516,4996,5690,20230906,Profile
1517,5116,3692,20230803,Recommendation
1518,3458,2017,20250629,Watch Party
1519,3747,4068,20250125,Review
1520,1522,1327,20231129,Profile
1521,2805,2351,20230612,Recommendation
1522,5650,3328,20230417,Watch Party
1523,4109,5982,20231121,Review
1524,1030,5146,20240107,Profile
1525,5293,1079,20231117,Recommendation
1526,3411,5066,20240711,Watch Party
1527,1543,988,20250301,Review
1528,4683,101,20250415,Profile
1529,113,70,20230208,Recommendation
1530,4775,5993,20230501,Watch Party
1531,1724,1660,20230222,Review
1532,2360,2015,20231021,Profile
1533,4712,2167,20230401,Recommendation
1534,6000,5051,20251125,Watch Party
1535,1604,441,20250321,Review
1536,1792,4645,20250316,Profile
1537,1319,4893,20240413,Recommendation
1538,1116,5447,20241007,Watch Party
1539,3466,423,20241018,Review
1540,4415,5512,20241006,Profile
1541,1749,5605,20250502,Recommendation
1542,4358,4255,20251214,Watch Party
1543,5477,2594,20251219,Review
1544,3280,2203,20240218,Profile
1545,1869,1482,20250131,Recommendation
1546,5479,1345,20230621,Watch Party
1547,1076,320,20250809,Review
1548,5317,971,20251021,Profile
1549,844,4111,20250426,Recommendation
1550,5223,5950,20240907,Watch Party
1551,5240,5866,20240912,Review
1552,4206,4809,20230125,Profile
1553,5733,5260,20251020,Recommendation
1554,3958,5452,20251024,Watch Party
1555,2576,1200,20250206,Review
1556,4046,57,20231027,Profile
1557,2080,166,20250305,Recommendation
1558,3113,4385,20250727,Watch Party
1559,4971,2037,20230217,Review
1560,1371,4907,20240910,Profile
1561,1902,4943,20250327,Recommendation
1562,3993,5969,20240717,Watch Party
1563,2305,1686,20250816,Review
1564,605,2944,20240416,Profile
1565,3589,662,20230803,Recommendation
1566,263,3163,20240218,Watch Party
1567,2391,4086,20240713,Review
1568,2678,1687,20251023,Profile
1569,2736,3064,20230606,Recommendation
1570,4511,4683,20250512,Watch Party
1571,1887,5002,20251104,Review
1572,1323,4034,20230220,Profile
1573,3242,5311,20231114,Recommendation
1574,505,1445,20241216,Watch Party
1575,4668,1383,20250720,Review
1576,3264,5916,20250606,Profile
1577,4686,4760,20230516,Recommendation
1578,148,619,20250725,Watch Party
1579,2462,2111,20230705,Review
1580,3040,5866,20250923,Profile
1581,3760,2230,20240214,Recommendation
1582,3281,3031,20241020,Watch Party
1583,5693,4875,20240806,Review
1584,1686,1075,20250402,Profile
1585,3260,5431,20250813,Recommendation
1586,4973,5919,20250117,Watch Party
1587,5752,1401,20240613,Review
1588,118,693,20250425,Profile
1589,5383,2675,20250824,Recommendation
1590,5497,704,20231123,Watch Party
1591,1416,5260,20251229,Review
1592,2614,4217,20230726,Profile
1593,2385,1084,20240128,Recommendation
1594,1381,5438,20240822,Watch Party
1595,5265,3247,20230828,Review
1596,2078,4183,20250923,Profile
1597,4159,4601,20240807,Recommendation
1598,5184,3709,20230210,Watch Party
1599,3654,4557,20251124,Review
1600,5875,4283,20240614,Profile
1601,3201,453,20230522,Recommendation
1602,5004,2124,20240513,Watch Party
1603,2336,1478,20241026,Review
1604,2446,5954,20251013,Profile
1605,3592,2016,20230128,Recommendation
1606,1829,5745,20251202,Watch Party
1607,5408,4602,20241031,Review
1608,1281,927,20250305,Profile
1609,101,891,20251030,Recommendation
1610,5840,5641,20240503,Watch Party
1611,876,2685,20241004,Review
1612,917,592,20240814,Profile
1613,1547,694,20230408,Recommendation
1614,4105,2194,20250531,Watch Party
1615,2725,5744,20240415,Review
1616,2730,5763,20241204,Profile
1617,1308,124,20250322,Recommendation
1618,1754,1871,20250407,Watch Party
1619,3655,225,20240502,Review
1620,5901,1830,20230630,Profile
1621,3174,2765,20240629,Recommendation
1622,4677,5596,20230713,Watch Party
1623,2471,4478,20240216,Review
1624,1375,7,20240411,Profile
1625,2221,3358,20240814,Recommendation
1626,3510,938,20240723,Watch Party
1627,5841,305,20231225,Review
1628,423,4636,20250418,Profile
1629,2920,1533,20250908,Recommendation
1630,3056,5313,20230326,Watch Party
1631,2011,3021,20231011,Review
1632,4833,3385,20250718,Profile
1633,3792,3627,20250221,Recommendation
1634,2604,4053,20240514,Watch Party
1635,1493,1097,20250213,Review
1636,4286,4074,20250308,Profile
1637,262,5079,20230531,Recommendation
1638,4792,4506,20250403,Watch Party
1639,4916,1137,20250913,Review
1640,2265,1490,20230803,Profile
1641,1828,5454,20240424,Recommendation
1642,4199,4333,20230808,Watch Party
1643,2105,5142,20240808,Review
1644,3329,2858,20250819,Profile
1645,2920,1273,20230831,Recommendation
1646,3164,5090,20240513,Watch Party
1647,2280,1819,20230722,Review
1648,2772,165,20250628,Profile
1649,2851,3283,20251112,Recommendation
1650,68,3269,20230324,Watch Party
1651,5237,1848,20240321,Review
1652,898,4718,20240130,Profile
1653,497,606,20230927,Recommendation
1654,3551,5612,20230602,Watch Party
1655,2930,3068,20250814,Review
1656,2563,4498,20230904,Profile
1657,5591,3167,20230904,Recommendation
1658,4399,1549,20251119,Watch Party
1659,2529,1914,20251126,Review
1660,3177,5359,20250810,Profile
1661,572,3609,20250813,Recommendation
1662,1537,5366,20240228,Watch Party
1663,5870,707,20250527,Review
1664,2761,2770,20240504,Profile
1665,3768,4705,20251124,Recommendation
1666,1453,1908,20250508,Watch Party
1667,1295,163,20240522,Review
1668,2005,4706,20240826,Profile
1669,584,1781,20240830,Recommendation
1670,2393,5014,20240825,Watch Party
1671,4619,2603,20231112,Review
1672,4796,3456,20230104,Profile
1673,4643,1433,20251003,Recommendation
1674,4595,5813,20240513,Watch Party
1675,2549,2115,20250505,Review
1676,4204,627,20231030,Profile
1677,592,847,20251107,Recommendation
1678,5393,225,20240602,Watch Party
1679,3845,5710,20230104,Review
1680,1168,1718,20250716,Profile
1681,1686,754,20251228,Recommendation
1682,1532,5861,20240815,Watch Party
1683,890,4881,20230923,Review
1684,5139,2584,20240311,Profile
1685,3484,684,20231202,Recommendation
1686,2472,2999,20250620,Watch Party
1687,3155,4619,20250502,Review
1688,3858,2279,20250326,Profile
1689,4314,5912,20250827,Recommendation
1690,511,5951,20251021,Watch Party
1691,3644,2308,20251217,Review
1692,2738,2888,20231119,Profile
1693,2895,5814,20230221,Recommendation
1694,1182,4190,20230826,Watch Party
1695,4295,575,20250214,Review
1696,5880,210,20250413,Profile
1697,3727,5555,20240130,Recommendation
1698,2096,599,20250830,Watch Party
1699,2662,4727,20250604,Review
1700,358,4911,20250708,Profile
1701,5609,2405,20230806,Recommendation
1702,561,5681,20251021,Watch Party
1703,3413,3062,20251112,Review
1704,5091,237,20240105,Profile
1705,4012,4465,20240916,Recommendation
1706,953,3217,20250619,Watch Party
1707,976,849,20250510,Review
1708,5137,2831,20230119,Profile
1709,1429,4851,20240202,Recommendation
1710,3044,850,20250911,Watch Party
1711,1304,1728,20251213,Review
1712,4199,189,20241010,Profile
1713,656,2072,20251118,Recommendation
1714,1840,5164,20240604,Watch Party
1715,4925,428,20250602,Review
1716,3693,1330,20240429,Profile
1717,2880,3598,20240212,Recommendation
1718,4103,388,20230201,Watch Party
1719,790,1100,20230105,Review
1720,309,5585,20240623,Profile
1721,5657,454,20240622,Recommendation
1722,2102,20,20240623,Watch Party
1723,2601,2615,20240207,Review
1724,4913,146,20250328,Profile
1725,4627,2823,20230531,Recommendation
1726,4769,3978,20250409,Watch Party
1727,4214,101,20250615,Review
1728,3231,2648,20230211,Profile
1729,2316,1760,20241225,Recommendation
1730,5019,4240,20231030,Watch Party
1731,5000,459,20250123,Review
1732,3073,2831,20230826,Profile
1733,399,1289,20250707,Recommendation
1734,5749,2217,20230529,Watch Party
1735,4827,1527,20251029,Review
1736,672,5732,20231126,Profile
1737,2888,1320,20250116,Recommendation
1738,5210,4070,20230108,Watch Party
1739,3623,1922,20241114,Review
1740,384,1063,20230907,Profile
1741,2720,4226,20240302,Recommendation
1742,5469,2843,20230428,Watch Party
1743,495,5380,20240923,Review
1744,3188,1379,20230418,Profile
1745,1124,5175,20250517,Recommendation
1746,5320,1749,20241217,Watch Party
1747,4586,2199,20250411,Review
1748,624,1104,20230407,Profile
1749,3180,3149,20240125,Recommendation
1750,987,4246,20240630,Watch Party
1751,2169,4538,20250406,Review
1752,2392,2893,20231001,Profile
1753,2872,3862,20250526,Recommendation
1754,2159,3350,20241203,Watch Party
1755,1255,3112,20240827,Review
1756,4568,1568,20230620,Profile
1757,2902,5508,20230429,Recommendation
1758,4488,1198,20250120,Watch Party
1759,266,2115,20240115,Review
1760,1733,5091,20240606,Profile
1761,2827,4750,20231203,Recommendation
1762,5159,1847,20250215,Watch Party
1763,3846,5293,20230601,Review
1764,3958,4580,20230530,Profile
1765,4972,773,20230127,Recommendation
1766,4201,3502,20250918,Watch Party
1767,4926,1432,20230131,Review
1768,5397,1254,20241022,Profile
1769,5708,3187,20231128,Recommendation
1770,4582,42,20230714,Watch Party
1771,1908,3504,20250623,Review
1772,5760,1753,20230701,Profile
1773,4310,2453,20251017,Recommendation
1774,1356,1378,20250122,Watch Party
1775,2806,4218,20241115,Review
1776,3174,2318,20251125,Profile
1777,2796,3254,20240207,Recommendation
1778,3015,5481,20240704,Watch Party
1779,4691,4475,20240321,Review
1780,4374,2594,20240119,Profile
1781,2965,3997,20250910,Recommendation
1782,3510,5087,20250612,Watch Party
1783,2654,4341,20230519,Review
1784,1902,1340,20240721,Profile
1785,4192,3843,20241011,Recommendation
1786,3596,3391,20240620,Watch Party
1787,5973,1181,20250611,Review
1788,484,3785,20250518,Profile
1789,2015,5608,20241009,Recommendation
1790,1499,1203,20251107,Watch Party
1791,1925,4886,20250213,Review
1792,5082,5037,20230629,Profile
1793,1569,1698,20241201,Recommendation
1794,3118,1900,20230201,Watch Party
1795,2312,2257,20240401,Review
1796,4607,1035,20240901,Profile
1797,5198,4896,20231226,Recommendation
1798,1700,5156,20250623,Watch Party
1799,2110,2647,20231012,Review
1800,112,83,20251109,Profile
1801,1528,5503,20250417,Recommendation
1802,4581,164,20230528,Watch Party
1803,1,1547,20230723,Review
1804,1205,481,20230305,Profile
1805,554,4088,20240204,Recommendation
1806,5186,4473,20250511,Watch Party
1807,4958,5361,20231128,Review
1808,1538,551,20250519,Profile
1809,5564,990,20230609,Recommendation
1810,1490,2376,20241126,Watch Party
1811,137,3392,20240616,Review
1812,4699,2633,20231011,Profile
1813,1612,1963,20240127,Recommendation
1814,1477,5876,20250513,Watch Party
1815,2944,3980,20240307,Review
1816,2599,4079,20231106,Profile
1817,5859,5294,20241022,Recommendation
1818,5991,2250,20240223,Watch Party
1819,1021,2220,20250206,Review
1820,4747,3213,20250125,Profile
1821,2542,4410,20240122,Recommendation
1822,1959,5061,20251222,Watch Party
1823,4395,1734,20250901,Review
1824,1619,5941,20240101,Profile
1825,2253,2706,20230613,Recommendation
1826,1801,1145,20230925,Watch Party
1827,3630,5219,20241005,Review
1828,4250,2658,20231216,Profile
1829,3013,3989,20231212,Recommendation
1830,5944,4294,20250217,Watch Party
1831,557,3856,20230207,Review
1832,4213,792,20240827,Profile
1833,1453,2711,20231227,Recommendation
1834,3513,5356,20251029,Watch Party
1835,2700,1953,20230329,Review
1836,4138,1149,20250927,Profile
1837,1172,2744,20240427,Recommendation
1838,5046,4183,20231007,Watch Party
1839,5536,3868,20250804,Review
1840,3452,2621,20251002,Profile
1841,5334,396,20251003,Recommendation
1842,4096,394,20231216,Watch Party
1843,2370,3981,20230926,Review
1844,5284,4929,20240206,Profile
1845,4102,2846,20250508,Recommendation
1846,1445,2274,20251016,Watch Party
1847,4402,4597,20250705,Review
1848,3398,2278,20250314,Profile
1849,3842,842,20240615,Recommendation
1850,331,421,20250508,Watch Party
1851,56,1760,20241001,Review
1852,222,5632,20250426,Profile
1853,5147,5626,20230301,Recommendation
1854,3764,5958,20250104,Watch Party
1855,1903,2528,20250608,Review
1856,5959,2455,20240112,Profile
1857,4007,3622,20250711,Recommendation
1858,2264,3329,20251218,Watch Party
1859,2166,3432,20240509,Review
1860,639,5639,20250607,Profile
1861,4553,5496,20240322,Recommendation
1862,4037,4302,20250101,Watch Party
1863,1057,1081,20240527,Review
1864,2457,5706,20251009,Profile
1865,4922,2486,20230723,Recommendation
1866,2965,4827,20230522,Watch Party
1867,5214,3069,20230801,Review
1868,2336,444,20240828,Profile
1869,5434,4805,20231127,Recommendation
1870,2120,5524,20230810,Watch Party
1871,69,2588,20230125,Review
1872,454,277,20230412,Profile
1873,1667,5684,20250619,Recommendation
1874,5253,4546,20231014,Watch Party
1875,3728,1477,20241029,Review
1876,3473,987,20250726,Profile
1877,5319,1424,20240701,Recommendation
1878,3042,4236,20230416,Watch Party
1879,4202,1000,20231018,Review
1880,4479,5879,20250222,Profile
1881,210,5035,20250207,Recommendation
1882,1218,3880,20250713,Watch Party
1883,4954,5015,20240415,Review
1884,2393,2526,20230129,Profile
1885,5156,848,20240523,Recommendation
1886,2307,2896,20251229,Watch Party
1887,2599,4396,20240629,Review
1888,3280,3605,20231001,Profile
1889,2464,1096,20251212,Recommendation
1890,2360,5967,20230927,Watch Party
1891,2137,1069,20250923,Review
1892,3815,4317,20230103,Profile
1893,1482,3722,20230516,Recommendation
1894,3151,10,20230622,Watch Party
1895,5232,4866,20230927,Review
1896,1323,639,20240519,Profile
1897,554,5560,20250628,Recommendation
1898,2075,3298,20240221,Watch Party
1899,4125,158,20251107,Review
1900,3322,2944,20230415,Profile
1901,4835,2090,20230804,Recommendation
1902,5202,2269,20240906,Watch Party
1903,1972,309,20230814,Review
1904,4702,5266,20240618,Profile
1905,4695,5588,20240113,Recommendation
1906,29,589,20241130,Watch Party
1907,363,5804,20250112,Review
1908,5055,2597,20251105,Profile
1909,4506,5546,20240815,Recommendation
1910,3349,518,20230410,Watch Party
1911,3153,3457,20251212,Review
1912,687,5373,20241029,Profile
1913,600,4683,20230820,Recommendation
1914,2889,4578,20250110,Watch Party
1915,952,1582,20250428,Review
1916,3502,360,20240123,Profile
1917,765,1636,20250817,Recommendation
1918,4961,4682,20250825,Watch Party
1919,4559,4337,20231220,Review
1920,2001,3356,20250304,Profile
1921,2434,3383,20250216,Recommendation
1922,4986,2080,20250228,Watch Party
1923,4009,1266,20250521,Review
1924,1102,4641,20241030,Profile
1925,127,3548,20250416,Recommendation
1926,1569,2375,20240110,Watch Party
1927,2041,2939,20250801,Review
1928,2242,5759,20230213,Profile
1929,1342,5732,20250418,Recommendation
1930,4379,229,20250930,Watch Party
1931,1577,4174,20251128,Review
1932,392,4963,20230909,Profile
1933,1581,5353,20250311,Recommendation
1934,470,5535,20230606,Watch Party
1935,4589,1472,20230814,Review
1936,5455,2377,20240811,Profile
1937,956,4744,20240907,Recommendation
1938,3100,5699,20240116,Watch Party
1939,1107,136,20251226,Review
1940,5131,172,20251214,Profile
1941,1037,3311,20230925,Recommendation
1942,5951,1886,20240614,Watch Party
1943,3582,4035,20230127,Review
1944,4806,2709,20240707,Profile
1945,264,4634,20240309,Recommendation
1946,807,2695,20240524,Watch Party
1947,5215,2625,20250801,Review
1948,4746,5215,20230323,Profile
1949,5107,454,20250228,Recommendation
1950,1844,937,20230105,Watch Party
1951,5941,462,20250912,Review
1952,4477,81,20240930,Profile
1953,1529,4531,20250921,Recommendation
1954,1922,1287,20250429,Watch Party
1955,1311,5228,20240130,Review
1956,695,2575,20240303,Profile
1957,3149,4774,20241010,Recommendation
1958,2412,170,20230326,Watch Party
1959,3347,4475,20230904,Review
1960,3560,2319,20230922,Profile
1961,1364,1013,20250311,Recommendation
1962,5417,2571,20230728,Watch Party
1963,4272,5169,20250221,Review
1964,59,2693,20240731,Profile
1965,5769,4683,20250328,Recommendation
1966,4922,5803,20241001,Watch Party
1967,2643,423,20251101,Review
1968,3731,3835,20250621,Profile
1969,4682,2145,20240507,Recommendation
1970,3988,1652,20230829,Watch Party
1971,5252,2389,20250902,Review
1972,1480,485,20240918,Profile
1973,3543,3378,20240908,Recommendation
1974,2686,4709,20241107,Watch Party
1975,4713,1993,20250106,Review
1976,4244,5168,20230710,Profile
1977,177,4651,20231016,Recommendation
1978,4428,1749,20230110,Watch Party
1979,3341,1921,20231218,Review
1980,2178,3441,20251228,Profile
1981,2135,2445,20240221,Recommendation
1982,2607,4576,20240613,Watch Party
1983,2013,4593,20240307,Review
1984,4177,1908,20231011,Profile
1985,3454,4612,20250513,Recommendation
1986,451,2586,20241025,Watch Party
1987,5681,4947,20240519,Review
1988,605,3324,20240128,Profile
1989,1134,1755,20250327,Recommendation
1990,3615,5156,20231102,Watch Party
1991,5690,1719,20230704,Review
1992,4895,868,20240706,Profile
1993,3236,5073,20250612,Recommendation
1994,5506,5671,20230501,Watch Party
1995,3184,1004,20240121,Review
1996,2944,5246,20250922,Profile
1997,5914,1179,20251108,Recommendation
1998,1159,1517,20250129,Watch Party
1999,3906,1824,20240922,Review
2000,3939,1489,20240319,Profile
2001,685,4050,20231225,Recommendation
2002,2919,5646,20250409,Watch Party
2003,4621,1569,20230331,Review
2004,4388,2523,20230923,Profile
2005,1213,2648,20250904,Recommendation
2006,1795,4650,20240113,Watch Party
2007,1195,778,20231007,Review
2008,4232,2306,20250308,Profile
2009,3648,2930,20241210,Recommendation
2010,4865,5088,20250210,Watch Party
2011,429,4226,20231215,Review
2012,5913,4901,20230918,Profile
2013,4713,743,20240118,Recommendation
2014,336,1601,20250914,Watch Party
2015,4443,1079,20240618,Review
2016,258,3590,20250227,Profile
2017,886,1395,20231031,Recommendation
2018,4764,4127,20250107,Watch Party
2019,4387,556,20230710,Review
2020,3991,2482,20230125,Profile
2021,915,5246,20241221,Recommendation
2022,4122,3163,20230705,Watch Party
2023,3230,586,20231202,Review
2024,2599,1801,20231225,Profile
2025,5576,5382,20250508,Recommendation
2026,1074,2394,20250222,Watch Party
2027,3742,5170,20230906,Review
2028,3511,909,20250110,Profile
2029,174,311,20230121,Recommendation
2030,5134,4130,20230603,Watch Party
2031,4955,3174,20250328,Review
2032,5257,799,20251013,Profile
2033,1304,104,20251125,Recommendation
2034,5833,302,20230918,Watch Party
2035,2876,1311,20240629,Review
2036,1111,624,20230203,Profile
2037,1370,4337,20230112,Recommendation
2038,4872,4526,20250730,Watch Party
2039,5939,3499,20250307,Review
2040,958,2409,20231012,Profile
2041,3830,263,20251006,Recommendation
2042,5448,5900,20250725,Watch Party
2043,4595,3112,20251014,Review
2044,3458,5184,20230211,Profile
2045,3784,674,20230823,Recommendation
2046,2437,882,20240610,Watch Party
2047,997,2121,20251228,Review
2048,3825,1967,20250820,Profile
2049,1725,5313,20230408,Recommendation
2050,902,4105,20240629,Watch Party
2051,4684,3782,20230811,Review
2052,5098,302,20241217,Profile
2053,3368,83,20241226,Recommendation
2054,3202,5396,20250112,Watch Party
2055,812,3265,20250727,Review
2056,235,1769,20230524,Profile
2057,3133,3626,20230911,Recommendation
2058,2990,3735,20240718,Watch Party
2059,973,5145,20240129,Review
2060,4896,407,20231202,Profile
2061,2710,1461,20240924,Recommendation
2062,5014,4849,20230105,Watch Party
2063,3072,4895,20241031,Review
2064,841,1871,20231005,Profile
2065,324,2101,20250816,Recommendation
2066,5980,2386,20231102,Watch Party
2067,5822,4701,20251212,Review
2068,5901,4274,20240507,Profile
2069,3490,1212,20250806,Recommendation
2070,4460,4330,20230109,Watch Party
2071,2796,4593,20230623,Review
2072,1837,4242,20250121,Profile
2073,4703,4187,20250207,Recommendation
2074,2705,3832,20240826,Watch Party
2075,4509,832,20240903,Review
2076,3021,5050,20230307,Profile
2077,5194,2466,20230110,Recommendation
2078,2922,2505,20240206,Watch Party
2079,2626,3666,20230704,Review
2080,3034,4614,20251226,Profile
2081,4240,1952,20250924,Recommendation
2082,3878,4014,20241114,Watch Party
2083,4057,5422,20230712,Review
2084,4660,5718,20231017,Profile
2085,1291,5952,20230207,Recommendation
2086,1236,4426,20250918,Watch Party
2087,2366,893,20240501,Review
2088,2149,5004,20250923,Profile
2089,5087,603,20231224,Recommendation
2090,1140,3670,20230520,Watch Party
2091,2232,1463,20230126,Review
2092,1573,2659,20241110,Profile
2093,83,3651,20230219,Recommendation
2094,837,5442,20231221,Watch Party
2095,1193,5248,20231019,Review
2096,5662,4510,20230730,Profile
2097,1443,5966,20230126,Recommendation
2098,373,2731,20240507,Watch Party
2099,4983,4055,20241227,Review
2100,5068,2213,20251217,Profile
2101,3111,1506,20231122,Recommendation
2102,5194,3476,20250804,Watch Party
2103,1270,924,20230915,Review
2104,2660,5235,20250106,Profile
2105,3421,2625,20240122,Recommendation
2106,3901,5216,20230430,Watch Party
2107,226,3134,20231003,Review
2108,3127,3928,20240512,Profile
2109,3691,4675,20230610,Recommendation
2110,4204,2706,20230510,Watch Party
2111,3526,5351,20230604,Review
2112,349,4932,20240904,Profile
2113,5554,84,20230227,Recommendation
2114,4513,2484,20230218,Watch Party
2115,462,1860,20230719,Review
2116,1137,4420,20230825,Profile
2117,4024,2013,20240229,Recommendation
2118,878,4758,20251214,Watch Party
2119,3129,3517,20240923,Review
2120,4640,85,20251112,Profile
2121,5778,2230,20230428,Recommendation
2122,3677,590,20241021,Watch Party
2123,4823,1961,20230903,Review
2124,292,2260,20240703,Profile
2125,4607,2393,20240109,Recommendation
2126,4073,3575,20241111,Watch Party
2127,2345,1617,20230329,Review
2128,4756,3010,20240823,Profile
2129,5581,939,20240511,Recommendation
2130,2314,3442,20250311,Watch Party
2131,91,5445,20240518,Review
2132,3905,3610,20241211,Profile
2133,4955,5481,20251226,Recommendation
2134,3731,2670,20240912,Watch Party
2135,5394,369,20250308,Review
2136,716,1577,20240530,Profile
2137,391,377,20240605,Recommendation
2138,1204,2627,20251005,Watch Party
2139,5559,4665,20240401,Review
2140,5461,194,20240101,Profile
2141,4603,3180,20240105,Recommendation
2142,5406,5123,20230627,Watch Party
2143,210,1308,20230423,Review
2144,825,2457,20241014,Profile
2145,142,3504,20250917,Recommendation
2146,4432,2841,20251025,Watch Party
2147,4189,5846,20240417,Review
2148,20,1416,20240813,Profile
2149,4921,2786,20250403,Recommendation
2150,5609,2406,20240215,Watch Party
2151,1802,1545,20230513,Review
2152,4177,3440,20250223,Profile
2153,378,4684,20240807,Recommendation
2154,733,878,20230406,Watch Party
2155,1265,2496,20230604,Review
2156,279,1574,20241023,Profile
2157,2814,5249,20231123,Recommendation
2158,4253,605,20230703,Watch Party
2159,3568,803,20251101,Review
2160,1083,4140,20251106,Profile
2161,4648,2627,20230328,Recommendation
2162,527,5684,20250901,Watch Party
2163,5736,3794,20250407,Review
2164,2827,4250,20241124,Profile
2165,1265,5497,20240717,Recommendation
2166,4186,1282,20240923,Watch Party
2167,592,5971,20231004,Review
2168,836,3852,20240107,Profile
2169,3101,2571,20230618,Recommendation
2170,5371,2526,20241009,Watch Party
2171,16,85,20240628,Review
2172,2790,814,20230718,Profile
2173,5861,3767,20240222,Recommendation
2174,1716,2847,20240921,Watch Party
2175,2571,1926,20250801,Review
2176,5283,3836,20251124,Profile
2177,1647,1589,20241202,Recommendation
2178,4741,1638,20240612,Watch Party
2179,444,3248,20251204,Review
2180,2637,3148,20250816,Profile
2181,5821,2194,20231227,Recommendation
2182,4062,1522,20241231,Watch Party
2183,5296,4057,20241110,Review
2184,176,5311,20240520,Profile
2185,1509,3704,20240718,Recommendation
2186,1232,1357,20251214,Watch Party
2187,2354,1225,20230417,Review
2188,412,846,20251218,Profile
2189,2474,5639,20240306,Recommendation
2190,4915,5933,20230820,Watch Party
2191,3169,5448,20230317,Review
2192,627,1616,20250403,Profile
2193,3772,2131,20230718,Recommendation
2194,5202,2215,20240325,Watch Party
2195,3657,3352,20231125,Review
2196,4804,5545,20240630,Profile
2197,3627,3108,20240828,Recommendation
2198,5747,1460,20251010,Watch Party
2199,5439,787,20251104,Review
2200,2668,1552,20240625,Profile
2201,886,3947,20240708,Recommendation
2202,5834,2026,20250509,Watch Party
2203,4796,4543,20230408,Review
2204,5636,42,20231105,Profile
2205,1782,1067,20240209,Recommendation
2206,5304,4514,20240509,Watch Party
2207,5245,1113,20240430,Review
2208,5271,3781,20240220,Profile
2209,4682,5382,20240303,Recommendation
2210,4563,5322,20230403,Watch Party
2211,2479,1628,20240622,Review
2212,5526,4003,20240502,Profile
2213,3281,2202,20240129,Recommendation
2214,2784,1962,20231221,Watch Party
2215,2030,1473,20240117,Review
2216,23,405,20230616,Profile
2217,1087,4092,20231014,Recommendation
2218,5757,1324,20230302,Watch Party
2219,1423,4348,20240507,Review
2220,1549,4264,20241105,Profile
2221,1210,3034,20240701,Recommendation
2222,4717,92,20230101,Watch Party
2223,770,1919,20240227,Review
2224,861,5976,20230611,Profile
2225,1726,2970,20250521,Recommendation
2226,1777,5684,20240602,Watch Party
2227,2383,4548,20241122,Review
2228,2908,5291,20231201,Profile
2229,2175,3763,20250326,Recommendation
2230,2648,5108,20230305,Watch Party
2231,1614,5656,20240503,Review
2232,605,315,20230722,Profile
2233,1711,3371,20250225,Recommendation
2234,2935,4003,20230322,Watch Party
2235,1994,2624,20230306,Review
2236,5047,3314,20240326,Profile
2237,4352,578,20250714,Recommendation
2238,3014,3008,20240405,Watch Party
2239,5850,3607,20250212,Review
2240,373,5644,20250401,Profile
2241,668,282,20240915,Recommendation
2242,2481,3119,20250809,Watch Party
2243,1595,3492,20230101,Review
2244,1594,1702,20240814,Profile
2245,986,3775,20241119,Recommendation
2246,5765,430,20250719,Watch Party
2247,28,2196,20230520,Review
2248,100,1058,20250625,Profile
2249,5912,1534,20251023,Recommendation
2250,5140,5396,20230926,Watch Party
2251,3416,4622,20230513,Review
2252,676,4331,20240215,Profile
2253,4503,732,20240929,Recommendation
2254,3543,1903,20230430,Watch Party
2255,1036,4043,20241013,Review
2256,4543,1974,20230115,Profile
2257,4558,5294,20250519,Recommendation
2258,2111,1639,20240212,Watch Party
2259,2642,578,20250208,Review
2260,5695,4192,20231029,Profile
2261,2080,1426,20241106,Recommendation
2262,5877,53,20251204,Watch Party
2263,1328,5384,20240531,Review
2264,5393,146,20250921,Profile
2265,1208,3511,20240323,Recommendation
2266,5174,858,20230415,Watch Party
2267,459,3370,20230205,Review
2268,816,771,20240114,Profile
2269,1454,4246,20240509,Recommendation
2270,5261,3207,20231004,Watch Party
2271,743,4573,20230517,Review
2272,3224,658,20240309,Profile
2273,5396,2851,20231105,Recommendation
2274,4329,4045,20240621,Watch Party
2275,4567,299,20231108,Review
2276,5777,4569,20231201,Profile
2277,483,5759,20251227,Recommendation
2278,5945,1671,20230606,Watch Party
2279,4778,2570,20250130,Review
2280,3921,5126,20230113,Profile
2281,4021,5882,20240920,Recommendation
2282,2855,2790,20240121,Watch Party
2283,2478,981,20251224,Review
2284,2030,4489,20241214,Profile
2285,4082,3608,20240814,Recommendation
2286,2576,499,20241126,Watch Party
2287,481,3850,20251227,Review
2288,2509,587,20230102,Profile
2289,4960,4804,20231106,Recommendation
2290,5849,5541,20250616,Watch Party
2291,348,600,20231101,Review
2292,1402,2380,20250103,Profile
2293,4978,5208,20231203,Recommendation
2294,2317,1906,20250528,Watch Party
2295,3164,472,20230311,Review
2296,5030,2100,20230124,Profile
2297,2020,3024,20250427,Recommendation
2298,2761,2709,20230820,Watch Party
2299,795,3055,20241201,Review
2300,5293,2085,20250115,Profile
2301,5997,3040,20230731,Recommendation
2302,2572,3847,20230704,Watch Party
2303,4391,3641,20250120,Review
2304,3636,4811,20241217,Profile
2305,4470,5128,20250819,Recommendation
2306,1500,3300,20250205,Watch Party
2307,1795,2629,20231118,Review
2308,2022,4171,20230618,Profile
2309,358,4204,20250707,Recommendation
2310,1661,3925,20250318,Watch Party
2311,1784,5722,20240826,Review
2312,843,3530,20250519,Profile
2313,922,66,20240428,Recommendation
2314,361,1308,20251222,Watch Party
2315,3908,3511,20241220,Review
2316,1652,5503,20251219,Profile
2317,3094,3938,20230629,Recommendation
2318,1867,5442,20231221,Watch Party
2319,2831,120,20240508,Review
2320,1526,5376,20250516,Profile
2321,5754,5883,20230209,Recommendation
2322,696,2286,20230520,Watch Party
2323,1391,1786,20230824,Review
2324,4556,459,20250415,Profile
2325,531,568,20250203,Recommendation
2326,92,251,20230119,Watch Party
2327,4823,3026,20240521,Review
2328,1702,640,20240224,Profile
2329,1368,597,20250916,Recommendation
2330,4215,2404,20251209,Watch Party
2331,134,4699,20240321,Review
2332,5170,4013,20251210,Profile
2333,2024,4513,20251125,Recommendation
2334,1808,4541,20250327,Watch Party
2335,3666,67,20241122,Review
2336,3822,4711,20250822,Profile
2337,3038,702,20230309,Recommendation
2338,1321,4293,20231025,Watch Party
2339,1885,3799,20241212,Review
2340,4004,1848,20251218,Profile
2341,2550,2402,20230603,Recommendation
2342,2035,1456,20240823,Watch Party
2343,5263,1527,20250915,Review
2344,5371,1880,20231103,Profile
2345,1349,2806,20251015,Recommendation
2346,1957,2442,20240505,Watch Party
2347,2758,2390,20250330,Review
2348,3494,3921,20250623,Profile
2349,4170,4068,20250404,Recommendation
2350,89,128,20250310,Watch Party
2351,3562,646,20230526,Review
2352,4245,241,20241115,Profile
2353,2084,493,20250705,Recommendation
2354,4201,5550,20250903,Watch Party
2355,780,1643,20230321,Review
2356,2762,521,20250216,Profile
2357,4305,201,20251106,Recommendation
2358,693,4695,20250627,Watch Party
2359,3315,2451,20230430,Review
2360,5860,3174,20230301,Profile
2361,3370,5155,20240726,Recommendation
2362,4616,29,20240707,Watch Party
2363,5852,3592,20230927,Review
2364,2052,946,20250512,Profile
2365,4699,5847,20240106,Recommendation
2366,3348,3133,20240926,Watch Party
2367,5614,1602,20240623,Review
2368,1794,2932,20250801,Profile
2369,2591,3772,20230807,Recommendation
2370,2056,85,20251012,Watch Party
2371,1608,5382,20240813,Review
2372,3956,5614,20250318,Profile
2373,1826,4625,20230414,Recommendation
2374,2180,3193,20241018,Watch Party
2375,521,1908,20240101,Review
2376,2928,3869,20230221,Profile
2377,2150,5294,20231001,Recommendation
2378,952,261,20250921,Watch Party
2379,1879,3308,20240519,Review
2380,4678,1886,20240923,Profile
2381,4754,5346,20230927,Recommendation
2382,1921,965,20250925,Watch Party
2383,4173,5412,20241011,Review
2384,2753,5187,20231208,Profile
2385,2650,1385,20250520,Recommendation
2386,5290,806,20240826,Watch Party
2387,341,783,20231117,Review
2388,4336,4182,20230710,Profile
2389,766,2492,20250726,Recommendation
2390,5191,4321,20240718,Watch Party
2391,1740,2948,20230429,Review
2392,830,1811,20241018,Profile
2393,5588,1175,20250913,Recommendation
2394,1862,1053,20240629,Watch Party
2395,2660,953,20250804,Review
2396,2349,4466,20250610,Profile
2397,3534,2368,20240817,Recommendation
2398,4677,5721,20230402,Watch Party
2399,3055,692,20240105,Review
2400,3715,5416,20251021,Profile
2401,4092,3314,20250806,Recommendation
2402,1962,1804,20231120,Watch Party
2403,1562,4912,20240229,Review
2404,634,4369,20250731,Profile
2405,4040,1413,20231028,Recommendation
2406,2397,1058,20231125,Watch Party
2407,3082,3994,20240129,Review
2408,644,613,20230619,Profile
2409,4301,4343,20230416,Recommendation
2410,912,684,20250322,Watch Party
2411,985,5556,20251229,Review
2412,3561,1016,20231028,Profile
2413,1261,1481,20240103,Recommendation
2414,5215,1177,20241030,Watch Party
2415,4477,3378,20250102,Review
2416,2000,1774,20230216,Profile
2417,1160,1479,20250812,Recommendation
2418,643,2987,20251015,Watch Party
2419,3522,3189,20230407,Review
2420,1792,863,20241005,Profile
2421,2557,2234,20250101,Recommendation
2422,5161,4788,20240304,Watch Party
2423,2898,5979,20240706,Review
2424,4081,4485,20250513,Profile
2425,5655,1648,20230224,Recommendation
2426,784,509,20230828,Watch Party
2427,390,3597,20241013,Review
2428,3863,5911,20230627,Profile
2429,4668,4350,20250812,Recommendation
2430,1500,2405,20250627,Watch Party
2431,1846,1128,20230407,Review
2432,2291,870,20230317,Profile
2433,4106,1858,20250217,Recommendation
2434,4873,2137,20230701,Watch Party
2435,297,4147,20250812,Review
2436,2411,5732,20230327,Profile
2437,4286,1642,20241211,Recommendation
2438,4366,4519,20240629,Watch Party
2439,4190,2131,20230916,Review
2440,887,1960,20241016,Profile
2441,4228,5209,20250927,Recommendation
2442,4895,6,20250815,Watch Party
2443,29,372,20231124,Review
2444,642,5546,20231205,Profile
2445,2789,3216,20241122,Recommendation
2446,5521,924,20250512,Watch Party
2447,4147,5312,20240627,Review
2448,4217,963,20230625,Profile
2449,2562,5029,20230923,Recommendation
2450,1054,1553,20241228,Watch Party
2451,4784,4632,20240817,Review
2452,1329,1393,20241017,Profile
2453,3792,4894,20230514,Recommendation
2454,4899,1952,20230213,Watch Party
2455,1679,3169,20230303,Review
2456,1834,1769,20250330,Profile
2457,5337,3879,20240814,Recommendation
2458,4508,884,20230920,Watch Party
2459,214,198,20231207,Review
2460,199,1355,20240522,Profile
2461,5256,2805,20250314,Recommendation
2462,4427,380,20241031,Watch Party
2463,2430,926,20240112,Review
2464,2753,4068,20230817,Profile
2465,627,1356,20231229,Recommendation
2466,1812,1101,20250918,Watch Party
2467,3798,345,20251112,Review
2468,592,3361,20250710,Profile
2469,2580,3781,20240214,Recommendation
2470,4379,331,20231203,Watch Party
2471,3098,3558,20231020,Review
2472,2397,1460,20250922,Profile
2473,3761,2595,20250720,Recommendation
2474,814,182,20230913,Watch Party
2475,3841,3159,20251019,Review
2476,4745,2477,20230702,Profile
2477,5407,512,20230417,Recommendation
2478,1313,4211,20231108,Watch Party
2479,548,1195,20230303,Review
2480,659,3240,20240703,Profile
2481,46,5964,20230209,Recommendation
2482,3032,5068,20250924,Watch Party
2483,5893,216,20250303,Review
2484,1408,4779,20240517,Profile
2485,453,1747,20230322,Recommendation
2486,4994,1785,20241006,Watch Party
2487,5714,2291,20250714,Review
2488,2474,2679,20241205,Profile
2489,4854,5758,20250222,Recommendation
2490,2290,672,20230615,Watch Party
2491,396,4521,20240920,Review
2492,3763,2270,20230425,Profile
2493,2348,154,20231205,Recommendation
2494,4434,538,20230816,Watch Party
2495,1376,1704,20240506,Review
2496,4070,2780,20251215,Profile
2497,2015,5139,20230302,Recommendation
2498,5506,3090,20251010,Watch Party
2499,3725,168,20240628,Review
2500,838,4735,20231117,Profile
2501,3643,1581,20230213,Recommendation
2502,1699,1948,20240526,Watch Party
2503,358,2802,20241213,Review
2504,4636,4768,20230302,Profile
2505,4002,1873,20230209,Recommendation
2506,2743,155,20240408,Watch Party
2507,5281,5508,20230603,Review
2508,5507,2604,20240409,Profile
2509,3751,4551,20230214,Recommendation
2510,55,4966,20240915,Watch Party
2511,4718,675,20230603,Review
2512,4303,5184,20240605,Profile
2513,774,3513,20230127,Recommendation
2514,2072,5310,20250429,Watch Party
2515,4883,595,20230620,Review
2516,3000,2809,20230313,Profile
2517,3783,4913,20250308,Recommendation
2518,2613,1375,20251009,Watch Party
2519,4036,5986,20231010,Review
2520,3377,4346,20230226,Profile
2521,4492,4703,20231001,Recommendation
2522,2854,5252,20240518,Watch Party
2523,3080,3115,20240829,Review
2524,2246,707,20230410,Profile
2525,2725,4375,20230330,Recommendation
2526,415,4604,20230103,Watch Party
2527,1520,2926,20251124,Review
2528,4818,706,20240213,Profile
2529,4084,3555,20240208,Recommendation
2530,2213,1267,20240714,Watch Party
2531,4915,821,20250620,Review
2532,3166,129,20250527,Profile
2533,4791,3192,20240205,Recommendation
2534,3415,1608,20230327,Watch Party
2535,4054,2855,20230708,Review
2536,5917,153,20240118,Profile
2537,987,3300,20231011,Recommendation
2538,3354,550,20251125,Watch Party
2539,5714,5578,20251206,Review
2540,1640,215,20240829,Profile
2541,5468,2535,20240820,Recommendation
2542,2667,4961,20230804,Watch Party
2543,3085,1629,20230620,Review
2544,3286,751,20231230,Profile
2545,5208,1833,20230403,Recommendation
2546,4889,2640,20231226,Watch Party
2547,1712,4362,20240827,Review
2548,123,4367,20231112,Profile
2549,5753,2665,20230225,Recommendation
2550,4531,4675,20230411,Watch Party
2551,2852,1473,20250707,Review
2552,531,4105,20250108,Profile
2553,3412,202,20250305,Recommendation
2554,232,719,20240730,Watch Party
2555,1082,3245,20241114,Review
2556,3906,4728,20250609,Profile
2557,2563,2094,20230221,Recommendation
2558,42,1523,20240624,Watch Party
2559,3882,3910,20231212,Review
2560,5960,304,20240620,Profile
2561,2110,1934,20241216,Recommendation
2562,1133,2760,20230306,Watch Party
2563,4183,4179,20240830,Review
2564,1235,2292,20240131,Profile
2565,1391,5584,20240328,Recommendation
2566,2516,2124,20240731,Watch Party
2567,1232,5702,20250213,Review
2568,5350,4357,20230403,Profile
2569,4903,1802,20250317,Recommendation
2570,5577,2603,20240915,Watch Party
2571,1349,2600,20250929,Review
2572,655,5347,20240912,Profile
2573,1584,3294,20240329,Recommendation
2574,1401,1886,20250810,Watch Party
2575,5894,3444,20241003,Review
2576,5680,533,20240324,Profile
2577,5306,1299,20251019,Recommendation
2578,2036,3989,20231217,Watch Party
2579,2,5412,20230512,Review
2580,4954,5551,20240128,Profile
2581,784,3808,20230607,Recommendation
2582,4987,5822,20250603,Watch Party
2583,4326,501,20230302,Review
2584,3270,1415,20240328,Profile
2585,3210,3578,20240111,Recommendation
2586,3220,940,20250201,Watch Party
2587,1987,4957,20231012,Review
2588,5403,5307,20240305,Profile
2589,3515,1078,20231124,Recommendation
2590,605,2475,20251101,Watch Party
2591,3252,614,20240102,Review
2592,4435,2759,20251003,Profile
2593,4522,9,20250825,Recommendation
2594,4875,1586,20230214,Watch Party
2595,5965,4058,20230315,Review
2596,4682,981,20241001,Profile
2597,2405,3192,20240130,Recommendation
2598,5682,3237,20241114,Watch Party
2599,3621,4235,20250708,Review
2600,5015,2913,20240729,Profile
2601,5632,393,20240628,Recommendation
2602,1690,4378,20240928,Watch Party
2603,3350,1262,20230829,Review
2604,1568,5121,20230918,Profile
2605,2549,1262,20231215,Recommendation
2606,3138,306,20251012,Watch Party
2607,1323,249,20240304,Review
2608,34,855,20231123,Profile
2609,5088,2443,20240701,Recommendation
2610,2960,2631,20251227,Watch Party
2611,4186,1999,20230224,Review
2612,5328,2958,20240426,Profile
2613,229,5923,20240121,Recommendation
2614,607,2638,20230314,Watch Party
2615,542,21,20230129,Review
2616,1344,2443,20230608,Profile
2617,961,2108,20230702,Recommendation
2618,427,5692,20230711,Watch Party
2619,3344,5068,20250731,Review
2620,5623,2595,20241208,Profile
2621,2023,391,20250704,Recommendation
2622,3191,2376,20250726,Watch Party
2623,2780,2930,20230502,Review
2624,3441,850,20231201,Profile
2625,313,3292,20240205,Recommendation
2626,305,5692,20230416,Watch Party
2627,670,5882,20240807,Review
2628,4657,5246,20230213,Profile
2629,3624,3091,20250205,Recommendation
2630,3198,4795,20231013,Watch Party
2631,3983,3518,20230422,Review
2632,1450,4222,20250415,Profile
2633,458,2044,20230628,Recommendation
2634,1063,5364,20250513,Watch Party
2635,1687,2754,20240428,Review
2636,701,915,20250305,Profile
2637,1986,1394,20240522,Recommendation
2638,3661,4805,20251210,Watch Party
2639,4793,3540,20251206,Review
2640,649,4455,20251124,Profile
2641,1014,314,20230720,Recommendation
2642,3165,2705,20231028,Watch Party
2643,1565,218,20251212,Review
2644,1644,935,20251230,Profile
2645,3781,4268,20250502,Recommendation
2646,172,1148,20250727,Watch Party
2647,2092,1614,20241220,Review
2648,910,3230,20250723,Profile
2649,3973,2969,20241218,Recommendation
2650,2361,1208,20250808,Watch Party
2651,2606,606,20230228,Review
2652,2373,5740,20251006,Profile
2653,5584,4488,20250212,Recommendation
2654,3148,2840,20241224,Watch Party
2655,643,23,20230804,Review
2656,221,2300,20230222,Profile
2657,4919,2011,20231019,Recommendation
2658,1108,3351,20231031,Watch Party
2659,1602,5627,20230404,Review
2660,5248,618,20240714,Profile
2661,474,1568,20241112,Recommendation
2662,5769,5109,20230619,Watch Party
2663,230,424,20230919,Review
2664,4125,505,20250528,Profile
2665,4510,2532,20230930,Recommendation
2666,4791,522,20231206,Watch Party
2667,4338,3696,20230122,Review
2668,1792,5484,20251105,Profile
2669,598,2270,20241212,Recommendation
2670,3783,1526,20241125,Watch Party
2671,3792,5846,20240308,Review
2672,2460,1638,20230730,Profile
2673,2531,1581,20230304,Recommendation
2674,3782,526,20231208,Watch Party
2675,1627,1008,20251005,Review
2676,3698,3627,20231126,Profile
2677,349,2632,20240917,Recommendation
2678,418,4239,20240316,Watch Party
2679,3358,156,20230908,Review
2680,4081,2600,20230313,Profile
2681,3269,4303,20230227,Recommendation
2682,2104,3531,20251218,Watch Party
2683,893,5757,20230407,Review
2684,5816,274,20241030,Profile
2685,5622,3718,20241225,Recommendation
2686,149,5318,20231209,Watch Party
2687,3824,4628,20231030,Review
2688,212,2550,20230502,Profile
2689,3618,2470,20251205,Recommendation
2690,3773,20,20250318,Watch Party
2691,1243,2739,20230322,Review
2692,3854,2941,20241202,Profile
2693,862,3644,20230311,Recommendation
2694,3983,3343,20251220,Watch Party
2695,3044,4664,20250515,Review
2696,5406,5764,20230811,Profile
2697,2096,2460,20250911,Recommendation
2698,5671,2259,20230114,Watch Party
2699,558,1847,20250318,Review
2700,2622,1551,20230503,Profile
2701,199,5162,20231022,Recommendation
2702,3517,2760,20230419,Watch Party
2703,449,3893,20241023,Review
2704,2242,5788,20250216,Profile
2705,5212,204,20240301,Recommendation
2706,4547,1810,20230713,Watch Party
2707,4232,5519,20230526,Review
2708,619,3426,20250331,Profile
2709,2952,3900,20240109,Recommendation
2710,3662,1750,20250920,Watch Party
2711,1914,2870,20240123,Review
2712,38,1664,20250405,Profile
2713,631,976,20251111,Recommendation
2714,4075,343,20250112,Watch Party
2715,3547,1713,20230508,Review
2716,3271,4653,20250830,Profile
2717,4621,1355,20240512,Recommendation
2718,1916,849,20251012,Watch Party
2719,4273,4067,20250611,Review
2720,1927,5187,20231103,Profile
2721,819,2478,20230123,Recommendation
2722,2586,4674,20230101,Watch Party
2723,1426,4449,20240629,Review
2724,4415,3168,20241127,Profile
2725,4879,82,20250706,Recommendation
2726,3975,2309,20230227,Watch Party
2727,2786,5948,20240910,Review
2728,406,4015,20250925,Profile
2729,5587,3947,20250105,Recommendation
2730,3388,818,20231210,Watch Party
2731,1358,5098,20240326,Review
2732,1038,2846,20250906,Profile
2733,2465,413,20251015,Recommendation
2734,4474,3223,20250710,Watch Party
2735,1490,4625,20250218,Review
2736,2948,494,20230522,Profile
2737,4597,465,20240107,Recommendation
2738,1911,1071,20230824,Watch Party
2739,1902,3873,20231113,Review
2740,1286,3493,20241005,Profile
2741,1568,1564,20230521,Recommendation
2742,2408,523,20251022,Watch Party
2743,4264,2472,20240423,Review
2744,4327,2555,20250109,Profile
2745,4438,2078,20240820,Recommendation
2746,385,2064,20241220,Watch Party
2747,1983,4494,20231201,Review
2748,2427,1537,20230906,Profile
2749,3114,1491,20231119,Recommendation
2750,2347,3892,20230113,Watch Party
2751,4202,3502,20250708,Review
2752,4410,2978,20240820,Profile
2753,5274,839,20241002,Recommendation
2754,2890,3465,20241111,Watch Party
2755,5221,375,20241127,Review
2756,4237,2159,20250807,Profile
2757,525,479,20251019,Recommendation
2758,474,4648,20250717,Watch Party
2759,3541,1404,20231017,Review
2760,1133,3945,20240710,Profile
2761,5632,5197,20240909,Recommendation
2762,5994,4593,20250612,Watch Party
2763,1937,2717,20240227,Review
2764,2506,5651,20230610,Profile
2765,2123,4,20240515,Recommendation
2766,616,3924,20240408,Watch Party
2767,5733,5014,20230615,Review
2768,2313,911,20241009,Profile
2769,5448,3195,20230828,Recommendation
2770,2004,4460,20231019,Watch Party
2771,3556,4636,20240518,Review
2772,4005,5464,20240615,Profile
2773,1904,3654,20240105,Recommendation
2774,4003,150,20250919,Watch Party
2775,2845,3234,20230505,Review
2776,1887,1100,20240203,Profile
2777,2788,4228,20240621,Recommendation
2778,2229,2051,20250812,Watch Party
2779,801,2299,20250401,Review
2780,5491,1470,20230423,Profile
2781,4260,5815,20230216,Recommendation
2782,3267,3741,20230922,Watch Party
2783,5284,346,20230403,Review
2784,4314,1425,20230305,Profile
2785,2337,4492,20251113,Recommendation
2786,4567,3886,20250402,Watch Party
2787,1896,2928,20240722,Review
2788,3926,4541,20240320,Profile
2789,3450,1625,20241030,Recommendation
2790,3187,873,20250422,Watch Party
2791,4658,701,20240324,Review
2792,177,640,20250315,Profile
2793,3521,3350,20250215,Recommendation
2794,1934,4073,20240304,Watch Party
2795,5539,1890,20240112,Review
2796,2156,4665,20231206,Profile
2797,561,3131,20230804,Recommendation
2798,5401,4780,20230328,Watch Party
2799,770,2000,20240913,Review
2800,5140,2045,20240221,Profile
2801,4078,1605,20250524,Recommendation
2802,1457,2004,20230912,Watch Party
2803,3106,3772,20250718,Review
2804,4736,522,20230601,Profile
2805,2036,4577,20250616,Recommendation
2806,5928,2126,20250821,Watch Party
2807,4343,3188,20250401,Review
2808,3472,5393,20251114,Profile
2809,1026,77,20250307,Recommendation
2810,1736,1515,20241102,Watch Party
2811,5110,4411,20241011,Review
2812,1103,3065,20230412,Profile
2813,2952,4405,20240213,Recommendation
2814,2577,5656,20250808,Watch Party
2815,704,194,20250403,Review
2816,4402,4544,20240617,Profile
2817,3378,1899,20251229,Recommendation
2818,2961,1141,20251204,Watch Party
2819,2575,4381,20230525,Review
2820,2145,593,20230927,Profile
2821,5709,1064,20230915,Recommendation
2822,566,5435,20250308,Watch Party
2823,5717,2973,20250125,Review
2824,532,4397,20241229,Profile
2825,1447,3460,20230611,Recommendation
2826,268,4209,20231022,Watch Party
2827,4788,1749,20230409,Review
2828,3726,2570,20230321,Profile
2829,3391,3824,20240422,Recommendation
2830,871,579,20250127,Watch Party
2831,1298,5736,20240719,Review
2832,5523,5318,20241013,Profile
2833,5717,626,20230221,Recommendation
2834,207,2811,20240618,Watch Party
2835,2322,620,20240215,Review
2836,1990,1605,20230606,Profile
2837,4428,1045,20241102,Recommendation
2838,3902,4500,20240427,Watch Party
2839,4180,515,20250128,Review
2840,1588,3110,20250410,Profile
2841,1148,5455,20251202,Recommendation
2842,401,4510,20240219,Watch Party
2843,3204,4294,20230623,Review
2844,872,123,20240327,Profile
2845,2138,1031,20250403,Recommendation
2846,2320,732,20250331,Watch Party
2847,5194,2581,20240824,Review
2848,2845,4399,20231024,Profile
2849,3581,2494,20241009,Recommendation
2850,1443,1418,20250714,Watch Party
2851,981,1470,20240214,Review
2852,4919,4015,20250524,Profile
2853,5829,1901,20250921,Recommendation
2854,1479,1529,20251111,Watch Party
2855,4644,5920,20231106,Review
2856,3735,1966,20240211,Profile
2857,3913,5799,20240706,Recommendation
2858,1653,2623,20240923,Watch Party
2859,4606,405,20250815,Review
2860,4439,192,20230304,Profile
2861,937,3122,20250621,Recommendation
2862,3870,114,20251115,Watch Party
2863,3388,5924,20250907,Review
2864,5181,4849,20241128,Profile
2865,710,5321,20231207,Recommendation
2866,3926,649,20240126,Watch Party
2867,4845,5439,20241005,Review
2868,4801,2937,20251226,Profile
2869,3957,4570,20250307,Recommendation
2870,2576,4482,20240712,Watch Party
2871,5153,4498,20250211,Review
2872,3250,5536,20240326,Profile
2873,1001,3823,20250321,Recommendation
2874,3606,5435,20250724,Watch Party
2875,1474,3093,20250709,Review
2876,2542,503,20250922,Profile
2877,4291,5561,20250712,Recommendation
2878,483,3207,20240807,Watch Party
2879,867,3647,20230825,Review
2880,4889,2231,20250402,Profile
2881,2282,4349,20251226,Recommendation
2882,3408,422,20230130,Watch Party
2883,2771,78,20230201,Review
2884,3888,3938,20240322,Profile
2885,2943,1914,20240912,Recommendation
2886,2790,2523,20230211,Watch Party
2887,5554,4005,20240518,Review
2888,3197,260,20230126,Profile
2889,1742,2036,20230415,Recommendation
2890,997,3438,20250201,Watch Party
2891,4137,4309,20230830,Review
2892,2007,2760,20240901,Profile
2893,455,1576,20230610,Recommendation
2894,754,5553,20230425,Watch Party
2895,3136,2053,20250527,Review
2896,4493,3119,20250318,Profile
2897,4892,4250,20240610,Recommendation
2898,1382,5822,20250728,Watch Party
2899,5532,4728,20240109,Review
2900,4776,5815,20250806,Profile
2901,4297,1376,20230712,Recommendation
2902,4496,3422,20231207,Watch Party
2903,5103,2464,20230310,Review
2904,3118,3737,20230723,Profile
2905,3512,2138,20231017,Recommendation
2906,2059,1651,20240505,Watch Party
2907,3804,2086,20231025,Review
2908,302,2281,20230522,Profile
2909,3526,5137,20250919,Recommendation
2910,5761,2754,20240612,Watch Party
2911,2970,1688,20241215,Review
2912,638,1412,20230909,Profile
2913,51,4144,20250615,Recommendation
2914,3632,5746,20230725,Watch Party
2915,2082,4652,20240828,Review
2916,5720,1446,20240504,Profile
2917,2415,4658,20231220,Recommendation
2918,2624,2915,20240618,Watch Party
2919,4877,4767,20230609,Review
2920,5188,4345,20230416,Profile
2921,5889,2379,20250927,Recommendation
2922,2395,3504,20250516,Watch Party
2923,1066,4614,20250619,Review
2924,3064,5620,20231016,Profile
2925,4381,3398,20240730,Recommendation
2926,2255,5272,20230315,Watch Party
2927,602,469,20251231,Review
2928,2747,5539,20230713,Profile
2929,835,5131,20240506,Recommendation
2930,1295,4393,20231208,Watch Party
2931,2202,371,20240528,Review
2932,5116,3392,20240830,Profile
2933,2126,3780,20240530,Recommendation
2934,1357,4333,20240817,Watch Party
2935,4409,4741,20230325,Review
2936,519,1150,20231128,Profile
2937,4606,4760,20231029,Recommendation
2938,1915,1663,20230111,Watch Party
2939,406,5888,20251101,Review
2940,2700,1857,20241110,Profile
2941,2404,5867,20240303,Recommendation
2942,976,5273,20251228,Watch Party
2943,1847,2404,20250118,Review
2944,3082,3512,20251006,Profile
2945,741,4346,20240720,Recommendation
2946,3841,1956,20231022,Watch Party
2947,1973,4104,20230612,Review
2948,226,5642,20231226,Profile
2949,1111,2850,20241009,Recommendation
2950,5208,3600,20240818,Watch Party
2951,3997,2257,20231111,Review
2952,317,3309,20231006,Profile
2953,671,1265,20230502,Recommendation
2954,974,1241,20251119,Watch Party
2955,740,1602,20251124,Review
2956,4178,2408,20250810,Profile
2957,193,4881,20250406,Recommendation
2958,4585,3927,20250208,Watch Party
2959,1827,84,20231210,Review
2960,483,1375,20231004,Profile
2961,3306,1486,20240827,Recommendation
2962,4183,3190,20241203,Watch Party
2963,812,5008,20240610,Review
2964,2636,2057,20231026,Profile
2965,412,3772,20250619,Recommendation
2966,4638,1348,20230731,Watch Party
2967,411,1853,20250319,Review
2968,3335,4718,20230615,Profile
2969,3222,1815,20240331,Recommendation
2970,4643,1604,20240426,Watch Party
2971,312,3844,20250424,Review
2972,4496,2379,20250905,Profile
2973,1224,2611,20230830,Recommendation
2974,806,2280,20231203,Watch Party
2975,963,890,20250305,Review
2976,5902,2630,20250709,Profile
2977,2586,4322,20250731,Recommendation
2978,2523,1855,20241229,Watch Party
2979,4925,4,20240911,Review
2980,1421,283,20250425,Profile
2981,3854,3542,20230717,Recommendation
2982,369,3531,20240515,Watch Party
2983,3821,1090,20241112,Review
2984,38,3971,20250510,Profile
2985,74,3262,20250908,Recommendation
2986,4063,3585,20240902,Watch Party
2987,680,2225,20231029,Review
2988,2364,4422,20240508,Profile
2989,3939,3976,20250325,Recommendation
2990,552,1623,20250618,Watch Party
2991,5023,3438,20230723,Review
2992,1381,4493,20240519,Profile
2993,5893,5949,20251118,Recommendation
2994,5233,1118,20231012,Watch Party
2995,5551,5359,20230529,Review
2996,4780,3308,20230215,Profile
2997,360,4551,20240627,Recommendation
2998,5072,5440,20240810,Watch Party
2999,1935,1667,20240424,Review
3000,3714,4870,20230509,Profile
3001,3713,3298,20250130,Recommendation
3002,228,2325,20250523,Watch Party
3003,2556,3265,20250813,Review
3004,554,4846,20250706,Profile
3005,2361,5000,20230309,Recommendation
3006,2888,2968,20250223,Watch Party
3007,2089,1230,20251020,Review
3008,1141,3549,20230329,Profile
3009,5667,3914,20250124,Recommendation
3010,3735,1380,20240501,Watch Party
3011,5246,2908,20230127,Review
3012,2235,3264,20230131,Profile
3013,5677,5238,20250403,Recommendation
3014,929,4137,20251021,Watch Party
3015,5551,1889,20241118,Review
3016,213,707,20240704,Profile
3017,452,1341,20231206,Recommendation
3018,5965,1916,20250517,Watch Party
3019,4185,2912,20251029,Review
3020,5313,5866,20230619,Profile
3021,3615,5691,20251011,Recommendation
3022,1204,27,20240131,Watch Party
3023,5462,2267,20250527,Review
3024,346,5183,20230624,Profile
3025,3317,4920,20240516,Recommendation
3026,468,494,20241127,Watch Party
3027,3316,5295,20230306,Review
3028,199,5401,20230608,Profile
3029,3237,2647,20250915,Recommendation
3030,4922,357,20241111,Watch Party
3031,778,2099,20231004,Review
3032,3700,4275,20250507,Profile
3033,441,5253,20230930,Recommendation
3034,1483,697,20240607,Watch Party
3035,5120,695,20251029,Review
3036,4378,3560,20231122,Profile
3037,637,2306,20241024,Recommendation
3038,3606,5483,20250925,Watch Party
3039,5488,4623,20241112,Review
3040,293,4205,20241007,Profile
3041,5312,5356,20230705,Recommendation
3042,1100,4916,20240806,Watch Party
3043,3729,2008,20240729,Review
3044,2089,3188,20240916,Profile
3045,5602,4846,20251219,Recommendation
3046,5378,4278,20231015,Watch Party
3047,3123,4255,20250129,Review
3048,3718,701,20231102,Profile
3049,1917,1777,20240216,Recommendation
3050,5378,1854,20230527,Watch Party
3051,4347,17,20251228,Review
3052,114,2891,20240213,Profile
3053,2937,2536,20250206,Recommendation
3054,715,3164,20251119,Watch Party
3055,4431,5593,20240527,Review
3056,441,460,20230624,Profile
3057,3761,2925,20251013,Recommendation
3058,3146,86,20240516,Watch Party
3059,2686,3344,20230324,Review
3060,2301,698,20251231,Profile
3061,2377,4848,20230910,Recommendation
3062,3116,3373,20250715,Watch Party
3063,5124,5146,20230307,Review
3064,97,1589,20241227,Profile
3065,5332,542,20240219,Recommendation
3066,1543,3318,20231217,Watch Party
3067,3451,167,20230529,Review
3068,2164,680,20250621,Profile
3069,1425,906,20230726,Recommendation
3070,4008,4190,20231020,Watch Party
3071,4436,1252,20250612,Review
3072,606,2301,20241211,Profile
3073,5074,4715,20251110,Recommendation
3074,2555,4601,20231127,Watch Party
3075,5999,1376,20230808,Review
3076,5485,2346,20250714,Profile
3077,1705,5829,20250628,Recommendation
3078,4256,5549,20240705,Watch Party
3079,1765,1146,20241127,Review
3080,2917,1376,20250907,Profile
3081,3307,5506,20231115,Recommendation
3082,4103,5082,20231006,Watch Party
3083,5627,712,20240424,Review
3084,3515,3448,20230623,Profile
3085,842,5298,20230403,Recommendation
3086,3236,3308,20231022,Watch Party
3087,5712,2290,20230501,Review
3088,1757,2630,20251207,Profile
3089,3349,1308,20240813,Recommendation
3090,5357,1262,20241008,Watch Party
3091,2127,5226,20240815,Review
3092,1828,623,20240919,Profile
3093,5850,1758,20231225,Recommendation
3094,4068,5760,20240929,Watch Party
3095,100,140,20230711,Review
3096,5562,1713,20251022,Profile
3097,1332,4241,20250519,Recommendation
3098,5191,1136,20231123,Watch Party
3099,4244,3346,20250731,Review
3100,3308,2493,20240717,Profile
3101,4230,3987,20250204,Recommendation
3102,5542,151,20240524,Watch Party
3103,2855,1497,20240102,Review
3104,5861,880,20230406,Profile
3105,3326,4053,20230327,Recommendation
3106,5944,2372,20250620,Watch Party
3107,1267,4800,20251210,Review
3108,4888,5477,20240723,Profile
3109,5770,4731,20250413,Recommendation
3110,2753,2275,20240922,Watch Party
3111,3221,5901,20250111,Review
3112,1078,3654,20250401,Profile
3113,5440,5535,20250416,Recommendation
3114,4743,5025,20240716,Watch Party
3115,2234,2073,20231201,Review
3116,3927,5667,20250426,Profile
3117,1850,5808,20250406,Recommendation
3118,939,979,20240131,Watch Party
3119,3803,1825,20240309,Review
3120,4842,997,20240709,Profile
3121,4863,2981,20230318,Recommendation
3122,1279,5672,20230506,Watch Party
3123,245,4193,20250318,Review
3124,2792,3583,20231226,Profile
3125,3455,5897,20250826,Recommendation
3126,2333,1350,20250103,Watch Party
3127,2995,3451,20241128,Review
3128,2123,5758,20241127,Profile
3129,3193,2678,20240916,Recommendation
3130,2040,355,20230912,Watch Party
3131,5460,1709,20250704,Review
3132,3144,80,20230608,Profile
3133,5013,1625,20240807,Recommendation
3134,1986,1947,20230926,Watch Party
3135,2213,3006,20230428,Review
3136,207,4593,20230217,Profile
3137,346,1545,20231012,Recommendation
3138,724,4851,20231112,Watch Party
3139,3623,3357,20230622,Review
3140,4902,2006,20250611,Profile
3141,5575,891,20231213,Recommendation
3142,3605,3742,20240830,Watch Party
3143,4222,2847,20250226,Review
3144,2469,5513,20240419,Profile
3145,2095,844,20230512,Recommendation
3146,5679,2898,20231112,Watch Party
3147,3642,4299,20230421,Review
3148,3025,528,20230615,Profile
3149,683,4944,20230212,Recommendation
3150,5993,4138,20250417,Watch Party
3151,1037,4744,20230310,Review
3152,5348,2283,20230625,Profile
3153,4819,3436,20230709,Recommendation
3154,351,5698,20230816,Watch Party
3155,340,3191,20250512,Review
3156,1613,5126,20231010,Profile
3157,4681,5151,20240114,Recommendation
3158,5902,4239,20251101,Watch Party
3159,3705,5677,20230225,Review
3160,3313,1139,20250604,Profile
3161,734,4419,20240214,Recommendation
3162,4288,1006,20250507,Watch Party
3163,3687,5718,20230923,Review
3164,1127,1107,20250212,Profile
3165,1279,5624,20240901,Recommendation
3166,5847,132,20230711,Watch Party
3167,3855,3824,20230115,Review
3168,1893,3622,20250629,Profile
3169,5488,5088,20240910,Recommendation
3170,84,2099,20230511,Watch Party
3171,2283,2780,20250525,Review
3172,4177,1560,20241205,Profile
3173,540,270,20230224,Recommendation
3174,320,4428,20250209,Watch Party
3175,686,1820,20250905,Review
3176,4304,5239,20230728,Profile
3177,5662,2382,20250712,Recommendation
3178,3997,3399,20230525,Watch Party
3179,1127,284,20231208,Review
3180,1762,666,20250903,Profile
3181,172,2248,20231204,Recommendation
3182,982,2126,20230403,Watch Party
3183,5570,3512,20230401,Review
3184,4749,694,20240405,Profile
3185,3756,2231,20250207,Recommendation
3186,5319,3796,20231002,Watch Party
3187,5464,2543,20250529,Review
3188,5320,5366,20240329,Profile
3189,99,1542,20250519,Recommendation
3190,628,4048,20251103,Watch Party
3191,277,1342,20240813,Review
3192,2848,421,20241219,Profile
3193,4549,3045,20231102,Recommendation
3194,618,3246,20240229,Watch Party
3195,2492,5957,20251111,Review
3196,2418,5055,20240518,Profile
3197,3414,2197,20240409,Recommendation
3198,5431,419,20240202,Watch Party
3199,3978,5834,20250513,Review
3200,4735,4854,20240603,Profile
3201,5547,1003,20250709,Recommendation
3202,3389,3679,20240721,Watch Party
3203,3537,5887,20240722,Review
3204,3604,2035,20250205,Profile
3205,1522,2105,20240822,Recommendation
3206,3219,326,20250418,Watch Party
3207,597,2926,20251210,Review
3208,5517,537,20241109,Profile
3209,4645,5261,20240704,Recommendation
3210,5134,5332,20240927,Watch Party
3211,5365,5594,20251127,Review
3212,4599,2684,20230920,Profile
3213,1220,2619,20240205,Recommendation
3214,1242,3903,20241201,Watch Party
3215,2646,822,20230310,Review
3216,4784,1845,20241118,Profile
3217,1882,2916,20240322,Recommendation
3218,5660,3629,20250118,Watch Party
3219,1144,392,20230206,Review
3220,3942,2117,20240709,Profile
3221,4748,1823,20230415,Recommendation
3222,1049,2374,20230916,Watch Party
3223,2785,3142,20230201,Review
3224,5332,5000,20231124,Profile
3225,191,1035,20230512,Recommendation
3226,4220,2938,20230131,Watch Party
3227,3603,3106,20230814,Review
3228,2728,644,20230201,Profile
3229,3078,5140,20250313,Recommendation
3230,30,1834,20250624,Watch Party
3231,5106,2192,20241109,Review
3232,1291,2993,20230423,Profile
3233,5644,4701,20250116,Recommendation
3234,3732,4295,20240612,Watch Party
3235,5218,3776,20241114,Review
3236,4635,54,20250611,Profile
3237,2617,3483,20241130,Recommendation
3238,3009,2828,20240117,Watch Party
3239,194,430,20251228,Review
3240,1612,3267,20240724,Profile
3241,463,5204,20241030,Recommendation
3242,4691,5620,20241019,Watch Party
3243,3036,2430,20240328,Review
3244,5540,1484,20230914,Profile
3245,1026,430,20230617,Recommendation
3246,1614,558,20240516,Watch Party
3247,73,1514,20230317,Review
3248,1713,3,20240806,Profile
3249,3490,2387,20250209,Recommendation
3250,3552,4957,20230125,Watch Party
3251,1434,1197,20230707,Review
3252,1311,830,20240513,Profile
3253,4724,1562,20230801,Recommendation
3254,2126,2630,20250606,Watch Party
3255,503,2903,20250402,Review
3256,3448,3750,20240916,Profile
3257,1172,3348,20240617,Recommendation
3258,3685,4751,20240414,Watch Party
3259,516,2122,20251030,Review
3260,4275,4726,20240330,Profile
3261,4077,1499,20250225,Recommendation
3262,1526,5348,20240719,Watch Party
3263,5811,2193,20230301,Review
3264,1442,5308,20230519,Profile
3265,1622,1754,20231112,Recommendation
3266,4185,3521,20251227,Watch Party
3267,5392,207,20230210,Review
3268,919,3267,20240219,Profile
3269,209,3587,20231009,Recommendation
3270,894,1756,20250730,Watch Party
3271,3288,4874,20240406,Review
3272,5174,1034,20240708,Profile
3273,5027,342,20231019,Recommendation
3274,5862,3616,20230501,Watch Party
3275,4448,2694,20250429,Review
3276,2247,5679,20230618,Profile
3277,4002,1019,20250813,Recommendation
3278,2368,5097,20230917,Watch Party
3279,1187,3175,20230604,Review
3280,1070,5501,20240915,Profile
3281,2598,2083,20250727,Recommendation
3282,1307,4415,20230322,Watch Party
3283,1741,4898,20250902,Review
3284,4893,4560,20241008,Profile
3285,45,3876,20250129,Recommendation
3286,1943,102,20230309,Watch Party
3287,1589,2904,20250624,Review
3288,5083,1905,20240721,Profile
3289,4706,2147,20230619,Recommendation
3290,1188,678,20241207,Watch Party
3291,5469,3031,20250331,Review
3292,3297,1934,20250103,Profile
3293,3304,4438,20230713,Recommendation
3294,1957,933,20230331,Watch Party
3295,2053,2514,20240510,Review
3296,4033,1565,20231017,Profile
3297,5018,119,20230215,Recommendation
3298,874,56,20251214,Watch Party
3299,310,391,20230730,Review
3300,5826,726,20230402,Profile
3301,5319,5742,20240918,Recommendation
3302,2360,1636,20250402,Watch Party
3303,3247,2479,20240828,Review
3304,2326,551,20241003,Profile
3305,3095,2084,20230920,Recommendation
3306,5894,1166,20240628,Watch Party
3307,5214,3218,20240423,Review
3308,3241,142,20251116,Profile
3309,4747,1574,20230118,Recommendation
3310,5963,4069,20231022,Watch Party
3311,5332,2192,20241009,Review
3312,664,2871,20230118,Profile
3313,611,4938,20250912,Recommendation
3314,140,1797,20250102,Watch Party
3315,5684,5176,20231001,Review
3316,2169,2537,20250401,Profile
3317,3061,550,20250816,Recommendation
3318,2158,973,20230623,Watch Party
3319,98,119,20250615,Review
3320,3485,5035,20250626,Profile
3321,4102,3394,20250614,Recommendation
3322,5678,902,20240113,Watch Party
3323,1937,3170,20230319,Review
3324,5173,4116,20230718,Profile
3325,5025,5621,20240118,Recommendation
3326,824,3773,20250216,Watch Party
3327,71,833,20240329,Review
3328,2415,3939,20230106,Profile
3329,3281,91,20240513,Recommendation
3330,4341,4378,20231028,Watch Party
3331,1692,2035,20250311,Review
3332,4865,571,20231130,Profile
3333,2052,2967,20250216,Recommendation
3334,4903,2714,20230807,Watch Party
3335,3870,1388,20250106,Review
3336,145,4120,20240810,Profile
3337,479,2484,20250910,Recommendation
3338,2437,5991,20240111,Watch Party
3339,5870,3481,20230414,Review
3340,1807,2903,20250114,Profile
3341,5054,3343,20240521,Recommendation
3342,130,4066,20231113,Watch Party
3343,2782,1568,20250717,Review
3344,508,1384,20240818,Profile
3345,8,1553,20250626,Recommendation
3346,4055,816,20250528,Watch Party
3347,1697,2010,20230524,Review
3348,5885,3945,20250617,Profile
3349,4877,3378,20231023,Recommendation
3350,159,143,20240727,Watch Party
3351,3761,683,20231125,Review
3352,1889,5495,20241004,Profile
3353,1280,4644,20230213,Recommendation
3354,3741,3441,20241203,Watch Party
3355,5434,1311,20251209,Review
3356,4820,4490,20230811,Profile
3357,2216,3227,20240609,Recommendation
3358,3990,3171,20240722,Watch Party
3359,1884,5841,20231201,Review
3360,4845,4391,20250516,Profile
3361,432,1319,20250221,Recommendation
3362,3050,2723,20250827,Watch Party
3363,3801,267,20250601,Review
3364,3635,138,20240930,Profile
3365,3393,4538,20240222,Recommendation
3366,5972,5903,20240126,Watch Party
3367,3855,2344,20250111,Review
3368,108,101,20230119,Profile
3369,2858,2485,20250706,Recommendation
3370,4290,626,20250808,Watch Party
3371,154,4793,20250818,Review
3372,2695,202,20240919,Profile
3373,5860,5116,20241109,Recommendation
3374,1243,4104,20230305,Watch Party
3375,749,1524,20250914,Review
3376,5360,50,20231103,Profile
3377,5852,281,20240612,Recommendation
3378,314,4450,20230507,Watch Party
3379,2677,184,20240411,Review
3380,2988,4457,20250421,Profile
3381,4307,126,20241002,Recommendation
3382,5998,1219,20250715,Watch Party
3383,3629,4650,20241231,Review
3384,5563,5146,20250228,Profile
3385,3,5144,20251204,Recommendation
3386,2317,2531,20230730,Watch Party
3387,5253,2271,20230520,Review
3388,654,1045,20240713,Profile
3389,2141,661,20230201,Recommendation
3390,1104,4536,20240531,Watch Party
3391,248,2057,20250507,Review
3392,5677,1031,20250326,Profile
3393,2876,5985,20250130,Recommendation
3394,5066,1396,20251004,Watch Party
3395,4584,2198,20250429,Review
3396,1111,5215,20250430,Profile
3397,3796,1990,20251220,Recommendation
3398,3987,3398,20231105,Watch Party
3399,370,392,20251021,Review
3400,4248,2191,20230915,Profile
3401,4602,2267,20240913,Recommendation
3402,2637,5885,20230609,Watch Party
3403,5695,2916,20231214,Review
3404,5950,952,20250418,Profile
3405,2337,2068,20240129,Recommendation
3406,5565,4812,20231014,Watch Party
3407,4491,5765,20230810,Review
3408,624,1318,20250212,Profile
3409,482,3468,20240308,Recommendation
3410,5096,5575,20250914,Watch Party
3411,74,1128,20230105,Review
3412,3590,4410,20250527,Profile
3413,1135,768,20240722,Recommendation
3414,1054,5504,20230704,Watch Party
3415,4906,1094,20231207,Review
3416,3973,1926,20240428,Profile
3417,1571,1423,20240827,Recommendation
3418,2344,3913,20240812,Watch Party
3419,618,4998,20230118,Review
3420,2716,940,20240201,Profile
3421,1614,4109,20250614,Recommendation
3422,1245,1452,20230910,Watch Party
3423,3528,5572,20231227,Review
3424,2622,4910,20241220,Profile
3425,2955,2001,20230914,Recommendation
3426,4299,4167,20230225,Watch Party
3427,3367,3723,20230117,Review
3428,1513,5586,20231105,Profile
3429,4807,5494,20230206,Recommendation
3430,1601,3725,20240818,Watch Party
3431,2556,3438,20240324,Review
3432,125,5258,20230831,Profile
3433,3486,1337,20240803,Recommendation
3434,3121,5590,20230526,Watch Party
3435,5450,819,20240831,Review
3436,4380,4863,20241101,Profile
3437,3719,4389,20250926,Recommendation
3438,40,5605,20230414,Watch Party
3439,5659,4129,20230409,Review
3440,1712,5108,20250103,Profile
3441,7,2181,20250706,Recommendation
3442,5515,1377,20240707,Watch Party
3443,3404,2426,20240124,Review
3444,5797,4515,20250311,Profile
3445,1915,3073,20230917,Recommendation
3446,5922,619,20240121,Watch Party
3447,5180,3843,20250720,Review
3448,3622,4324,20251201,Profile
3449,1935,92,20240310,Recommendation
3450,5373,416,20240512,Watch Party
3451,2502,5383,20230801,Review
3452,4181,4045,20231127,Profile
3453,5965,5099,20230209,Recommendation
3454,4195,2117,20250103,Watch Party
3455,1072,5279,20250227,Review
3456,1628,451,20251103,Profile
3457,3937,2768,20230328,Recommendation
3458,1341,5278,20230312,Watch Party
3459,4171,5936,20251109,Review
3460,3226,531,20230812,Profile
3461,2043,4516,20240219,Recommendation
3462,88,5846,20230802,Watch Party
3463,1007,833,20230415,Review
3464,2077,3649,20240113,Profile
3465,3477,5187,20240314,Recommendation
3466,1721,74,20230118,Watch Party
3467,5683,4775,20240222,Review
3468,5413,2318,20241004,Profile
3469,863,3676,20250525,Recommendation
3470,5391,1014,20240527,Watch Party
3471,1242,739,20230531,Review
3472,983,5317,20230417,Profile
3473,4238,2376,20230504,Recommendation
3474,475,5331,20240608,Watch Party
3475,1025,4180,20230731,Review
3476,548,1019,20240524,Profile
3477,961,1398,20250923,Recommendation
3478,4972,2538,20240728,Watch Party
3479,2609,1447,20230818,Review
3480,3954,2683,20240903,Profile
3481,240,3247,20251215,Recommendation
3482,2267,3406,20250730,Watch Party
3483,3541,5310,20230627,Review
3484,4473,1692,20240331,Profile
3485,2922,3193,20240331,Recommendation
3486,5585,3647,20241126,Watch Party
3487,523,456,20250810,Review
3488,2232,2003,20231107,Profile
3489,1691,5556,20240914,Recommendation
3490,5957,5897,20240716,Watch Party
3491,4790,3324,20250724,Review
3492,3820,3469,20230603,Profile
3493,3760,4202,20250317,Recommendation
3494,1684,1601,20240221,Watch Party
3495,2071,564,20230510,Review
3496,4659,3202,20250723,Profile
3497,3902,5591,20240325,Recommendation
3498,4200,2539,20230412,Watch Party
3499,2251,2901,20250408,Review
3500,5337,3223,20240829,Profile
3501,1079,2209,20230306,Recommendation
3502,3834,1332,20230224,Watch Party
3503,3544,4662,20240129,Review
3504,4025,172,20241004,Profile
3505,1447,3008,20240227,Recommendation
3506,4203,5104,20230508,Watch Party
3507,961,373,20250203,Review
3508,4377,5952,20231023,Profile
3509,5108,3149,20230714,Recommendation
3510,4877,2283,20250408,Watch Party
3511,1889,905,20230113,Review
3512,2321,2505,20241114,Profile
3513,4549,1546,20240727,Recommendation
3514,1597,1177,20241225,Watch Party
3515,5421,4839,20240107,Review
3516,534,5789,20230401,Profile
3517,2719,241,20240223,Recommendation
3518,5207,5497,20231007,Watch Party
3519,5190,2699,20230901,Review
3520,5181,5,20230608,Profile
3521,3446,1354,20251229,Recommendation
3522,3391,2355,20230217,Watch Party
3523,5486,5914,20250309,Review
3524,5117,5359,20251129,Profile
3525,293,3285,20250814,Recommendation
3526,3871,4909,20250925,Watch Party
3527,524,4154,20230222,Review
3528,5289,632,20250909,Profile
3529,3819,2871,20250615,Recommendation
3530,769,3453,20251011,Watch Party
3531,5983,2008,20241125,Review
3532,3353,4070,20240101,Profile
3533,3940,20,20240626,Recommendation
3534,1727,1038,20240105,Watch Party
3535,710,3555,20250315,Review
3536,5563,2508,20241002,Profile
3537,3584,739,20250625,Recommendation
3538,182,2499,20251108,Watch Party
3539,256,2814,20230523,Review
3540,2456,725,20230305,Profile
3541,2010,5604,20240215,Recommendation
3542,3179,5752,20250609,Watch Party
3543,796,3224,20250210,Review
3544,4215,2271,20250626,Profile
3545,5446,1383,20250112,Recommendation
3546,5004,5439,20240914,Watch Party
3547,1115,5866,20250311,Review
3548,1799,1077,20240718,Profile
3549,3258,891,20230906,Recommendation
3550,5127,1788,20240630,Watch Party
3551,5619,1373,20230513,Review
3552,3187,4320,20230914,Profile
3553,1622,3150,20230221,Recommendation
3554,2027,1804,20230101,Watch Party
3555,1952,1052,20251210,Review
3556,2333,3229,20241020,Profile
3557,3668,2181,20251002,Recommendation
3558,4605,4123,20230718,Watch Party
3559,1780,1911,20231210,Review
3560,4808,3475,20240309,Profile
3561,579,4815,20251115,Recommendation
3562,4,1100,20231214,Watch Party
3563,4159,2203,20250623,Review
3564,2226,462,20240305,Profile
3565,1420,169,20231025,Recommendation
3566,3595,4452,20250823,Watch Party
3567,5256,2073,20230325,Review
3568,368,573,20250616,Profile
3569,921,2296,20230225,Recommendation
3570,1491,206,20240214,Watch Party
3571,2388,3615,20251006,Review
3572,84,1449,20250101,Profile
3573,2599,3346,20230829,Recommendation
3574,3697,5095,20231009,Watch Party
3575,4798,5727,20250301,Review
3576,3196,3719,20230921,Profile
3577,1993,3457,20230704,Recommendation
3578,5085,5561,20241031,Watch Party
3579,3674,4843,20230516,Review
3580,5848,4292,20240910,Profile
3581,1806,5914,20231123,Recommendation
3582,4929,3932,20250415,Watch Party
3583,4685,4209,20251011,Review
3584,3973,628,20230607,Profile
3585,656,227,20240329,Recommendation
3586,4424,3748,20240621,Watch Party
3587,3287,5864,20251005,Review
3588,5865,4342,20231002,Profile
3589,1918,1775,20230721,Recommendation
3590,1415,2265,20240604,Watch Party
3591,4964,2495,20231002,Review
3592,1350,1040,20240919,Profile
3593,1173,4608,20241119,Recommendation
3594,5341,5463,20250502,Watch Party
3595,1663,2791,20231130,Review
3596,5185,1596,20251117,Profile
3597,689,3029,20231015,Recommendation
3598,562,5656,20230129,Watch Party
3599,2837,2166,20231012,Review
3600,3292,4476,20250820,Profile
3601,26,2776,20250911,Recommendation
3602,2398,872,20230924,Watch Party
3603,5922,4857,20250310,Review
3604,3026,5297,20231008,Profile
3605,2710,2482,20231230,Recommendation
3606,5072,3710,20240908,Watch Party
3607,784,2323,20230105,Review
3608,2620,1908,20241030,Profile
3609,3270,5568,20241111,Recommendation
3610,333,662,20250219,Watch Party
3611,1138,2753,20250929,Review
3612,1102,1916,20251125,Profile
3613,5729,136,20251111,Recommendation
3614,5159,4215,20240529,Watch Party
3615,2941,2901,20240716,Review
3616,222,5618,20250521,Profile
3617,5220,4951,20240120,Recommendation
3618,5187,3857,20231120,Watch Party
3619,4044,5175,20251119,Review
3620,301,3189,20230516,Profile
3621,3962,4191,20250425,Recommendation
3622,26,4130,20250131,Watch Party
3623,596,2049,20230508,Review
3624,1689,3071,20231110,Profile
3625,3948,4722,20250509,Recommendation
3626,5899,4995,20250704,Watch Party
3627,5474,1190,20241126,Review
3628,5899,1102,20230120,Profile
3629,3019,5576,20250609,Recommendation
3630,2579,2367,20250421,Watch Party
3631,400,3998,20240830,Review
3632,637,4423,20240309,Profile
3633,2551,5605,20231103,Recommendation
3634,5419,1135,20230605,Watch Party
3635,4479,1553,20230802,Review
3636,5849,1358,20240227,Profile
3637,3046,2313,20230319,Recommendation
3638,1874,5012,20250912,Watch Party
3639,4587,2064,20250615,Review
3640,2248,2584,20240420,Profile
3641,3364,5488,20240223,Recommendation
3642,2577,5126,20240309,Watch Party
3643,2260,413,20230604,Review
3644,1813,3784,20230329,Profile
3645,5758,2401,20250828,Recommendation
3646,2438,229,20240505,Watch Party
3647,2649,2893,20230428,Review
3648,608,5414,20250808,Profile
3649,2029,3363,20240625,Recommendation
3650,5331,144,20240428,Watch Party
3651,3289,4318,20251017,Review
3652,3782,1175,20250112,Profile
3653,3249,3204,20230508,Recommendation
3654,361,2333,20250829,Watch Party
3655,1192,5665,20240814,Review
3656,5961,2499,20230304,Profile
3657,1249,4104,20241212,Recommendation
3658,2000,5080,20230523,Watch Party
3659,1181,981,20240415,Review
3660,1231,5552,20250816,Profile
3661,337,1484,20250323,Recommendation
3662,870,2936,20240611,Watch Party
3663,84,4826,20251208,Review
3664,4540,5561,20240405,Profile
3665,4630,523,20231216,Recommendation
3666,2674,3679,20240520,Watch Party
3667,5466,2764,20250701,Review
3668,1338,1945,20230527,Profile
3669,1218,2780,20250722,Recommendation
3670,4528,2620,20241129,Watch Party
3671,1499,3666,20250731,Review
3672,2563,2192,20240301,Profile
3673,5341,1589,20230304,Recommendation
3674,5748,2810,20251006,Watch Party
3675,3939,1543,20241109,Review
3676,3143,1896,20231121,Profile
3677,1137,3833,20251230,Recommendation
3678,2424,53,20240322,Watch Party
3679,4803,5628,20240508,Review
3680,3658,349,20231205,Profile
3681,3738,3367,20230124,Recommendation
3682,1777,3627,20240420,Watch Party
3683,2224,44,20240110,Review
3684,4874,3515,20240501,Profile
3685,3582,2946,20250701,Recommendation
3686,4322,795,20250705,Watch Party
3687,1337,1255,20230717,Review
3688,1925,3097,20251027,Profile
3689,4053,2424,20240308,Recommendation
3690,5357,1781,20231022,Watch Party
3691,5821,1016,20241126,Review
3692,1579,5474,20250602,Profile
3693,2297,3692,20231215,Recommendation
3694,3421,2528,20240624,Watch Party
3695,5136,1711,20230626,Review
3696,3820,845,20240723,Profile
3697,2906,428,20231101,Recommendation
3698,4620,2304,20230511,Watch Party
3699,5196,916,20241126,Review
3700,2766,3573,20241113,Profile
3701,5935,869,20230302,Recommendation
3702,2238,4757,20231123,Watch Party
3703,1036,4116,20240521,Review
3704,5612,1983,20240521,Profile
3705,5536,1557,20240302,Recommendation
3706,2327,4068,20231024,Watch Party
3707,688,2349,20230522,Review
3708,5655,229,20231204,Profile
3709,749,4015,20230919,Recommendation
3710,1558,4577,20240531,Watch Party
3711,1237,3197,20250221,Review
3712,180,2785,20251216,Profile
3713,4322,4996,20230714,Recommendation
3714,512,1031,20240802,Watch Party
3715,5891,5803,20250420,Review
3716,2168,5381,20230921,Profile
3717,1357,3577,20250622,Recommendation
3718,652,5344,20230130,Watch Party
3719,2775,5707,20250721,Review
3720,3131,1531,20230824,Profile
3721,998,5153,20250201,Recommendation
3722,1920,1261,20230603,Watch Party
3723,659,5296,20250703,Review
3724,2731,122,20241006,Profile
3725,5647,2235,20250611,Recommendation
3726,2317,1518,20241002,Watch Party
3727,5438,1779,20241115,Review
3728,5348,665,20250819,Profile
3729,5675,4197,20250214,Recommendation
3730,4561,1885,20240331,Watch Party
3731,1216,2775,20230810,Review
3732,3742,2959,20230725,Profile
3733,912,3013,20251027,Recommendation
3734,3681,2374,20231019,Watch Party
3735,3058,4821,20231128,Review
3736,1489,2196,20241114,Profile
3737,1861,2782,20240415,Recommendation
3738,4247,543,20230809,Watch Party
3739,2759,4259,20230111,Review
3740,3969,1788,20250522,Profile
3741,390,4734,20230227,Recommendation
3742,4116,1966,20230306,Watch Party
3743,1682,3055,20230418,Review
3744,3755,5623,20250215,Profile
3745,3993,4398,20250318,Recommendation
3746,1815,4218,20230411,Watch Party
3747,966,1209,20230611,Review
3748,3950,4549,20250125,Profile
3749,3120,5486,20241023,Recommendation
3750,596,2114,20240703,Watch Party
3751,2286,760,20231117,Review
3752,5706,4579,20230819,Profile
3753,1536,1538,20240103,Recommendation
3754,4879,3584,20241007,Watch Party
3755,3575,3821,20240827,Review
3756,2270,2866,20250714,Profile
3757,2471,1636,20230118,Recommendation
3758,5220,1260,20241008,Watch Party
3759,5620,2169,20240903,Review
3760,953,4316,20230624,Profile
3761,708,3276,20241205,Recommendation
3762,5743,5390,20241024,Watch Party
3763,5115,862,20251007,Review
3764,1050,4230,20240227,Profile
3765,5676,4230,20240827,Recommendation
3766,2028,460,20250515,Watch Party
3767,1949,5270,20230321,Review
3768,2924,1077,20250313,Profile
3769,5197,5508,20250411,Recommendation
3770,864,1337,20250219,Watch Party
3771,4442,3454,20250313,Review
3772,2980,5565,20240809,Profile
3773,4532,1674,20240520,Recommendation
3774,4012,5238,20250505,Watch Party
3775,5300,4166,20230808,Review
3776,4319,340,20231028,Profile
3777,2850,3857,20240303,Recommendation
3778,1382,5128,20241003,Watch Party
3779,3718,3565,20240510,Review
3780,3141,3585,20250107,Profile
3781,838,2434,20240118,Recommendation
3782,4367,4904,20230706,Watch Party
3783,4302,1346,20240531,Review
3784,4151,4156,20240608,Profile
3785,2411,3274,20240122,Recommendation
3786,1207,2398,20230921,Watch Party
3787,5512,5395,20230624,Review
3788,2740,1602,20250414,Profile
3789,449,3667,20240908,Recommendation
3790,4213,4910,20231008,Watch Party
3791,421,1154,20250510,Review
3792,1940,5378,20230605,Profile
3793,4689,4777,20230330,Recommendation
3794,475,3921,20230105,Watch Party
3795,3865,5630,20230417,Review
3796,1587,2058,20230804,Profile
3797,2646,4058,20230911,Recommendation
3798,628,3023,20230201,Watch Party
3799,2486,5726,20230805,Review
3800,2241,3200,20250912,Profile
3801,3394,1209,20250115,Recommendation
3802,4496,4902,20231114,Watch Party
3803,5583,629,20231014,Review
3804,2630,3889,20251128,Profile
3805,2285,1355,20240913,Recommendation
3806,5727,3828,20231113,Watch Party
3807,3470,2906,20240223,Review
3808,5350,1806,20251210,Profile
3809,2148,656,20230422,Recommendation
3810,5378,3461,20240906,Watch Party
3811,3246,5500,20230623,Review
3812,2715,5737,20250915,Profile
3813,824,4081,20230309,Recommendation
3814,4823,5233,20250329,Watch Party
3815,278,1831,20230714,Review
3816,2379,3452,20241213,Profile
3817,3655,4006,20240304,Recommendation
3818,5627,1417,20240512,Watch Party
3819,5330,5215,20250125,Review
3820,5645,1610,20230308,Profile
3821,2198,3845,20241222,Recommendation
3822,2103,3193,20250217,Watch Party
3823,1689,5854,20250925,Review
3824,5244,5660,20250301,Profile
3825,1413,2026,20250501,Recommendation
3826,3169,779,20250819,Watch Party
3827,3503,4242,20240214,Review
3828,5857,265,20251219,Profile
3829,1977,1577,20240714,Recommendation
3830,2071,2557,20250202,Watch Party
3831,2855,986,20250216,Review
3832,4590,5817,20230817,Profile
3833,1518,5203,20240423,Recommendation
3834,392,1374,20241103,Watch Party
3835,3747,889,20240708,Review
3836,2519,5076,20231224,Profile
3837,5837,4921,20240102,Recommendation
3838,4078,4176,20240806,Watch Party
3839,2580,5361,20250715,Review
3840,5558,5200,20230123,Profile
3841,3980,5334,20250503,Recommendation
3842,2878,434,20230327,Watch Party
3843,4783,5309,20231103,Review
3844,2781,1294,20230302,Profile
3845,928,1577,20230830,Recommendation
3846,4736,2519,20240630,Watch Party
3847,1576,1003,20251210,Review
3848,4199,5329,20250925,Profile
3849,5450,3928,20230428,Recommendation
3850,2834,3820,20250529,Watch Party
3851,2253,5045,20240827,Review
3852,770,2228,20250126,Profile
3853,4476,647,20230706,Recommendation
3854,4769,2636,20250225,Watch Party
3855,4716,5612,20250212,Review
3856,544,2579,20240413,Profile
3857,4513,3503,20230408,Recommendation
3858,1450,3313,20240525,Watch Party
3859,3758,1841,20241114,Review
3860,3982,2453,20241227,Profile
3861,89,4276,20230106,Recommendation
3862,575,273,20240819,Watch Party
3863,779,5718,20241206,Review
3864,1439,5074,20240310,Profile
3865,3404,961,20240902,Recommendation
3866,2433,2792,20251229,Watch Party
3867,4387,5636,20230903,Review
3868,3058,3029,20240425,Profile
3869,5904,1720,20230721,Recommendation
3870,3773,1960,20231126,Watch Party
3871,5919,5630,20240626,Review
3872,1819,162,20230929,Profile
3873,403,2377,20240310,Recommendation
3874,64,3538,20230418,Watch Party
3875,256,4917,20240115,Review
3876,3661,5673,20230504,Profile
3877,2431,5999,20230515,Recommendation
3878,2860,3324,20230824,Watch Party
3879,5644,1100,20251227,Review
3880,53,5142,20250312,Profile
3881,3236,1387,20240729,Recommendation
3882,3917,5169,20250518,Watch Party
3883,5607,757,20230903,Review
3884,306,394,20250212,Profile
3885,2719,4826,20250509,Recommendation
3886,1302,4051,20230923,Watch Party
3887,2489,1607,20250826,Review
3888,4374,603,20240720,Profile
3889,4259,5718,20230714,Recommendation
3890,702,4722,20230901,Watch Party
3891,16,105,20240530,Review
3892,3138,1458,20250702,Profile
3893,4375,5656,20231222,Recommendation
3894,3031,452,20251017,Watch Party
3895,3399,3067,20230918,Review
3896,1484,2293,20241220,Profile
3897,2111,3771,20240324,Recommendation
3898,5281,432,20251112,Watch Party
3899,3885,4662,20250720,Review
3900,4213,4151,20250731,Profile
3901,4531,790,20251115,Recommendation
3902,1929,4836,20240310,Watch Party
3903,5944,2643,20240428,Review
3904,4777,2842,20250812,Profile
3905,3334,5306,20230622,Recommendation
3906,2292,2970,20230218,Watch Party
3907,714,1600,20250312,Review
3908,1633,1759,20250813,Profile
3909,4818,1535,20240714,Recommendation
3910,2390,4704,20230731,Watch Party
3911,448,5319,20230221,Review
3912,5328,5072,20230414,Profile
3913,4655,60,20231228,Recommendation
3914,3511,4986,20240120,Watch Party
3915,5798,4234,20240322,Review
3916,2500,5283,20230601,Profile
3917,3338,2305,20230125,Recommendation
3918,5013,4085,20250614,Watch Party
3919,1374,1110,20240726,Review
3920,2923,3514,20250815,Profile
3921,1802,700,20240911,Recommendation
3922,5891,4758,20230104,Watch Party
3923,3041,2564,20250722,Review
3924,3953,5081,20231125,Profile
3925,2678,3476,20230116,Recommendation
3926,4385,5905,20250324,Watch Party
3927,2323,5077,20230321,Review
3928,3491,4886,20230911,Profile
3929,1607,482,20250215,Recommendation
3930,3567,2729,20240801,Watch Party
3931,1324,2757,20250819,Review
3932,2173,1795,20250519,Profile
3933,467,5972,20240415,Recommendation
3934,1478,2871,20240310,Watch Party
3935,5152,3411,20240621,Review
3936,4769,1095,20231009,Profile
3937,1999,307,20240423,Recommendation
3938,4919,5669,20240729,Watch Party
3939,2843,2012,20230802,Review
3940,3236,3021,20240229,Profile
3941,4849,3843,20240531,Recommendation
3942,4842,4623,20231020,Watch Party
3943,2853,2135,20230420,Review
3944,3557,1798,20231023,Profile
3945,4252,5342,20230212,Recommendation
3946,3993,5987,20240806,Watch Party
3947,3730,2116,20240916,Review
3948,362,4083,20250217,Profile
3949,171,2851,20251127,Recommendation
3950,1474,2599,20250905,Watch Party
3951,536,3960,20230220,Review
3952,1119,5564,20251224,Profile
3953,1666,789,20251007,Recommendation
3954,5185,2523,20231116,Watch Party
3955,3558,4514,20250627,Review
3956,2913,5527,20230616,Profile
3957,1758,2901,20250815,Recommendation
3958,2579,2166,20230514,Watch Party
3959,5545,5389,20230126,Review
3960,1884,5065,20231221,Profile
3961,4935,3747,20230529,Recommendation
3962,1747,1210,20231015,Watch Party
3963,5286,3701,20250822,Review
3964,1418,5587,20241116,Profile
3965,5779,3013,20230619,Recommendation
3966,2124,1191,20240805,Watch Party
3967,846,383,20250620,Review
3968,4283,4466,20231021,Profile
3969,3439,1815,20240306,Recommendation
3970,5341,4628,20250622,Watch Party
3971,5631,1453,20230914,Review
3972,942,632,20240201,Profile
3973,3905,1961,20230702,Recommendation
3974,1057,1456,20240109,Watch Party
3975,5836,1493,20230312,Review
3976,5347,3150,20241123,Profile
3977,5384,5380,20240112,Recommendation
3978,3667,350,20240824,Watch Party
3979,3424,613,20231214,Review
3980,2141,2912,20240512,Profile
3981,1047,4068,20240423,Recommendation
3982,3036,4069,20241114,Watch Party
3983,5695,2231,20240926,Review
3984,2712,1114,20250328,Profile
3985,2262,1670,20250712,Recommendation
3986,5471,388,20251220,Watch Party
3987,573,2122,20240927,Review
3988,1207,1347,20230527,Profile
3989,967,3093,20250313,Recommendation
3990,1448,2275,20241010,Watch Party
3991,51,5234,20231105,Review
3992,5434,2744,20240716,Profile
3993,5237,4879,20251229,Recommendation
3994,5890,2543,20230715,Watch Party
3995,2090,2773,20240811,Review
3996,3214,2394,20241113,Profile
3997,1366,4125,20230509,Recommendation
3998,5282,4255,20241221,Watch Party
3999,1972,4294,20230821,Review
4000,5648,4466,20240731,Profile
4001,1422,2381,20240219,Recommendation
4002,4790,3,20230705,Watch Party
4003,3750,270,20250909,Review
4004,1076,4732,20250425,Profile
4005,826,4345,20230704,Recommendation
4006,5342,5985,20240912,Watch Party
4007,1168,1567,20240812,Review
4008,3846,2006,20240920,Profile
4009,4567,4849,20230620,Recommendation
4010,128,2362,20240402,Watch Party
4011,2875,4650,20230929,Review
4012,1479,4334,20240104,Profile
4013,4267,1620,20251222,Recommendation
4014,4122,1125,20251205,Watch Party
4015,922,5756,20231125,Review
4016,4731,1371,20230512,Profile
4017,33,1491,20240822,Recommendation
4018,2039,3914,20251026,Watch Party
4019,5418,1353,20241001,Review
4020,867,743,20240202,Profile
4021,3137,190,20230309,Recommendation
4022,4957,4660,20240718,Watch Party
4023,3458,4564,20241027,Review
4024,5871,4780,20251202,Profile
4025,2640,5929,20230818,Recommendation
4026,3587,886,20240410,Watch Party
4027,1764,5122,20240711,Review
4028,5502,2183,20250328,Profile
4029,2186,4280,20250524,Recommendation
4030,2452,5868,20231216,Watch Party
4031,3429,3316,20240210,Review
4032,2089,1776,20241120,Profile
4033,3105,5574,20240707,Recommendation
4034,5978,1140,20240227,Watch Party
4035,2517,2662,20240206,Review
4036,2631,4162,20230713,Profile
4037,2451,1185,20240604,Recommendation
4038,1306,864,20231116,Watch Party
4039,5596,5502,20230204,Review
4040,5094,2971,20250217,Profile
4041,3289,5330,20240423,Recommendation
4042,784,1023,20250720,Watch Party
4043,825,1908,20230626,Review
4044,5567,4553,20250929,Profile
4045,3075,1024,20251012,Recommendation
4046,2142,4653,20230424,Watch Party
4047,5365,3167,20230222,Review
4048,2525,4438,20240330,Profile
4049,3982,1853,20251218,Recommendation
4050,2433,72,20240616,Watch Party
4051,624,3254,20240829,Review
4052,725,5461,20240812,Profile
4053,4610,4245,20250914,Recommendation
4054,3693,1646,20230613,Watch Party
4055,2941,5174,20250328,Review
4056,1733,3994,20250812,Profile
4057,2542,4547,20240626,Recommendation
4058,2874,5578,20251229,Watch Party
4059,4241,3352,20250602,Review
4060,1342,76,20241007,Profile
4061,2497,3690,20230816,Recommendation
4062,2390,3122,20250922,Watch Party
4063,4881,4967,20250203,Review
4064,5047,3831,20241211,Profile
4065,3709,1546,20231108,Recommendation
4066,198,4423,20230317,Watch Party
4067,916,3701,20240319,Review
4068,5455,3989,20240508,Profile
4069,1006,5251,20230321,Recommendation
4070,3886,5666,20241030,Watch Party
4071,309,5665,20231214,Review
4072,5642,1919,20230310,Profile
4073,4845,3433,20250223,Recommendation
4074,3480,1276,20240303,Watch Party
4075,848,2058,20250227,Review
4076,954,2315,20240409,Profile
4077,2001,2029,20250101,Recommendation
4078,2480,504,20240930,Watch Party
4079,940,5892,20231129,Review
4080,1918,489,20250930,Profile
4081,2172,421,20251004,Recommendation
4082,3084,3015,20230102,Watch Party
4083,3075,218,20240621,Review
4084,5775,306,20250706,Profile
4085,1985,1376,20250117,Recommendation
4086,5958,5793,20240306,Watch Party
4087,5156,1580,20230829,Review
4088,4376,3276,20250608,Profile
4089,2586,3349,20250607,Recommendation
4090,5282,1593,20231117,Watch Party
4091,3439,3707,20250427,Review
4092,5064,4614,20240831,Profile
4093,4104,605,20240109,Recommendation
4094,4670,4509,20240117,Watch Party
4095,2084,1145,20230807,Review
4096,4874,4287,20250730,Profile
4097,3988,4860,20250913,Recommendation
4098,4709,2514,20230623,Watch Party
4099,5183,5414,20250830,Review
4100,4636,4990,20230501,Profile
4101,5099,911,20250920,Recommendation
4102,4004,411,20251019,Watch Party
4103,1904,1399,20230206,Review
4104,4722,1917,20240608,Profile
4105,2731,854,20231011,Recommendation
4106,3807,4285,20250121,Watch Party
4107,2583,860,20231012,Review
4108,3290,3084,20240215,Profile
4109,3414,3307,20250309,Recommendation
4110,990,1777,20241228,Watch Party
4111,2307,5439,20250918,Review
4112,5399,4711,20241229,Profile
4113,196,5094,20231118,Recommendation
4114,3544,4014,20230109,Watch Party
4115,3839,2420,20230311,Review
4116,1434,3462,20240305,Profile
4117,4233,1650,20240429,Recommendation
4118,5185,2258,20231221,Watch Party
4119,5468,2979,20230704,Review
4120,916,1437,20240703,Profile
4121,4066,4707,20240131,Recommendation
4122,1621,2500,20250627,Watch Party
4123,3014,2710,20230106,Review
4124,4109,1779,20241231,Profile
4125,3364,4037,20240408,Recommendation
4126,1133,372,20250413,Watch Party
4127,2752,4907,20230515,Review
4128,237,3074,20250506,Profile
4129,3469,4227,20231231,Recommendation
4130,1481,3842,20241013,Watch Party
4131,1692,4775,20240313,Review
4132,2388,548,20251214,Profile
4133,766,136,20240718,Recommendation
4134,2292,5033,20230213,Watch Party
4135,1710,1045,20250314,Review
4136,1148,4844,20250829,Profile
4137,2713,5739,20231021,Recommendation
4138,5247,898,20240308,Watch Party
4139,209,3069,20240507,Review
4140,5447,4798,20231024,Profile
4141,5625,627,20250531,Recommendation
4142,2980,1925,20240616,Watch Party
4143,5050,3183,20231005,Review
4144,220,2456,20250522,Profile
4145,3410,1917,20230429,Recommendation
4146,1,3645,20240229,Watch Party
4147,4575,2098,20251128,Review
4148,3734,3917,20251113,Profile
4149,2732,2371,20231123,Recommendation
4150,1829,4634,20230505,Watch Party
4151,1800,4737,20250629,Review
4152,1443,4672,20240510,Profile
4153,1561,5091,20241110,Recommendation
4154,4905,4275,20241121,Watch Party
4155,4722,876,20230930,Review
4156,5711,3005,20250624,Profile
4157,3311,3509,20250811,Recommendation
4158,386,4391,20251016,Watch Party
4159,4003,2771,20240727,Review
4160,5362,1192,20240909,Profile
4161,1499,37,20250604,Recommendation
4162,2657,1036,20250108,Watch Party
4163,4774,4700,20230324,Review
4164,181,113,20231204,Profile
4165,3390,3456,20251224,Recommendation
4166,1089,3584,20231119,Watch Party
4167,4169,5892,20230923,Review
4168,1483,1387,20230609,Profile
4169,3420,4948,20230309,Recommendation
4170,464,1278,20230914,Watch Party
4171,208,2991,20250812,Review
4172,3480,3144,20231119,Profile
4173,2344,3992,20230110,Recommendation
4174,5323,4776,20240408,Watch Party
4175,5953,3482,20250620,Review
4176,5823,1161,20250727,Profile
4177,2298,2195,20251127,Recommendation
4178,903,5653,20250508,Watch Party
4179,3371,2635,20240826,Review
4180,2872,1064,20250203,Profile
4181,4095,5630,20231130,Recommendation
4182,1219,4184,20251110,Watch Party
4183,1888,2294,20251029,Review
4184,2608,5259,20250919,Profile
4185,2373,4126,20240815,Recommendation
4186,2837,1182,20250129,Watch Party
4187,5691,2182,20240731,Review
4188,3433,3483,20230419,Profile
4189,4550,1650,20251219,Recommendation
4190,5187,5761,20230312,Watch Party
4191,1361,1664,20250729,Review
4192,3563,2140,20241203,Profile
4193,121,1770,20250210,Recommendation
4194,5911,4203,20240713,Watch Party
4195,1216,3978,20240303,Review
4196,1703,5877,20241215,Profile
4197,1908,2435,20230420,Recommendation
4198,2595,3605,20230812,Watch Party
4199,4646,4492,20231017,Review
4200,5787,342,20230215,Profile
4201,499,4802,20240922,Recommendation
4202,3522,2782,20230927,Watch Party
4203,3096,57,20250509,Review
4204,5201,4037,20240210,Profile
4205,4665,4085,20241003,Recommendation
4206,4350,1377,20230306,Watch Party
4207,36,4600,20241024,Review
4208,4234,3715,20250511,Profile
4209,912,5252,20230928,Recommendation
4210,2382,4657,20251113,Watch Party
4211,2906,5700,20240531,Review
4212,5686,5565,20240316,Profile
4213,1427,763,20230131,Recommendation
4214,1983,3055,20251118,Watch Party
4215,3793,4057,20251203,Review
4216,10,2047,20230225,Profile
4217,5221,340,20251119,Recommendation
4218,1449,5248,20231202,Watch Party
4219,4725,5706,20240301,Review
4220,5220,4805,20230209,Profile
4221,5115,2737,20241112,Recommendation
4222,5255,1542,20230207,Watch Party
4223,568,3278,20230925,Review
4224,4545,1695,20230628,Profile
4225,4740,1066,20240107,Recommendation
4226,2279,4636,20251010,Watch Party
4227,5721,2799,20230916,Review
4228,989,215,20251122,Profile
4229,4554,1911,20251203,Recommendation
4230,3671,819,20240622,Watch Party
4231,5038,5606,20240501,Review
4232,491,3690,20230104,Profile
4233,2897,5790,20250220,Recommendation
4234,531,3023,20251101,Watch Party
4235,3011,133,20250406,Review
4236,5839,5602,20240731,Profile
4237,4164,591,20241223,Recommendation
4238,5813,821,20230726,Watch Party
4239,3711,4312,20250811,Review
4240,2081,3585,20241128,Profile
4241,1433,109,20230721,Recommendation
4242,4265,1046,20251118,Watch Party
4243,2677,5428,20240331,Review
4244,5380,5691,20240830,Profile
4245,3472,3347,20250409,Recommendation
4246,3994,5014,20250824,Watch Party
4247,5425,3589,20240416,Review
4248,3950,901,20251005,Profile
4249,2539,2737,20240902,Recommendation
4250,362,5685,20230701,Watch Party
4251,2190,4550,20241204,Review
4252,740,1941,20240219,Profile
4253,5821,1055,20230107,Recommendation
4254,4661,4947,20240809,Watch Party
4255,5933,4977,20231031,Review
4256,2200,1950,20251101,Profile
4257,2666,967,20230809,Recommendation
4258,3688,2180,20241208,Watch Party
4259,4287,5808,20230129,Review
4260,1019,4140,20240320,Profile
4261,3013,2636,20250923,Recommendation
4262,1,5331,20240930,Watch Party
4263,1088,3227,20240420,Review
4264,5892,2148,20240501,Profile
4265,1096,5876,20240806,Recommendation
4266,1283,2726,20251121,Watch Party
4267,1005,3332,20250914,Review
4268,2778,3903,20250718,Profile
4269,1907,5722,20250316,Recommendation
4270,545,1932,20240103,Watch Party
4271,4065,3793,20231018,Review
4272,5868,4230,20230709,Profile
4273,2191,4267,20241121,Recommendation
4274,2850,4507,20230423,Watch Party
4275,1651,663,20230531,Review
4276,3023,2693,20240720,Profile
4277,501,581,20251129,Recommendation
4278,5333,576,20250214,Watch Party
4279,4611,3387,20250526,Review
4280,3730,1252,20250111,Profile
4281,557,3442,20240112,Recommendation
4282,2215,2762,20230622,Watch Party
4283,1270,2841,20251122,Review
4284,2252,5684,20250924,Profile
4285,2993,4797,20230217,Recommendation
4286,5890,3960,20250731,Watch Party
4287,304,1330,20250225,Review
4288,3536,1998,20250610,Profile
4289,580,3548,20240304,Recommendation
4290,874,1216,20250531,Watch Party
4291,1747,1275,20250807,Review
4292,5271,4842,20240208,Profile
4293,5369,1976,20250327,Recommendation
4294,947,850,20240507,Watch Party
4295,45,53,20250102,Review
4296,354,5405,20230914,Profile
4297,4013,4194,20230204,Recommendation
4298,1218,1751,20250711,Watch Party
4299,5604,4444,20250111,Review
4300,5539,295,20241024,Profile
4301,5215,5382,20240525,Recommendation
4302,882,3129,20240407,Watch Party
4303,5217,4881,20250524,Review
4304,706,2061,20231009,Profile
4305,1272,4417,20250113,Recommendation
4306,4244,3209,20241210,Watch Party
4307,1272,5800,20240429,Review
4308,4305,3078,20240121,Profile
4309,5969,957,20250709,Recommendation
4310,2280,2804,20230902,Watch Party
4311,1851,4511,20230920,Review
4312,4556,3779,20240401,Profile
4313,3618,2632,20240608,Recommendation
4314,5141,5390,20250414,Watch Party
4315,416,215,20250304,Review
4316,1859,5689,20230106,Profile
4317,4907,4178,20230321,Recommendation
4318,2723,2205,20250911,Watch Party
4319,1372,3260,20230104,Review
4320,5612,5671,20250414,Profile
4321,5133,116,20241008,Recommendation
4322,4705,4022,20240827,Watch Party
4323,2156,5182,20250114,Review
4324,3484,512,20250405,Profile
4325,1452,1278,20250522,Recommendation
4326,1650,1754,20230501,Watch Party
4327,5011,2082,20250520,Review
4328,3771,133,20230415,Profile
4329,3020,4125,20230212,Recommendation
4330,4299,708,20240827,Watch Party
4331,4644,641,20230702,Review
4332,5853,5341,20240926,Profile
4333,4180,5546,20240630,Recommendation
4334,2032,3493,20250319,Watch Party
4335,4502,4194,20240506,Review
4336,2100,2263,20240227,Profile
4337,3581,5972,20240902,Recommendation
4338,3181,3727,20250730,Watch Party
4339,2455,3110,20240427,Review
4340,2422,301,20240427,Profile
4341,3520,4447,20251213,Recommendation
4342,5810,1818,20240626,Watch Party
4343,5880,3572,20240128,Review
4344,2794,4433,20250919,Profile
4345,5261,3172,20231220,Recommendation
4346,5609,5305,20250525,Watch Party
4347,4991,1277,20240126,Review
4348,1587,262,20230302,Profile
4349,4864,3124,20251219,Recommendation
4350,5076,2047,20230501,Watch Party
4351,2051,49,20250930,Review
4352,294,103,20251005,Profile
4353,826,5889,20240228,Recommendation
4354,570,1736,20241019,Watch Party
4355,4800,5501,20250525,Review
4356,4459,2077,20240407,Profile
4357,3362,2351,20251109,Recommendation
4358,2993,98,20240831,Watch Party
4359,4613,1528,20250601,Review
4360,3202,5248,20230102,Profile
4361,2449,3347,20230717,Recommendation
4362,5692,2695,20240921,Watch Party
4363,3316,3194,20230731,Review
4364,5882,3866,20240926,Profile
4365,4163,5035,20231117,Recommendation
4366,1936,1956,20250818,Watch Party
4367,1502,4396,20230425,Review
4368,5096,1735,20241129,Profile
4369,4418,5311,20230916,Recommendation
4370,1846,3305,20251017,Watch Party
4371,4783,4752,20241119,Review
4372,2334,64,20250116,Profile
4373,4835,1120,20230109,Recommendation
4374,354,3055,20231203,Watch Party
4375,3412,3735,20241102,Review
4376,669,5657,20250730,Profile
4377,5868,2739,20250807,Recommendation
4378,2538,1054,20240915,Watch Party
4379,2173,2755,20241030,Review
4380,5413,4522,20250213,Profile
4381,2641,4732,20250301,Recommendation
4382,4499,5681,20240225,Watch Party
4383,1835,5629,20240825,Review
4384,4746,279,20240210,Profile
4385,4462,369,20231115,Recommendation
4386,5435,497,20251103,Watch Party
4387,786,4055,20230611,Review
4388,4938,5296,20240409,Profile
4389,650,4948,20231212,Recommendation
4390,4251,4771,20250506,Watch Party
4391,2988,4246,20250828,Review
4392,704,5667,20231119,Profile
4393,2689,2375,20230517,Recommendation
4394,1050,1133,20240627,Watch Party
4395,3657,2212,20250314,Review
4396,119,935,20241228,Profile
4397,5946,3599,20250621,Recommendation
4398,284,2573,20241107,Watch Party
4399,3737,1904,20230719,Review
4400,5141,5884,20230712,Profile
4401,1324,917,20231005,Recommendation
4402,4408,5111,20240525,Watch Party
4403,1696,5385,20250628,Review
4404,1932,1692,20230627,Profile
4405,3602,356,20231231,Recommendation
4406,117,1426,20240906,Watch Party
4407,851,2289,20250228,Review
4408,4689,3442,20230906,Profile
4409,3507,1061,20240622,Recommendation
4410,4849,4479,20241017,Watch Party
4411,3390,2610,20230806,Review
4412,3443,4636,20240103,Profile
4413,1305,1353,20240622,Recommendation
4414,5207,2193,20230127,Watch Party
4415,4648,4189,20241012,Review
4416,2789,1059,20251224,Profile
4417,2075,317,20230719,Recommendation
4418,3837,60,20251013,Watch Party
4419,4342,1742,20251011,Review
4420,4962,374,20250530,Profile
4421,752,3706,20240803,Recommendation
4422,5134,3600,20250530,Watch Party
4423,5743,3934,20251124,Review
4424,3885,2066,20231106,Profile
4425,4012,1628,20231130,Recommendation
4426,3686,5830,20250420,Watch Party
4427,522,2600,20230611,Review
4428,4536,4863,20230119,Profile
4429,4711,2882,20251117,Recommendation
4430,4048,3619,20230726,Watch Party
4431,2476,5169,20230206,Review
4432,4997,1661,20240621,Profile
4433,1005,174,20231102,Recommendation
4434,871,3672,20250827,Watch Party
4435,4533,4133,20241208,Review
4436,5210,1619,20230522,Profile
4437,5288,5693,20251209,Recommendation
4438,5760,2594,20230223,Watch Party
4439,4637,1770,20250306,Review
4440,963,1760,20250223,Profile
4441,5984,5063,20230311,Recommendation
4442,3706,2434,20250220,Watch Party
4443,1907,707,20240907,Review
4444,5293,2588,20230421,Profile
4445,3309,2687,20250302,Recommendation
4446,3589,2012,20240807,Watch Party
4447,422,3987,20250327,Review
4448,5373,2974,20230909,Profile
4449,5181,4702,20240215,Recommendation
4450,3327,4173,20240718,Watch Party
4451,509,663,20240321,Review
4452,2773,1016,20240507,Profile
4453,2277,5801,20240825,Recommendation
4454,5259,1212,20240616,Watch Party
4455,1269,2670,20250309,Review
4456,4607,324,20251128,Profile
4457,555,3638,20230918,Recommendation
4458,1930,3001,20240202,Watch Party
4459,5936,5810,20240113,Review
4460,1986,2841,20230219,Profile
4461,1433,1740,20250113,Recommendation
4462,4682,2293,20250609,Watch Party
4463,3609,2418,20250825,Review
4464,1223,814,20230106,Profile
4465,272,419,20250616,Recommendation
4466,5984,3077,20240403,Watch Party
4467,5576,2866,20230505,Review
4468,1367,1568,20250627,Profile
4469,297,4616,20250131,Recommendation
4470,4850,2861,20231204,Watch Party
4471,3601,2942,20241002,Review
4472,1307,2526,20251015,Profile
4473,5820,3458,20230215,Recommendation
4474,3822,247,20231114,Watch Party
4475,3095,565,20250630,Review
4476,4015,2086,20250526,Profile
4477,866,2289,20250513,Recommendation
4478,3684,5144,20250117,Watch Party
4479,1811,4646,20240612,Review
4480,3237,2269,20241112,Profile
4481,2900,1938,20250810,Recommendation
4482,428,3934,20240429,Watch Party
4483,5865,2675,20250721,Review
4484,20,1227,20230812,Profile
4485,894,1330,20241120,Recommendation
4486,1081,769,20240112,Watch Party
4487,1242,3425,20240125,Review
4488,2184,5733,20230506,Profile
4489,1516,2710,20231026,Recommendation
4490,2259,2671,20230523,Watch Party
4491,2577,5637,20240416,Review
4492,1425,387,20240120,Profile
4493,24,4437,20250908,Recommendation
4494,4825,4148,20241204,Watch Party
4495,5034,3392,20230815,Review
4496,4546,2272,20230921,Profile
4497,931,2562,20241114,Recommendation
4498,43,1043,20230807,Watch Party
4499,5125,2590,20250710,Review
4500,5829,3258,20230731,Profile
4501,4524,465,20250615,Recommendation
4502,1422,875,20231118,Watch Party
4503,1767,1917,20250920,Review
4504,1559,2647,20231217,Profile
4505,5089,2139,20250602,Recommendation
4506,1531,1149,20230722,Watch Party
4507,4637,5287,20230715,Review
4508,954,1258,20230720,Profile
4509,2499,4933,20230618,Recommendation
4510,1774,4464,20240819,Watch Party
4511,2256,5160,20230316,Review
4512,4130,5059,20240107,Profile
4513,2880,212,20241220,Recommendation
4514,2465,3060,20250314,Watch Party
4515,3783,2322,20240528,Review
4516,727,4936,20250908,Profile
4517,3942,1849,20240624,Recommendation
4518,257,818,20230407,Watch Party
4519,2251,2711,20231123,Review
4520,4482,705,20230805,Profile
4521,1295,445,20250408,Recommendation
4522,5878,4396,20240327,Watch Party
4523,4369,1577,20240909,Review
4524,1211,1235,20241015,Profile
4525,4061,5713,20231018,Recommendation
4526,2908,956,20251004,Watch Party
4527,5859,908,20231229,Review
4528,4764,3434,20240529,Profile
4529,137,4916,20250116,Recommendation
4530,385,5476,20240406,Watch Party
4531,379,1112,20250928,Review
4532,599,2271,20240706,Profile
4533,5107,37,20230901,Recommendation
4534,1846,3857,20230813,Watch Party
4535,1404,1972,20241029,Review
4536,2010,4662,20250922,Profile
4537,5062,2096,20240311,Recommendation
4538,3034,647,20240407,Watch Party
4539,5892,4712,20240916,Review
4540,3488,3152,20240111,Profile
4541,791,4567,20240322,Recommendation
4542,569,1348,20241210,Watch Party
4543,723,5896,20240512,Review
4544,679,1814,20240120,Profile
4545,2860,5069,20250405,Recommendation
4546,2648,2072,20240507,Watch Party
4547,1539,2892,20230223,Review
4548,3528,982,20250613,Profile
4549,595,2500,20231028,Recommendation
4550,3458,668,20250224,Watch Party
4551,602,5202,20240114,Review
4552,4740,3689,20250221,Profile
4553,5971,1006,20251002,Recommendation
4554,4368,2546,20250829,Watch Party
4555,1756,1964,20250409,Review
4556,2649,837,20241210,Profile
4557,3995,3514,20251213,Recommendation
4558,1764,2318,20241218,Watch Party
4559,5724,873,20231206,Review
4560,1320,3424,20230506,Profile
4561,4674,1617,20250206,Recommendation
4562,1237,1869,20250330,Watch Party
4563,117,5405,20250618,Review
4564,160,5445,20231121,Profile
4565,5288,4656,20251118,Recommendation
4566,1490,1980,20240617,Watch Party
4567,1135,119,20230619,Review
4568,4303,3527,20250810,Profile
4569,5297,3369,20250904,Recommendation
4570,1331,3120,20240229,Watch Party
4571,4512,5187,20231202,Review
4572,4870,5836,20250731,Profile
4573,1691,2798,20230428,Recommendation
4574,277,1345,20240315,Watch Party
4575,75,4839,20240108,Review
4576,3381,2285,20241028,Profile
4577,2726,2019,20250930,Recommendation
4578,5576,4794,20250605,Watch Party
4579,3360,343,20240408,Review
4580,3633,5765,20250606,Profile
4581,452,4066,20230928,Recommendation
4582,3528,3723,20250629,Watch Party
4583,4611,5489,20230218,Review
4584,4939,2644,20230519,Profile
4585,590,4608,20230718,Recommendation
4586,4718,58,20240726,Watch Party
4587,1103,4308,20250109,Review
4588,728,2359,20231016,Profile
4589,4226,4245,20240720,Recommendation
4590,4558,4605,20240126,Watch Party
4591,5032,2367,20250505,Review
4592,4259,361,20230308,Profile
4593,1374,2765,20230820,Recommendation
4594,3098,3275,20250526,Watch Party
4595,962,5555,20241202,Review
4596,994,4232,20230923,Profile
4597,756,3924,20230629,Recommendation
4598,1603,2271,20251018,Watch Party
4599,1536,5519,20251014,Review
4600,5934,87,20251105,Profile
4601,3265,4940,20250205,Recommendation
4602,5236,2707,20240426,Watch Party
4603,971,4296,20251019,Review
4604,4340,5079,20251001,Profile
4605,2354,240,20231122,Recommendation
4606,3880,4915,20230919,Watch Party
4607,54,5347,20241002,Review
4608,1218,469,20230909,Profile
4609,4722,5758,20240918,Recommendation
4610,3236,423,20250904,Watch Party
4611,3123,2502,20240105,Review
4612,2543,6,20230503,Profile
4613,5788,4712,20250513,Recommendation
4614,2818,3235,20251209,Watch Party
4615,1793,1536,20250326,Review
4616,519,466,20230516,Profile
4617,3724,2819,20240730,Recommendation
4618,3,1862,20250303,Watch Party
4619,1711,5787,20250401,Review
4620,4824,4972,20251209,Profile
4621,100,5875,20231123,Recommendation
4622,1459,624,20230426,Watch Party
4623,4460,3895,20251217,Review
4624,4567,1519,20231030,Profile
4625,158,3016,20240705,Recommendation
4626,1696,2483,20230429,Watch Party
4627,5440,615,20251119,Review
4628,2542,3350,20230504,Profile
4629,3280,758,20230823,Recommendation
4630,2725,3522,20241116,Watch Party
4631,1542,5648,20231025,Review
4632,91,135,20230502,Profile
4633,4335,545,20230918,Recommendation
4634,764,1978,20231007,Watch Party
4635,2071,5754,20240130,Review
4636,1040,4111,20250427,Profile
4637,5271,4303,20240903,Recommendation
4638,2232,299,20230720,Watch Party
4639,629,1842,20241015,Review
4640,3833,2708,20231130,Profile
4641,4467,4468,20240115,Recommendation
4642,4075,5215,20250123,Watch Party
4643,4610,3131,20250831,Review
4644,512,4928,20241027,Profile
4645,265,4660,20230409,Recommendation
4646,3497,2105,20231007,Watch Party
4647,5227,5667,20240426,Review
4648,3787,4161,20240112,Profile
4649,4508,5894,20240505,Recommendation
4650,3849,3001,20250621,Watch Party
4651,884,4112,20241226,Review
4652,1110,2102,20230714,Profile
4653,12,3732,20240615,Recommendation
4654,560,3417,20230602,Watch Party
4655,1973,5078,20251129,Review
4656,3651,4868,20251212,Profile
4657,1661,5895,20230528,Recommendation
4658,2604,4836,20230829,Watch Party
4659,3266,5562,20250111,Review
4660,3061,2196,20240502,Profile
4661,5532,4605,20230208,Recommendation
4662,4151,3149,20240602,Watch Party
4663,197,1183,20251024,Review
4664,2664,5071,20240414,Profile
4665,1354,1247,20250723,Recommendation
4666,1518,4944,20250423,Watch Party
4667,1653,5420,20240417,Review
4668,3383,2495,20250618,Profile
4669,1802,5067,20251001,Recommendation
4670,2794,4720,20241126,Watch Party
4671,56,1587,20231029,Review
4672,625,5637,20250901,Profile
4673,2983,309,20230817,Recommendation
4674,4860,1607,20250813,Watch Party
4675,4390,1883,20251001,Review
4676,3147,5452,20240725,Profile
4677,2821,1300,20230626,Recommendation
4678,5798,4746,20240822,Watch Party
4679,1161,207,20240912,Review
4680,562,4208,20230729,Profile
4681,1980,2415,20250918,Recommendation
4682,717,2171,20230923,Watch Party
4683,4452,376,20250719,Review
4684,3726,1800,20230616,Profile
4685,4144,3181,20240626,Recommendation
4686,474,5857,20251228,Watch Party
4687,172,5894,20240428,Review
4688,3250,1069,20240730,Profile
4689,5783,4811,20240516,Recommendation
4690,2162,452,20251127,Watch Party
4691,3393,2116,20250213,Review
4692,4698,3913,20250723,Profile
4693,4974,5668,20230426,Recommendation
4694,697,5134,20240912,Watch Party
4695,2405,3887,20240819,Review
4696,2209,972,20250716,Profile
4697,110,3133,20240923,Recommendation
4698,2722,4965,20251010,Watch Party
4699,2408,4916,20231003,Review
4700,2077,3426,20251122,Profile
4701,2658,204,20250625,Recommendation
4702,377,4175,20251126,Watch Party
4703,4595,5816,20250812,Review
4704,274,4967,20251107,Profile
4705,1919,315,20240831,Recommendation
4706,4134,479,20240121,Watch Party
4707,895,3785,20230809,Review
4708,4066,1182,20230102,Profile
4709,3719,4334,20230512,Recommendation
4710,2786,3275,20250825,Watch Party
4711,2006,5200,20230422,Review
4712,1561,5888,20230624,Profile
4713,5619,506,20251212,Recommendation
4714,4990,4821,20231009,Watch Party
4715,2020,2299,20231030,Review
4716,2705,566,20240110,Profile
4717,4876,3793,20251017,Recommendation
4718,5994,2668,20241109,Watch Party
4719,5417,3441,20250227,Review
4720,1747,3576,20230816,Profile
4721,1861,3981,20250111,Recommendation
4722,1267,2081,20241126,Watch Party
4723,3169,2093,20230821,Review
4724,308,1128,20230501,Profile
4725,574,1627,20250910,Recommendation
4726,1238,5518,20251119,Watch Party
4727,3264,5124,20230128,Review
4728,828,4789,20240401,Profile
4729,1139,5155,20240705,Recommendation
4730,1617,1094,20230428,Watch Party
4731,3625,3436,20251025,Review
4732,1026,3429,20240511,Profile
4733,3878,552,20250703,Recommendation
4734,3274,4964,20240829,Watch Party
4735,4890,2427,20230205,Review
4736,607,2966,20240910,Profile
4737,5656,363,20250723,Recommendation
4738,2319,5112,20230929,Watch Party
4739,4792,4476,20241011,Review
4740,5462,4691,20250627,Profile
4741,3335,1126,20241012,Recommendation
4742,4457,2079,20250106,Watch Party
4743,3698,5599,20241113,Review
4744,3722,4409,20250414,Profile
4745,1684,3302,20240929,Recommendation
4746,5566,1867,20250719,Watch Party
4747,5755,2349,20250511,Review
4748,5443,1537,20250504,Profile
4749,1690,3466,20240913,Recommendation
4750,3627,2488,20251117,Watch Party
4751,1995,4327,20250701,Review
4752,3351,5802,20251109,Profile
4753,3532,1368,20240928,Recommendation
4754,4788,1725,20230427,Watch Party
4755,4673,4097,20250330,Review
4756,1434,1080,20230502,Profile
4757,1481,1447,20230519,Recommendation
4758,5198,4192,20230715,Watch Party
4759,5589,5800,20250605,Review
4760,1392,2512,20230618,Profile
4761,5561,1571,20251220,Recommendation
4762,1434,1063,20230121,Watch Party
4763,1504,1586,20250228,Review
4764,2118,935,20240530,Profile
4765,5466,718,20240109,Recommendation
4766,4221,1705,20250621,Watch Party
4767,2213,1474,20251010,Review
4768,2779,5596,20241023,Profile
4769,5893,4515,20240705,Recommendation
4770,1608,2200,20250605,Watch Party
4771,4020,1507,20231113,Review
4772,3227,5743,20230325,Profile
4773,2862,458,20250304,Recommendation
4774,3864,3741,20240928,Watch Party
4775,1687,2622,20240607,Review
4776,3659,3781,20251008,Profile
4777,2213,2056,20230904,Recommendation
4778,1254,1653,20230319,Watch Party
4779,3665,4983,20250304,Review
4780,3422,4235,20250301,Profile
4781,3804,3268,20250423,Recommendation
4782,1728,4864,20250121,Watch Party
4783,3402,4947,20230530,Review
4784,808,636,20241017,Profile
4785,2868,3840,20251226,Recommendation
4786,2958,892,20250315,Watch Party
4787,5307,3968,20250226,Review
4788,4412,4338,20250320,Profile
4789,621,5522,20251009,Recommendation
4790,4429,2855,20240213,Watch Party
4791,4918,4909,20250219,Review
4792,265,2799,20251118,Profile
4793,5550,288,20230531,Recommendation
4794,91,1881,20230307,Watch Party
4795,3951,3527,20240929,Review
4796,2233,3145,20250126,Profile
4797,2415,869,20250217,Recommendation
4798,1951,5467,20240704,Watch Party
4799,178,5829,20240421,Review
4800,3249,519,20230725,Profile
4801,5372,21,20240527,Recommendation
4802,2536,3916,20241111,Watch Party
4803,594,3560,20240904,Review
4804,653,1198,20250606,Profile
4805,5314,1527,20241026,Recommendation
4806,2612,5438,20250330,Watch Party
4807,5168,1914,20230530,Review
4808,856,4994,20240808,Profile
4809,5649,333,20241023,Recommendation
4810,2386,1578,20230723,Watch Party
4811,1390,1600,20240406,Review
4812,2991,4509,20230623,Profile
4813,2263,249,20230603,Recommendation
4814,1901,2991,20240714,Watch Party
4815,879,1458,20250625,Review
4816,4019,4203,20230226,Profile
4817,87,4538,20250410,Recommendation
4818,1285,5655,20240518,Watch Party
4819,1246,2922,20250411,Review
4820,4934,5477,20240607,Profile
4821,962,5212,20230922,Recommendation
4822,565,438,20230604,Watch Party
4823,2659,1290,20230218,Review
4824,4771,529,20240510,Profile
4825,4057,592,20250303,Recommendation
4826,5315,3941,20241010,Watch Party
4827,4457,5924,20241105,Review
4828,5571,1727,20250525,Profile
4829,5574,4717,20250731,Recommendation
4830,4789,3189,20240518,Watch Party
4831,5181,5945,20240516,Review
4832,300,5390,20250808,Profile
4833,1778,3076,20241016,Recommendation
4834,3331,5372,20250413,Watch Party
4835,1742,2493,20250223,Review
4836,5278,1266,20240224,Profile
4837,1004,1411,20230429,Recommendation
4838,3456,104,20240212,Watch Party
4839,5320,5813,20250424,Review
4840,1941,5904,20240412,Profile
4841,4303,2695,20250824,Recommendation
4842,2623,2946,20241130,Watch Party
4843,46,3231,20251203,Review
4844,2796,3373,20231011,Profile
4845,3013,1045,20231109,Recommendation
4846,236,1851,20241023,Watch Party
4847,5529,1974,20241223,Review
4848,5257,3537,20231218,Profile
4849,20,1726,20250720,Recommendation
4850,349,2267,20240730,Watch Party
4851,3261,2198,20230705,Review
4852,1568,1273,20250613,Profile
4853,3961,5974,20231206,Recommendation
4854,3633,5834,20230129,Watch Party
4855,4741,4737,20240528,Review
4856,2756,4818,20241205,Profile
4857,3576,3474,20231014,Recommendation
4858,3011,4242,20230427,Watch Party
4859,1274,620,20231204,Review
4860,1112,797,20240223,Profile
4861,5889,3367,20251129,Recommendation
4862,34,1283,20230105,Watch Party
4863,1201,5189,20241106,Review
4864,2237,3900,20230522,Profile
4865,260,163,20240103,Recommendation
4866,4452,5809,20230712,Watch Party
4867,2724,229,20241105,Review
4868,4003,4952,20241225,Profile
4869,343,3641,20251008,Recommendation
4870,5856,1962,20250104,Watch Party
4871,159,3046,20240620,Review
4872,3056,3945,20241022,Profile
4873,601,5862,20241004,Recommendation
4874,694,5529,20250724,Watch Party
4875,4088,5925,20241026,Review
4876,102,5584,20240113,Profile
4877,4313,1055,20250724,Recommendation
4878,2562,4089,20250202,Watch Party
4879,3649,5085,20240831,Review
4880,2417,4967,20250224,Profile
4881,5487,1539,20250102,Recommendation
4882,4784,2443,20251210,Watch Party
4883,4669,1700,20240626,Review
4884,2306,4821,20240409,Profile
4885,2037,3001,20250831,Recommendation
4886,2273,3758,20250430,Watch Party
4887,2412,5545,20250808,Review
4888,224,1362,20230729,Profile
4889,3465,3537,20251112,Recommendation
4890,2426,947,20230308,Watch Party
4891,2958,4966,20240212,Review
4892,5305,4587,20230806,Profile
4893,3420,1116,20231029,Recommendation
4894,3301,5273,20240702,Watch Party
4895,5560,88,20230301,Review
4896,2234,5749,20240510,Profile
4897,1087,1542,20240501,Recommendation
4898,4439,1066,20230127,Watch Party
4899,1489,94,20230822,Review
4900,4395,3920,20230711,Profile
4901,209,996,20241207,Recommendation
4902,5242,1656,20231102,Watch Party
4903,1852,2862,20231103,Review
4904,4020,5139,20250323,Profile
4905,733,1656,20241203,Recommendation
4906,2310,2273,20250903,Watch Party
4907,206,3036,20230330,Review
4908,5152,2162,20250305,Profile
4909,2296,5619,20231106,Recommendation
4910,1153,2827,20231217,Watch Party
4911,797,1686,20250213,Review
4912,3157,1207,20240408,Profile
4913,5634,755,20240124,Recommendation
4914,3794,5567,20240512,Watch Party
4915,5421,3305,20250324,Review
4916,3877,5223,20230306,Profile
4917,4931,2467,20230112,Recommendation
4918,5497,5265,20240204,Watch Party
4919,3692,3112,20240903,Review
4920,648,1536,20230421,Profile
4921,4391,3470,20241012,Recommendation
4922,4233,3072,20240224,Watch Party
4923,4755,3386,20240117,Review
4924,5925,1068,20230128,Profile
4925,679,5134,20230624,Recommendation
4926,5268,1028,20251214,Watch Party
4927,4390,2578,20251226,Review
4928,2517,1967,20240110,Profile
4929,573,5513,20241119,Recommendation
4930,1935,962,20230731,Watch Party
4931,150,2108,20240128,Review
4932,1275,4056,20250203,Profile
4933,926,3671,20250816,Recommendation
4934,2349,1504,20250118,Watch Party
4935,1670,6000,20240219,Review
4936,2188,4350,20250120,Profile
4937,5168,3372,20250620,Recommendation
4938,2552,480,20250322,Watch Party
4939,5971,3251,20240920,Review
4940,124,2737,20250416,Profile
4941,3480,3842,20231206,Recommendation
4942,1614,4940,20241107,Watch Party
4943,3652,1039,20240929,Review
4944,1681,5052,20240104,Profile
4945,5219,4464,20230505,Recommendation
4946,1177,5982,20230909,Watch Party
4947,2485,3718,20230205,Review
4948,2936,1263,20230211,Profile
4949,909,1289,20230403,Recommendation
4950,5671,3310,20250401,Watch Party
4951,4372,974,20251130,Review
4952,4994,5739,20250401,Profile
4953,5988,1505,20231025,Recommendation
4954,5886,5865,20240323,Watch Party
4955,3714,3727,20240420,Review
4956,3032,5680,20230727,Profile
4957,5907,3959,20251209,Recommendation
4958,2828,2656,20241206,Watch Party
4959,67,3373,20241225,Review
4960,5383,3524,20250415,Profile
4961,3735,4873,20240815,Recommendation
4962,462,3654,20230515,Watch Party
4963,5165,2873,20250520,Review
4964,5707,885,20240409,Profile
4965,5933,976,20230611,Recommendation
4966,747,3173,20240229,Watch Party
4967,463,596,20230104,Review
4968,1063,50,20230905,Profile
4969,1137,4163,20240731,Recommendation
4970,5904,2289,20231227,Watch Party
4971,4937,3349,20230317,Review
4972,145,5688,20250728,Profile
4973,5690,5416,20250711,Recommendation
4974,4924,1300,20240514,Watch Party
4975,4120,4314,20230307,Review
4976,330,5803,20250515,Profile
4977,4522,794,20250427,Recommendation
4978,4437,5081,20230718,Watch Party
4979,251,323,20250131,Review
4980,2976,2200,20250322,Profile
4981,4893,3482,20230720,Recommendation
4982,5377,5015,20240715,Watch Party
4983,1275,5171,20230608,Review
4984,608,2913,20240316,Profile
4985,4893,4364,20250925,Recommendation
4986,3589,4801,20230202,Watch Party
4987,806,1753,20250503,Review
4988,4137,1216,20250820,Profile
4989,242,2364,20240301,Recommendation
4990,1520,2775,20250614,Watch Party
4991,5410,2275,20240425,Review
4992,1827,729,20240122,Profile
4993,5496,4522,20250205,Recommendation
4994,1853,5643,20241204,Watch Party
4995,5811,49,20251114,Review
4996,91,2502,20231012,Profile
4997,4338,4988,20250626,Recommendation
4998,3879,3043,20230814,Watch Party
4999,1930,3621,20250303,Review
5000,2215,338,20230318,Profile
5001,3468,3125,20250725,Recommendation
5002,5326,1363,20250316,Watch Party
5003,787,2729,20240730,Review
5004,4429,1579,20251026,Profile
5005,3334,5577,20241218,Recommendation
5006,836,3536,20240526,Watch Party
5007,1859,2739,20240703,Review
5008,2548,5536,20231129,Profile
5009,4263,1,20230923,Recommendation
5010,1000,190,20251104,Watch Party
5011,4048,4300,20231231,Review
5012,4343,3637,20231020,Profile
5013,1261,5099,20250411,Recommendation
5014,2602,111,20231022,Watch Party
5015,2358,5559,20250114,Review
5016,992,4943,20240629,Profile
5017,3791,811,20230113,Recommendation
5018,2128,5398,20230723,Watch Party
5019,3609,1948,20250601,Review
5020,4504,360,20230810,Profile
5021,3854,5980,20250610,Recommendation
5022,4010,4345,20250417,Watch Party
5023,3747,340,20250719,Review
5024,1894,5212,20250421,Profile
5025,1326,1401,20250902,Recommendation
5026,3364,2903,20250228,Watch Party
5027,1033,1641,20250512,Review
5028,5035,3382,20231007,Profile
5029,5357,2909,20230714,Recommendation
5030,591,24,20230619,Watch Party
5031,4072,4001,20250209,Review
5032,4810,4615,20250105,Profile
5033,3894,1461,20251204,Recommendation
5034,4143,4616,20240216,Watch Party
5035,3805,500,20230214,Review
5036,261,5037,20250831,Profile
5037,5270,5137,20251128,Recommendation
5038,742,64,20231104,Watch Party
5039,3877,4440,20230719,Review
5040,3180,2672,20241026,Profile
5041,3371,612,20251006,Recommendation
5042,2175,2874,20230729,Watch Party
5043,5924,4871,20241023,Review
5044,1669,353,20231201,Profile
5045,3824,4250,20240422,Recommendation
5046,4862,5075,20240310,Watch Party
5047,2268,745,20240915,Review
5048,548,1416,20250219,Profile
5049,1394,5729,20240310,Recommendation
5050,2822,4319,20240317,Watch Party
5051,338,3064,20251221,Review
5052,1270,4629,20241128,Profile
5053,588,5015,20250824,Recommendation
5054,1278,5064,20230218,Watch Party
5055,344,5650,20231026,Review
5056,333,1278,20231206,Profile
5057,1154,526,20250711,Recommendation
5058,1926,2206,20230524,Watch Party
5059,3863,5895,20251223,Review
5060,739,4089,20231103,Profile
5061,1196,2408,20231220,Recommendation
5062,3064,2461,20240325,Watch Party
5063,988,4822,20241121,Review
5064,4763,3730,20230813,Profile
5065,2516,3888,20250207,Recommendation
5066,3718,4844,20251229,Watch Party
5067,280,2182,20230901,Review
5068,4142,936,20240829,Profile
5069,5781,2101,20231008,Recommendation
5070,4304,1582,20230625,Watch Party
5071,2879,4897,20231123,Review
5072,1238,882,20250407,Profile
5073,2941,483,20230123,Recommendation
5074,5411,5228,20240625,Watch Party
5075,3796,5748,20240319,Review
5076,3936,5263,20240921,Profile
5077,2338,2076,20241015,Recommendation
5078,216,4686,20250220,Watch Party
5079,1483,1706,20250808,Review
5080,5755,2333,20240925,Profile
5081,1424,170,20230707,Recommendation
5082,2821,5067,20250420,Watch Party
5083,1670,4355,20250812,Review
5084,3544,3731,20250709,Profile
5085,2046,1567,20250827,Recommendation
5086,3334,5984,20251028,Watch Party
5087,3163,422,20240105,Review
5088,3849,2809,20240519,Profile
5089,4598,1923,20241218,Recommendation
5090,5269,4199,20251124,Watch Party
5091,347,2768,20240119,Review
5092,1553,4576,20241110,Profile
5093,4255,5526,20240807,Recommendation
5094,5238,1767,20240307,Watch Party
5095,4389,5354,20251218,Review
5096,5301,4057,20230913,Profile
5097,2712,2803,20230402,Recommendation
5098,2219,3725,20241219,Watch Party
5099,622,159,20230609,Review
5100,340,4167,20240621,Profile
5101,315,4259,20240101,Recommendation
5102,4581,5963,20230119,Watch Party
5103,5899,1818,20230817,Review
5104,5473,315,20230706,Profile
5105,3597,3893,20230609,Recommendation
5106,2856,5951,20250404,Watch Party
5107,4680,2897,20250118,Review
5108,5925,321,20250801,Profile
5109,3758,3267,20230226,Recommendation
5110,3904,249,20230811,Watch Party
5111,2268,4137,20241228,Review
5112,1395,5273,20230904,Profile
5113,1424,3897,20240602,Recommendation
5114,3897,4093,20240730,Watch Party
5115,856,276,20250210,Review
5116,2846,4323,20231027,Profile
5117,4775,996,20230909,Recommendation
5118,1026,4445,20231202,Watch Party
5119,1799,1142,20250509,Review
5120,3775,1567,20230312,Profile
5121,3248,2856,20251109,Recommendation
5122,2425,3420,20240207,Watch Party
5123,5627,2716,20230517,Review
5124,1554,230,20241213,Profile
5125,2420,4016,20251226,Recommendation
5126,5797,3335,20250223,Watch Party
5127,3089,3685,20230422,Review
5128,5525,2926,20250110,Profile
5129,3783,2175,20250527,Recommendation
5130,335,663,20250704,Watch Party
5131,2059,5294,20241208,Review
5132,2563,3313,20240828,Profile
5133,1284,1205,20240426,Recommendation
5134,1539,4486,20230804,Watch Party
5135,173,5972,20250425,Review
5136,4749,1637,20230126,Profile
5137,1615,5987,20241206,Recommendation
5138,2260,45,20230209,Watch Party
5139,1129,1895,20250310,Review
5140,3076,3676,20230703,Profile
5141,2226,881,20230827,Recommendation
5142,3815,5122,20230204,Watch Party
5143,1744,4202,20230524,Review
5144,2627,404,20240130,Profile
5145,2537,4692,20230217,Recommendation
5146,5181,3695,20251231,Watch Party
5147,3428,2882,20241203,Review
5148,3261,2759,20240106,Profile
5149,923,1195,20241118,Recommendation
5150,5212,3149,20250613,Watch Party
5151,5583,5661,20250705,Review
5152,762,3223,20240328,Profile
5153,4049,4370,20240623,Recommendation
5154,3163,4900,20230523,Watch Party
5155,142,1628,20230804,Review
5156,4295,2641,20230803,Profile
5157,419,2817,20240808,Recommendation
5158,3797,683,20230806,Watch Party
5159,4915,5406,20231125,Review
5160,2323,1682,20240204,Profile
5161,1174,159,20240501,Recommendation
5162,870,4403,20240916,Watch Party
5163,4603,3752,20250615,Review
5164,3333,2626,20230508,Profile
5165,3619,2099,20240130,Recommendation
5166,4262,4681,20240409,Watch Party
5167,3367,1127,20240624,Review
5168,3288,5454,20250113,Profile
5169,1230,3432,20230922,Recommendation
5170,4947,131,20251031,Watch Party
5171,1775,4157,20240928,Review
5172,2913,2132,20250712,Profile
5173,5426,5198,20250211,Recommendation
5174,1054,5647,20250424,Watch Party
5175,3828,51,20250921,Review
5176,5012,1340,20230827,Profile
5177,459,2701,20250823,Recommendation
5178,4728,5963,20230106,Watch Party
5179,2718,2173,20230103,Review
5180,2268,1225,20231112,Profile
5181,1750,5962,20231215,Recommendation
5182,729,2291,20240312,Watch Party
5183,4621,201,20250625,Review
5184,1704,1513,20230919,Profile
5185,4623,2959,20231218,Recommendation
5186,1943,3824,20240102,Watch Party
5187,5558,5733,20231227,Review
5188,5391,1595,20251107,Profile
5189,1970,2638,20240829,Recommendation
5190,2903,1405,20250516,Watch Party
5191,3546,3955,20250329,Review
5192,300,1381,20230111,Profile
5193,1426,3656,20250522,Recommendation
5194,914,807,20251208,Watch Party
5195,5814,2700,20240223,Review
5196,4575,5392,20240531,Profile
5197,4901,3662,20240113,Recommendation
5198,3647,863,20250712,Watch Party
5199,2868,4730,20241018,Review
5200,3196,5520,20251129,Profile
5201,567,496,20250129,Recommendation
5202,1815,5814,20251124,Watch Party
5203,3112,3910,20230216,Review
5204,3429,4753,20240122,Profile
5205,2584,1858,20230124,Recommendation
5206,66,29,20230526,Watch Party
5207,2873,2284,20240129,Review
5208,2913,5069,20241023,Profile
5209,2394,2914,20240622,Recommendation
5210,2032,1231,20240126,Watch Party
5211,5560,5089,20231104,Review
5212,5018,5551,20240316,Profile
5213,3756,2331,20240629,Recommendation
5214,2381,5736,20251020,Watch Party
5215,4634,5277,20240719,Review
5216,4150,3317,20250720,Profile
5217,494,3350,20240402,Recommendation
5218,1337,1766,20240514,Watch Party
5219,5384,5440,20240720,Review
5220,124,3044,20240825,Profile
5221,211,3350,20250613,Recommendation
5222,3451,5239,20230124,Watch Party
5223,3633,4443,20240830,Review
5224,4045,2956,20230725,Profile
5225,1952,4917,20240114,Recommendation
5226,1887,4809,20230124,Watch Party
5227,4430,2500,20240226,Review
5228,2492,93,20230130,Profile
5229,4411,4590,20240830,Recommendation
5230,1665,1312,20230923,Watch Party
5231,4397,1514,20240601,Review
5232,2035,708,20231017,Profile
5233,4040,775,20240318,Recommendation
5234,5712,3199,20240621,Watch Party
5235,2116,3836,20241230,Review
5236,5934,3635,20230527,Profile
5237,1586,5606,20240325,Recommendation
5238,5112,2903,20251024,Watch Party
5239,1504,596,20250418,Review
5240,2641,2102,20250221,Profile
5241,1632,137,20250921,Recommendation
5242,5903,1510,20230122,Watch Party
5243,4720,2663,20240603,Review
5244,4388,4205,20231003,Profile
5245,141,267,20240110,Recommendation
5246,5838,3301,20250803,Watch Party
5247,4887,2291,20230922,Review
5248,3746,537,20241125,Profile
5249,3322,2629,20240915,Recommendation
5250,4416,517,20231210,Watch Party
5251,2434,3327,20240312,Review
5252,5244,1374,20230519,Profile
5253,4769,1654,20250706,Recommendation
5254,5154,249,20250617,Watch Party
5255,5356,5121,20230306,Review
5256,173,4508,20250729,Profile
5257,601,4999,20230118,Recommendation
5258,131,5827,20240516,Watch Party
5259,5550,1071,20250518,Review
5260,5964,223,20240601,Profile
5261,2910,295,20240429,Recommendation
5262,2046,2856,20240611,Watch Party
5263,157,916,20250721,Review
5264,3644,270,20240901,Profile
5265,3140,2996,20230314,Recommendation
5266,4285,5284,20241117,Watch Party
5267,3152,5451,20250605,Review
5268,2884,4895,20250704,Profile
5269,1664,1030,20230605,Recommendation
5270,1782,4646,20231027,Watch Party
5271,5892,4436,20240730,Review
5272,1098,1490,20240306,Profile
5273,1361,4753,20230709,Recommendation
5274,3284,5613,20230504,Watch Party
5275,5628,4955,20251018,Review
5276,4022,4001,20240204,Profile
5277,5112,2460,20251223,Recommendation
5278,1689,74,20240124,Watch Party
5279,3746,4274,20240112,Review
5280,5092,2522,20240404,Profile
5281,2958,5750,20250221,Recommendation
5282,3393,372,20231107,Watch Party
5283,141,2243,20240325,Review
5284,3798,2603,20231019,Profile
5285,192,5041,20230222,Recommendation
5286,2839,4414,20241109,Watch Party
5287,420,752,20251022,Review
5288,4356,1216,20250705,Profile
5289,3955,1263,20241118,Recommendation
5290,3627,3458,20230616,Watch Party
5291,5484,4269,20240424,Review
5292,5070,3987,20240208,Profile
5293,337,3988,20250611,Recommendation
5294,2535,5144,20250602,Watch Party
5295,1540,3046,20250804,Review
5296,2519,4990,20251111,Profile
5297,4052,5152,20241013,Recommendation
5298,3546,4830,20250809,Watch Party
5299,4706,5876,20230613,Review
5300,406,3460,20250825,Profile
5301,3909,4405,20250924,Recommendation
5302,1751,3736,20240210,Watch Party
5303,3288,4110,20240524,Review
5304,3371,1312,20240201,Profile
5305,4932,3130,20250310,Recommendation
5306,1079,2678,20230308,Watch Party
5307,3766,5086,20250518,Review
5308,1442,146,20241013,Profile
5309,3620,4072,20240213,Recommendation
5310,327,2894,20240722,Watch Party
5311,3324,875,20230425,Review
5312,11,5213,20240409,Profile
5313,5597,1642,20230301,Recommendation
5314,2803,2965,20240116,Watch Party
5315,576,3188,20250714,Review
5316,3927,1952,20241212,Profile
5317,4967,3121,20240128,Recommendation
5318,1802,1740,20251030,Watch Party
5319,2188,1800,20230227,Review
5320,4481,1994,20251223,Profile
5321,868,3730,20230507,Recommendation
5322,4149,749,20250713,Watch Party
5323,3788,1363,20240429,Review
5324,5988,5380,20251124,Profile
5325,1749,853,20230402,Recommendation
5326,121,3397,20230325,Watch Party
5327,5167,1730,20230605,Review
5328,3959,5046,20250811,Profile
5329,4802,4587,20231008,Recommendation
5330,5384,5168,20250825,Watch Party
5331,5807,3183,20250714,Review
5332,4674,5967,20250118,Profile
5333,2940,1562,20250906,Recommendation
5334,4671,3114,20230810,Watch Party
5335,5436,4828,20230922,Review
5336,2958,3958,20240322,Profile
5337,3296,2524,20250207,Recommendation
5338,5058,3146,20240820,Watch Party
5339,2480,2835,20240220,Review
5340,2959,332,20230118,Profile
5341,24,1497,20250131,Recommendation
5342,4839,4578,20240125,Watch Party
5343,1519,428,20230913,Review
5344,593,1026,20250711,Profile
5345,4543,55,20240804,Recommendation
5346,5031,2929,20250821,Watch Party
5347,4625,2927,20241109,Review
5348,245,1798,20240116,Profile
5349,2683,1335,20250528,Recommendation
5350,5036,1455,20230112,Watch Party
5351,5580,227,20230406,Review
5352,2544,3098,20250426,Profile
5353,3365,158,20251104,Recommendation
5354,5071,3762,20250117,Watch Party
5355,3050,4051,20230202,Review
5356,3556,318,20230115,Profile
5357,1491,3982,20250210,Recommendation
5358,5237,2135,20240325,Watch Party
5359,2714,77,20241026,Review
5360,1972,2849,20250517,Profile
5361,3766,3210,20240507,Recommendation
5362,4345,3336,20230114,Watch Party
5363,2531,3185,20250618,Review
5364,2939,4067,20230807,Profile
5365,5690,1524,20250418,Recommendation
5366,792,593,20240822,Watch Party
5367,2574,634,20231023,Review
5368,1970,1581,20250924,Profile
5369,810,5036,20250602,Recommendation
5370,5683,2395,20250112,Watch Party
5371,4697,4507,20240513,Review
5372,1868,4403,20250825,Profile
5373,117,1556,20250514,Recommendation
5374,5217,420,20240302,Watch Party
5375,2003,183,20240406,Review
5376,3660,3487,20241207,Profile
5377,5702,4399,20250716,Recommendation
5378,3146,3231,20230721,Watch Party
5379,2665,4985,20231204,Review
5380,4449,4425,20241217,Profile
5381,5391,1063,20240810,Recommendation
5382,5849,2220,20250322,Watch Party
5383,624,5668,20250820,Review
5384,4302,1126,20251031,Profile
5385,4073,449,20231218,Recommendation
5386,3268,3748,20251117,Watch Party
5387,4630,5703,20230325,Review
5388,1163,5475,20231207,Profile
5389,3407,3815,20250501,Recommendation
5390,2992,2810,20241002,Watch Party
5391,4543,1427,20250205,Review
5392,5488,945,20230201,Profile
5393,208,2386,20231013,Recommendation
5394,5043,5380,20231021,Watch Party
5395,1235,118,20230108,Review
5396,741,3677,20240421,Profile
5397,2944,2312,20230905,Recommendation
5398,2579,5985,20250320,Watch Party
5399,638,2826,20230716,Review
5400,5086,3678,20241003,Profile
5401,3440,4932,20230915,Recommendation
5402,3865,3627,20250309,Watch Party
5403,2944,4041,20250716,Review
5404,2039,4442,20230202,Profile
5405,413,4994,20240920,Recommendation
5406,4711,947,20241221,Watch Party
5407,1395,1581,20250329,Review
5408,3176,173,20241029,Profile
5409,5416,139,20250530,Recommendation
5410,5640,2334,20250208,Watch Party
5411,244,5425,20230417,Review
5412,1537,1818,20251020,Profile
5413,3007,687,20250109,Recommendation
5414,3543,4323,20230518,Watch Party
5415,2700,3017,20240715,Review
5416,739,1448,20250227,Profile
5417,5107,2088,20231120,Recommendation
5418,1829,2623,20250920,Watch Party
5419,2848,503,20250220,Review
5420,779,756,20251230,Profile
5421,1281,410,20250808,Recommendation
5422,3638,26,20251130,Watch Party
5423,2967,5184,20240103,Review
5424,1749,287,20230606,Profile
5425,2121,5349,20251006,Recommendation
5426,260,1014,20250216,Watch Party
5427,2891,1192,20231209,Review
5428,4668,57,20241126,Profile
5429,2821,5295,20231214,Recommendation
5430,1695,1142,20230918,Watch Party
5431,1439,3637,20231031,Review
5432,3921,407,20241203,Profile
5433,1480,836,20250509,Recommendation
5434,3531,5817,20240623,Watch Party
5435,4150,5554,20231101,Review
5436,3201,203,20231206,Profile
5437,4421,3107,20230628,Recommendation
5438,2852,2395,20250424,Watch Party
5439,5412,3454,20241203,Review
5440,5545,1765,20241206,Profile
5441,3931,4928,20230531,Recommendation
5442,3930,280,20231109,Watch Party
5443,319,3604,20230916,Review
5444,4270,2322,20241126,Profile
5445,3971,3603,20240912,Recommendation
5446,33,4021,20230615,Watch Party
5447,1766,5789,20241027,Review
5448,3728,282,20231103,Profile
5449,5945,2651,20230628,Recommendation
5450,2421,5613,20230926,Watch Party
5451,4634,3847,20251108,Review
5452,1212,2444,20230621,Profile
5453,1130,4226,20250130,Recommendation
5454,2648,1067,20241024,Watch Party
5455,5229,3389,20250409,Review
5456,3592,1199,20231212,Profile
5457,3193,3715,20240809,Recommendation
5458,819,667,20250419,Watch Party
5459,546,872,20250821,Review
5460,908,2348,20241027,Profile
5461,2849,3465,20250802,Recommendation
5462,3242,2755,20241017,Watch Party
5463,2841,2228,20250613,Review
5464,615,1279,20250115,Profile
5465,421,3398,20251105,Recommendation
5466,5190,1520,20230528,Watch Party
5467,1256,5996,20231019,Review
5468,4860,2599,20230318,Profile
5469,4820,4782,20230309,Recommendation
5470,5990,2920,20240210,Watch Party
5471,3281,1364,20230829,Review
5472,4213,347,20230208,Profile
5473,4333,80,20251121,Recommendation
5474,5030,5447,20250115,Watch Party
5475,3217,3218,20230322,Review
5476,4511,3739,20250712,Profile
5477,548,1045,20230326,Recommendation
5478,1460,5579,20250924,Watch Party
5479,1393,2186,20250921,Review
5480,4786,3986,20240901,Profile
5481,2323,1618,20240613,Recommendation
5482,2518,5664,20230218,Watch Party
5483,4749,2416,20230411,Review
5484,971,5508,20241211,Profile
5485,2923,1081,20230529,Recommendation
5486,5103,1109,20250317,Watch Party
5487,4437,2684,20240822,Review
5488,5799,4195,20240610,Profile
5489,401,966,20250311,Recommendation
5490,4286,4356,20241030,Watch Party
5491,3638,1113,20241118,Review
5492,5752,2434,20231222,Profile
5493,26,3787,20230123,Recommendation
5494,4560,2905,20230107,Watch Party
5495,5492,558,20230722,Review
5496,772,5598,20231119,Profile
5497,5948,5864,20250409,Recommendation
5498,726,2597,20230519,Watch Party
5499,1829,4314,20250811,Review
5500,306,1751,20231230,Profile
5501,5626,2667,20250328,Recommendation
5502,3884,4002,20230807,Watch Party
5503,3996,1984,20240914,Review
5504,1936,5549,20250322,Profile
5505,984,1926,20240415,Recommendation
5506,1664,1989,20230613,Watch Party
5507,1723,1341,20250123,Review
5508,957,3427,20240503,Profile
5509,2115,1274,20231230,Recommendation
5510,2746,1117,20230818,Watch Party
5511,2370,1747,20230910,Review
5512,107,2643,20250523,Profile
5513,1066,558,20231201,Recommendation
5514,1179,1898,20250706,Watch Party
5515,1391,4473,20250727,Review
5516,5912,4350,20240217,Profile
5517,3606,964,20230811,Recommendation
5518,397,5215,20240708,Watch Party
5519,2071,135,20251016,Review
5520,2945,834,20250726,Profile
5521,224,3974,20230517,Recommendation
5522,2044,304,20230321,Watch Party
5523,1773,4343,20251015,Review
5524,1518,2063,20230704,Profile
5525,299,3946,20231110,Recommendation
5526,4992,4386,20230409,Watch Party
5527,2777,3793,20240503,Review
5528,1981,501,20241127,Profile
5529,1287,3007,20230616,Recommendation
5530,4146,2137,20230606,Watch Party
5531,4894,930,20250913,Review
5532,2988,5091,20240530,Profile
5533,5426,5580,20230304,Recommendation
5534,5274,2391,20240112,Watch Party
5535,255,3411,20240731,Review
5536,4055,4550,20250419,Profile
5537,372,5128,20240619,Recommendation
5538,864,4822,20250815,Watch Party
5539,2874,545,20250505,Review
5540,3783,1391,20240708,Profile
5541,2624,5125,20240304,Recommendation
5542,954,4780,20240725,Watch Party
5543,4556,4340,20250201,Review
5544,740,4849,20230508,Profile
5545,1805,1513,20251002,Recommendation
5546,1394,5529,20240926,Watch Party
5547,2606,1961,20240825,Review
5548,2851,3448,20230329,Profile
5549,2912,98,20240418,Recommendation
5550,4661,1939,20251029,Watch Party
5551,1589,660,20240125,Review
5552,1962,4030,20240531,Profile
5553,5956,1127,20240329,Recommendation
5554,1676,2621,20241217,Watch Party
5555,1780,2422,20230617,Review
5556,4491,3536,20250814,Profile
5557,2634,2410,20231130,Recommendation
5558,255,833,20250807,Watch Party
5559,3225,2141,20230630,Review
5560,1909,1885,20230819,Profile
5561,5727,4870,20230525,Recommendation
5562,4880,3922,20240721,Watch Party
5563,3954,5400,20250119,Review
5564,1000,207,20250919,Profile
5565,404,5906,20240828,Recommendation
5566,3356,1340,20240213,Watch Party
5567,2978,4656,20230326,Review
5568,5187,3044,20230713,Profile
5569,5817,5050,20240824,Recommendation
5570,1159,5672,20251224,Watch Party
5571,3603,3017,20250828,Review
5572,5094,1415,20230401,Profile
5573,4069,3055,20240206,Recommendation
5574,1947,3872,20230813,Watch Party
5575,4026,677,20250519,Review
5576,2065,1679,20231104,Profile
5577,5732,2086,20230822,Recommendation
5578,5926,3749,20251101,Watch Party
5579,4181,1019,20230513,Review
5580,223,5162,20250211,Profile
5581,1962,3668,20250527,Recommendation
5582,3418,1242,20240820,Watch Party
5583,2546,2708,20230809,Review
5584,4491,4325,20230526,Profile
5585,4632,434,20250308,Recommendation
5586,3179,5145,20251217,Watch Party
5587,3696,213,20230912,Review
5588,607,1632,20230124,Profile
5589,2996,5704,20230211,Recommendation
5590,2354,2532,20240111,Watch Party
5591,1433,4598,20251028,Review
5592,4473,2935,20241118,Profile
5593,3381,2661,20240618,Recommendation
5594,5362,2521,20250728,Watch Party
5595,4029,1297,20250619,Review
5596,3611,353,20230723,Profile
5597,5104,5589,20230602,Recommendation
5598,487,5252,20250210,Watch Party
5599,3621,2304,20240821,Review
5600,1562,173,20230602,Profile
5601,2677,2333,20240904,Recommendation
5602,105,3561,20240516,Watch Party
5603,4257,524,20250924,Review
5604,2208,3906,20250426,Profile
5605,4787,1269,20251001,Recommendation
5606,355,2038,20240905,Watch Party
5607,1893,4571,20240625,Review
5608,3313,4652,20240428,Profile
5609,1130,5400,20230319,Recommendation
5610,1894,5949,20240412,Watch Party
5611,4357,3518,20230410,Review
5612,628,825,20251229,Profile
5613,1475,2369,20230904,Recommendation
5614,3949,1419,20230414,Watch Party
5615,3692,2785,20250528,Review
5616,1580,2393,20250105,Profile
5617,5689,2336,20250314,Recommendation
5618,991,5513,20250130,Watch Party
5619,5336,2940,20230528,Review
5620,1142,174,20241201,Profile
5621,2282,3758,20241124,Recommendation
5622,4772,5006,20240417,Watch Party
5623,803,5750,20231108,Review
5624,5713,5478,20250427,Profile
5625,5879,3900,20240713,Recommendation
5626,1717,5209,20250918,Watch Party
5627,2985,5515,20240319,Review
5628,1061,1601,20250405,Profile
5629,4636,3177,20240306,Recommendation
5630,4689,5141,20240526,Watch Party
5631,3086,704,20241126,Review
5632,2621,418,20240105,Profile
5633,1122,1817,20240708,Recommendation
5634,674,2326,20230827,Watch Party
5635,5745,1779,20240506,Review
5636,2943,4899,20230708,Profile
5637,5899,893,20241125,Recommendation
5638,5307,5730,20230911,Watch Party
5639,2677,544,20240210,Review
5640,3804,1230,20230216,Profile
5641,686,785,20250521,Recommendation
5642,2139,1230,20250925,Watch Party
5643,2772,1331,20240920,Review
5644,3840,2093,20231227,Profile
5645,1235,3229,20230404,Recommendation
5646,635,179,20231210,Watch Party
5647,5445,2980,20240304,Review
5648,2344,4111,20241220,Profile
5649,726,1041,20230910,Recommendation
5650,3124,5913,20241112,Watch Party
5651,3775,5058,20250804,Review
5652,2645,4853,20240501,Profile
5653,5875,2944,20240802,Recommendation
5654,540,5677,20240311,Watch Party
5655,2989,5333,20250721,Review
5656,2133,2902,20241026,Profile
5657,4690,3723,20240407,Recommendation
5658,5682,1277,20241222,Watch Party
5659,3839,3888,20250522,Review
5660,4561,1422,20240929,Profile
5661,4961,700,20231229,Recommendation
5662,4112,2962,20240713,Watch Party
5663,3562,2861,20240716,Review
5664,4924,1075,20240626,Profile
5665,352,2753,20230510,Recommendation
5666,3409,1357,20250818,Watch Party
5667,3063,1451,20250922,Review
5668,4488,433,20240619,Profile
5669,5458,3425,20250104,Recommendation
5670,2682,3588,20251214,Watch Party
5671,1984,1398,20230711,Review
5672,5617,4683,20240704,Profile
5673,3735,1509,20240505,Recommendation
5674,5711,5482,20230612,Watch Party
5675,3129,1943,20251206,Review
5676,711,5557,20231224,Profile
5677,1265,477,20240924,Recommendation
5678,2449,5925,20250820,Watch Party
5679,2052,1127,20240723,Review
5680,3062,3161,20230209,Profile
5681,4252,3988,20230819,Recommendation
5682,281,196,20250131,Watch Party
5683,1978,3462,20250218,Review
5684,390,2452,20240611,Profile
5685,1978,3534,20251103,Recommendation
5686,5586,613,20240426,Watch Party
5687,4347,2535,20251206,Review
5688,3965,782,20240605,Profile
5689,3047,5285,20230817,Recommendation
5690,3347,2302,20250802,Watch Party
5691,1167,1059,20240111,Review
5692,3137,23,20250823,Profile
5693,1731,739,20230510,Recommendation
5694,1272,4636,20250502,Watch Party
5695,3518,3416,20231123,Review
5696,2162,489,20250807,Profile
5697,4185,188,20251228,Recommendation
5698,3808,5382,20240905,Watch Party
5699,79,4567,20231017,Review
5700,1605,2712,20231105,Profile
5701,1659,3527,20241203,Recommendation
5702,5608,2762,20251229,Watch Party
5703,1415,4495,20231102,Review
5704,5478,4469,20240809,Profile
5705,1999,2821,20250709,Recommendation
5706,4684,4266,20250106,Watch Party
5707,822,3029,20240711,Review
5708,2978,5232,20250629,Profile
5709,1731,5606,20240122,Recommendation
5710,5606,4290,20251210,Watch Party
5711,5367,5824,20250823,Review
5712,2356,4301,20240819,Profile
5713,1437,693,20250414,Recommendation
5714,1137,1754,20250118,Watch Party
5715,5200,1014,20240426,Review
5716,4892,1579,20250316,Profile
5717,4945,2009,20230606,Recommendation
5718,490,177,20250609,Watch Party
5719,191,3351,20240923,Review
5720,1162,1188,20240224,Profile
5721,1192,992,20250409,Recommendation
5722,5929,3364,20230223,Watch Party
5723,1621,5796,20240419,Review
5724,3139,197,20231024,Profile
5725,3873,2083,20240320,Recommendation
5726,4688,3807,20240518,Watch Party
5727,1401,1054,20240605,Review
5728,5777,3275,20230610,Profile
5729,894,4858,20240529,Recommendation
5730,597,2684,20240907,Watch Party
5731,2114,3147,20250517,Review
5732,3047,2715,20230213,Profile
5733,3463,3648,20250215,Recommendation
5734,1436,4743,20251214,Watch Party
5735,5910,462,20241230,Review
5736,5230,5955,20251107,Profile
5737,5204,92,20240813,Recommendation
5738,83,160,20240718,Watch Party
5739,664,4761,20250528,Review
5740,4352,2888,20240604,Profile
5741,4887,4918,20251106,Recommendation
5742,1262,507,20251007,Watch Party
5743,3295,4157,20230711,Review
5744,5640,4478,20251123,Profile
5745,1582,4671,20231006,Recommendation
5746,5895,671,20251005,Watch Party
5747,3488,4039,20231201,Review
5748,1931,3225,20251219,Profile
5749,3639,783,20230203,Recommendation
5750,4564,4794,20230518,Watch Party
5751,1103,5142,20231231,Review
5752,132,3652,20230225,Profile
5753,720,946,20230619,Recommendation
5754,4770,4081,20230418,Watch Party
5755,1827,1604,20230711,Review
5756,3759,5253,20230305,Profile
5757,469,1417,20231118,Recommendation
5758,1076,4518,20230904,Watch Party
5759,3830,2475,20240617,Review
5760,4611,562,20240824,Profile
5761,3836,1877,20241104,Recommendation
5762,766,5321,20240327,Watch Party
5763,1870,1856,20250309,Review
5764,3442,1652,20251013,Profile
5765,1998,5381,20240603,Recommendation
5766,2666,1894,20250929,Watch Party
5767,4997,3898,20240702,Review
5768,245,5659,20230223,Profile
5769,3357,977,20250715,Recommendation
5770,3252,3407,20240311,Watch Party
5771,2266,3059,20250511,Review
5772,397,3172,20230421,Profile
5773,3039,4938,20250320,Recommendation
5774,3419,4638,20250723,Watch Party
5775,5493,4310,20230511,Review
5776,261,14,20230826,Profile
5777,1687,683,20240116,Recommendation
5778,5305,1541,20241018,Watch Party
5779,4454,2284,20230924,Review
5780,5771,5460,20250607,Profile
5781,1210,33,20230626,Recommendation
5782,4457,485,20230818,Watch Party
5783,61,2997,20250212,Review
5784,4800,3187,20240719,Profile
5785,5096,4236,20250120,Recommendation
5786,3587,4715,20230823,Watch Party
5787,3109,4905,20251119,Review
5788,724,3789,20230403,Profile
5789,322,1814,20250419,Recommendation
5790,1059,3375,20241122,Watch Party
5791,2418,2670,20251012,Review
5792,2098,1380,20240830,Profile
5793,785,1044,20230918,Recommendation
5794,2690,3128,20240309,Watch Party
5795,4845,3947,20240709,Review
5796,672,5847,20230929,Profile
5797,1837,4177,20251230,Recommendation
5798,1772,386,20240413,Watch Party
5799,5626,2344,20251103,Review
5800,3277,3346,20230811,Profile
5801,1422,2829,20251023,Recommendation
5802,235,2112,20230906,Watch Party
5803,155,3211,20241117,Review
5804,497,3242,20250619,Profile
5805,4936,935,20230304,Recommendation
5806,5895,1002,20240923,Watch Party
5807,2381,4696,20250924,Review
5808,5654,2198,20240901,Profile
5809,1419,4324,20250404,Recommendation
5810,5170,5404,20250907,Watch Party
5811,5534,2712,20231004,Review
5812,3230,4959,20250104,Profile
5813,5943,479,20250214,Recommendation
5814,1794,5046,20230703,Watch Party
5815,2378,428,20230630,Review
5816,4014,5080,20251129,Profile
5817,5091,5197,20250207,Recommendation
5818,4894,4798,20241008,Watch Party
5819,5222,1543,20230720,Review
5820,2558,5799,20250119,Profile
5821,5411,5790,20240603,Recommendation
5822,802,671,20250810,Watch Party
5823,4471,2891,20230313,Review
5824,4473,5454,20230716,Profile
5825,879,4203,20241206,Recommendation
5826,4949,3683,20240922,Watch Party
5827,5891,1930,20241013,Review
5828,2984,5086,20251111,Profile
5829,5909,3575,20230622,Recommendation
5830,5203,168,20240815,Watch Party
5831,2800,3335,20230115,Review
5832,5232,3770,20240422,Profile
5833,1954,5905,20230210,Recommendation
5834,5040,967,20230119,Watch Party
5835,2505,2902,20240929,Review
5836,5366,244,20240402,Profile
5837,724,2068,20250330,Recommendation
5838,4041,3502,20240714,Watch Party
5839,658,2629,20251110,Review
5840,2087,745,20250214,Profile
5841,3568,4576,20241112,Recommendation
5842,4095,4403,20241025,Watch Party
5843,277,4028,20240219,Review
5844,4023,1140,20230927,Profile
5845,3380,2172,20230706,Recommendation
5846,3445,813,20240624,Watch Party
5847,1308,577,20251214,Review
5848,5324,2246,20251219,Profile
5849,1966,5123,20230121,Recommendation
5850,2545,2063,20230725,Watch Party
5851,4430,5381,20230907,Review
5852,5266,4129,20250920,Profile
5853,4955,3340,20250724,Recommendation
5854,1171,5419,20231120,Watch Party
5855,5120,3600,20230918,Review
5856,2547,1044,20231209,Profile
5857,1354,5702,20241021,Recommendation
5858,5806,1656,20230707,Watch Party
5859,5424,4884,20231015,Review
5860,419,3665,20241026,Profile
5861,5679,4823,20231009,Recommendation
5862,2409,2377,20230103,Watch Party
5863,1742,3631,20240316,Review
5864,4782,4712,20250728,Profile
5865,3900,4916,20251009,Recommendation
5866,5181,3038,20240530,Watch Party
5867,5844,1933,20250914,Review
5868,4936,4699,20230107,Profile
5869,3087,477,20250123,Recommendation
5870,982,1114,20251209,Watch Party
5871,1977,3358,20250619,Review
5872,1440,2850,20250313,Profile
5873,4825,2458,20240128,Recommendation
5874,3454,1877,20240624,Watch Party
5875,2074,5978,20230117,Review
5876,3999,181,20240215,Profile
5877,2010,5429,20250713,Recommendation
5878,3406,5254,20241013,Watch Party
5879,5009,4842,20230411,Review
5880,3811,3867,20250625,Profile
5881,1125,3825,20240108,Recommendation
5882,2018,4824,20250727,Watch Party
5883,3073,3382,20231206,Review
5884,5149,4637,20250401,Profile
5885,22,475,20241105,Recommendation
5886,1882,4236,20250618,Watch Party
5887,5144,722,20250418,Review
5888,4849,5699,20250115,Profile
5889,5342,2915,20230917,Recommendation
5890,104,5902,20231119,Watch Party
5891,5880,4436,20241121,Review
5892,5773,3034,20251105,Profile
5893,4616,1930,20250119,Recommendation
5894,494,1446,20230509,Watch Party
5895,5588,5102,20231230,Review
5896,5408,5361,20241031,Profile
5897,3600,5270,20231010,Recommendation
5898,5631,1606,20240201,Watch Party
5899,3184,154,20231109,Review
5900,5340,5778,20241011,Profile
5901,5463,1091,20250802,Recommendation
5902,506,2127,20240612,Watch Party
5903,4613,3547,20240815,Review
5904,3667,2807,20250901,Profile
5905,629,4401,20251212,Recommendation
5906,5573,573,20231227,Watch Party
5907,1586,56,20240830,Review
5908,2089,1798,20250114,Profile
5909,4312,4324,20250904,Recommendation
5910,4323,197,20240126,Watch Party
5911,2900,560,20250706,Review
5912,5154,3806,20250706,Profile
5913,925,3128,20230810,Recommendation
5914,593,557,20240505,Watch Party
5915,3910,277,20240716,Review
5916,1168,935,20230608,Profile
5917,3844,3202,20250525,Recommendation
5918,5134,2955,20250723,Watch Party
5919,1205,4798,20240318,Review
5920,3870,630,20230202,Profile
5921,2917,1264,20241112,Recommendation
5922,1162,5216,20251220,Watch Party
5923,883,5681,20241010,Review
5924,5377,3854,20230528,Profile
5925,4180,2972,20241109,Recommendation
5926,1747,2661,20230704,Watch Party
5927,5868,3290,20230423,Review
5928,4214,2743,20250818,Profile
5929,4056,257,20240218,Recommendation
5930,2939,1583,20250506,Watch Party
5931,1864,3323,20240220,Review
5932,2577,4847,20240323,Profile
5933,5383,923,20240525,Recommendation
5934,5944,5669,20230916,Watch Party
5935,5184,4216,20240723,Review
5936,4694,4030,20230803,Profile
5937,1070,3117,20250818,Recommendation
5938,5670,2956,20240402,Watch Party
5939,3253,5413,20230720,Review
5940,4682,3221,20230417,Profile
5941,3914,5113,20250930,Recommendation
5942,2635,4858,20251013,Watch Party
5943,171,224,20230929,Review
5944,3198,1428,20240509,Profile
5945,3349,352,20230622,Recommendation
5946,773,929,20240520,Watch Party
5947,2400,3077,20250331,Review
5948,360,2707,20230604,Profile
5949,3085,4405,20250916,Recommendation
5950,5647,1439,20251023,Watch Party
5951,2404,5584,20240607,Review
5952,4426,2223,20240320,Profile
5953,5291,2698,20230902,Recommendation
5954,3580,4565,20240705,Watch Party
5955,3062,164,20240929,Review
5956,5509,1505,20240815,Profile
5957,711,5561,20230114,Recommendation
5958,505,3239,20230718,Watch Party
5959,2113,3651,20231225,Review
5960,4171,4153,20250723,Profile
5961,4828,1719,20231124,Recommendation
5962,2743,3731,20230203,Watch Party
5963,5779,1758,20230120,Review
5964,2411,5505,20250406,Profile
5965,2032,5362,20250425,Recommendation
5966,4754,3669,20250623,Watch Party
5967,1924,4894,20251105,Review
5968,4919,4708,20230404,Profile
5969,2106,3380,20251227,Recommendation
5970,2139,3023,20250531,Watch Party
5971,607,4303,20240409,Review
5972,4,4649,20251228,Profile
5973,2200,4284,20251129,Recommendation
5974,1958,5049,20230514,Watch Party
5975,971,1573,20240705,Review
5976,5159,4341,20240826,Profile
5977,5689,3341,20240213,Recommendation
5978,4625,1990,20240321,Watch Party
5979,5884,2979,20231219,Review
5980,5506,4972,20251024,Profile
5981,2474,190,20230129,Recommendation
5982,4787,4724,20250901,Watch Party
5983,5787,3394,20240701,Review
5984,3516,323,20250615,Profile
5985,1346,5759,20240616,Recommendation
5986,493,5690,20250126,Watch Party
5987,1755,3312,20250127,Review
5988,4395,3648,20231002,Profile
5989,4372,5493,20251227,Recommendation
5990,3449,2777,20251224,Watch Party
5991,1957,3376,20250927,Review
5992,661,915,20230311,Profile
5993,1307,4033,20251230,Recommendation
5994,2445,3595,20251228,Watch Party
5995,5661,4659,20240808,Review
5996,5236,1586,20230724,Profile
5997,1208,5887,20250110,Recommendation
5998,3525,5049,20240826,Watch Party
5999,4534,1115,20241221,Review
6000,1573,3047,20251011,Profile
6001,5678,1833,20230613,Recommendation
6002,3603,4991,20240103,Watch Party
6003,1920,5051,20240626,Review
6004,5359,2981,20230219,Profile
6005,435,1353,20251201,Recommendation
6006,5507,1206,20240102,Watch Party
6007,108,1833,20230618,Review
6008,1167,2119,20250902,Profile
6009,1408,371,20241010,Recommendation
6010,3232,2820,20250730,Watch Party
6011,1216,744,20240229,Review
6012,1419,1814,20240107,Profile
6013,1444,1224,20250202,Recommendation
6014,4001,4519,20250303,Watch Party
6015,3471,4822,20250519,Review
6016,840,356,20241006,Profile
6017,1341,5564,20230228,Recommendation
6018,3908,4998,20240118,Watch Party
6019,2601,5219,20230509,Review
6020,4367,367,20240816,Profile
6021,3720,9,20240531,Recommendation
6022,4232,2320,20231122,Watch Party
6023,664,1022,20231012,Review
6024,1156,3214,20240419,Profile
6025,2081,471,20240510,Recommendation
6026,2456,3173,20240824,Watch Party
6027,2422,728,20231107,Review
6028,4890,4861,20240615,Profile
6029,508,370,20250828,Recommendation
6030,2330,3838,20240414,Watch Party
6031,5798,1278,20250921,Review
6032,2848,4741,20250402,Profile
6033,5979,5652,20230412,Recommendation
6034,4049,1074,20230516,Watch Party
6035,3742,557,20240511,Review
6036,101,5031,20230831,Profile
6037,4848,226,20230408,Recommendation
6038,2878,2198,20250324,Watch Party
6039,3039,1252,20250530,Review
6040,1557,3797,20230909,Profile
6041,4791,2772,20240605,Recommendation
6042,3944,5750,20251103,Watch Party
6043,737,661,20240128,Review
6044,2464,3431,20251223,Profile
6045,1740,4733,20240926,Recommendation
6046,4259,1823,20240821,Watch Party
6047,651,5342,20230905,Review
6048,4596,5459,20240719,Profile
6049,601,5138,20240924,Recommendation
6050,624,2502,20240407,Watch Party
6051,1203,3390,20230712,Review
6052,5677,1452,20240229,Profile
6053,520,1738,20250314,Recommendation
6054,1560,5180,20241009,Watch Party
6055,4482,3750,20240601,Review
6056,320,3320,20250120,Profile
6057,5948,24,20230112,Recommendation
6058,467,168,20231211,Watch Party
6059,3005,1910,20240225,Review
6060,5505,3470,20250806,Profile
6061,3112,1853,20230226,Recommendation
6062,4886,1901,20251107,Watch Party
6063,5181,2691,20241206,Review
6064,5247,1856,20230926,Profile
6065,3276,41,20240113,Recommendation
6066,1636,2463,20250210,Watch Party
6067,5574,1546,20230906,Review
6068,5207,136,20240305,Profile
6069,3801,3462,20240929,Recommendation
6070,2023,1303,20230329,Watch Party
6071,5317,1171,20230501,Review
6072,5132,3469,20240508,Profile
6073,1297,3014,20230213,Recommendation
6074,28,2595,20240825,Watch Party
6075,5942,1257,20231005,Review
6076,212,1290,20250531,Profile
6077,161,3154,20250228,Recommendation
6078,1134,83,20231007,Watch Party
6079,864,5049,20230225,Review
6080,5739,2240,20251224,Profile
6081,5120,3217,20251009,Recommendation
6082,1666,4329,20251108,Watch Party
6083,4072,824,20231231,Review
6084,3796,5774,20230904,Profile
6085,3004,478,20240701,Recommendation
6086,5951,1578,20231020,Watch Party
6087,4672,5052,20240508,Review
6088,2853,1094,20250906,Profile
6089,4450,3234,20250805,Recommendation
6090,4221,5349,20241104,Watch Party
6091,40,5834,20231221,Review
6092,4503,1499,20240916,Profile
6093,2733,1317,20250227,Recommendation
6094,5800,433,20240810,Watch Party
6095,5465,2907,20240204,Review
6096,769,5928,20230712,Profile
6097,2577,1596,20230601,Recommendation
6098,5436,5129,20240604,Watch Party
6099,686,2054,20230326,Review
6100,1577,1200,20230712,Profile
6101,3910,1758,20231212,Recommendation
6102,2369,705,20230517,Watch Party
6103,1257,5121,20240620,Review
6104,5779,1140,20240522,Profile
6105,5690,1245,20240527,Recommendation
6106,2805,4712,20230603,Watch Party
6107,1953,3266,20230828,Review
6108,2393,5933,20230906,Profile
6109,5081,4952,20230309,Recommendation
6110,3111,2606,20240609,Watch Party
6111,667,2419,20240601,Review
6112,1624,3655,20250430,Profile
6113,4435,5300,20240205,Recommendation
6114,4783,4704,20250113,Watch Party
6115,4653,2846,20231202,Review
6116,2701,1457,20250808,Profile
6117,5906,213,20230125,Recommendation
6118,5516,3218,20240829,Watch Party
6119,1837,156,20230228,Review
6120,1407,3197,20231215,Profile
6121,2887,390,20230224,Recommendation
6122,2031,2370,20230308,Watch Party
6123,2300,352,20250715,Review
6124,5533,967,20250929,Profile
6125,2988,2501,20250921,Recommendation
6126,1582,4917,20240818,Watch Party
6127,3405,2043,20251001,Review
6128,3405,2894,20240829,Profile
6129,3627,2369,20250623,Recommendation
6130,685,2718,20230611,Watch Party
6131,5853,2022,20240413,Review
6132,1274,5037,20230206,Profile
6133,5205,2324,20250922,Recommendation
6134,5268,2520,20230227,Watch Party
6135,1178,851,20240823,Review
6136,4498,1284,20230803,Profile
6137,2869,1860,20241028,Recommendation
6138,1725,5239,20231007,Watch Party
6139,1274,772,20240823,Review
6140,2049,3080,20251024,Profile
6141,2004,3903,20230302,Recommendation
6142,5806,5243,20251007,Watch Party
6143,5879,2875,20230320,Review
6144,3253,5476,20230815,Profile
6145,2808,1432,20230404,Recommendation
6146,5622,5346,20241111,Watch Party
6147,2826,2646,20230504,Review
6148,192,365,20250327,Profile
6149,2424,4043,20230513,Recommendation
6150,3520,3979,20231219,Watch Party
6151,5020,2422,20240917,Review
6152,2687,4182,20231129,Profile
6153,1301,3291,20241219,Recommendation
6154,5883,1574,20250313,Watch Party
6155,5804,3673,20250120,Review
6156,5682,491,20250821,Profile
6157,1723,3764,20250215,Recommendation
6158,4383,2553,20251011,Watch Party
6159,3003,29,20240206,Review
6160,333,4891,20250209,Profile
6161,4547,325,20230528,Recommendation
6162,4410,910,20230517,Watch Party
6163,2904,1232,20230904,Review
6164,381,4282,20231227,Profile
6165,4820,3467,20250722,Recommendation
6166,891,466,20251202,Watch Party
6167,1748,74,20240612,Review
6168,3834,4831,20240623,Profile
6169,1030,4864,20230909,Recommendation
6170,4617,2749,20250820,Watch Party
6171,4867,5598,20250612,Review
6172,1420,3334,20230913,Profile
6173,1495,1124,20240210,Recommendation
6174,698,784,20230823,Watch Party
6175,2453,2442,20231117,Review
6176,147,5841,20250313,Profile
6177,834,989,20231002,Recommendation
6178,5535,1023,20250714,Watch Party
6179,3164,2980,20231126,Review
6180,214,2018,20250713,Profile
6181,1837,3772,20241105,Recommendation
6182,2402,2584,20230622,Watch Party
6183,2964,1237,20240808,Review
6184,3455,4039,20240329,Profile
6185,3642,136,20251219,Recommendation
6186,3094,3307,20250416,Watch Party
6187,3021,3730,20250202,Review
6188,5289,4374,20230623,Profile
6189,197,530,20230302,Recommendation
6190,3708,2422,20241125,Watch Party
6191,1199,4037,20240803,Review
6192,5949,3608,20250421,Profile
6193,3508,5318,20230413,Recommendation
6194,3473,4867,20250818,Watch Party
6195,4745,3538,20240612,Review
6196,1273,4184,20231012,Profile
6197,5444,5299,20250802,Recommendation
6198,950,4768,20251015,Watch Party
6199,3491,3248,20251218,Review
6200,581,5153,20250605,Profile
6201,373,470,20231103,Recommendation
6202,1363,3515,20251021,Watch Party
6203,5528,2651,20230809,Review
6204,5474,5574,20250818,Profile
6205,4658,5518,20240718,Recommendation
6206,1234,3002,20230411,Watch Party
6207,1168,1645,20230420,Review
6208,2375,4794,20240420,Profile
6209,4285,3449,20230831,Recommendation
6210,670,3567,20240722,Watch Party
6211,5455,4104,20251210,Review
6212,1826,1586,20230621,Profile
6213,4264,4355,20240320,Recommendation
6214,474,1866,20250923,Watch Party
6215,3375,1028,20230206,Review
6216,4821,1208,20240204,Profile
6217,5927,4013,20240505,Recommendation
6218,4994,3437,20250407,Watch Party
6219,4386,2150,20241126,Review
6220,1621,5592,20231019,Profile
6221,3542,157,20230904,Recommendation
6222,911,4328,20251218,Watch Party
6223,5921,919,20240531,Review
6224,3385,3032,20251010,Profile
6225,1770,4650,20250517,Recommendation
6226,1034,2715,20230426,Watch Party
6227,3454,3104,20230523,Review
6228,1096,3586,20241009,Profile
6229,4292,5104,20230306,Recommendation
6230,3836,828,20240324,Watch Party
6231,4691,2078,20240312,Review
6232,2104,621,20250927,Profile
6233,3974,5721,20240410,Recommendation
6234,3967,4776,20240626,Watch Party
6235,1670,5882,20250912,Review
6236,4092,3600,20230915,Profile
6237,11,3897,20250605,Recommendation
6238,5403,345,20241120,Watch Party
6239,2048,5470,20231229,Review
6240,423,4398,20230318,Profile
6241,589,1687,20230215,Recommendation
6242,649,426,20251016,Watch Party
6243,2687,4748,20251113,Review
6244,5580,3024,20240323,Profile
6245,5129,1722,20250928,Recommendation
6246,2298,1561,20230811,Watch Party
6247,3220,5239,20240115,Review
6248,1088,2707,20240408,Profile
6249,992,4244,20230114,Recommendation
6250,5669,5422,20230406,Watch Party
6251,514,454,20231220,Review
6252,1466,2878,20250307,Profile
6253,5013,3399,20251212,Recommendation
6254,4905,5595,20250822,Watch Party
6255,5892,4467,20230106,Review
6256,1944,3930,20231215,Profile
6257,5647,3269,20250203,Recommendation
6258,3194,5345,20250120,Watch Party
6259,3015,5616,20230126,Review
6260,1293,2832,20250816,Profile
6261,5760,1767,20251014,Recommendation
6262,5564,351,20230503,Watch Party
6263,2828,2191,20240110,Review
6264,4494,4760,20240922,Profile
6265,5947,46,20230222,Recommendation
6266,5874,1108,20240505,Watch Party
6267,5680,2608,20230111,Review
6268,261,1774,20240331,Profile
6269,4453,2070,20231217,Recommendation
6270,4976,4187,20230907,Watch Party
6271,4907,3993,20250420,Review
6272,2433,5850,20250913,Profile
6273,4613,2737,20230216,Recommendation
6274,1194,4383,20250130,Watch Party
6275,2375,1195,20250329,Review
6276,925,813,20250124,Profile
6277,5064,242,20230226,Recommendation
6278,1837,4589,20250324,Watch Party
6279,1504,3168,20250121,Review
6280,5294,3132,20240607,Profile
6281,2110,3279,20240306,Recommendation
6282,863,1011,20240217,Watch Party
6283,647,4515,20240408,Review
6284,880,5860,20241021,Profile
6285,1779,3098,20250717,Recommendation
6286,4091,3110,20250818,Watch Party
6287,3606,2151,20231109,Review
6288,1045,5558,20250821,Profile
6289,2186,1875,20231009,Recommendation
6290,162,256,20230725,Watch Party
6291,5905,3591,20241009,Review
6292,100,2375,20251223,Profile
6293,1926,3894,20240602,Recommendation
6294,650,1570,20230611,Watch Party
6295,2929,4056,20250929,Review
6296,471,3685,20251102,Profile
6297,5649,2098,20240921,Recommendation
6298,4402,2187,20231129,Watch Party
6299,4943,4647,20230429,Review
6300,1140,1213,20250227,Profile
6301,2126,3876,20240212,Recommendation
6302,4251,5967,20250130,Watch Party
6303,4141,2095,20231210,Review
6304,3063,5616,20230218,Profile
6305,5980,3954,20241231,Recommendation
6306,1763,3341,20240224,Watch Party
6307,2299,5503,20251129,Review
6308,2804,5302,20240427,Profile
6309,5423,4616,20231201,Recommendation
6310,3958,142,20230907,Watch Party
6311,1183,750,20240214,Review
6312,907,4596,20240810,Profile
6313,1622,5518,20231223,Recommendation
6314,3917,2041,20230930,Watch Party
6315,4610,5818,20250702,Review
6316,1913,4690,20240412,Profile
6317,5973,1108,20250803,Recommendation
6318,3979,5924,20250520,Watch Party
6319,522,3093,20240617,Review
6320,663,3306,20241126,Profile
6321,609,544,20240202,Recommendation
6322,5125,5918,20250512,Watch Party
6323,1948,2562,20240606,Review
6324,3205,853,20251227,Profile
6325,4584,1125,20250205,Recommendation
6326,5441,874,20230122,Watch Party
6327,423,3670,20240705,Review
6328,2193,621,20240128,Profile
6329,1703,3170,20231031,Recommendation
6330,38,1957,20240601,Watch Party
6331,1760,3140,20230810,Review
6332,4741,44,20250122,Profile
6333,2738,809,20240704,Recommendation
6334,3475,2451,20250721,Watch Party
6335,3285,5821,20240108,Review
6336,3455,2949,20230323,Profile
6337,4,3276,20231210,Recommendation
6338,5434,635,20231226,Watch Party
6339,4568,5210,20230807,Review
6340,5384,149,20240124,Profile
6341,2395,2983,20251218,Recommendation
6342,4135,5414,20240124,Watch Party
6343,2799,3826,20250923,Review
6344,1987,5628,20241121,Profile
6345,1927,3178,20241229,Recommendation
6346,5219,4796,20250423,Watch Party
6347,707,2850,20250924,Review
6348,4159,4040,20251117,Profile
6349,4963,3714,20240811,Recommendation
6350,3721,1264,20250811,Watch Party
6351,3514,2764,20231101,Review
6352,2915,4864,20230703,Profile
6353,5627,5881,20241209,Recommendation
6354,3913,807,20231024,Watch Party
6355,4610,3297,20240421,Review
6356,3160,802,20230424,Profile
6357,2902,3158,20240813,Recommendation
6358,484,2352,20250811,Watch Party
6359,5751,3779,20230221,Review
6360,5964,3318,20250709,Profile
6361,1934,2402,20251109,Recommendation
6362,4453,265,20240626,Watch Party
6363,2301,3997,20250304,Review
6364,3381,3614,20250915,Profile
6365,440,5427,20230113,Recommendation
6366,1315,4952,20250212,Watch Party
6367,218,1113,20230515,Review
6368,4908,4672,20240913,Profile
6369,4758,3498,20231119,Recommendation
6370,3241,3686,20231108,Watch Party
6371,127,5168,20240523,Review
6372,1833,4756,20240323,Profile
6373,4141,2799,20231104,Recommendation
6374,3141,1703,20240617,Watch Party
6375,104,3772,20230804,Review
6376,5135,5217,20240513,Profile
6377,5409,3555,20251202,Recommendation
6378,3065,5332,20241222,Watch Party
6379,3245,3002,20250407,Review
6380,4515,347,20250218,Profile
6381,5094,4818,20240807,Recommendation
6382,1725,5287,20250329,Watch Party
6383,770,376,20230420,Review
6384,3381,4945,20231005,Profile
6385,572,3165,20240902,Recommendation
6386,5489,4291,20241005,Watch Party
6387,1908,3513,20240613,Review
6388,1464,640,20240309,Profile
6389,4580,3254,20231029,Recommendation
6390,513,2062,20240711,Watch Party
6391,128,807,20230610,Review
6392,4414,2056,20251123,Profile
6393,564,5772,20230826,Recommendation
6394,5717,5936,20230608,Watch Party
6395,5207,2468,20240706,Review
6396,893,4997,20240702,Profile
6397,3452,5157,20231122,Recommendation
6398,5722,4122,20240904,Watch Party
6399,3730,3145,20230302,Review
6400,565,4634,20240418,Profile
6401,4070,3446,20230115,Recommendation
6402,4886,3120,20250618,Watch Party
6403,3056,5218,20250406,Review
6404,4941,1881,20230703,Profile
6405,4686,2551,20250721,Recommendation
6406,384,3935,20250410,Watch Party
6407,744,2540,20250123,Review
6408,5962,4787,20231022,Profile
6409,4093,4213,20240404,Recommendation
6410,505,5946,20241201,Watch Party
6411,1350,2146,20230909,Review
6412,2025,203,20230822,Profile
6413,5691,3079,20231105,Recommendation
6414,3693,72,20250309,Watch Party
6415,1740,3858,20230612,Review
6416,2020,1616,20231026,Profile
6417,3936,772,20250815,Recommendation
6418,3817,3807,20251215,Watch Party
6419,2243,5019,20250422,Review
6420,4033,2697,20250807,Profile
6421,1872,3728,20241204,Recommendation
6422,4767,3706,20250424,Watch Party
6423,5586,402,20240714,Review
6424,417,3769,20230114,Profile
6425,5427,1269,20240904,Recommendation
6426,2579,4058,20251017,Watch Party
6427,4876,2701,20241103,Review
6428,2199,2713,20231214,Profile
6429,4205,1491,20250205,Recommendation
6430,4448,131,20230415,Watch Party
6431,5093,74,20231010,Review
6432,5885,4704,20230627,Profile
6433,864,333,20230102,Recommendation
6434,1568,3819,20230907,Watch Party
6435,1624,846,20230304,Review
6436,2739,4115,20230819,Profile
6437,5086,511,20230808,Recommendation
6438,1817,4900,20250116,Watch Party
6439,942,5233,20240210,Review
6440,1849,2381,20241205,Profile
6441,2348,4330,20250212,Recommendation
6442,2685,5548,20230416,Watch Party
6443,3378,5188,20251221,Review
6444,4293,1868,20251217,Profile
6445,327,5619,20230509,Recommendation
6446,4547,1966,20250826,Watch Party
6447,1475,859,20241123,Review
6448,636,2342,20250610,Profile
6449,5984,5458,20250309,Recommendation
6450,617,4873,20241013,Watch Party
6451,2252,608,20231207,Review
6452,1568,1845,20250220,Profile
6453,4271,5507,20250615,Recommendation
6454,5207,4414,20250312,Watch Party
6455,2341,2219,20231106,Review
6456,5180,5784,20230508,Profile
6457,2307,4747,20230701,Recommendation
6458,1765,388,20241107,Watch Party
6459,1701,3792,20250611,Review
6460,2677,2949,20240222,Profile
6461,1592,3347,20231025,Recommendation
6462,1128,2597,20241213,Watch Party
6463,4467,665,20241103,Review
6464,2895,4801,20251008,Profile
6465,2643,5856,20250926,Recommendation
6466,4295,1355,20251215,Watch Party
6467,5488,1839,20250916,Review
6468,5282,1974,20251019,Profile
6469,3529,1606,20241228,Recommendation
6470,5604,3965,20250609,Watch Party
6471,3269,1374,20230823,Review
6472,3129,1855,20241103,Profile
6473,2185,5056,20241003,Recommendation
6474,614,5297,20251203,Watch Party
6475,4094,5141,20241114,Review
6476,2390,2955,20230401,Profile
6477,939,3403,20251229,Recommendation
6478,5548,4355,20240310,Watch Party
6479,3414,5194,20250218,Review
6480,2564,1365,20230810,Profile
6481,5668,5557,20230311,Recommendation
6482,1517,2985,20230221,Watch Party
6483,216,3198,20230712,Review
6484,2913,714,20250720,Profile
6485,1461,4647,20240413,Recommendation
6486,1367,45,20230910,Watch Party
6487,1541,1454,20251228,Review
6488,599,1287,20240707,Profile
6489,178,1387,20250513,Recommendation
6490,619,3680,20251217,Watch Party
6491,2806,2729,20240312,Review
6492,4643,2313,20240815,Profile
6493,647,1050,20241129,Recommendation
6494,1363,3707,20250302,Watch Party
6495,5172,5951,20240726,Review
6496,3392,2385,20250609,Profile
6497,5026,5510,20240318,Recommendation
6498,3855,2173,20240516,Watch Party
6499,4731,4752,20240208,Review
6500,4506,5617,20251017,Profile
6501,4512,662,20231207,Recommendation
6502,177,5359,20250718,Watch Party
6503,4989,203,20250215,Review
6504,4088,2864,20230208,Profile
6505,1156,4370,20230113,Recommendation
6506,2656,3317,20241127,Watch Party
6507,626,3088,20240118,Review
6508,1110,4733,20250125,Profile
6509,1332,5731,20250328,Recommendation
6510,1044,313,20250821,Watch Party
6511,4142,4703,20230609,Review
6512,1639,5336,20241010,Profile
6513,5803,1167,20240809,Recommendation
6514,4713,1621,20230220,Watch Party
6515,459,2854,20250909,Review
6516,920,3604,20250729,Profile
6517,2576,3525,20250811,Recommendation
6518,1955,5525,20240126,Watch Party
6519,302,2661,20250123,Review
6520,5269,1917,20250706,Profile
6521,368,3111,20251003,Recommendation
6522,5148,3626,20241031,Watch Party
6523,3640,3950,20251107,Review
6524,4147,3378,20241112,Profile
6525,4391,3818,20230818,Recommendation
6526,4187,2692,20240604,Watch Party
6527,5212,2342,20230415,Review
6528,3997,441,20230707,Profile
6529,3136,1589,20250615,Recommendation
6530,2239,514,20240810,Watch Party
6531,784,1307,20240106,Review
6532,1670,448,20250828,Profile
6533,2932,3989,20241217,Recommendation
6534,2298,5205,20240118,Watch Party
6535,4868,2268,20250506,Review
6536,426,5011,20250726,Profile
6537,1076,2048,20231112,Recommendation
6538,253,3874,20250604,Watch Party
6539,5406,5001,20250604,Review
6540,800,2778,20230311,Profile
6541,1075,225,20240320,Recommendation
6542,723,2930,20250227,Watch Party
6543,3130,3382,20231025,Review
6544,4906,3509,20251208,Profile
6545,654,5502,20231130,Recommendation
6546,4582,5502,20240924,Watch Party
6547,1367,747,20240630,Review
6548,1729,3736,20240728,Profile
6549,5339,5110,20240618,Recommendation
6550,3644,5892,20241008,Watch Party
6551,5334,4666,20240910,Review
6552,3739,1968,20250618,Profile
6553,336,4566,20230328,Recommendation
6554,4115,4833,20250525,Watch Party
6555,879,1865,20251215,Review
6556,5542,2741,20240928,Profile
6557,608,2848,20250301,Recommendation
6558,5021,3327,20230907,Watch Party
6559,1927,3362,20240324,Review
6560,1392,5478,20251010,Profile
6561,703,3505,20250225,Recommendation
6562,599,6,20231028,Watch Party
6563,4000,5571,20230606,Review
6564,4699,2054,20250110,Profile
6565,2450,3125,20240624,Recommendation
6566,5733,968,20231103,Watch Party
6567,4037,422,20231116,Review
6568,95,4265,20230825,Profile
6569,4990,3332,20241027,Recommendation
6570,2846,1108,20240119,Watch Party
6571,635,4096,20230610,Review
6572,3273,749,20240307,Profile
6573,4029,5984,20241125,Recommendation
6574,3188,4455,20251129,Watch Party
6575,5913,5341,20250225,Review
6576,4180,5772,20250205,Profile
6577,1918,3936,20230302,Recommendation
6578,5678,5034,20251119,Watch Party
6579,1587,3729,20250730,Review
6580,4744,5446,20251102,Profile
6581,5084,841,20250826,Recommendation
6582,5722,4881,20250331,Watch Party
6583,279,4415,20240709,Review
6584,5748,5612,20240626,Profile
6585,3589,528,20230902,Recommendation
6586,5904,5047,20231222,Watch Party
6587,3111,3883,20240408,Review
6588,5587,3225,20230902,Profile
6589,4553,2517,20230120,Recommendation
6590,4040,4011,20250228,Watch Party
6591,1533,5276,20250223,Review
6592,1087,1708,20230902,Profile
6593,890,2713,20230719,Recommendation
6594,5724,1823,20240318,Watch Party
6595,711,4715,20230803,Review
6596,3411,4678,20240503,Profile
6597,1959,4323,20250206,Recommendation
6598,5720,5797,20240624,Watch Party
6599,792,2859,20241015,Review
6600,272,5150,20230805,Profile
6601,5218,1423,20230325,Recommendation
6602,3141,5618,20240102,Watch Party
6603,1008,2680,20230821,Review
6604,1563,2584,20231113,Profile
6605,429,673,20250504,Recommendation
6606,1725,4304,20231001,Watch Party
6607,449,2650,20250619,Review
6608,5555,5754,20250107,Profile
6609,5430,399,20230415,Recommendation
6610,1398,4750,20231110,Watch Party
6611,3176,2644,20230619,Review
6612,1765,1637,20230306,Profile
6613,2764,4740,20230117,Recommendation
6614,2610,4301,20240528,Watch Party
6615,4716,4525,20251207,Review
6616,9,5209,20250208,Profile
6617,4429,5648,20230725,Recommendation
6618,4873,878,20250109,Watch Party
6619,1973,4844,20241018,Review
6620,5631,3305,20241118,Profile
6621,1842,1899,20250902,Recommendation
6622,525,5699,20240206,Watch Party
6623,5123,5718,20230123,Review
6624,1643,1755,20250419,Profile
6625,243,1888,20240803,Recommendation
6626,208,5245,20230122,Watch Party
6627,2002,1289,20240830,Review
6628,3829,1179,20241124,Profile
6629,4476,265,20250801,Recommendation
6630,5770,3894,20250923,Watch Party
6631,3241,1333,20230510,Review
6632,5378,4306,20250425,Profile
6633,5503,77,20230801,Recommendation
6634,2200,4979,20240126,Watch Party
6635,3710,893,20251003,Review
6636,3026,890,20230210,Profile
6637,4675,5816,20231210,Recommendation
6638,4632,1087,20250814,Watch Party
6639,361,4077,20230721,Review
6640,5531,964,20250915,Profile
6641,3554,1107,20251126,Recommendation
6642,5545,1995,20250407,Watch Party
6643,5272,3167,20241224,Review
6644,4537,4352,20240410,Profile
6645,1240,2020,20250612,Recommendation
6646,1207,3276,20250929,Watch Party
6647,4815,485,20231027,Review
6648,5821,988,20250701,Profile
6649,2728,4770,20250212,Recommendation
6650,1658,2102,20240212,Watch Party
6651,3820,2561,20240109,Review
6652,2515,963,20250514,Profile
6653,634,2091,20250219,Recommendation
6654,1095,5697,20241110,Watch Party
6655,2509,280,20230429,Review
6656,484,2312,20231213,Profile
6657,2256,3806,20250426,Recommendation
6658,2455,4248,20240210,Watch Party
6659,672,4842,20241203,Review
6660,723,771,20250525,Profile
6661,3213,5681,20230303,Recommendation
6662,548,5598,20230125,Watch Party
6663,284,779,20251005,Review
6664,5469,1151,20240605,Profile
6665,5932,1988,20241227,Recommendation
6666,1336,1105,20251207,Watch Party
6667,4340,3228,20230404,Review
6668,5677,1207,20230316,Profile
6669,5576,1018,20250904,Recommendation
6670,2305,1769,20230618,Watch Party
6671,3331,5403,20250403,Review
6672,946,2866,20250205,Profile
6673,1221,2282,20230820,Recommendation
6674,4285,132,20230612,Watch Party
6675,3892,3977,20230102,Review
6676,5340,1119,20230228,Profile
6677,218,3459,20230722,Recommendation
6678,3144,3125,20230721,Watch Party
6679,5896,2535,20240113,Review
6680,1929,2246,20230410,Profile
6681,4676,3475,20230810,Recommendation
6682,763,3470,20251021,Watch Party
6683,2775,143,20240328,Review
6684,760,2736,20240320,Profile
6685,1076,931,20240911,Recommendation
6686,4041,2404,20250417,Watch Party
6687,1179,3376,20240628,Review
6688,3386,4792,20250830,Profile
6689,3497,3579,20241119,Recommendation
6690,5039,2091,20240715,Watch Party
6691,2244,2793,20240929,Review
6692,4341,4676,20240224,Profile
6693,662,3077,20230417,Recommendation
6694,2261,433,20240416,Watch Party
6695,2853,535,20240916,Review
6696,767,3930,20230118,Profile
6697,5136,2671,20230127,Recommendation
6698,847,3406,20240716,Watch Party
6699,3080,3983,20250615,Review
6700,4394,4669,20241124,Profile
6701,3683,3284,20251128,Recommendation
6702,460,5925,20241205,Watch Party
6703,3657,4996,20230326,Review
6704,4372,2820,20230131,Profile
6705,1528,64,20230212,Recommendation
6706,3853,1445,20240709,Watch Party
6707,1762,1401,20250120,Review
6708,2511,4838,20241225,Profile
6709,495,162,20231003,Recommendation
6710,546,2750,20250707,Watch Party
6711,4642,5387,20250916,Review
6712,5219,2881,20251119,Profile
6713,5839,2315,20230515,Recommendation
6714,1038,4757,20250628,Watch Party
6715,3552,4012,20241129,Review
6716,2909,1412,20250531,Profile
6717,4207,2923,20250502,Recommendation
6718,3471,3523,20230121,Watch Party
6719,3114,2063,20250319,Review
6720,3843,3096,20230226,Profile
6721,5332,5830,20241028,Recommendation
6722,4448,2432,20240819,Watch Party
6723,380,2241,20250216,Review
6724,5161,2724,20240806,Profile
6725,3433,568,20230412,Recommendation
6726,2808,1117,20230713,Watch Party
6727,3021,5325,20250608,Review
6728,3912,3349,20230107,Profile
6729,2477,322,20241204,Recommendation
6730,2363,557,20250624,Watch Party
6731,3673,3223,20241228,Review
6732,4042,1199,20240825,Profile
6733,2857,2174,20251125,Recommendation
6734,2378,1611,20240901,Watch Party
6735,5615,1889,20240203,Review
6736,5481,983,20250603,Profile
6737,1342,749,20240120,Recommendation
6738,3066,4416,20230816,Watch Party
6739,2767,5089,20231002,Review
6740,5560,5303,20250720,Profile
6741,3347,5237,20250914,Recommendation
6742,856,1346,20241018,Watch Party
6743,5613,4729,20241120,Review
6744,158,510,20240507,Profile
6745,2980,5149,20231117,Recommendation
6746,2158,2701,20251223,Watch Party
6747,5135,4700,20231216,Review
6748,765,4377,20241008,Profile
6749,2164,1943,20230627,Recommendation
6750,2785,2756,20230721,Watch Party
6751,5445,4798,20250706,Review
6752,1351,4451,20240227,Profile
6753,4225,5379,20230822,Recommendation
6754,4480,1478,20240114,Watch Party
6755,916,103,20240912,Review
6756,2144,210,20230514,Profile
6757,566,4635,20250913,Recommendation
6758,2818,5648,20231208,Watch Party
6759,4279,551,20251213,Review
6760,4676,388,20230312,Profile
6761,1419,582,20231104,Recommendation
6762,4000,5506,20231122,Watch Party
6763,1865,5015,20240326,Review
6764,2733,5429,20230909,Profile
6765,33,5949,20250704,Recommendation
6766,2401,5605,20231024,Watch Party
6767,344,551,20250719,Review
6768,1231,2595,20231006,Profile
6769,1571,4454,20230709,Recommendation
6770,1335,4086,20250829,Watch Party
6771,1373,3458,20240808,Review
6772,2162,2120,20230328,Profile
6773,2392,5714,20250307,Recommendation
6774,1769,3104,20230413,Watch Party
6775,4571,1683,20250717,Review
6776,83,4788,20230212,Profile
6777,3624,4893,20231226,Recommendation
6778,5569,2892,20250126,Watch Party
6779,3545,5181,20250726,Review
6780,4806,242,20250707,Profile
6781,5108,3366,20240112,Recommendation
6782,1387,5204,20250915,Watch Party
6783,4546,4438,20230627,Review
6784,501,2149,20230821,Profile
6785,2642,471,20241126,Recommendation
6786,3485,5684,20240830,Watch Party
6787,5414,4409,20240514,Review
6788,5693,580,20231114,Profile
6789,968,452,20240426,Recommendation
6790,5051,832,20230307,Watch Party
6791,1190,878,20241217,Review
6792,1576,3063,20250331,Profile
6793,1715,2967,20250922,Recommendation
6794,1189,525,20230223,Watch Party
6795,4591,5644,20230904,Review
6796,1305,4023,20230413,Profile
6797,2228,3503,20240223,Recommendation
6798,2424,632,20250915,Watch Party
6799,1909,3484,20240707,Review
6800,3267,4543,20231026,Profile
6801,3244,3279,20251019,Recommendation
6802,1477,3762,20251031,Watch Party
6803,3149,135,20250725,Review
6804,3070,19,20230923,Profile
6805,2558,2879,20241117,Recommendation
6806,5889,1554,20240315,Watch Party
6807,2794,1749,20241019,Review
6808,9,5618,20241128,Profile
6809,336,5500,20240304,Recommendation
6810,1462,4188,20251129,Watch Party
6811,5545,3693,20250507,Review
6812,1724,1228,20251221,Profile
6813,4003,1497,20251101,Recommendation
6814,1820,3112,20231225,Watch Party
6815,2510,2862,20240314,Review
6816,5978,3157,20251210,Profile
6817,3125,5635,20250618,Recommendation
6818,2945,128,20251004,Watch Party
6819,588,143,20240516,Review
6820,2373,5183,20230514,Profile
6821,5493,3473,20231027,Recommendation
6822,733,1695,20250112,Watch Party
6823,570,2965,20250714,Review
6824,1883,3712,20230920,Profile
6825,3872,245,20250123,Recommendation
6826,4754,5540,20251121,Watch Party
6827,2756,4916,20240513,Review
6828,24,3950,20241008,Profile
6829,4757,3741,20240122,Recommendation
6830,810,2835,20250101,Watch Party
6831,4035,3411,20230301,Review
6832,3706,2242,20250616,Profile
6833,4027,892,20250826,Recommendation
6834,3649,3868,20241002,Watch Party
6835,872,493,20230623,Review
6836,5930,5317,20240625,Profile
6837,2820,5499,20240818,Recommendation
6838,4918,4297,20230530,Watch Party
6839,4361,1861,20250725,Review
6840,283,1097,20240905,Profile
6841,4715,678,20230603,Recommendation
6842,2198,1722,20240501,Watch Party
6843,4810,1570,20240413,Review
6844,5423,2295,20250627,Profile
6845,677,3161,20250805,Recommendation
6846,23,2615,20250507,Watch Party
6847,1380,3069,20231124,Review
6848,5470,1044,20231022,Profile
6849,3871,4832,20230521,Recommendation
6850,3975,2084,20230707,Watch Party
6851,3609,2648,20231216,Review
6852,2718,2927,20250505,Profile
6853,3085,3627,20240809,Recommendation
6854,969,468,20230509,Watch Party
6855,4664,5083,20240531,Review
6856,5718,5380,20230715,Profile
6857,2080,1898,20241009,Recommendation
6858,5974,2464,20230809,Watch Party
6859,694,5511,20250615,Review
6860,2656,1662,20230214,Profile
6861,1591,2551,20250317,Recommendation
6862,4169,4081,20251021,Watch Party
6863,2410,2917,20241223,Review
6864,1893,5848,20251214,Profile
6865,4431,3728,20240411,Recommendation
6866,2513,5710,20250604,Watch Party
6867,382,1087,20230405,Review
6868,5343,2530,20230125,Profile
6869,95,2711,20250124,Recommendation
6870,560,4082,20250130,Watch Party
6871,1861,2918,20250726,Review
6872,4768,1883,20250319,Profile
6873,2663,2014,20240102,Recommendation
6874,634,1138,20240202,Watch Party
6875,2295,2505,20240924,Review
6876,4835,3460,20250901,Profile
6877,5329,1886,20250922,Recommendation
6878,34,4567,20250710,Watch Party
6879,3123,2096,20231027,Review
6880,2431,4727,20230311,Profile
6881,600,4825,20230329,Recommendation
6882,3716,1575,20240930,Watch Party
6883,927,4500,20230330,Review
6884,32,810,20230122,Profile
6885,4100,782,20250104,Recommendation
6886,3875,2011,20240601,Watch Party
6887,3637,2430,20230706,Review
6888,2789,4488,20230319,Profile
6889,4687,3675,20231022,Recommendation
6890,1600,3963,20230310,Watch Party
6891,1445,878,20251129,Review
6892,4693,106,20230309,Profile
6893,5835,4245,20240910,Recommendation
6894,4166,2553,20250517,Watch Party
6895,2929,1659,20230722,Review
6896,2219,361,20250407,Profile
6897,4088,796,20240604,Recommendation
6898,65,2363,20240220,Watch Party
6899,1122,3308,20251208,Review
6900,3410,1773,20230112,Profile
6901,1263,1289,20240711,Recommendation
6902,5732,4860,20230827,Watch Party
6903,3430,1988,20230320,Review
6904,3942,2163,20230706,Profile
6905,991,2322,20231007,Recommendation
6906,1377,343,20230713,Watch Party
6907,2595,1938,20240715,Review
6908,2829,3736,20250214,Profile
6909,2049,999,20240130,Recommendation
6910,301,4497,20250107,Watch Party
6911,1247,837,20250914,Review
6912,1758,2281,20230201,Profile
6913,5773,2924,20250421,Recommendation
6914,361,1261,20230911,Watch Party
6915,4327,3884,20230806,Review
6916,1060,1709,20230114,Profile
6917,1323,3827,20250314,Recommendation
6918,5736,455,20230405,Watch Party
6919,3308,5593,20250413,Review
6920,2215,5198,20240221,Profile
6921,1378,4362,20250509,Recommendation
6922,1496,272,20250616,Watch Party
6923,5429,2732,20231014,Review
6924,960,4891,20250507,Profile
6925,3224,2302,20231129,Recommendation
6926,639,3574,20230202,Watch Party
6927,622,1215,20240818,Review
6928,5840,621,20241201,Profile
6929,361,1785,20240618,Recommendation
6930,4203,1643,20230106,Watch Party
6931,2268,1047,20240806,Review
6932,2416,4157,20250122,Profile
6933,576,1165,20240421,Recommendation
6934,316,1814,20231212,Watch Party
6935,1402,3284,20230815,Review
6936,1205,3596,20230129,Profile
6937,3435,4824,20240405,Recommendation
6938,3696,3588,20240408,Watch Party
6939,2149,4666,20251106,Review
6940,1624,2696,20230313,Profile
6941,3770,5530,20250623,Recommendation
6942,5809,1606,20230106,Watch Party
6943,3765,1495,20250203,Review
6944,1047,568,20231002,Profile
6945,2814,3734,20250517,Recommendation
6946,2564,4566,20230512,Watch Party
6947,4678,5029,20250328,Review
6948,4439,2889,20241201,Profile
6949,2211,3641,20230523,Recommendation
6950,2065,1801,20231128,Watch Party
6951,1660,3327,20250504,Review
6952,4548,4381,20250625,Profile
6953,1306,852,20240715,Recommendation
6954,4524,5970,20230814,Watch Party
6955,37,453,20250212,Review
6956,1223,2548,20240902,Profile
6957,5650,5049,20240417,Recommendation
6958,2136,2202,20240910,Watch Party
6959,5795,2024,20250120,Review
6960,5056,5160,20230501,Profile
6961,4019,3049,20250819,Recommendation
6962,5950,5515,20230601,Watch Party
6963,1703,2671,20231218,Review
6964,2778,671,20250922,Profile
6965,587,4653,20250329,Recommendation
6966,2113,1832,20250523,Watch Party
6967,3185,256,20240125,Review
6968,4208,3164,20230214,Profile
6969,4413,2890,20251121,Recommendation
6970,5722,3157,20230711,Watch Party
6971,5044,4537,20250603,Review
6972,235,1572,20250611,Profile
6973,2487,5525,20240824,Recommendation
6974,1363,2155,20250414,Watch Party
6975,2154,347,20230220,Review
6976,5663,5882,20240101,Profile
6977,4065,5799,20231211,Recommendation
6978,2625,2234,20230103,Watch Party
6979,4256,4352,20251119,Review
6980,1784,536,20250316,Profile
6981,4095,5223,20230831,Recommendation
6982,3261,3197,20230203,Watch Party
6983,4972,2350,20250207,Review
6984,482,4145,20240418,Profile
6985,5387,1752,20240627,Recommendation
6986,3933,1302,20230713,Watch Party
6987,3779,2301,20240110,Review
6988,4526,3762,20240325,Profile
6989,1276,969,20251225,Recommendation
6990,5801,2866,20230501,Watch Party
6991,3619,4840,20250828,Review
6992,2968,702,20231108,Profile
6993,3187,5073,20240526,Recommendation
6994,5945,740,20231121,Watch Party
6995,2669,1685,20251230,Review
6996,3873,3111,20240324,Profile
6997,3565,5015,20230517,Recommendation
6998,4554,592,20241106,Watch Party
6999,5899,5615,20240411,Review
7000,2042,1355,20241108,Profile
7001,1728,484,20230914,Recommendation
7002,5391,2075,20250803,Watch Party
7003,4635,1630,20250929,Review
7004,2614,1414,20250110,Profile
7005,622,2616,20230305,Recommendation
7006,5751,3847,20251019,Watch Party
7007,2999,3909,20240820,Review
7008,2649,4213,20240827,Profile
7009,4896,5681,20230804,Recommendation
7010,3876,2027,20250521,Watch Party
7011,135,827,20250719,Review
7012,1277,4559,20231009,Profile
7013,3374,3206,20230305,Recommendation
7014,5632,5073,20240910,Watch Party
7015,2422,5868,20250326,Review
7016,5047,1429,20250623,Profile
7017,699,5171,20240703,Recommendation
7018,2518,1880,20241105,Watch Party
7019,4876,1872,20230822,Review
7020,325,5492,20250917,Profile
7021,659,107,20240814,Recommendation
7022,4922,136,20251220,Watch Party
7023,1781,257,20230815,Review
7024,5165,5416,20241111,Profile
7025,357,2429,20230618,Recommendation
7026,661,4298,20230830,Watch Party
7027,994,1500,20240309,Review
7028,3326,453,20240322,Profile
7029,138,4646,20250613,Recommendation
7030,653,1975,20230427,Watch Party
7031,5602,310,20250821,Review
7032,3182,489,20240507,Profile
7033,2019,614,20230422,Recommendation
7034,5072,2060,20230712,Watch Party
7035,4336,2568,20231125,Review
7036,5018,4170,20240713,Profile
7037,3238,971,20230819,Recommendation
7038,4118,5139,20230727,Watch Party
7039,3563,1036,20250909,Review
7040,3343,5893,20250913,Profile
7041,4996,3523,20250228,Recommendation
7042,1527,1609,20241218,Watch Party
7043,430,5774,20240913,Review
7044,2679,4209,20231221,Profile
7045,4487,670,20250315,Recommendation
7046,4266,3424,20240423,Watch Party
7047,911,3765,20230709,Review
7048,5039,670,20230321,Profile
7049,3913,2678,20250802,Recommendation
7050,2819,4615,20240926,Watch Party
7051,2643,2153,20230705,Review
7052,5289,29,20240418,Profile
7053,2913,4282,20240403,Recommendation
7054,1578,4979,20230124,Watch Party
7055,5353,2762,20250806,Review
7056,5947,1469,20240224,Profile
7057,4651,3877,20251120,Recommendation
7058,1828,4244,20240623,Watch Party
7059,2045,4399,20240902,Review
7060,5929,4259,20240914,Profile
7061,5649,5546,20231009,Recommendation
7062,4093,4672,20230925,Watch Party
7063,907,4077,20250810,Review
7064,1772,2646,20231106,Profile
7065,4890,5500,20241030,Recommendation
7066,3358,4114,20251130,Watch Party
7067,3708,1951,20230618,Review
7068,4032,1237,20240811,Profile
7069,1940,3625,20250502,Recommendation
7070,2972,2850,20251114,Watch Party
7071,4068,3537,20240211,Review
7072,1200,1508,20230907,Profile
7073,2556,3657,20231119,Recommendation
7074,3548,4888,20251224,Watch Party
7075,5677,3393,20230930,Review
7076,4872,2063,20240507,Profile
7077,3000,44,20241227,Recommendation
7078,5466,2831,20250910,Watch Party
7079,5086,25,20250502,Review
7080,5781,4206,20240324,Profile
7081,1682,2826,20241017,Recommendation
7082,1043,3435,20240819,Watch Party
7083,488,4900,20250303,Review
7084,4668,2447,20250701,Profile
7085,4179,2577,20231130,Recommendation
7086,5814,1493,20250411,Watch Party
7087,3542,887,20240306,Review
7088,2882,705,20240317,Profile
7089,3859,4369,20250210,Recommendation
7090,5159,4154,20250901,Watch Party
7091,4405,1570,20240605,Review
7092,4292,3284,20230127,Profile
7093,4205,2497,20230806,Recommendation
7094,5350,805,20240701,Watch Party
7095,5138,3517,20231218,Review
7096,4181,3145,20250709,Profile
7097,4327,4091,20230911,Recommendation
7098,173,2326,20250709,Watch Party
7099,3057,5836,20250502,Review
7100,302,1528,20230314,Profile
7101,2725,4482,20230215,Recommendation
7102,3661,4589,20231121,Watch Party
7103,5936,2776,20240727,Review
7104,4904,2171,20240608,Profile
7105,4632,4213,20240424,Recommendation
7106,3805,4012,20240428,Watch Party
7107,900,4186,20250317,Review
7108,5055,4745,20250601,Profile
7109,3171,4062,20240208,Recommendation
7110,5639,3939,20250101,Watch Party
7111,5223,2381,20240515,Review
7112,5597,2460,20251102,Profile
7113,5956,797,20250620,Recommendation
7114,63,3169,20240316,Watch Party
7115,266,5107,20251121,Review
7116,1582,1097,20250602,Profile
7117,1613,740,20250106,Recommendation
7118,2761,5880,20250621,Watch Party
7119,4648,2917,20230207,Review
7120,3623,1398,20250228,Profile
7121,4036,528,20250611,Recommendation
7122,1828,1861,20251007,Watch Party
7123,1092,1644,20231213,Review
7124,2963,931,20230926,Profile
7125,2783,3690,20230716,Recommendation
7126,4513,1631,20241028,Watch Party
7127,1534,3013,20231005,Review
7128,4577,1966,20250203,Profile
7129,30,4484,20230127,Recommendation
7130,3505,1870,20240323,Watch Party
7131,961,4599,20250324,Review
7132,660,3211,20230809,Profile
7133,28,3350,20250403,Recommendation
7134,2361,1485,20240323,Watch Party
7135,1811,4593,20250318,Review
7136,3406,1129,20240601,Profile
7137,59,5191,20241005,Recommendation
7138,4318,182,20240521,Watch Party
7139,1481,3248,20230513,Review
7140,3133,3898,20240129,Profile
7141,1624,5584,20230727,Recommendation
7142,4833,4212,20231009,Watch Party
7143,4938,1318,20230623,Review
7144,3841,5404,20231127,Profile
7145,540,2818,20240113,Recommendation
7146,3324,3759,20240916,Watch Party
7147,151,418,20251119,Review
7148,2730,1583,20250417,Profile
7149,4337,4612,20231110,Recommendation
7150,2727,824,20250205,Watch Party
7151,5278,2418,20251129,Review
7152,5775,1337,20240919,Profile
7153,225,1490,20230108,Recommendation
7154,14,4502,20251119,Watch Party
7155,3703,2849,20240524,Review
7156,4025,3920,20240321,Profile
7157,638,4248,20230827,Recommendation
7158,2355,3149,20240609,Watch Party
7159,1144,3736,20241031,Review
7160,4293,1695,20230827,Profile
7161,2637,1555,20230510,Recommendation
7162,5809,3319,20250701,Watch Party
7163,3239,154,20241113,Review
7164,4655,1341,20230123,Profile
7165,1819,431,20240224,Recommendation
7166,5762,3379,20230710,Watch Party
7167,2538,2598,20251202,Review
7168,2430,3561,20240913,Profile
7169,2753,892,20240416,Recommendation
7170,4165,3945,20240903,Watch Party
7171,2222,2282,20240819,Review
7172,4574,4303,20231015,Profile
7173,4778,592,20230108,Recommendation
7174,1530,1809,20250527,Watch Party
7175,302,1838,20250608,Review
7176,4130,3649,20240613,Profile
7177,600,181,20250806,Recommendation
7178,2848,3211,20231023,Watch Party
7179,1464,4541,20240828,Review
7180,5739,2275,20250911,Profile
7181,5243,2580,20240524,Recommendation
7182,785,4901,20250824,Watch Party
7183,1742,5133,20250813,Review
7184,2591,3505,20231210,Profile
7185,4600,1283,20231027,Recommendation
7186,1883,138,20230731,Watch Party
7187,3267,4088,20240418,Review
7188,1607,4496,20251122,Profile
7189,1072,2561,20250122,Recommendation
7190,4651,3768,20230911,Watch Party
7191,2543,3885,20240219,Review
7192,4445,1258,20251211,Profile
7193,585,1311,20230818,Recommendation
7194,3666,375,20240523,Watch Party
7195,2063,2163,20250321,Review
7196,5193,5395,20230701,Profile
7197,2656,4604,20250808,Recommendation
7198,315,698,20250803,Watch Party
7199,3896,5336,20230108,Review
7200,3996,730,20231016,Profile
7201,4135,966,20241005,Recommendation
7202,5539,3632,20230220,Watch Party
7203,384,2756,20231229,Review
7204,4150,3136,20230616,Profile
7205,141,5044,20250125,Recommendation
7206,236,2098,20251227,Watch Party
7207,2297,4136,20251022,Review
7208,4958,1439,20241013,Profile
7209,3185,1087,20241207,Recommendation
7210,1657,654,20240626,Watch Party
7211,1226,2614,20230527,Review
7212,362,4249,20230302,Profile
7213,2582,2591,20231229,Recommendation
7214,3086,1364,20230422,Watch Party
7215,1047,4316,20241016,Review
7216,1139,2926,20250606,Profile
7217,4894,181,20240925,Recommendation
7218,5175,3397,20250804,Watch Party
7219,2723,4310,20250718,Review
7220,5424,5308,20231021,Profile
7221,1873,4309,20240607,Recommendation
7222,5566,5842,20240525,Watch Party
7223,5165,3480,20241228,Review
7224,3334,5609,20250731,Profile
7225,5706,211,20230425,Recommendation
7226,4199,2307,20251205,Watch Party
7227,2451,3134,20240406,Review
7228,362,4488,20250128,Profile
7229,5699,4925,20230602,Recommendation
7230,3601,2778,20230303,Watch Party
7231,1267,5253,20240115,Review
7232,974,3173,20250925,Profile
7233,2493,3539,20230522,Recommendation
7234,1851,4266,20240308,Watch Party
7235,4785,3458,20231019,Review
7236,5239,3762,20241203,Profile
7237,4184,5466,20240223,Recommendation
7238,4900,5964,20241221,Watch Party
7239,242,3428,20251018,Review
7240,5641,2104,20230910,Profile
7241,4130,3692,20251223,Recommendation
7242,4453,4465,20240306,Watch Party
7243,404,3770,20240419,Review
7244,5802,3050,20241022,Profile
7245,5598,5387,20240303,Recommendation
7246,3074,1860,20240421,Watch Party
7247,5388,5798,20250515,Review
7248,1735,3660,20240502,Profile
7249,1197,3729,20250204,Recommendation
7250,3077,2709,20250303,Watch Party
7251,1149,2885,20240328,Review
7252,3583,5098,20250619,Profile
7253,370,4992,20240517,Recommendation
7254,1328,377,20240715,Watch Party
7255,2351,2999,20230829,Review
7256,5263,2455,20250418,Profile
7257,5544,3797,20230104,Recommendation
7258,4266,4141,20250114,Watch Party
7259,2672,2891,20250622,Review
7260,2694,3587,20230306,Profile
7261,656,2616,20230125,Recommendation
7262,5392,5495,20250213,Watch Party
7263,3026,2985,20230206,Review
7264,5798,2416,20230527,Profile
7265,4238,4278,20230317,Recommendation
7266,1666,2576,20250617,Watch Party
7267,4500,932,20251223,Review
7268,2392,5717,20230612,Profile
7269,4024,5545,20251214,Recommendation
7270,5423,1315,20240116,Watch Party
7271,259,3839,20230105,Review
7272,1903,3962,20240903,Profile
7273,4399,5626,20240715,Recommendation
7274,574,5325,20250315,Watch Party
7275,3113,158,20241129,Review
7276,587,1266,20231014,Profile
7277,3291,3430,20230715,Recommendation
7278,2,2040,20240609,Watch Party
7279,716,616,20230604,Review
7280,5697,2783,20241021,Profile
7281,5426,4243,20241014,Recommendation
7282,773,5734,20231231,Watch Party
7283,768,5047,20230727,Review
7284,5506,4844,20251127,Profile
7285,5784,3765,20251107,Recommendation
7286,3785,3919,20250611,Watch Party
7287,148,4152,20250808,Review
7288,2955,302,20230206,Profile
7289,1356,657,20240412,Recommendation
7290,1274,425,20240121,Watch Party
7291,2214,3763,20230623,Review
7292,3562,233,20250101,Profile
7293,5993,566,20230226,Recommendation
7294,3156,5789,20240411,Watch Party
7295,1665,417,20250520,Review
7296,4518,5997,20250515,Profile
7297,3818,1287,20251007,Recommendation
7298,4859,2431,20230716,Watch Party
7299,312,245,20241109,Review
7300,2347,630,20241013,Profile
7301,504,2237,20240923,Recommendation
7302,4770,4461,20251127,Watch Party
7303,3918,4422,20231005,Review
7304,3127,3135,20240603,Profile
7305,4556,862,20240605,Recommendation
7306,5565,93,20230224,Watch Party
7307,1392,2551,20251008,Review
7308,3861,2907,20230803,Profile
7309,2189,2282,20240715,Recommendation
7310,3308,1376,20240819,Watch Party
7311,4082,1256,20230630,Review
7312,3306,2780,20251114,Profile
7313,707,1587,20250205,Recommendation
7314,3362,568,20240204,Watch Party
7315,10,2368,20240804,Review
7316,716,3252,20231128,Profile
7317,4132,4603,20230415,Recommendation
7318,1555,3901,20250512,Watch Party
7319,5850,3867,20230606,Review
7320,3453,5939,20230322,Profile
7321,1141,2023,20241224,Recommendation
7322,5636,2565,20250516,Watch Party
7323,693,2401,20240312,Review
7324,4132,1912,20240108,Profile
7325,4153,5192,20231220,Recommendation
7326,1479,4598,20251109,Watch Party
7327,813,645,20230420,Review
7328,2878,610,20231118,Profile
7329,28,104,20240202,Recommendation
7330,2863,3428,20230531,Watch Party
7331,1295,5928,20241128,Review
7332,2519,107,20250530,Profile
7333,2360,4825,20230214,Recommendation
7334,282,1558,20240810,Watch Party
7335,740,4076,20230206,Review
7336,5654,1532,20240728,Profile
7337,5858,1921,20230913,Recommendation
7338,4325,5080,20250430,Watch Party
7339,3308,2380,20240826,Review
7340,3315,5621,20230622,Profile
7341,2711,3387,20240718,Recommendation
7342,4599,155,20240921,Watch Party
7343,3855,537,20240120,Review
7344,3953,2473,20250122,Profile
7345,1135,5540,20230524,Recommendation
7346,3294,991,20241125,Watch Party
7347,2400,1389,20231023,Review
7348,5408,2828,20240714,Profile
7349,3199,4054,20230823,Recommendation
7350,4056,892,20250731,Watch Party
7351,1735,5988,20251024,Review
7352,1067,5724,20250223,Profile
7353,1788,5186,20240321,Recommendation
7354,277,269,20241101,Watch Party
7355,3738,1119,20250106,Review
7356,2073,2414,20240418,Profile
7357,3715,700,20250721,Recommendation
7358,2484,1093,20230107,Watch Party
7359,5190,1917,20230303,Review
7360,629,3224,20230120,Profile
7361,1892,2998,20250519,Recommendation
7362,5754,3678,20251215,Watch Party
7363,959,4688,20230822,Review
7364,879,4786,20240425,Profile
7365,2466,1203,20250401,Recommendation
7366,1021,2448,20250419,Watch Party
7367,2336,3352,20240516,Review
7368,3336,1319,20240503,Profile
7369,1950,5949,20250125,Recommendation
7370,3398,1292,20250311,Watch Party
7371,5045,1666,20240503,Review
7372,1208,4226,20241218,Profile
7373,3168,2905,20230820,Recommendation
7374,3826,883,20250823,Watch Party
7375,1365,3927,20241111,Review
7376,4925,753,20240830,Profile
7377,4392,5870,20230402,Recommendation
7378,2260,1704,20240304,Watch Party
7379,5093,1553,20250920,Review
7380,251,5668,20251110,Profile
7381,5723,1663,20240915,Recommendation
7382,3685,3551,20251016,Watch Party
7383,3050,5256,20231108,Review
7384,979,849,20240211,Profile
7385,5252,4085,20240123,Recommendation
7386,2211,3014,20240112,Watch Party
7387,3531,4908,20251029,Review
7388,4456,2551,20240322,Profile
7389,2960,1030,20230225,Recommendation
7390,4479,3065,20230325,Watch Party
7391,945,5795,20230824,Review
7392,1458,434,20240418,Profile
7393,5679,899,20241031,Recommendation
7394,4264,815,20250116,Watch Party
7395,3964,2439,20250420,Review
7396,5558,5033,20231103,Profile
7397,4945,5840,20240925,Recommendation
7398,5450,427,20230207,Watch Party
7399,5032,2504,20241024,Review
7400,1642,2559,20240609,Profile
7401,5370,2960,20250808,Recommendation
7402,111,2873,20250715,Watch Party
7403,2798,31,20231109,Review
7404,5521,4457,20250407,Profile
7405,4003,2378,20251111,Recommendation
7406,1495,5116,20250617,Watch Party
7407,5495,2524,20231121,Review
7408,1669,5109,20231230,Profile
7409,573,5961,20250116,Recommendation
7410,5115,3083,20230206,Watch Party
7411,5147,1435,20230219,Review
7412,4286,2876,20230729,Profile
7413,5140,2006,20250615,Recommendation
7414,2816,3734,20250806,Watch Party
7415,4866,21,20250714,Review
7416,3968,5382,20250226,Profile
7417,327,4248,20240503,Recommendation
7418,3128,3446,20241123,Watch Party
7419,4864,1962,20230808,Review
7420,327,3266,20230502,Profile
7421,1952,1533,20250310,Recommendation
7422,5120,3370,20250331,Watch Party
7423,2575,2707,20240304,Review
7424,1688,1732,20240110,Profile
7425,4863,4162,20230908,Recommendation
7426,2982,1451,20230325,Watch Party
7427,2508,695,20251110,Review
7428,5251,2537,20250703,Profile
7429,3689,491,20230117,Recommendation
7430,4844,3043,20251122,Watch Party
7431,359,5075,20250128,Review
7432,142,1104,20251223,Profile
7433,5944,649,20230823,Recommendation
7434,4437,4682,20240912,Watch Party
7435,4955,2588,20251030,Review
7436,3782,4798,20250802,Profile
7437,3771,633,20250203,Recommendation
7438,1155,1173,20250304,Watch Party
7439,3530,2689,20241026,Review
7440,3571,4813,20240627,Profile
7441,221,3075,20230615,Recommendation
7442,659,31,20231004,Watch Party
7443,175,5191,20250507,Review
7444,105,866,20250726,Profile
7445,2305,2278,20240114,Recommendation
7446,4801,2528,20230822,Watch Party
7447,2142,2382,20250918,Review
7448,422,1962,20240726,Profile
7449,5516,1046,20231210,Recommendation
7450,4,3392,20250729,Watch Party
7451,1584,2728,20250926,Review
7452,2155,1051,20240122,Profile
7453,3655,1173,20230114,Recommendation
7454,1104,3682,20240909,Watch Party
7455,778,5222,20230326,Review
7456,2655,1099,20240216,Profile
7457,2249,1771,20241115,Recommendation
7458,4636,4630,20230719,Watch Party
7459,3211,2171,20250816,Review
7460,82,1519,20251128,Profile
7461,3810,665,20240613,Recommendation
7462,931,4723,20250502,Watch Party
7463,2135,2456,20241209,Review
7464,4702,4078,20250821,Profile
7465,1077,5434,20241117,Recommendation
7466,4101,89,20250117,Watch Party
7467,3963,3844,20231113,Review
7468,2975,4543,20250615,Profile
7469,4717,2337,20240623,Recommendation
7470,3745,2916,20240223,Watch Party
7471,343,2098,20241007,Review
7472,393,1235,20240319,Profile
7473,4029,5140,20251001,Recommendation
7474,2823,2870,20251225,Watch Party
7475,1673,807,20240102,Review
7476,4986,204,20251127,Profile
7477,1327,3132,20251018,Recommendation
7478,3380,2896,20250919,Watch Party
7479,2253,3192,20230524,Review
7480,4156,2816,20250213,Profile
7481,3981,3006,20250701,Recommendation
7482,2027,2488,20240726,Watch Party
7483,711,4059,20240824,Review
7484,479,1696,20230217,Profile
7485,1150,5381,20230222,Recommendation
7486,4778,1458,20240304,Watch Party
7487,5487,1538,20250602,Review
7488,5515,1931,20241124,Profile
7489,2361,1840,20230220,Recommendation
7490,3792,4631,20250708,Watch Party
7491,668,3725,20240731,Review
7492,2744,3617,20240208,Profile
7493,4801,3986,20250115,Recommendation
7494,2723,2677,20231222,Watch Party
7495,5600,4989,20250811,Review
7496,1903,200,20251015,Profile
7497,2653,3647,20231211,Recommendation
7498,2998,4551,20241102,Watch Party
7499,4687,5061,20240820,Review
7500,429,2417,20251111,Profile
7501,1945,4509,20250201,Recommendation
7502,3966,4433,20250716,Watch Party
7503,5753,3149,20250430,Review
7504,4426,4687,20240909,Profile
7505,884,3509,20240329,Recommendation
7506,3965,5470,20240507,Watch Party
7507,5555,1339,20241006,Review
7508,3185,1904,20230916,Profile
7509,419,2367,20241206,Recommendation
7510,5670,3633,20251130,Watch Party
7511,1730,275,20251224,Review
7512,564,2453,20251014,Profile
7513,4432,1759,20250131,Recommendation
7514,1037,304,20250401,Watch Party
7515,1226,1281,20240403,Review
7516,1747,2393,20240223,Profile
7517,5183,3661,20251129,Recommendation
7518,3986,3382,20231202,Watch Party
7519,2247,914,20250404,Review
7520,3690,27,20230416,Profile
7521,3712,712,20250503,Recommendation
7522,5234,682,20250715,Watch Party
7523,882,4519,20230729,Review
7524,4276,5203,20251204,Profile
7525,2056,5291,20230830,Recommendation
7526,152,684,20250412,Watch Party
7527,643,2482,20250303,Review
7528,145,2099,20240514,Profile
7529,4470,2637,20230913,Recommendation
7530,5473,3942,20230614,Watch Party
7531,696,4284,20240922,Review
7532,4339,2278,20241008,Profile
7533,1375,2969,20251228,Recommendation
7534,5411,3909,20230824,Watch Party
7535,4439,2298,20241114,Review
7536,5657,5010,20240825,Profile
7537,3432,3633,20230313,Recommendation
7538,2301,2853,20250401,Watch Party
7539,3978,654,20230310,Review
7540,3162,4485,20240814,Profile
7541,507,3041,20240406,Recommendation
7542,3412,949,20230813,Watch Party
7543,1361,5380,20250905,Review
7544,4596,1939,20240528,Profile
7545,1077,187,20241229,Recommendation
7546,3006,2132,20231027,Watch Party
7547,5596,3875,20230831,Review
7548,5750,5794,20240615,Profile
7549,4753,4605,20231228,Recommendation
7550,5237,184,20230129,Watch Party
7551,2491,5311,20240320,Review
7552,794,2042,20250413,Profile
7553,5024,294,20240301,Recommendation
7554,1830,4994,20250930,Watch Party
7555,3065,5707,20230424,Review
7556,403,1727,20240108,Profile
7557,1568,2803,20250121,Recommendation
7558,2036,4702,20240728,Watch Party
7559,4441,2415,20250222,Review
7560,4865,802,20230824,Profile
7561,5382,1693,20230330,Recommendation
7562,3413,2575,20240215,Watch Party
7563,3232,3834,20241119,Review
7564,3580,4982,20230616,Profile
7565,743,2311,20230823,Recommendation
7566,3337,5600,20250518,Watch Party
7567,5343,525,20250731,Review
7568,2543,4220,20250924,Profile
7569,1312,5484,20230713,Recommendation
7570,3605,538,20251021,Watch Party
7571,3376,2726,20230131,Review
7572,4484,892,20250825,Profile
7573,3383,1579,20250707,Recommendation
7574,5834,5538,20240113,Watch Party
7575,5978,3317,20240701,Review
7576,2211,1254,20230727,Profile
7577,5246,190,20240813,Recommendation
7578,5443,4570,20251219,Watch Party
7579,1935,1896,20250704,Review
7580,5590,2970,20250202,Profile
7581,4213,5090,20250517,Recommendation
7582,5067,1942,20231230,Watch Party
7583,1786,4324,20240826,Review
7584,3841,2224,20251118,Profile
7585,1788,5859,20240630,Recommendation
7586,3482,2835,20231013,Watch Party
7587,1007,3965,20241116,Review
7588,5791,2190,20241229,Profile
7589,1461,5107,20230320,Recommendation
7590,4624,1222,20230712,Watch Party
7591,5040,3985,20230513,Review
7592,2394,2137,20230511,Profile
7593,896,1770,20250127,Recommendation
7594,20,2786,20240222,Watch Party
7595,4940,5187,20251127,Review
7596,2549,391,20240210,Profile
7597,2621,3077,20251231,Recommendation
7598,358,4999,20250313,Watch Party
7599,2620,3777,20251111,Review
7600,1829,1400,20240126,Profile
7601,4094,1156,20250725,Recommendation
7602,4586,4161,20230414,Watch Party
7603,4884,2189,20230726,Review
7604,4748,5710,20250115,Profile
7605,4457,949,20240314,Recommendation
7606,5158,261,20250909,Watch Party
7607,4261,3313,20230121,Review
7608,1734,1895,20231226,Profile
7609,3223,4843,20230117,Recommendation
7610,5440,4888,20230806,Watch Party
7611,5165,1500,20250812,Review
7612,5250,3650,20240517,Profile
7613,3748,3056,20240405,Recommendation
7614,2653,2688,20240216,Watch Party
7615,3819,1341,20230609,Review
7616,3271,1401,20240909,Profile
7617,3785,349,20250825,Recommendation
7618,2763,75,20250321,Watch Party
7619,2358,4981,20240213,Review
7620,5206,3293,20240316,Profile
7621,3638,4682,20240624,Recommendation
7622,1964,5450,20240103,Watch Party
7623,2928,2421,20230405,Review
7624,2088,1828,20230116,Profile
7625,5593,3164,20250102,Recommendation
7626,3676,4473,20230610,Watch Party
7627,4325,195,20230612,Review
7628,2441,5300,20250108,Profile
7629,3001,499,20250114,Recommendation
7630,3831,4739,20230704,Watch Party
7631,2342,998,20230101,Review
7632,2537,1076,20250226,Profile
7633,4131,5205,20231109,Recommendation
7634,2619,1269,20251207,Watch Party
7635,3278,4718,20241030,Review
7636,164,377,20240728,Profile
7637,2547,3312,20231031,Recommendation
7638,3709,3367,20250310,Watch Party
7639,3332,852,20240524,Review
7640,1085,2499,20240112,Profile
7641,3013,1672,20240728,Recommendation
7642,3742,4730,20240703,Watch Party
7643,1604,508,20231224,Review
7644,1436,478,20241103,Profile
7645,2575,84,20250915,Recommendation
7646,4334,1183,20250616,Watch Party
7647,5771,3328,20231003,Review
7648,2784,2207,20230124,Profile
7649,5539,1616,20240109,Recommendation
7650,4001,1908,20230301,Watch Party
7651,1323,2557,20251223,Review
7652,3439,1426,20240627,Profile
7653,4644,3363,20240725,Recommendation
7654,5018,3303,20250826,Watch Party
7655,3662,1369,20230220,Review
7656,848,3957,20251221,Profile
7657,299,5155,20250826,Recommendation
7658,1551,1616,20231229,Watch Party
7659,399,802,20241229,Review
7660,923,216,20240307,Profile
7661,608,1064,20230427,Recommendation
7662,5594,3109,20240314,Watch Party
7663,3302,4246,20250507,Review
7664,3774,3065,20250218,Profile
7665,4940,4569,20231121,Recommendation
7666,78,4475,20250812,Watch Party
7667,1089,3694,20230108,Review
7668,4622,4472,20230515,Profile
7669,2963,292,20240802,Recommendation
7670,5129,1217,20230623,Watch Party
7671,158,1520,20251231,Review
7672,4400,3997,20230224,Profile
7673,5810,2526,20231104,Recommendation
7674,926,2211,20251031,Watch Party
7675,2756,200,20241106,Review
7676,209,590,20240601,Profile
7677,5336,5598,20240227,Recommendation
7678,2633,1446,20240408,Watch Party
7679,3408,3193,20240708,Review
7680,4173,2802,20230905,Profile
7681,1358,651,20240706,Recommendation
7682,508,1948,20250428,Watch Party
7683,2518,2404,20241116,Review
7684,5131,5644,20241020,Profile
7685,5095,3256,20230203,Recommendation
7686,1886,3029,20240403,Watch Party
7687,2018,3444,20241223,Review
7688,1177,630,20250117,Profile
7689,2479,733,20240818,Recommendation
7690,1493,2929,20250326,Watch Party
7691,1982,455,20250220,Review
7692,897,2040,20241229,Profile
7693,2098,176,20240612,Recommendation
7694,5193,5210,20240601,Watch Party
7695,1679,5300,20241103,Review
7696,791,5138,20231214,Profile
7697,669,827,20230401,Recommendation
7698,1946,5133,20240808,Watch Party
7699,1902,2229,20230705,Review
7700,4204,1673,20241025,Profile
7701,4270,4100,20251020,Recommendation
7702,5697,4532,20241121,Watch Party
7703,3937,3874,20251005,Review
7704,4439,2819,20240806,Profile
7705,4069,5601,20231203,Recommendation
7706,1093,1567,20240625,Watch Party
7707,1917,2458,20250518,Review
7708,1126,4039,20230403,Profile
7709,2402,1452,20241127,Recommendation
7710,5517,1772,20250507,Watch Party
7711,1421,140,20240929,Review
7712,1639,4673,20240106,Profile
7713,1722,5308,20230725,Recommendation
7714,3305,5844,20250421,Watch Party
7715,5227,2439,20230828,Review
7716,1905,5661,20230124,Profile
7717,4102,4400,20240415,Recommendation
7718,3880,4067,20241123,Watch Party
7719,1345,2044,20250614,Review
7720,2298,4683,20250824,Profile
7721,4559,1250,20241101,Recommendation
7722,5570,5217,20231109,Watch Party
7723,256,2008,20231222,Review
7724,987,2445,20250125,Profile
7725,4150,729,20241015,Recommendation
7726,5877,1246,20240120,Watch Party
7727,2255,5995,20230218,Review
7728,4365,4199,20241105,Profile
7729,4026,3253,20231106,Recommendation
7730,4336,3778,20240825,Watch Party
7731,1294,4656,20230527,Review
7732,2382,5838,20250926,Profile
7733,1449,2178,20230910,Recommendation
7734,4949,4375,20250817,Watch Party
7735,4775,3261,20240407,Review
7736,5076,1847,20250703,Profile
7737,5908,2290,20230626,Recommendation
7738,2954,2290,20250427,Watch Party
7739,3969,4770,20231125,Review
7740,2180,47,20231112,Profile
7741,5241,8,20230629,Recommendation
7742,3531,5355,20250728,Watch Party
7743,4492,596,20250414,Review
7744,1624,3135,20251102,Profile
7745,4563,3761,20240210,Recommendation
7746,5160,4044,20250615,Watch Party
7747,5566,4172,20251020,Review
7748,2970,2964,20240315,Profile
7749,2631,2936,20240703,Recommendation
7750,3452,4065,20240314,Watch Party
7751,5985,4199,20240514,Review
7752,14,414,20231015,Profile
7753,1494,2009,20230517,Recommendation
7754,2647,5980,20231002,Watch Party
7755,485,683,20250715,Review
7756,2563,4579,20230406,Profile
7757,5644,4758,20250803,Recommendation
7758,809,1287,20240412,Watch Party
7759,874,5814,20231130,Review
7760,4814,441,20241213,Profile
7761,1293,5795,20230416,Recommendation
7762,2333,1930,20250427,Watch Party
7763,1939,5947,20240705,Review
7764,508,3119,20240917,Profile
7765,5531,450,20240827,Recommendation
7766,1059,1105,20240522,Watch Party
7767,1540,4176,20241213,Review
7768,2688,5784,20250813,Profile
7769,1375,1794,20240210,Recommendation
7770,2615,305,20240120,Watch Party
7771,1848,2393,20231121,Review
7772,2693,356,20241021,Profile
7773,3423,5993,20250314,Recommendation
7774,3738,2588,20230923,Watch Party
7775,5158,1587,20240514,Review
7776,523,5206,20250630,Profile
7777,5279,2820,20240424,Recommendation
7778,5454,4632,20251024,Watch Party
7779,315,4949,20231117,Review
7780,3002,3614,20230517,Profile
7781,1656,3509,20230405,Recommendation
7782,68,5603,20230320,Watch Party
7783,4871,1780,20240907,Review
7784,4705,446,20251019,Profile
7785,780,3698,20250609,Recommendation
7786,63,4536,20240420,Watch Party
7787,1161,1506,20251004,Review
7788,711,4879,20250421,Profile
7789,1853,282,20240922,Recommendation
7790,5506,3119,20240302,Watch Party
7791,5869,3810,20230309,Review
7792,5715,5614,20240110,Profile
7793,1809,2875,20230116,Recommendation
7794,866,3322,20231130,Watch Party
7795,520,1577,20241024,Review
7796,1169,756,20250405,Profile
7797,4573,4705,20251112,Recommendation
7798,934,3234,20251202,Watch Party
7799,4383,3011,20240619,Review
7800,5641,5875,20231214,Profile
7801,2143,1981,20231107,Recommendation
7802,2899,3378,20250910,Watch Party
7803,1399,512,20251230,Review
7804,3031,2013,20240524,Profile
7805,1271,1225,20230418,Recommendation
7806,1516,4486,20251130,Watch Party
7807,4914,3864,20230129,Review
7808,4561,4085,20230319,Profile
7809,4198,1315,20231014,Recommendation
7810,2288,360,20250527,Watch Party
7811,2769,1117,20240211,Review
7812,5985,4050,20230119,Profile
7813,663,2913,20231204,Recommendation
7814,1926,3133,20240801,Watch Party
7815,2354,1226,20230514,Review
7816,3190,4973,20251024,Profile
7817,448,3086,20230528,Recommendation
7818,5683,3262,20241107,Watch Party
7819,138,3547,20240819,Review
7820,5983,5356,20230704,Profile
7821,2875,2079,20230206,Recommendation
7822,2543,4454,20241014,Watch Party
7823,3721,3760,20250520,Review
7824,2599,3543,20240703,Profile
7825,5241,3206,20240403,Recommendation
7826,5255,5046,20241005,Watch Party
7827,594,2006,20230428,Review
7828,5107,4171,20240618,Profile
7829,4376,327,20230610,Recommendation
7830,1038,3754,20230419,Watch Party
7831,5131,2865,20250608,Review
7832,3077,5173,20230629,Profile
7833,5186,648,20250508,Recommendation
7834,3492,2924,20251207,Watch Party
7835,204,1212,20250904,Review
7836,2814,507,20230318,Profile
7837,698,4891,20231103,Recommendation
7838,5385,4437,20250207,Watch Party
7839,4522,2936,20240809,Review
7840,2453,4827,20231214,Profile
7841,2743,614,20251022,Recommendation
7842,425,1142,20250304,Watch Party
7843,4440,4280,20250601,Review
7844,5062,2267,20240101,Profile
7845,4347,2303,20250328,Recommendation
7846,5872,2335,20240316,Watch Party
7847,5429,2074,20231107,Review
7848,4389,629,20241018,Profile
7849,1071,819,20240102,Recommendation
7850,4599,4940,20241212,Watch Party
7851,2346,3130,20240914,Review
7852,1854,4432,20251202,Profile
7853,4796,3689,20230718,Recommendation
7854,3851,644,20251127,Watch Party
7855,2083,1742,20241111,Review
7856,5245,59,20250829,Profile
7857,3072,5667,20230226,Recommendation
7858,5234,1440,20230101,Watch Party
7859,4027,2289,20250810,Review
7860,2813,5568,20250605,Profile
7861,5042,4176,20250907,Recommendation
7862,1444,3236,20240529,Watch Party
7863,5054,1165,20240528,Review
7864,4648,5734,20251027,Profile
7865,1573,2764,20241002,Recommendation
7866,344,2401,20240621,Watch Party
7867,1893,2767,20230521,Review
7868,971,3899,20240420,Profile
7869,3243,21,20230620,Recommendation
7870,16,3143,20251124,Watch Party
7871,863,5527,20250421,Review
7872,3406,4050,20250912,Profile
7873,5309,2728,20230815,Recommendation
7874,4900,3254,20231125,Watch Party
7875,4285,5353,20250328,Review
7876,2227,2362,20230605,Profile
7877,2339,4883,20230114,Recommendation
7878,5968,90,20250827,Watch Party
7879,762,4875,20250114,Review
7880,4634,665,20240323,Profile
7881,5160,4639,20250319,Recommendation
7882,2853,3037,20240829,Watch Party
7883,1477,3787,20250406,Review
7884,798,5744,20250617,Profile
7885,2905,2581,20240222,Recommendation
7886,3231,86,20230210,Watch Party
7887,4518,1409,20230518,Review
7888,4589,5100,20240405,Profile
7889,3268,4709,20251003,Recommendation
7890,4402,4279,20250628,Watch Party
7891,1381,3920,20250107,Review
7892,566,2548,20231114,Profile
7893,1761,5010,20230424,Recommendation
7894,2621,2932,20241024,Watch Party
7895,4468,1487,20231018,Review
7896,1256,5755,20230316,Profile
7897,4696,2735,20230214,Recommendation
7898,1905,5828,20250612,Watch Party
7899,5043,5113,20250518,Review
7900,42,5313,20241230,Profile
7901,5419,5634,20250819,Recommendation
7902,1195,149,20250729,Watch Party
7903,2046,2872,20230923,Review
7904,659,620,20240216,Profile
7905,2466,2916,20240126,Recommendation
7906,5505,1733,20231212,Watch Party
7907,3856,279,20250708,Review
7908,24,3157,20250902,Profile
7909,4587,1012,20250410,Recommendation
7910,4733,5909,20241208,Watch Party
7911,1116,3196,20240506,Review
7912,5496,2582,20230514,Profile
7913,1429,4078,20251029,Recommendation
7914,3558,3548,20231115,Watch Party
7915,2762,5892,20250922,Review
7916,5138,3494,20250401,Profile
7917,805,5826,20230922,Recommendation
7918,509,3180,20230102,Watch Party
7919,647,5164,20240126,Review
7920,2737,5766,20241231,Profile
7921,3619,3685,20250429,Recommendation
7922,221,4710,20250121,Watch Party
7923,5977,4467,20251107,Review
7924,455,3806,20251115,Profile
7925,4812,5881,20250926,Recommendation
7926,2920,315,20241118,Watch Party
7927,4217,2397,20231029,Review
7928,1745,1874,20250803,Profile
7929,1410,3369,20250828,Recommendation
7930,1292,1019,20251105,Watch Party
7931,4787,3165,20250505,Review
7932,4468,4705,20240529,Profile
7933,1251,1105,20240416,Recommendation
7934,3479,1709,20250721,Watch Party
7935,1048,1080,20230414,Review
7936,5969,3298,20230719,Profile
7937,352,216,20250105,Recommendation
7938,535,93,20241107,Watch Party
7939,1737,4838,20240220,Review
7940,3376,5936,20251119,Profile
7941,3356,4414,20230506,Recommendation
7942,5225,2143,20240124,Watch Party
7943,5702,4069,20240527,Review
7944,4072,1679,20250121,Profile
7945,1836,2219,20240918,Recommendation
7946,2632,1382,20250123,Watch Party
7947,2995,2999,20250816,Review
7948,5505,3563,20240928,Profile
7949,3460,3947,20240323,Recommendation
7950,731,5224,20250106,Watch Party
7951,4473,4939,20250126,Review
7952,3826,1547,20250306,Profile
7953,4839,98,20240911,Recommendation
7954,943,3697,20250315,Watch Party
7955,2857,2811,20250311,Review
7956,5575,3657,20230311,Profile
7957,1097,4409,20230922,Recommendation
7958,3166,5696,20240704,Watch Party
7959,2242,3664,20230209,Review
7960,608,4656,20230128,Profile
7961,1905,1397,20251208,Recommendation
7962,3015,2747,20230512,Watch Party
7963,3455,3568,20240406,Review
7964,2155,3854,20241231,Profile
7965,1264,2377,20230519,Recommendation
7966,2042,5254,20240214,Watch Party
7967,5783,4202,20250511,Review
7968,3924,1337,20250419,Profile
7969,1809,739,20231026,Recommendation
7970,5687,5618,20230514,Watch Party
7971,5121,3879,20240506,Review
7972,2185,5306,20240310,Profile
7973,1931,2719,20241204,Recommendation
7974,5790,3415,20250612,Watch Party
7975,2562,4889,20250326,Review
7976,1171,22,20230124,Profile
7977,3786,1788,20230522,Recommendation
7978,319,4238,20231020,Watch Party
7979,5414,948,20250111,Review
7980,4485,4460,20230413,Profile
7981,3082,5345,20251103,Recommendation
7982,5066,4491,20230201,Watch Party
7983,4416,171,20240117,Review
7984,3054,1751,20231010,Profile
7985,1875,587,20240818,Recommendation
7986,2604,2575,20240601,Watch Party
7987,1288,5733,20250926,Review
7988,129,4223,20230916,Profile
7989,3047,881,20250710,Recommendation
7990,3878,3822,20231004,Watch Party
7991,2909,5721,20230320,Review
7992,3012,5183,20240708,Profile
7993,4292,370,20250113,Recommendation
7994,5760,748,20240612,Watch Party
7995,1544,1156,20251016,Review
7996,3866,4180,20241001,Profile
7997,1413,312,20251210,Recommendation
7998,5137,2509,20250118,Watch Party
7999,594,1142,20250516,Review
8000,2492,689,20240405,Profile
8001,3831,5370,20231210,Recommendation
8002,2134,3335,20241004,Watch Party
8003,4664,4541,20250218,Review
8004,3384,5627,20230225,Profile
8005,3796,2121,20241111,Recommendation
8006,1546,5733,20230208,Watch Party
8007,2261,5733,20250615,Review
8008,2067,5898,20230524,Profile
8009,2345,4042,20240522,Recommendation
8010,4224,2768,20250430,Watch Party
8011,1619,5940,20240110,Review
8012,4334,3221,20230914,Profile
8013,3394,2415,20251111,Recommendation
8014,1108,5861,20240201,Watch Party
8015,4186,4779,20240816,Review
8016,706,2636,20230108,Profile
8017,2626,263,20230814,Recommendation
8018,2341,1836,20251114,Watch Party
8019,2769,923,20250311,Review
8020,5900,3909,20230612,Profile
8021,799,5593,20240409,Recommendation
8022,870,1384,20250605,Watch Party
8023,61,5061,20251130,Review
8024,1706,3843,20241012,Profile
8025,1425,5249,20240223,Recommendation
8026,241,5826,20240426,Watch Party
8027,160,5262,20250212,Review
8028,5294,5995,20250128,Profile
8029,2050,4199,20250205,Recommendation
8030,2956,4832,20241229,Watch Party
8031,114,3030,20240708,Review
8032,1736,3992,20230316,Profile
8033,1112,4762,20240412,Recommendation
8034,1542,3059,20240530,Watch Party
8035,3102,1546,20230531,Review
8036,3595,4403,20231011,Profile
8037,1792,1937,20250929,Recommendation
8038,130,5860,20250206,Watch Party
8039,5026,1892,20231004,Review
8040,2163,5316,20231125,Profile
8041,1166,3290,20240709,Recommendation
8042,4191,1142,20250928,Watch Party
8043,2675,2969,20240118,Review
8044,18,3495,20230602,Profile
8045,2481,515,20230220,Recommendation
8046,1057,4106,20250318,Watch Party
8047,2752,2160,20250212,Review
8048,446,4085,20230428,Profile
8049,2519,2224,20240210,Recommendation
8050,336,3704,20250108,Watch Party
8051,1056,724,20251201,Review
8052,4668,2972,20250829,Profile
8053,2889,3492,20240118,Recommendation
8054,570,5413,20250218,Watch Party
8055,2369,5116,20230106,Review
8056,1309,18,20250219,Profile
8057,1635,4467,20230916,Recommendation
8058,3596,5979,20240531,Watch Party
8059,3952,1096,20231213,Review
8060,448,1546,20240811,Profile
8061,3267,3571,20240101,Recommendation
8062,1219,670,20230417,Watch Party
8063,5619,3729,20241105,Review
8064,2223,2140,20250204,Profile
8065,3811,1396,20230713,Recommendation
8066,4393,4299,20230111,Watch Party
8067,4135,129,20231107,Review
8068,5686,5438,20231019,Profile
8069,2976,1966,20240501,Recommendation
8070,3351,5168,20250310,Watch Party
8071,4564,3479,20241010,Review
8072,4958,926,20250311,Profile
8073,289,1709,20240720,Recommendation
8074,798,5977,20230510,Watch Party
8075,2101,1730,20250114,Review
8076,5942,4294,20240519,Profile
8077,4145,2737,20240527,Recommendation
8078,3459,5221,20240922,Watch Party
8079,2536,700,20250607,Review
8080,4514,3149,20240822,Profile
8081,5328,2477,20251016,Recommendation
8082,5285,3931,20230129,Watch Party
8083,4108,3521,20230430,Review
8084,769,5330,20230213,Profile
8085,823,4792,20240602,Recommendation
8086,2758,2839,20231021,Watch Party
8087,130,469,20250607,Review
8088,3121,3792,20240601,Profile
8089,1616,2318,20251205,Recommendation
8090,5417,2675,20250302,Watch Party
8091,704,3155,20230513,Review
8092,3571,170,20241112,Profile
8093,2099,3642,20240610,Recommendation
8094,621,5070,20230331,Watch Party
8095,4823,2033,20241031,Review
8096,1483,1885,20231218,Profile
8097,2430,5198,20240226,Recommendation
8098,1439,5426,20230317,Watch Party
8099,5259,5715,20231111,Review
8100,4183,4630,20250607,Profile
8101,4772,574,20251114,Recommendation
8102,3749,5292,20240527,Watch Party
8103,2871,932,20240702,Review
8104,2203,2437,20230905,Profile
8105,5692,2105,20250622,Recommendation
8106,4627,2303,20241120,Watch Party
8107,4807,3132,20241117,Review
8108,121,1084,20231121,Profile
8109,992,1463,20230615,Recommendation
8110,644,2750,20240701,Watch Party
8111,1394,783,20240407,Review
8112,2457,5892,20231220,Profile
8113,5972,2065,20250106,Recommendation
8114,862,2293,20230216,Watch Party
8115,4104,4054,20250209,Review
8116,3540,116,20250208,Profile
8117,1931,3192,20240719,Recommendation
8118,4253,4905,20250805,Watch Party
8119,4019,1074,20241203,Review
8120,3556,5034,20240814,Profile
8121,975,1098,20250402,Recommendation
8122,2424,449,20250109,Watch Party
8123,630,3369,20241219,Review
8124,838,3455,20250825,Profile
8125,436,4908,20240927,Recommendation
8126,2692,759,20231213,Watch Party
8127,1120,4314,20230412,Review
8128,3916,3419,20251217,Profile
8129,1944,5544,20250304,Recommendation
8130,235,3670,20230519,Watch Party
8131,4235,5641,20230103,Review
8132,4897,1429,20231103,Profile
8133,2166,2753,20230811,Recommendation
8134,4280,5439,20230919,Watch Party
8135,3359,3709,20251204,Review
8136,1162,1567,20240905,Profile
8137,1815,4636,20231214,Recommendation
8138,5681,2647,20250919,Watch Party
8139,2826,2211,20240517,Review
8140,5459,4656,20240606,Profile
8141,4171,1732,20250327,Recommendation
8142,2264,4449,20231207,Watch Party
8143,1664,127,20250618,Review
8144,4252,4909,20250303,Profile
8145,3622,3089,20241126,Recommendation
8146,1150,2024,20240717,Watch Party
8147,2044,3503,20250801,Review
8148,136,217,20250815,Profile
8149,5876,5561,20231123,Recommendation
8150,4817,2937,20231114,Watch Party
8151,5004,504,20230225,Review
8152,3399,3146,20250417,Profile
8153,4176,4993,20250419,Recommendation
8154,460,3645,20250813,Watch Party
8155,3068,1839,20230831,Review
8156,1130,2154,20230626,Profile
8157,5298,2700,20240610,Recommendation
8158,2555,2312,20250129,Watch Party
8159,3196,4776,20231108,Review
8160,5442,4526,20240821,Profile
8161,3546,5423,20240425,Recommendation
8162,3568,1780,20250603,Watch Party
8163,3076,1467,20251031,Review
8164,1442,1351,20231129,Profile
8165,1908,993,20250501,Recommendation
8166,3307,3504,20251114,Watch Party
8167,4363,5379,20240627,Review
8168,2663,1235,20230116,Profile
8169,835,5603,20250211,Recommendation
8170,1869,2291,20230625,Watch Party
8171,4607,411,20230218,Review
8172,5495,2724,20250318,Profile
8173,3747,5,20230221,Recommendation
8174,473,4712,20231219,Watch Party
8175,3439,4833,20230704,Review
8176,3060,3265,20231217,Profile
8177,1236,1664,20250619,Recommendation
8178,729,1839,20230926,Watch Party
8179,5878,2329,20240505,Review
8180,2648,3796,20251227,Profile
8181,4499,4641,20250803,Recommendation
8182,758,4139,20240825,Watch Party
8183,660,2524,20230915,Review
8184,5598,5765,20230424,Profile
8185,4355,2714,20230828,Recommendation
8186,4978,2673,20251122,Watch Party
8187,906,4168,20231021,Review
8188,5693,1862,20230807,Profile
8189,4854,5953,20240512,Recommendation
8190,3112,5481,20250505,Watch Party
8191,1975,2549,20230111,Review
8192,1804,2362,20250510,Profile
8193,3942,3522,20230419,Recommendation
8194,1666,2321,20251202,Watch Party
8195,5699,4192,20250308,Review
8196,4683,1079,20250504,Profile
8197,1220,323,20240721,Recommendation
8198,2966,2745,20241225,Watch Party
8199,5465,4727,20250621,Review
8200,4476,3389,20250531,Profile
8201,5745,3664,20240212,Recommendation
8202,3530,1631,20241017,Watch Party
8203,3134,2467,20231003,Review
8204,1652,484,20241026,Profile
8205,5807,2724,20240918,Recommendation
8206,1352,2992,20250620,Watch Party
8207,5940,308,20250202,Review
8208,5125,1198,20240204,Profile
8209,1473,2921,20250106,Recommendation
8210,5837,4803,20250418,Watch Party
8211,2960,5082,20230428,Review
8212,3155,4302,20240101,Profile
8213,238,3343,20241008,Recommendation
8214,1216,5900,20240206,Watch Party
8215,4483,3950,20241109,Review
8216,5827,4926,20230801,Profile
8217,2270,3922,20240816,Recommendation
8218,2729,3170,20250224,Watch Party
8219,5649,5641,20231017,Review
8220,2029,2063,20250603,Profile
8221,3780,2716,20240828,Recommendation
8222,3080,2638,20250311,Watch Party
8223,4853,5535,20241031,Review
8224,9,1839,20240310,Profile
8225,58,3446,20240520,Recommendation
8226,663,5730,20250403,Watch Party
8227,5712,4788,20250507,Review
8228,4886,1215,20230614,Profile
8229,5038,932,20230911,Recommendation
8230,5601,4098,20230103,Watch Party
8231,2570,2641,20250209,Review
8232,5507,2167,20231215,Profile
8233,5575,4031,20230422,Recommendation
8234,1534,258,20240328,Watch Party
8235,3452,3554,20231125,Review
8236,3842,135,20251212,Profile
8237,5548,4744,20241218,Recommendation
8238,2192,3336,20250622,Watch Party
8239,2700,658,20241208,Review
8240,4191,4264,20230904,Profile
8241,925,5537,20250830,Recommendation
8242,2166,5916,20240814,Watch Party
8243,4891,5591,20231231,Review
8244,4218,2049,20240801,Profile
8245,3940,4871,20251214,Recommendation
8246,341,2194,20250618,Watch Party
8247,4554,677,20241015,Review
8248,504,2235,20240922,Profile
8249,463,2125,20250126,Recommendation
8250,145,2373,20230319,Watch Party
8251,4115,4307,20240217,Review
8252,2850,1607,20251031,Profile
8253,2203,3049,20230116,Recommendation
8254,5018,149,20250614,Watch Party
8255,948,303,20250309,Review
8256,52,5373,20230804,Profile
8257,5691,5429,20240826,Recommendation
8258,5724,4914,20250306,Watch Party
8259,685,3926,20230716,Review
8260,3738,4882,20250304,Profile
8261,5155,3555,20240605,Recommendation
8262,5390,3897,20241120,Watch Party
8263,5518,5236,20230812,Review
8264,5034,2132,20230511,Profile
8265,1000,4337,20250430,Recommendation
8266,4261,2122,20250903,Watch Party
8267,1070,608,20251126,Review
8268,4618,638,20240422,Profile
8269,800,4274,20250811,Recommendation
8270,3034,579,20251217,Watch Party
8271,699,1414,20250803,Review
8272,5293,3508,20250914,Profile
8273,4457,2761,20231227,Recommendation
8274,564,2033,20240520,Watch Party
8275,5535,5426,20250828,Review
8276,5607,5185,20240422,Profile
8277,5010,4290,20240602,Recommendation
8278,2521,196,20250706,Watch Party
8279,4663,1078,20230903,Review
8280,2053,5210,20230118,Profile
8281,4011,1363,20240512,Recommendation
8282,4251,1793,20250811,Watch Party
8283,1008,2592,20230107,Review
8284,5207,3735,20240204,Profile
8285,2916,3163,20230110,Recommendation
8286,2608,2217,20250930,Watch Party
8287,4723,5911,20231124,Review
8288,2961,832,20230311,Profile
8289,4126,4717,20231016,Recommendation
8290,662,792,20241118,Watch Party
8291,425,5411,20240127,Review
8292,5881,4384,20230120,Profile
8293,4082,1199,20250115,Recommendation
8294,1683,3346,20230524,Watch Party
8295,200,2437,20240419,Review
8296,1801,2376,20230813,Profile
8297,2729,196,20230117,Recommendation
8298,3719,2375,20240516,Watch Party
8299,1095,1873,20241111,Review
8300,1838,1471,20240101,Profile
8301,5244,4047,20250711,Recommendation
8302,2091,1568,20250530,Watch Party
8303,1468,4109,20250521,Review
8304,3901,3976,20251028,Profile
8305,1714,5696,20240226,Recommendation
8306,5506,1525,20240815,Watch Party
8307,689,1576,20230417,Review
8308,2762,4003,20231201,Profile
8309,710,5957,20250416,Recommendation
8310,1151,4049,20241006,Watch Party
8311,2081,2323,20240922,Review
8312,3235,4682,20240611,Profile
8313,1525,4137,20240228,Recommendation
8314,714,3503,20230314,Watch Party
8315,2025,2190,20240605,Review
8316,4854,3035,20251110,Profile
8317,3837,1209,20241220,Recommendation
8318,1621,2346,20240121,Watch Party
8319,1731,2595,20230727,Review
8320,1462,5311,20240220,Profile
8321,3206,363,20250725,Recommendation
8322,4643,4543,20250131,Watch Party
8323,1650,4410,20231220,Review
8324,1015,4218,20240625,Profile
8325,1230,212,20240926,Recommendation
8326,624,4789,20251031,Watch Party
8327,5752,2920,20240425,Review
8328,1781,5681,20240531,Profile
8329,1666,5583,20240202,Recommendation
8330,4162,5785,20240610,Watch Party
8331,5661,5708,20230509,Review
8332,5550,1422,20230613,Profile
8333,2496,2413,20241003,Recommendation
8334,1283,5468,20240501,Watch Party
8335,5999,5049,20230411,Review
8336,1894,5501,20240220,Profile
8337,5064,656,20230731,Recommendation
8338,182,503,20240622,Watch Party
8339,1150,1179,20231013,Review
8340,1134,2579,20240215,Profile
8341,2366,777,20250731,Recommendation
8342,4926,1038,20250412,Watch Party
8343,5310,1554,20251031,Review
8344,4947,3433,20250517,Profile
8345,1435,2967,20230517,Recommendation
8346,1433,5330,20250306,Watch Party
8347,1488,1052,20230424,Review
8348,4672,1956,20241125,Profile
8349,2596,2668,20230207,Recommendation
8350,4569,3857,20230102,Watch Party
8351,4641,3721,20251004,Review
8352,4369,3406,20251206,Profile
8353,5543,962,20230923,Recommendation
8354,3706,5441,20250520,Watch Party
8355,804,2676,20251229,Review
8356,2168,5658,20231127,Profile
8357,428,5613,20230627,Recommendation
8358,1824,2668,20231215,Watch Party
8359,2158,1005,20250714,Review
8360,1302,5756,20251013,Profile
8361,3881,3800,20251007,Recommendation
8362,5314,5359,20240617,Watch Party
8363,2299,1551,20250527,Review
8364,4861,1977,20230530,Profile
8365,1224,5345,20250906,Recommendation
8366,1250,1392,20250923,Watch Party
8367,4521,3695,20230907,Review
8368,3535,4993,20241027,Profile
8369,1862,3597,20251118,Recommendation
8370,1419,5637,20250809,Watch Party
8371,5743,4058,20250604,Review
8372,3861,3086,20251218,Profile
8373,1298,4916,20230922,Recommendation
8374,5999,3263,20230630,Watch Party
8375,5984,4147,20240312,Review
8376,4348,1116,20240324,Profile
8377,3863,4578,20250101,Recommendation
8378,1885,3714,20230810,Watch Party
8379,4978,5704,20251216,Review
8380,2100,581,20240708,Profile
8381,5746,3614,20240223,Recommendation
8382,3204,3966,20230626,Watch Party
8383,5304,1398,20230115,Review
8384,4850,1956,20240702,Profile
8385,664,1797,20240826,Recommendation
8386,2034,1806,20230403,Watch Party
8387,2524,816,20250915,Review
8388,928,2839,20250418,Profile
8389,5126,2030,20240607,Recommendation
8390,2588,5387,20250520,Watch Party
8391,1795,3207,20240305,Review
8392,3532,109,20230114,Profile
8393,3749,4752,20240823,Recommendation
8394,51,3180,20250523,Watch Party
8395,4371,2580,20251011,Review
8396,3291,4490,20240203,Profile
8397,3415,1952,20250912,Recommendation
8398,5767,5662,20240703,Watch Party
8399,4129,5725,20250223,Review
8400,707,4849,20230519,Profile
8401,2545,2807,20241210,Recommendation
8402,5697,3514,20241216,Watch Party
8403,224,5867,20240508,Review
8404,1479,3571,20240624,Profile
8405,707,4062,20230802,Recommendation
8406,5227,5408,20250422,Watch Party
8407,4859,930,20251216,Review
8408,5533,806,20230710,Profile
8409,5419,5448,20251107,Recommendation
8410,143,3877,20251231,Watch Party
8411,3961,3619,20250201,Review
8412,5617,667,20231022,Profile
8413,1458,4095,20230908,Recommendation
8414,786,1098,20230731,Watch Party
8415,2175,2469,20231011,Review
8416,1632,776,20250818,Profile
8417,5923,2230,20240710,Recommendation
8418,1215,4367,20241223,Watch Party
8419,3590,4458,20240821,Review
8420,1187,2353,20250830,Profile
8421,4328,3489,20230220,Recommendation
8422,3716,4045,20240221,Watch Party
8423,2852,3024,20241115,Review
8424,5273,5727,20240716,Profile
8425,1857,3211,20240806,Recommendation
8426,1570,3833,20230218,Watch Party
8427,2087,3489,20250312,Review
8428,5793,2688,20230130,Profile
8429,1077,3032,20250713,Recommendation
8430,5958,5080,20250728,Watch Party
8431,1847,2933,20250507,Review
8432,1053,2493,20240210,Profile
8433,702,3190,20250129,Recommendation
8434,657,1411,20241007,Watch Party
8435,873,2415,20240131,Review
8436,1227,4165,20230110,Profile
8437,5634,4076,20230731,Recommendation
8438,740,5822,20251203,Watch Party
8439,4926,5768,20230626,Review
8440,2627,3796,20250715,Profile
8441,1330,1531,20250217,Recommendation
8442,3319,529,20250711,Watch Party
8443,4278,1143,20250605,Review
8444,3140,910,20250415,Profile
8445,5175,2177,20240915,Recommendation
8446,3862,1257,20230207,Watch Party
8447,2949,5164,20240903,Review
8448,82,974,20230909,Profile
8449,3313,5857,20230124,Recommendation
8450,1890,4483,20251021,Watch Party
8451,2089,3014,20250628,Review
8452,4185,5876,20230319,Profile
8453,3917,2946,20230115,Recommendation
8454,1191,741,20250514,Watch Party
8455,3738,3783,20230425,Review
8456,371,138,20250208,Profile
8457,5827,5466,20250930,Recommendation
8458,4150,5206,20240223,Watch Party
8459,2248,5948,20250702,Review
8460,5121,1489,20251130,Profile
8461,2542,3584,20250309,Recommendation
8462,1349,1724,20250426,Watch Party
8463,1270,3476,20240308,Review
8464,3450,5056,20230607,Profile
8465,2521,1386,20240819,Recommendation
8466,1711,2562,20240127,Watch Party
8467,5236,2510,20250507,Review
8468,2406,4170,20251112,Profile
8469,1000,2746,20230416,Recommendation
8470,3410,5658,20240404,Watch Party
8471,673,4587,20231117,Review
8472,1969,5666,20240116,Profile
8473,2573,4370,20250924,Recommendation
8474,1861,971,20230825,Watch Party
8475,5645,116,20241216,Review
8476,4870,1259,20230809,Profile
8477,1326,1744,20250801,Recommendation
8478,483,5085,20240504,Watch Party
8479,2086,1376,20241118,Review
8480,3991,2427,20251106,Profile
8481,1966,4590,20230604,Recommendation
8482,1395,1605,20231003,Watch Party
8483,5241,4368,20231030,Review
8484,4193,893,20250902,Profile
8485,1943,443,20230214,Recommendation
8486,2392,2028,20231202,Watch Party
8487,1462,3946,20250916,Review
8488,5283,838,20250218,Profile
8489,1951,1527,20230911,Recommendation
8490,1234,2107,20250522,Watch Party
8491,2411,2666,20240910,Review
8492,3413,871,20240103,Profile
8493,2592,5534,20250726,Recommendation
8494,1324,3652,20240602,Watch Party
8495,2401,296,20250222,Review
8496,5507,2152,20230908,Profile
8497,702,4641,20250817,Recommendation
8498,5597,4119,20240805,Watch Party
8499,730,2694,20240616,Review
8500,5046,561,20250225,Profile
8501,9,1466,20240913,Recommendation
8502,650,4964,20240510,Watch Party
8503,3325,4719,20250921,Review
8504,5205,1961,20230829,Profile
8505,5359,1238,20240310,Recommendation
8506,2865,5361,20230401,Watch Party
8507,2229,2637,20250908,Review
8508,5932,576,20231210,Profile
8509,3722,698,20230613,Recommendation
8510,1428,1763,20250701,Watch Party
8511,3974,1235,20250410,Review
8512,660,2635,20250329,Profile
8513,1823,5753,20250323,Recommendation
8514,3705,3524,20250617,Watch Party
8515,4113,3079,20230527,Review
8516,3918,3421,20230808,Profile
8517,1654,5549,20231023,Recommendation
8518,2781,2098,20251221,Watch Party
8519,4944,3963,20230925,Review
8520,119,3730,20230617,Profile
8521,313,5432,20250211,Recommendation
8522,4476,436,20241014,Watch Party
8523,4667,5752,20250915,Review
8524,4885,4795,20240329,Profile
8525,2267,5627,20240623,Recommendation
8526,2082,303,20250126,Watch Party
8527,3827,3315,20230414,Review
8528,2759,4041,20231016,Profile
8529,83,917,20240815,Recommendation
8530,222,5069,20240713,Watch Party
8531,4434,2636,20250119,Review
8532,3193,2279,20230515,Profile
8533,3748,5454,20251105,Recommendation
8534,3478,459,20251113,Watch Party
8535,2866,1563,20251220,Review
8536,1695,5453,20251203,Profile
8537,447,811,20241114,Recommendation
8538,324,2093,20240404,Watch Party
8539,1548,4422,20250408,Review
8540,2558,793,20241022,Profile
8541,3227,3419,20251108,Recommendation
8542,5519,5077,20240426,Watch Party
8543,3878,173,20231030,Review
8544,4348,5410,20251127,Profile
8545,1059,568,20240304,Recommendation
8546,4676,2147,20240529,Watch Party
8547,3665,555,20230130,Review
8548,4696,236,20241219,Profile
8549,1447,5364,20240125,Recommendation
8550,730,5785,20240226,Watch Party
8551,3300,1574,20250120,Review
8552,4577,4968,20240825,Profile
8553,2232,820,20230824,Recommendation
8554,48,2172,20230501,Watch Party
8555,5729,4593,20250114,Review
8556,2916,3555,20241009,Profile
8557,3403,2368,20241106,Recommendation
8558,1294,381,20240819,Watch Party
8559,3111,3346,20250910,Review
8560,1464,2018,20230917,Profile
8561,1000,1357,20230917,Recommendation
8562,2758,5651,20240517,Watch Party
8563,3738,5650,20241205,Review
8564,109,4861,20250603,Profile
8565,2806,3835,20240811,Recommendation
8566,4830,4945,20250912,Watch Party
8567,1875,1921,20240226,Review
8568,4569,4073,20231118,Profile
8569,1024,5786,20240518,Recommendation
8570,1221,3245,20251013,Watch Party
8571,5809,3354,20251109,Review
8572,91,4393,20241102,Profile
8573,3592,2083,20230925,Recommendation
8574,4430,1650,20240225,Watch Party
8575,4620,985,20240706,Review
8576,1045,5120,20250512,Profile
8577,942,5963,20241213,Recommendation
8578,5569,3041,20240727,Watch Party
8579,4182,3082,20230402,Review
8580,5757,3261,20230219,Profile
8581,2204,2518,20250504,Recommendation
8582,2586,3526,20250801,Watch Party
8583,4533,5863,20250830,Review
8584,4081,2571,20240613,Profile
8585,4299,2219,20230611,Recommendation
8586,3749,2249,20250805,Watch Party
8587,5904,969,20250612,Review
8588,483,2817,20250602,Profile
8589,5398,3698,20251116,Recommendation
8590,4255,2864,20231220,Watch Party
8591,1999,205,20230913,Review
8592,5480,4157,20230317,Profile
8593,3980,281,20241027,Recommendation
8594,4624,1204,20251206,Watch Party
8595,3268,1506,20240108,Review
8596,5013,4322,20230225,Profile
8597,5788,3366,20251013,Recommendation
8598,5945,3802,20230419,Watch Party
8599,5690,2844,20240624,Review
8600,245,4540,20251028,Profile
8601,4140,2354,20251008,Recommendation
8602,147,3071,20240102,Watch Party
8603,3733,3504,20250630,Review
8604,444,5740,20230427,Profile
8605,1452,5244,20230521,Recommendation
8606,2648,2227,20240620,Watch Party
8607,147,2722,20230703,Review
8608,947,1272,20230318,Profile
8609,4657,4146,20251124,Recommendation
8610,2962,3256,20250914,Watch Party
8611,470,2306,20250818,Review
8612,1780,646,20250315,Profile
8613,529,3509,20240130,Recommendation
8614,1314,5610,20250523,Watch Party
8615,3633,1208,20241029,Review
8616,3962,1264,20250926,Profile
8617,1200,5358,20240115,Recommendation
8618,4449,1671,20231224,Watch Party
8619,482,3806,20250327,Review
8620,5895,4745,20240222,Profile
8621,2252,2920,20250617,Recommendation
8622,1142,4449,20250803,Watch Party
8623,5354,3328,20250423,Review
8624,4277,334,20230603,Profile
8625,1314,2360,20251030,Recommendation
8626,2480,8,20240626,Watch Party
8627,1149,3186,20240318,Review
8628,4111,819,20251217,Profile
8629,2990,1647,20250222,Recommendation
8630,2266,3221,20240902,Watch Party
8631,2192,5646,20240711,Review
8632,5957,580,20231017,Profile
8633,2477,1307,20230109,Recommendation
8634,5034,3767,20240822,Watch Party
8635,2105,4781,20240815,Review
8636,2140,3998,20240314,Profile
8637,4270,4403,20250113,Recommendation
8638,2514,940,20240618,Watch Party
8639,5676,5768,20250317,Review
8640,1425,2170,20230722,Profile
8641,1081,5649,20230424,Recommendation
8642,5723,34,20231219,Watch Party
8643,2724,3187,20250110,Review
8644,1650,3617,20250513,Profile
8645,1012,2358,20231120,Recommendation
8646,5714,3711,20250119,Watch Party
8647,4627,2011,20240126,Review
8648,5822,2057,20240705,Profile
8649,5820,1502,20250927,Recommendation
8650,996,2246,20230123,Watch Party
8651,2326,4044,20230614,Review
8652,1161,5862,20240318,Profile
8653,1201,1206,20251203,Recommendation
8654,212,3907,20251027,Watch Party
8655,387,83,20250322,Review
8656,3811,3296,20241112,Profile
8657,4831,5490,20240701,Recommendation
8658,1212,3774,20230402,Watch Party
8659,1422,1832,20240607,Review
8660,5532,2088,20251114,Profile
8661,841,1648,20230707,Recommendation
8662,5024,5954,20230610,Watch Party
8663,3083,4867,20251105,Review
8664,4140,3655,20251115,Profile
8665,1364,2714,20241225,Recommendation
8666,3078,4395,20250220,Watch Party
8667,1262,3522,20230321,Review
8668,2814,2820,20250510,Profile
8669,1175,4261,20241215,Recommendation
8670,2868,4160,20250910,Watch Party
8671,5516,2968,20240320,Review
8672,1557,3225,20251030,Profile
8673,913,1440,20240414,Recommendation
8674,1078,1757,20230623,Watch Party
8675,3711,3844,20230312,Review
8676,1231,133,20250927,Profile
8677,1459,2815,20240513,Recommendation
8678,2768,1132,20230726,Watch Party
8679,5372,148,20241015,Review
8680,5627,512,20230907,Profile
8681,5541,4839,20250306,Recommendation
8682,1319,3522,20240830,Watch Party
8683,3684,1310,20250909,Review
8684,2133,4075,20240501,Profile
8685,441,4611,20240711,Recommendation
8686,1365,3573,20230912,Watch Party
8687,4890,513,20240701,Review
8688,4181,5205,20250125,Profile
8689,5192,2170,20230506,Recommendation
8690,4165,1226,20231220,Watch Party
8691,1554,3508,20251027,Review
8692,2931,4077,20241219,Profile
8693,3593,2972,20241113,Recommendation
8694,4657,4050,20230717,Watch Party
8695,51,3102,20230818,Review
8696,2792,4281,20251204,Profile
8697,353,5395,20241105,Recommendation
8698,5802,3869,20240906,Watch Party
8699,4001,1181,20241217,Review
8700,3337,2125,20251027,Profile
8701,3660,3698,20230311,Recommendation
8702,4967,5537,20250224,Watch Party
8703,817,3109,20250305,Review
8704,1970,4465,20230409,Profile
8705,4828,3142,20250409,Recommendation
8706,3237,281,20240206,Watch Party
8707,52,5196,20240402,Review
8708,4873,3805,20230803,Profile
8709,5143,2762,20240307,Recommendation
8710,2523,1380,20250901,Watch Party
8711,3996,800,20251128,Review
8712,903,2081,20231008,Profile
8713,3145,4179,20240221,Recommendation
8714,5034,434,20250115,Watch Party
8715,1804,2045,20250823,Review
8716,5071,4951,20240924,Profile
8717,2439,2325,20240828,Recommendation
8718,5549,5537,20230316,Watch Party
8719,4557,3739,20240116,Review
8720,4040,1264,20241030,Profile
8721,534,379,20241230,Recommendation
8722,2097,4001,20230729,Watch Party
8723,2596,3408,20230818,Review
8724,902,2221,20251013,Profile
8725,4949,38,20240323,Recommendation
8726,1181,1633,20240215,Watch Party
8727,5080,3240,20250919,Review
8728,3075,4802,20240430,Profile
8729,4199,3252,20230713,Recommendation
8730,1976,1361,20230916,Watch Party
8731,2388,4541,20250628,Review
8732,2463,4075,20250822,Profile
8733,2643,2557,20240406,Recommendation
8734,1947,5536,20230821,Watch Party
8735,497,5563,20250808,Review
8736,1045,1459,20230911,Profile
8737,5477,1160,20230206,Recommendation
8738,4720,5428,20240713,Watch Party
8739,524,3505,20231005,Review
8740,4995,4012,20230228,Profile
8741,440,10,20240126,Recommendation
8742,1599,3186,20250502,Watch Party
8743,5385,1351,20240605,Review
8744,4686,4801,20230714,Profile
8745,1487,5877,20230610,Recommendation
8746,5145,4153,20250401,Watch Party
8747,1835,2818,20230728,Review
8748,1944,1339,20230828,Profile
8749,1333,1673,20240219,Recommendation
8750,5819,2847,20250827,Watch Party
8751,4669,4510,20230211,Review
8752,3811,234,20251227,Profile
8753,195,2493,20240427,Recommendation
8754,5337,4351,20240224,Watch Party
8755,1730,2100,20250315,Review
8756,3571,2546,20251013,Profile
8757,3333,4555,20241020,Recommendation
8758,1270,5741,20240816,Watch Party
8759,360,2156,20250121,Review
8760,344,4734,20231226,Profile
8761,1502,1327,20231231,Recommendation
8762,5502,4662,20251022,Watch Party
8763,3434,1726,20240130,Review
8764,1678,3516,20240804,Profile
8765,3493,817,20251126,Recommendation
8766,2091,4646,20240708,Watch Party
8767,3113,2741,20251009,Review
8768,280,702,20250310,Profile
8769,1083,5994,20230518,Recommendation
8770,4608,1221,20250927,Watch Party
8771,3393,4043,20251019,Review
8772,5167,2356,20240503,Profile
8773,893,4259,20240402,Recommendation
8774,4699,757,20230608,Watch Party
8775,5439,4194,20250113,Review
8776,5000,946,20250804,Profile
8777,1982,2556,20231006,Recommendation
8778,1973,5398,20250527,Watch Party
8779,1450,3203,20240908,Review
8780,5733,2929,20251022,Profile
8781,1098,3267,20250411,Recommendation
8782,5968,5247,20240416,Watch Party
8783,95,1242,20230119,Review
8784,924,1626,20240407,Profile
8785,226,2580,20240726,Recommendation
8786,295,5317,20250505,Watch Party
8787,95,3379,20251223,Review
8788,4883,3234,20240804,Profile
8789,1378,5167,20240523,Recommendation
8790,325,1864,20240121,Watch Party
8791,2132,1390,20230217,Review
8792,47,3359,20250610,Profile
8793,684,3465,20230427,Recommendation
8794,3975,3279,20241030,Watch Party
8795,3712,1873,20240423,Review
8796,4470,3857,20251016,Profile
8797,3679,5665,20230813,Recommendation
8798,3884,51,20250819,Watch Party
8799,3905,5189,20250316,Review
8800,2583,3688,20240510,Profile
8801,1430,156,20251101,Recommendation
8802,856,4089,20231030,Watch Party
8803,4164,276,20240628,Review
8804,71,419,20230222,Profile
8805,3672,1538,20230930,Recommendation
8806,5668,4395,20250101,Watch Party
8807,1706,1538,20230218,Review
8808,2224,5805,20230203,Profile
8809,3597,3899,20251108,Recommendation
8810,3072,1755,20231029,Watch Party
8811,633,2527,20240201,Review
8812,2001,1204,20251031,Profile
8813,93,4071,20231111,Recommendation
8814,5415,3324,20251019,Watch Party
8815,73,5786,20240305,Review
8816,4470,1978,20241018,Profile
8817,3703,4317,20251226,Recommendation
8818,3569,3766,20230215,Watch Party
8819,5094,2247,20250410,Review
8820,5407,1604,20240801,Profile
8821,2136,3941,20251123,Recommendation
8822,3792,2383,20250904,Watch Party
8823,817,4709,20251022,Review
8824,2748,5146,20231119,Profile
8825,3798,5187,20240113,Recommendation
8826,1720,2669,20231228,Watch Party
8827,1491,494,20241011,Review
8828,3954,1456,20230817,Profile
8829,4175,27,20250925,Recommendation
8830,5043,1071,20250928,Watch Party
8831,1364,1393,20241118,Review
8832,299,4814,20250512,Profile
8833,2205,4489,20240525,Recommendation
8834,1330,5286,20241006,Watch Party
8835,880,4367,20241030,Review
8836,3798,1566,20251124,Profile
8837,1454,3707,20240304,Recommendation
8838,3979,1700,20230627,Watch Party
8839,5110,5397,20250404,Review
8840,2454,1224,20251015,Profile
8841,776,3170,20240719,Recommendation
8842,5541,4196,20250410,Watch Party
8843,5298,3834,20250610,Review
8844,2062,4869,20240221,Profile
8845,1354,4848,20250212,Recommendation
8846,3171,2657,20240401,Watch Party
8847,3892,5191,20240321,Review
8848,2134,3329,20250708,Profile
8849,1193,4780,20240607,Recommendation
8850,3058,1294,20250915,Watch Party
8851,3646,4081,20250116,Review
8852,3097,2729,20250821,Profile
8853,4904,1465,20231224,Recommendation
8854,1738,1827,20230420,Watch Party
8855,2747,2871,20230825,Review
8856,4199,1910,20240108,Profile
8857,4527,1190,20230718,Recommendation
8858,4036,1568,20240306,Watch Party
8859,2400,545,20230627,Review
8860,968,344,20230414,Profile
8861,5672,5954,20230311,Recommendation
8862,5102,2371,20230524,Watch Party
8863,3865,979,20240210,Review
8864,4312,2989,20250807,Profile
8865,1808,2907,20230201,Recommendation
8866,2231,1293,20240427,Watch Party
8867,892,717,20250416,Review
8868,3138,433,20231104,Profile
8869,268,3841,20240126,Recommendation
8870,549,3121,20241020,Watch Party
8871,3730,427,20250604,Review
8872,1433,4652,20231103,Profile
8873,4072,796,20240516,Recommendation
8874,2717,827,20230828,Watch Party
8875,4042,2641,20240430,Review
8876,1593,3673,20231017,Profile
8877,3714,3295,20250313,Recommendation
8878,2467,3139,20240611,Watch Party
8879,1661,3468,20251001,Review
8880,5847,678,20250702,Profile
8881,5578,3091,20240110,Recommendation
8882,4319,965,20250512,Watch Party
8883,1720,3840,20231014,Review
8884,937,1436,20251113,Profile
8885,602,5186,20251201,Recommendation
8886,2408,3551,20230614,Watch Party
8887,4641,3860,20250806,Review
8888,1716,1103,20230925,Profile
8889,2691,2202,20251216,Recommendation
8890,2926,1866,20251215,Watch Party
8891,1452,2675,20230309,Review
8892,4689,484,20251229,Profile
8893,2755,2686,20250118,Recommendation
8894,394,1285,20240219,Watch Party
8895,1310,3381,20230901,Review
8896,37,1875,20230219,Profile
8897,4498,4449,20250111,Recommendation
8898,2472,5438,20241110,Watch Party
8899,1518,5755,20250226,Review
8900,5035,5789,20230831,Profile
8901,983,4123,20250703,Recommendation
8902,487,1937,20231021,Watch Party
8903,285,5983,20240329,Review
8904,5570,186,20230126,Profile
8905,3404,1552,20230202,Recommendation
8906,1913,5544,20231226,Watch Party
8907,3561,219,20241227,Review
8908,3650,2105,20250730,Profile
8909,1129,1502,20230725,Recommendation
8910,57,5480,20231218,Watch Party
8911,1562,4713,20241017,Review
8912,389,5093,20240515,Profile
8913,4321,1740,20240318,Recommendation
8914,669,4192,20241006,Watch Party
8915,2559,2942,20250316,Review
8916,1378,2747,20241220,Profile
8917,949,1146,20230916,Recommendation
8918,2730,5782,20230724,Watch Party
8919,2775,4600,20250402,Review
8920,4121,5367,20240914,Profile
8921,2192,2665,20230602,Recommendation
8922,340,4835,20250613,Watch Party
8923,2926,2963,20250519,Review
8924,1329,1912,20241021,Profile
8925,5558,2274,20240409,Recommendation
8926,578,318,20251021,Watch Party
8927,560,1904,20250610,Review
8928,3428,852,20250612,Profile
8929,220,3898,20240105,Recommendation
8930,3426,142,20251006,Watch Party
8931,3791,2914,20240530,Review
8932,1311,3809,20240328,Profile
8933,4230,5356,20230917,Recommendation
8934,3360,1070,20230115,Watch Party
8935,3052,3279,20250106,Review
8936,3234,4177,20230417,Profile
8937,5147,2118,20231216,Recommendation
8938,1997,5435,20231222,Watch Party
8939,415,4413,20240521,Review
8940,1951,3546,20231219,Profile
8941,2884,3676,20240708,Recommendation
8942,138,3065,20231021,Watch Party
8943,1912,903,20240322,Review
8944,3420,5225,20231021,Profile
8945,2515,4810,20231204,Recommendation
8946,1722,5809,20251219,Watch Party
8947,3874,2412,20251117,Review
8948,136,1263,20230505,Profile
8949,2687,3942,20250128,Recommendation
8950,4679,2260,20230507,Watch Party
8951,4703,951,20240510,Review
8952,3039,4287,20230402,Profile
8953,332,1654,20240529,Recommendation
8954,1962,5762,20230117,Watch Party
8955,5525,1832,20241217,Review
8956,1888,5248,20240709,Profile
8957,370,1233,20240822,Recommendation
8958,58,4335,20231111,Watch Party
8959,2140,5195,20251007,Review
8960,4878,4637,20230417,Profile
8961,4682,356,20240615,Recommendation
8962,2099,1465,20230604,Watch Party
8963,1281,3882,20230724,Review
8964,3669,2553,20250410,Profile
8965,566,1965,20250601,Recommendation
8966,5821,5700,20251109,Watch Party
8967,2320,5157,20240807,Review
8968,4051,359,20251018,Profile
8969,5642,484,20250725,Recommendation
8970,2255,5480,20230608,Watch Party
8971,4556,471,20240527,Review
8972,2121,2187,20240715,Profile
8973,1809,5957,20231215,Recommendation
8974,1126,2135,20231011,Watch Party
8975,2125,924,20250508,Review
8976,1743,5701,20240322,Profile
8977,5197,2064,20230725,Recommendation
8978,138,2823,20251113,Watch Party
8979,36,154,20251127,Review
8980,237,1565,20250122,Profile
8981,1033,410,20230516,Recommendation
8982,3722,1508,20230120,Watch Party
8983,3751,4432,20250915,Review
8984,3360,5489,20230804,Profile
8985,598,2861,20250710,Recommendation
8986,231,3623,20240317,Watch Party
8987,1073,373,20240207,Review
8988,1999,656,20240402,Profile
8989,4297,5508,20230603,Recommendation
8990,5157,4363,20250702,Watch Party
8991,5057,59,20250321,Review
8992,2703,1749,20250212,Profile
8993,148,4781,20240117,Recommendation
8994,1256,1329,20250706,Watch Party
8995,85,5090,20240922,Review
8996,4613,3110,20231013,Profile
8997,483,4397,20250915,Recommendation
8998,2139,2890,20251124,Watch Party
8999,1031,3831,20230626,Review
9000,4116,5728,20240804,Profile
9001,5858,2143,20231024,Recommendation
9002,2810,2691,20250130,Watch Party
9003,1151,4758,20230602,Review
9004,3850,3811,20240104,Profile
9005,3203,5947,20240105,Recommendation
9006,1311,1237,20240113,Watch Party
9007,3325,2898,20230418,Review
9008,3765,4189,20251007,Profile
9009,5259,4478,20250125,Recommendation
9010,4641,2622,20230224,Watch Party
9011,564,3024,20251026,Review
9012,2745,3751,20240724,Profile
9013,1850,1285,20240302,Recommendation
9014,2020,3229,20241225,Watch Party
9015,2589,5122,20251118,Review
9016,1428,3991,20231006,Profile
9017,1952,3038,20240404,Recommendation
9018,2797,1953,20250202,Watch Party
9019,5709,2746,20250502,Review
9020,1281,1571,20250823,Profile
9021,2132,4732,20230227,Recommendation
9022,666,2326,20240317,Watch Party
9023,3702,2807,20230828,Review
9024,258,4174,20230307,Profile
9025,5421,3296,20250323,Recommendation
9026,2768,4007,20250412,Watch Party
9027,1497,840,20231111,Review
9028,4857,3455,20250531,Profile
9029,3756,2098,20230218,Recommendation
9030,4615,306,20240504,Watch Party
9031,5887,494,20240708,Review
9032,4607,549,20240729,Profile
9033,2079,3945,20250529,Recommendation
9034,14,3247,20251209,Watch Party
9035,2881,33,20231001,Review
9036,3170,4407,20231130,Profile
9037,4045,4335,20251130,Recommendation
9038,2669,3884,20250521,Watch Party
9039,1826,4680,20240608,Review
9040,2357,5322,20230416,Profile
9041,2016,318,20230328,Recommendation
9042,5784,966,20240606,Watch Party
9043,2495,5425,20230112,Review
9044,5394,5805,20250805,Profile
9045,4084,3953,20240813,Recommendation
9046,1158,2240,20230109,Watch Party
9047,5384,629,20230203,Review
9048,3409,555,20240810,Profile
9049,1789,790,20230809,Recommendation
9050,654,3799,20250702,Watch Party
9051,2063,3897,20251213,Review
9052,4420,3887,20241216,Profile
9053,4977,489,20230428,Recommendation
9054,3269,1349,20250317,Watch Party
9055,3389,355,20240922,Review
9056,3498,1492,20230516,Profile
9057,1859,4936,20250318,Recommendation
9058,4961,2343,20230306,Watch Party
9059,3815,375,20240910,Review
9060,3531,4254,20230713,Profile
9061,595,4904,20230207,Recommendation
9062,2288,800,20241020,Watch Party
9063,3818,3669,20240513,Review
9064,2928,2377,20250712,Profile
9065,4487,4120,20240609,Recommendation
9066,3541,4195,20230928,Watch Party
9067,4333,2117,20240125,Review
9068,4986,1555,20230615,Profile
9069,467,4923,20240924,Recommendation
9070,4782,3502,20250920,Watch Party
9071,2881,3971,20250622,Review
9072,2352,5709,20250303,Profile
9073,3027,1161,20230411,Recommendation
9074,371,2445,20230522,Watch Party
9075,4447,3883,20240601,Review
9076,295,1385,20230209,Profile
9077,1104,4935,20251122,Recommendation
9078,5612,3062,20240209,Watch Party
9079,2121,5967,20230731,Review
9080,4100,2890,20230226,Profile
9081,2717,2799,20230204,Recommendation
9082,1755,5620,20251026,Watch Party
9083,477,5212,20230222,Review
9084,4054,1458,20250104,Profile
9085,323,5178,20240104,Recommendation
9086,2899,5959,20240430,Watch Party
9087,3400,5763,20230711,Review
9088,3873,2156,20251115,Profile
9089,2837,5578,20240830,Recommendation
9090,1309,611,20240423,Watch Party
9091,5298,712,20240731,Review
9092,5383,73,20230717,Profile
9093,341,2823,20230903,Recommendation
9094,2455,4473,20250818,Watch Party
9095,2299,401,20250112,Review
9096,3166,4949,20250527,Profile
9097,3564,3599,20230606,Recommendation
9098,927,1031,20240411,Watch Party
9099,5831,1691,20251104,Review
9100,5611,2047,20230418,Profile
9101,1011,1788,20251003,Recommendation
9102,3709,5141,20230207,Watch Party
9103,1029,4529,20240522,Review
9104,4515,2297,20250728,Profile
9105,2799,2554,20250425,Recommendation
9106,4497,2935,20230605,Watch Party
9107,379,226,20230605,Review
9108,1332,704,20251231,Profile
9109,4946,1176,20230604,Recommendation
9110,2230,2260,20241109,Watch Party
9111,3487,973,20250823,Review
9112,302,5523,20230521,Profile
9113,1800,3375,20241002,Recommendation
9114,1641,1373,20240508,Watch Party
9115,2567,3991,20230618,Review
9116,599,3125,20250509,Profile
9117,4154,2464,20230131,Recommendation
9118,3263,5680,20250319,Watch Party
9119,5902,4762,20250506,Review
9120,4331,2963,20240710,Profile
9121,5073,1869,20240119,Recommendation
9122,1819,4321,20250424,Watch Party
9123,2337,4596,20231110,Review
9124,686,4091,20241114,Profile
9125,4528,5236,20250401,Recommendation
9126,885,3655,20230915,Watch Party
9127,2811,3354,20240110,Review
9128,3701,698,20230518,Profile
9129,157,5337,20240601,Recommendation
9130,4456,335,20231116,Watch Party
9131,1555,1494,20240726,Review
9132,2880,5693,20230701,Profile
9133,170,5918,20250621,Recommendation
9134,4395,3324,20230430,Watch Party
9135,553,1443,20250319,Review
9136,5310,3017,20230525,Profile
9137,835,2072,20240919,Recommendation
9138,2730,4820,20250731,Watch Party
9139,1892,2291,20241018,Review
9140,4310,2426,20250927,Profile
9141,3006,4672,20240330,Recommendation
9142,1605,2047,20230204,Watch Party
9143,4310,5035,20250706,Review
9144,127,1233,20231005,Profile
9145,978,2678,20241231,Recommendation
9146,263,1192,20250819,Watch Party
9147,4627,3063,20230509,Review
9148,773,5677,20250201,Profile
9149,3628,5875,20250701,Recommendation
9150,4727,5032,20230815,Watch Party
9151,4635,1579,20240913,Review
9152,5817,5523,20231128,Profile
9153,4966,3470,20230210,Recommendation
9154,4768,3945,20250114,Watch Party
9155,5803,402,20241025,Review
9156,3198,4118,20240607,Profile
9157,2932,4572,20230322,Recommendation
9158,5631,4139,20240211,Watch Party
9159,4147,1592,20240411,Review
9160,818,2075,20251119,Profile
9161,1706,431,20251126,Recommendation
9162,914,5206,20240412,Watch Party
9163,2348,3260,20251211,Review
9164,462,2290,20250722,Profile
9165,4494,5490,20250415,Recommendation
9166,1177,254,20250621,Watch Party
9167,3742,3612,20240820,Review
9168,3668,636,20240205,Profile
9169,4492,217,20230627,Recommendation
9170,2959,5650,20251105,Watch Party
9171,3848,1439,20241010,Review
9172,5459,5476,20240214,Profile
9173,3144,2360,20231122,Recommendation
9174,5103,3225,20230619,Watch Party
9175,4538,4486,20230310,Review
9176,5694,161,20230701,Profile
9177,4706,1072,20230924,Recommendation
9178,1596,5916,20230727,Watch Party
9179,1746,2375,20250801,Review
9180,2507,4710,20250126,Profile
9181,4200,728,20240310,Recommendation
9182,1945,2698,20250225,Watch Party
9183,162,5975,20240719,Review
9184,4292,5874,20250304,Profile
9185,896,3142,20250826,Recommendation
9186,770,2990,20241227,Watch Party
9187,2514,5020,20241115,Review
9188,3952,5399,20250228,Profile
9189,55,2770,20231013,Recommendation
9190,406,5901,20231005,Watch Party
9191,2749,2573,20250615,Review
9192,1676,5220,20250628,Profile
9193,2518,3302,20250221,Recommendation
9194,1279,997,20250327,Watch Party
9195,2724,3221,20230531,Review
9196,180,825,20250327,Profile
9197,2440,654,20240703,Recommendation
9198,5218,1640,20250314,Watch Party
9199,5836,981,20241201,Review
9200,371,914,20240517,Profile
9201,5319,3476,20250709,Recommendation
9202,1918,2732,20230404,Watch Party
9203,5228,4499,20240923,Review
9204,3384,3615,20241023,Profile
9205,5750,1665,20250908,Recommendation
9206,4967,953,20240314,Watch Party
9207,2688,4857,20240908,Review
9208,1606,1990,20230714,Profile
9209,596,5470,20241016,Recommendation
9210,4685,1516,20250718,Watch Party
9211,1507,5362,20230318,Review
9212,1034,5255,20230103,Profile
9213,1018,1139,20230930,Recommendation
9214,4623,1624,20250401,Watch Party
9215,1428,5757,20251016,Review
9216,5611,3046,20240803,Profile
9217,3249,3528,20230117,Recommendation
9218,4095,5128,20251018,Watch Party
9219,3645,4826,20230406,Review
9220,5183,5491,20240113,Profile
9221,673,5793,20240831,Recommendation
9222,431,4008,20241205,Watch Party
9223,3078,368,20250308,Review
9224,2862,2030,20240923,Profile
9225,2287,5732,20250504,Recommendation
9226,3119,3371,20231023,Watch Party
9227,3031,49,20241017,Review
9228,2557,4807,20250621,Profile
9229,5325,4589,20230531,Recommendation
9230,4018,2763,20231223,Watch Party
9231,4253,4644,20251014,Review
9232,2345,2961,20230902,Profile
9233,2775,3011,20230218,Recommendation
9234,2114,5469,20230107,Watch Party
9235,5447,5740,20240101,Review
9236,5394,1790,20230926,Profile
9237,5338,4451,20240413,Recommendation
9238,772,3209,20230314,Watch Party
9239,1999,1601,20240513,Review
9240,5413,241,20251116,Profile
9241,3269,4662,20250428,Recommendation
9242,620,4749,20250706,Watch Party
9243,170,4346,20241017,Review
9244,4152,4055,20231115,Profile
9245,12,2337,20250417,Recommendation
9246,4077,84,20251116,Watch Party
9247,4617,1791,20250830,Review
9248,1028,1027,20231029,Profile
9249,1779,2371,20230312,Recommendation
9250,4250,4437,20231112,Watch Party
9251,3542,3454,20240218,Review
9252,2362,1879,20241110,Profile
9253,4637,2453,20230828,Recommendation
9254,25,1989,20240628,Watch Party
9255,233,53,20240220,Review
9256,2691,2884,20230925,Profile
9257,3863,447,20241125,Recommendation
9258,4480,4006,20240416,Watch Party
9259,1978,2793,20231107,Review
9260,3721,1253,20240706,Profile
9261,1144,3540,20230206,Recommendation
9262,5570,3471,20250622,Watch Party
9263,4739,1265,20230605,Review
9264,2547,1795,20241114,Profile
9265,5811,3008,20251125,Recommendation
9266,4032,618,20240515,Watch Party
9267,1064,4833,20250123,Review
9268,5419,1026,20230719,Profile
9269,4214,214,20230704,Recommendation
9270,3984,3208,20230324,Watch Party
9271,5560,3971,20250625,Review
9272,5192,1672,20240803,Profile
9273,5793,1237,20231226,Recommendation
9274,2102,3682,20240625,Watch Party
9275,1873,5207,20230827,Review
9276,1350,2759,20231230,Profile
9277,3818,1137,20250823,Recommendation
9278,366,3783,20251227,Watch Party
9279,1637,5881,20230406,Review
9280,4868,5153,20230127,Profile
9281,4678,2161,20230303,Recommendation
9282,2350,5456,20230103,Watch Party
9283,2433,2235,20230922,Review
9284,5810,3047,20230817,Profile
9285,4939,2252,20230616,Recommendation
9286,5004,4171,20230129,Watch Party
9287,2177,5006,20250704,Review
9288,3778,1875,20241127,Profile
9289,769,5904,20230710,Recommendation
9290,3398,440,20231030,Watch Party
9291,1189,810,20230926,Review
9292,5936,4752,20230515,Profile
9293,2475,3290,20240406,Recommendation
9294,1726,5805,20231105,Watch Party
9295,4671,1334,20250612,Review
9296,3862,4569,20250813,Profile
9297,3821,5619,20240728,Recommendation
9298,1367,3247,20250917,Watch Party
9299,3585,3360,20231208,Review
9300,482,1431,20240626,Profile
9301,148,4892,20230531,Recommendation
9302,2170,3482,20250114,Watch Party
9303,5720,1708,20231120,Review
9304,4622,4366,20241124,Profile
9305,2780,5123,20250817,Recommendation
9306,2882,348,20251009,Watch Party
9307,929,3344,20240819,Review
9308,832,4389,20230112,Profile
9309,5815,3415,20240815,Recommendation
9310,3467,5810,20251226,Watch Party
9311,1640,1767,20241130,Review
9312,1667,925,20231208,Profile
9313,4669,1601,20241123,Recommendation
9314,5098,1699,20240829,Watch Party
9315,3611,4189,20240830,Review
9316,1306,4523,20250529,Profile
9317,4625,5984,20230222,Recommendation
9318,5377,5794,20250910,Watch Party
9319,961,2341,20250522,Review
9320,3029,1321,20250416,Profile
9321,1961,285,20231113,Recommendation
9322,5807,808,20240412,Watch Party
9323,992,3944,20230217,Review
9324,5726,4610,20251009,Profile
9325,3326,5163,20240321,Recommendation
9326,2745,3032,20241118,Watch Party
9327,226,2048,20240619,Review
9328,2987,1373,20230423,Profile
9329,1978,5621,20240121,Recommendation
9330,5794,1044,20250525,Watch Party
9331,1485,5837,20250202,Review
9332,618,3538,20250710,Profile
9333,1541,5549,20240908,Recommendation
9334,1370,2753,20240823,Watch Party
9335,3662,4551,20230108,Review
9336,4598,3171,20250109,Profile
9337,4041,297,20240310,Recommendation
9338,5426,4327,20240119,Watch Party
9339,3296,3416,20241212,Review
9340,1770,672,20230623,Profile
9341,3889,2013,20250731,Recommendation
9342,5779,1359,20250602,Watch Party
9343,1785,552,20230130,Review
9344,2040,3859,20250613,Profile
9345,547,1344,20240115,Recommendation
9346,4910,5808,20250911,Watch Party
9347,2200,3836,20250812,Review
9348,2312,5013,20250922,Profile
9349,916,3250,20251123,Recommendation
9350,4030,4322,20250113,Watch Party
9351,5392,4080,20230225,Review
9352,1810,875,20240129,Profile
9353,3162,1908,20250127,Recommendation
9354,4993,2226,20230916,Watch Party
9355,5037,5933,20230120,Review
9356,1719,487,20240128,Profile
9357,3490,3976,20230304,Recommendation
9358,3095,2212,20230127,Watch Party
9359,3554,4167,20251111,Review
9360,2228,5409,20240121,Profile
9361,3496,4419,20240628,Recommendation
9362,733,3490,20250715,Watch Party
9363,3250,2858,20230212,Review
9364,1778,1947,20250707,Profile
9365,3184,1601,20241013,Recommendation
9366,847,5719,20240105,Watch Party
9367,588,670,20230906,Review
9368,5252,1893,20251011,Profile
9369,4281,1732,20240727,Recommendation
9370,5276,2846,20250103,Watch Party
9371,2922,3628,20250309,Review
9372,2671,515,20251007,Profile
9373,3947,3069,20230409,Recommendation
9374,5896,1662,20230405,Watch Party
9375,1785,4345,20230412,Review
9376,3,3055,20250601,Profile
9377,4924,2258,20250924,Recommendation
9378,3710,1429,20231017,Watch Party
9379,4186,4023,20231006,Review
9380,3956,619,20230811,Profile
9381,4710,4020,20240410,Recommendation
9382,5328,2959,20251010,Watch Party
9383,4785,2094,20240926,Review
9384,5600,984,20251031,Profile
9385,672,5311,20230518,Recommendation
9386,2002,4656,20240227,Watch Party
9387,3462,25,20251117,Review
9388,643,1681,20250908,Profile
9389,75,3939,20240617,Recommendation
9390,1831,2774,20230312,Watch Party
9391,2484,3262,20230411,Review
9392,4960,1006,20250815,Profile
9393,2478,3899,20240217,Recommendation
9394,4276,5962,20241220,Watch Party
9395,2778,326,20250702,Review
9396,1923,5780,20230906,Profile
9397,1523,4805,20251118,Recommendation
9398,2204,1856,20250609,Watch Party
9399,1383,5140,20250629,Review
9400,3754,3694,20240512,Profile
9401,1169,2091,20240426,Recommendation
9402,5248,4021,20251120,Watch Party
9403,2427,4352,20231010,Review
9404,1763,3558,20251004,Profile
9405,3789,5791,20230125,Recommendation
9406,5245,5556,20230723,Watch Party
9407,3530,231,20251128,Review
9408,737,1239,20230815,Profile
9409,5004,4485,20240621,Recommendation
9410,1849,1090,20231012,Watch Party
9411,4110,5268,20250930,Review
9412,720,2883,20250930,Profile
9413,2360,5115,20240729,Recommendation
9414,4827,3385,20230531,Watch Party
9415,3528,356,20240923,Review
9416,4001,2199,20241118,Profile
9417,5269,2764,20240208,Recommendation
9418,4033,1626,20250114,Watch Party
9419,4222,3491,20250420,Review
9420,5479,3449,20241011,Profile
9421,4866,2267,20230925,Recommendation
9422,2083,495,20241102,Watch Party
9423,4235,2126,20230528,Review
9424,5131,5498,20250205,Profile
9425,5850,3306,20250909,Recommendation
9426,5599,3188,20240531,Watch Party
9427,5743,4893,20241205,Review
9428,5062,1447,20240218,Profile
9429,3085,4958,20250327,Recommendation
9430,3381,1549,20230418,Watch Party
9431,5009,5407,20240930,Review
9432,4423,5792,20231223,Profile
9433,3836,4933,20230321,Recommendation
9434,5231,2643,20240430,Watch Party
9435,431,987,20251002,Review
9436,5894,4622,20250822,Profile
9437,5784,2896,20250625,Recommendation
9438,4124,5939,20230105,Watch Party
9439,1419,4091,20251203,Review
9440,1648,654,20240602,Profile
9441,3210,2454,20230118,Recommendation
9442,2578,1877,20240529,Watch Party
9443,5846,2489,20230203,Review
9444,1395,2189,20240718,Profile
9445,3462,1559,20250520,Recommendation
9446,2783,181,20240903,Watch Party
9447,5748,1257,20230115,Review
9448,5001,945,20240209,Profile
9449,3146,1468,20250225,Recommendation
9450,5918,2360,20250531,Watch Party
9451,5584,4809,20241021,Review
9452,674,3596,20250807,Profile
9453,251,5891,20231122,Recommendation
9454,884,5485,20240614,Watch Party
9455,4999,4369,20230417,Review
9456,3500,5612,20250817,Profile
9457,186,1019,20230202,Recommendation
9458,1919,2774,20250902,Watch Party
9459,5581,1262,20250523,Review
9460,1050,3578,20230518,Profile
9461,5644,5683,20250213,Recommendation
9462,4630,3026,20250706,Watch Party
9463,707,4468,20250903,Review
9464,1595,2109,20250830,Profile
9465,5988,3663,20231126,Recommendation
9466,4985,4877,20240620,Watch Party
9467,1766,3585,20240217,Review
9468,4580,4109,20241107,Profile
9469,2253,2339,20230825,Recommendation
9470,1397,601,20250712,Watch Party
9471,5876,4360,20250610,Review
9472,3987,1029,20230204,Profile
9473,4850,2913,20251102,Recommendation
9474,241,296,20250131,Watch Party
9475,108,2301,20230818,Review
9476,209,5577,20250310,Profile
9477,5288,2351,20230730,Recommendation
9478,5761,4154,20230908,Watch Party
9479,2061,1924,20251117,Review
9480,3016,5562,20250630,Profile
9481,4775,675,20240711,Recommendation
9482,1188,5555,20240531,Watch Party
9483,4609,1644,20230721,Review
9484,1274,2575,20250614,Profile
9485,3280,3904,20231128,Recommendation
9486,4437,4356,20241010,Watch Party
9487,3156,515,20240507,Review
9488,2461,2343,20250519,Profile
9489,2095,5785,20230812,Recommendation
9490,3817,4998,20240224,Watch Party
9491,5231,4512,20230626,Review
9492,3197,366,20250816,Profile
9493,2068,480,20240820,Recommendation
9494,805,676,20231222,Watch Party
9495,3196,2198,20240211,Review
9496,1876,1990,20250505,Profile
9497,2985,5837,20230608,Recommendation
9498,705,3647,20250320,Watch Party
9499,2577,2756,20240202,Review
9500,3945,4412,20250113,Profile
9501,4403,5117,20240918,Recommendation
9502,1356,2815,20230627,Watch Party
9503,2231,4484,20250114,Review
9504,1635,3427,20240617,Profile
9505,4833,2388,20230131,Recommendation
9506,5879,5796,20230718,Watch Party
9507,668,4491,20231214,Review
9508,1327,1592,20231107,Profile
9509,945,5642,20240111,Recommendation
9510,934,3364,20251121,Watch Party
9511,5750,1807,20240426,Review
9512,3449,2723,20230204,Profile
9513,4245,2860,20230531,Recommendation
9514,1198,2184,20240821,Watch Party
9515,4196,4318,20231214,Review
9516,2190,3337,20230225,Profile
9517,612,3472,20231216,Recommendation
9518,3925,3385,20240520,Watch Party
9519,944,2546,20251030,Review
9520,1775,5472,20230603,Profile
9521,1242,5093,20250714,Recommendation
9522,1867,1574,20250723,Watch Party
9523,5959,145,20250611,Review
9524,3605,2066,20240426,Profile
9525,2922,1553,20230324,Recommendation
9526,673,860,20231104,Watch Party
9527,4321,1246,20250420,Review
9528,4312,3891,20250127,Profile
9529,3851,5773,20251002,Recommendation
9530,185,4705,20231101,Watch Party
9531,5352,1514,20250219,Review
9532,2543,2069,20250713,Profile
9533,387,2148,20230705,Recommendation
9534,2055,1723,20230417,Watch Party
9535,3812,2359,20250420,Review
9536,644,3379,20250306,Profile
9537,2240,3576,20250205,Recommendation
9538,261,2698,20240606,Watch Party
9539,2239,1315,20241204,Review
9540,4546,4935,20231014,Profile
9541,2998,3169,20240927,Recommendation
9542,5947,4077,20250513,Watch Party
9543,3017,1254,20231118,Review
9544,3963,4305,20250416,Profile
9545,2706,1251,20240411,Recommendation
9546,373,1671,20231009,Watch Party
9547,2144,2574,20241124,Review
9548,2680,5497,20240329,Profile
9549,1743,4359,20240506,Recommendation
9550,1283,2951,20241028,Watch Party
9551,1379,5785,20240330,Review
9552,5352,1540,20250901,Profile
9553,1219,2992,20250208,Recommendation
9554,1216,1345,20250719,Watch Party
9555,889,1848,20250810,Review
9556,3216,1774,20230623,Profile
9557,6000,2221,20241215,Recommendation
9558,503,4425,20251231,Watch Party
9559,1722,4251,20250406,Review
9560,2489,2421,20240217,Profile
9561,5262,5904,20250703,Recommendation
9562,2225,5232,20230224,Watch Party
9563,59,5091,20240717,Review
9564,2327,1889,20241230,Profile
9565,1101,4064,20251219,Recommendation
9566,2238,3216,20251120,Watch Party
9567,2660,524,20240906,Review
9568,5528,3212,20251124,Profile
9569,3942,5753,20230913,Recommendation
9570,518,4632,20240503,Watch Party
9571,5991,4086,20231010,Review
9572,46,1704,20251111,Profile
9573,5226,5221,20250926,Recommendation
9574,780,1844,20230604,Watch Party
9575,4273,4777,20240229,Review
9576,1758,2323,20240606,Profile
9577,5705,2218,20241015,Recommendation
9578,1651,4911,20230109,Watch Party
9579,302,4838,20251020,Review
9580,3029,97,20250826,Profile
9581,2072,3181,20250125,Recommendation
9582,5575,3394,20250803,Watch Party
9583,3402,657,20231017,Review
9584,2054,4199,20240526,Profile
9585,4071,1011,20230617,Recommendation
9586,706,1276,20240712,Watch Party
9587,2649,4459,20240908,Review
9588,3125,1491,20230712,Profile
9589,5824,5747,20240308,Recommendation
9590,1822,4197,20240402,Watch Party
9591,345,2979,20250804,Review
9592,2505,5452,20240923,Profile
9593,1767,4894,20230119,Recommendation
9594,3886,1028,20230325,Watch Party
9595,2427,5585,20231004,Review
9596,3287,2062,20250618,Profile
9597,4967,5571,20250703,Recommendation
9598,2359,3726,20250822,Watch Party
9599,3818,4331,20251219,Review
9600,2580,2184,20250722,Profile
9601,219,1015,20240518,Recommendation
9602,5869,304,20240704,Watch Party
9603,862,3441,20240601,Review
9604,4139,5138,20250315,Profile
9605,4712,1994,20240511,Recommendation
9606,5937,475,20230223,Watch Party
9607,2444,958,20230210,Review
9608,3560,4952,20250222,Profile
9609,2010,4462,20240522,Recommendation
9610,4732,961,20240818,Watch Party
9611,135,2702,20250918,Review
9612,1475,2750,20240614,Profile
9613,4212,945,20250316,Recommendation
9614,3778,3244,20250207,Watch Party
9615,1463,2928,20240312,Review
9616,5711,2768,20240308,Profile
9617,808,5912,20240901,Recommendation
9618,1990,1233,20250104,Watch Party
9619,3035,3605,20251109,Review
9620,1102,142,20240703,Profile
9621,3704,1107,20250705,Recommendation
9622,4894,5220,20240529,Watch Party
9623,5817,4562,20240508,Review
9624,5260,3243,20251025,Profile
9625,801,3956,20241216,Recommendation
9626,5519,1805,20250109,Watch Party
9627,4959,2579,20250422,Review
9628,783,3335,20240403,Profile
9629,3438,274,20230622,Recommendation
9630,4736,4286,20250527,Watch Party
9631,753,2508,20231227,Review
9632,5024,5448,20240611,Profile
9633,60,1619,20250201,Recommendation
9634,1450,5827,20240110,Watch Party
9635,4277,4462,20241201,Review
9636,5650,293,20230123,Profile
9637,5115,1672,20250412,Recommendation
9638,1137,5717,20250905,Watch Party
9639,5667,2272,20250531,Review
9640,1438,5649,20230528,Profile
9641,1788,5127,20241105,Recommendation
9642,4856,5960,20250222,Watch Party
9643,2634,4649,20240131,Review
9644,1307,1341,20250719,Profile
9645,4683,1156,20240115,Recommendation
9646,1621,5902,20230210,Watch Party
9647,1613,1865,20230428,Review
9648,1383,2366,20241231,Profile
9649,5751,2952,20250126,Recommendation
9650,1420,464,20241231,Watch Party
9651,1282,5775,20230302,Review
9652,3596,2821,20240613,Profile
9653,3207,4171,20240327,Recommendation
9654,1744,4410,20231008,Watch Party
9655,3190,1993,20230521,Review
9656,5863,2509,20251110,Profile
9657,5660,3439,20230621,Recommendation
9658,3610,3118,20250911,Watch Party
9659,5526,4934,20240824,Review
9660,1637,3201,20241210,Profile
9661,2832,4989,20240821,Recommendation
9662,1770,4439,20230306,Watch Party
9663,5125,4258,20251225,Review
9664,5922,1284,20250528,Profile
9665,3381,3117,20231118,Recommendation
9666,2533,5095,20231206,Watch Party
9667,2994,1533,20250208,Review
9668,2424,911,20230707,Profile
9669,3997,2972,20230810,Recommendation
9670,5102,3999,20240324,Watch Party
9671,3820,702,20251230,Review
9672,4354,5125,20240219,Profile
9673,5036,2585,20241226,Recommendation
9674,2364,4694,20240428,Watch Party
9675,2958,1338,20250806,Review
9676,2401,5626,20230705,Profile
9677,2807,3163,20231217,Recommendation
9678,797,404,20230218,Watch Party
9679,2292,1723,20240123,Review
9680,3727,3416,20240912,Profile
9681,5813,988,20241110,Recommendation
9682,3747,3648,20240302,Watch Party
9683,2805,5347,20250731,Review
9684,3091,5576,20230514,Profile
9685,3717,655,20241001,Recommendation
9686,1225,2812,20250325,Watch Party
9687,75,4104,20250824,Review
9688,5276,2434,20250927,Profile
9689,865,2264,20250224,Recommendation
9690,1352,1230,20230409,Watch Party
9691,4314,3164,20240211,Review
9692,1898,952,20250718,Profile
9693,868,4662,20240128,Recommendation
9694,2353,1755,20240525,Watch Party
9695,201,3741,20231022,Review
9696,4508,4679,20241210,Profile
9697,3080,4609,20250110,Recommendation
9698,4766,1737,20250714,Watch Party
9699,2456,2398,20250313,Review
9700,3999,2448,20251224,Profile
9701,4015,4613,20251229,Recommendation
9702,2246,2113,20231222,Watch Party
9703,1430,630,20240207,Review
9704,1109,5099,20231010,Profile
9705,1825,3385,20240715,Recommendation
9706,319,3787,20231230,Watch Party
9707,4490,1781,20250422,Review
9708,1492,5736,20230523,Profile
9709,2655,5518,20230319,Recommendation
9710,979,503,20230722,Watch Party
9711,3401,4319,20240317,Review
9712,4390,2197,20230410,Profile
9713,2832,5144,20251018,Recommendation
9714,3663,4446,20250426,Watch Party
9715,1182,4167,20240429,Review
9716,1112,4938,20240528,Profile
9717,3119,4466,20240912,Recommendation
9718,3193,5397,20240815,Watch Party
9719,1555,3486,20240820,Review
9720,671,2106,20230622,Profile
9721,4168,4758,20240115,Recommendation
9722,2426,5711,20240823,Watch Party
9723,4252,3867,20240104,Review
9724,5002,56,20251004,Profile
9725,4734,5672,20240409,Recommendation
9726,226,1755,20240728,Watch Party
9727,4977,5172,20230329,Review
9728,1016,2624,20230614,Profile
9729,1609,1537,20240306,Recommendation
9730,1330,3730,20241023,Watch Party
9731,1064,4539,20240221,Review
9732,5328,221,20250414,Profile
9733,1562,4375,20240928,Recommendation
9734,3885,2363,20230309,Watch Party
9735,5731,479,20230805,Review
9736,2870,220,20240530,Profile
9737,1763,1127,20230730,Recommendation
9738,3322,2758,20230908,Watch Party
9739,4667,4099,20251022,Review
9740,2720,1211,20230620,Profile
9741,717,838,20230707,Recommendation
9742,1859,5387,20231008,Watch Party
9743,4572,1421,20231129,Review
9744,4629,154,20231206,Profile
9745,1806,4493,20250111,Recommendation
9746,2108,5107,20250324,Watch Party
9747,4544,2612,20251113,Review
9748,464,4158,20251005,Profile
9749,3449,1276,20250117,Recommendation
9750,3865,5556,20250130,Watch Party
9751,4925,716,20230208,Review
9752,850,2970,20240423,Profile
9753,637,4701,20250731,Recommendation
9754,273,3259,20240623,Watch Party
9755,5083,3748,20251110,Review
9756,3460,4883,20230801,Profile
9757,4773,2965,20240512,Recommendation
9758,5100,5329,20240915,Watch Party
9759,3081,2220,20240310,Review
9760,5105,3947,20250905,Profile
9761,2506,1491,20230602,Recommendation
9762,1745,2768,20230113,Watch Party
9763,4183,2466,20250101,Review
9764,1573,2623,20230317,Profile
9765,1798,3688,20240427,Recommendation
9766,2038,1916,20240319,Watch Party
9767,1955,228,20231118,Review
9768,910,5508,20250319,Profile
9769,4527,4449,20230101,Recommendation
9770,987,4799,20241008,Watch Party
9771,5763,2223,20251009,Review
9772,2258,3259,20250317,Profile
9773,4765,5317,20240704,Recommendation
9774,1609,2191,20250531,Watch Party
9775,2688,2179,20230626,Review
9776,432,4534,20241111,Profile
9777,3293,323,20231021,Recommendation
9778,3554,2956,20240823,Watch Party
9779,1312,4638,20251212,Review
9780,4858,2291,20251008,Profile
9781,3766,41,20250610,Recommendation
9782,2995,3565,20240131,Watch Party
9783,4472,3840,20240423,Review
9784,3977,2756,20240619,Profile
9785,1306,4824,20250818,Recommendation
9786,1735,410,20250317,Watch Party
9787,2576,2975,20240408,Review
9788,1244,504,20240909,Profile
9789,1842,5304,20231017,Recommendation
9790,1517,4382,20250213,Watch Party
9791,1828,5208,20230713,Review
9792,947,1730,20250101,Profile
9793,5044,5371,20250325,Recommendation
9794,2048,4453,20251121,Watch Party
9795,179,4173,20241022,Review
9796,1761,1852,20250628,Profile
9797,1954,3934,20250214,Recommendation
9798,177,4066,20230211,Watch Party
9799,5400,3502,20240103,Review
9800,1178,3880,20250623,Profile
9801,5342,2883,20230714,Recommendation
9802,3342,5944,20230824,Watch Party
9803,2996,1769,20230913,Review
9804,5620,2087,20250211,Profile
9805,1867,2991,20241206,Recommendation
9806,1677,5762,20240122,Watch Party
9807,5777,218,20241014,Review
9808,4514,548,20250517,Profile
9809,1296,5247,20230618,Recommendation
9810,5943,2924,20230121,Watch Party
9811,605,1389,20241218,Review
9812,5227,222,20240503,Profile
9813,3453,911,20250227,Recommendation
9814,3640,5477,20231204,Watch Party
9815,1617,4076,20231015,Review
9816,2146,2464,20241012,Profile
9817,675,3204,20250921,Recommendation
9818,1036,871,20230322,Watch Party
9819,5358,37,20240313,Review
9820,1326,3726,20251020,Profile
9821,5813,2648,20240823,Recommendation
9822,4544,481,20250610,Watch Party
9823,4404,5509,20240528,Review
9824,1661,3236,20240819,Profile
9825,3523,4895,20230910,Recommendation
9826,2763,1239,20240316,Watch Party
9827,3210,5263,20250821,Review
9828,4781,517,20230327,Profile
9829,4186,1409,20250425,Recommendation
9830,4189,5365,20250205,Watch Party
9831,1101,666,20240408,Review
9832,3725,4264,20231006,Profile
9833,2481,271,20230214,Recommendation
9834,1725,3100,20230619,Watch Party
9835,898,842,20230528,Review
9836,802,2261,20241102,Profile
9837,3735,3797,20251212,Recommendation
9838,1501,5348,20230301,Watch Party
9839,814,377,20231119,Review
9840,2184,3460,20240901,Profile
9841,4777,2467,20230115,Recommendation
9842,1933,1757,20230727,Watch Party
9843,2662,332,20240424,Review
9844,2985,5791,20250808,Profile
9845,4504,4704,20240512,Recommendation
9846,4545,903,20250615,Watch Party
9847,1279,3067,20240729,Review
9848,4792,2407,20251229,Profile
9849,2688,2132,20231006,Recommendation
9850,1939,4412,20231024,Watch Party
9851,1613,2665,20240521,Review
9852,569,1161,20240909,Profile
9853,1953,3601,20241025,Recommendation
9854,1122,920,20250313,Watch Party
9855,703,570,20241109,Review
9856,1643,3295,20250709,Profile
9857,666,2650,20250729,Recommendation
9858,5149,807,20250429,Watch Party
9859,4188,3333,20241025,Review
9860,4417,837,20240626,Profile
9861,1526,216,20250626,Recommendation
9862,5133,3860,20230208,Watch Party
9863,4031,2304,20241123,Review
9864,3029,3233,20230421,Profile
9865,2567,5397,20240515,Recommendation
9866,2496,782,20230913,Watch Party
9867,5086,4965,20240806,Review
9868,1602,1082,20230502,Profile
9869,2475,4781,20251121,Recommendation
9870,4625,4602,20231209,Watch Party
9871,639,2672,20230522,Review
9872,388,2562,20250710,Profile
9873,4820,4060,20230714,Recommendation
9874,3973,3552,20250721,Watch Party
9875,2204,2013,20230712,Review
9876,5427,5269,20250614,Profile
9877,852,1402,20250730,Recommendation
9878,2832,5098,20230112,Watch Party
9879,2066,3713,20230202,Review
9880,4744,4819,20250420,Profile
9881,758,5979,20241209,Recommendation
9882,1385,121,20250520,Watch Party
9883,1638,5959,20230610,Review
9884,2724,1513,20241112,Profile
9885,1361,4143,20230918,Recommendation
9886,2257,5112,20241127,Watch Party
9887,1976,3949,20250518,Review
9888,2049,2461,20250802,Profile
9889,5389,3237,20231117,Recommendation
9890,1748,306,20230504,Watch Party
9891,3562,2164,20250815,Review
9892,3101,2580,20250606,Profile
9893,5690,2804,20250605,Recommendation
9894,5549,5263,20231029,Watch Party
9895,114,5462,20240716,Review
9896,3797,4076,20230212,Profile
9897,5202,2663,20231029,Recommendation
9898,4224,3822,20250410,Watch Party
9899,5388,3008,20240417,Review
9900,4341,2620,20230913,Profile
9901,1351,1018,20240715,Recommendation
9902,3588,730,20240505,Watch Party
9903,5013,195,20240128,Review
9904,342,3953,20250517,Profile
9905,800,498,20250804,Recommendation
9906,3545,989,20250127,Watch Party
9907,797,4405,20251014,Review
9908,4511,5224,20251122,Profile
9909,5465,5266,20240628,Recommendation
9910,3138,3763,20231105,Watch Party
9911,5394,3212,20250602,Review
9912,5564,658,20251128,Profile
9913,5832,5710,20241223,Recommendation
9914,2791,1455,20250114,Watch Party
9915,716,4313,20230922,Review
9916,744,1980,20250312,Profile
9917,5419,2364,20241202,Recommendation
9918,4837,1269,20240716,Watch Party
9919,2174,2316,20230915,Review
9920,473,3125,20250407,Profile
9921,4428,4774,20230826,Recommendation
9922,2162,93,20240526,Watch Party
9923,108,3536,20250804,Review
9924,4194,4442,20250715,Profile
9925,1500,4641,20240318,Recommendation
9926,4598,4791,20240408,Watch Party
9927,1189,1697,20240616,Review
9928,2743,5455,20231225,Profile
9929,5683,4405,20240615,Recommendation
9930,1362,1369,20251124,Watch Party
9931,3867,4933,20250709,Review
9932,5676,1358,20250801,Profile
9933,3792,3153,20240428,Recommendation
9934,3572,5182,20251219,Watch Party
9935,430,3940,20230518,Review
9936,5837,1564,20240601,Profile
9937,1305,5355,20250630,Recommendation
9938,5902,3516,20250824,Watch Party
9939,3163,315,20240216,Review
9940,5701,3180,20230212,Profile
9941,3669,214,20250908,Recommendation
9942,3667,386,20230809,Watch Party
9943,1740,2393,20231013,Review
9944,2653,5233,20231106,Profile
9945,606,5214,20230816,Recommendation
9946,4914,3846,20250505,Watch Party
9947,3835,1662,20241116,Review
9948,1727,5079,20230728,Profile
9949,4226,2212,20240428,Recommendation
9950,3641,4210,20250314,Watch Party
9951,1153,3465,20250417,Review
9952,3290,5862,20230911,Profile
9953,5278,1765,20241101,Recommendation
9954,3513,4107,20240322,Watch Party
9955,5723,4931,20240407,Review
9956,5042,5480,20230719,Profile
9957,1634,707,20241013,Recommendation
9958,1707,4641,20250801,Watch Party
9959,5698,4083,20250119,Review
9960,2953,1231,20230409,Profile
9961,5284,833,20250603,Recommendation
9962,4419,4161,20231021,Watch Party
9963,804,4260,20250331,Review
9964,2074,4271,20240528,Profile
9965,3710,2445,20241018,Recommendation
9966,709,5904,20240722,Watch Party
9967,4130,5166,20251003,Review
9968,5728,3242,20231214,Profile
9969,5558,3779,20250311,Recommendation
9970,4974,2231,20230424,Watch Party
9971,2088,567,20230610,Review
9972,1829,1308,20250125,Profile
9973,211,1571,20251209,Recommendation
9974,1830,303,20241211,Watch Party
9975,4469,5648,20240115,Review
9976,5662,472,20241214,Profile
9977,2581,4783,20230830,Recommendation
9978,3554,4486,20250817,Watch Party
9979,1690,2919,20251120,Review
9980,4960,572,20230710,Profile
9981,5901,5770,20230912,Recommendation
9982,953,5545,20230423,Watch Party
9983,3642,41,20250907,Review
9984,557,4109,20230211,Profile
9985,1426,1503,20240806,Recommendation
9986,2053,3906,20230528,Watch Party
9987,5827,333,20250801,Review
9988,3802,2010,20230817,Profile
9989,5517,5203,20240226,Recommendation
9990,5350,4395,20230423,Watch Party
9991,5963,4970,20240125,Review
9992,4890,2782,20230506,Profile
9993,3174,3550,20230309,Recommendation
9994,3664,5299,20241229,Watch Party
9995,1825,326,20240524,Review
9996,3490,2071,20250903,Profile
9997,2473,634,20230520,Recommendation
9998,2924,3220,20251202,Watch Party
9999,3375,5201,20230703,Review
10000,2982,831,20230114,Profile
10001,4459,2343,20230115,Recommendation
10002,5642,4126,20240428,Watch Party
10003,1977,4487,20251201,Review
10004,4681,4690,20250214,Profile
10005,1077,2052,20240329,Recommendation
10006,2720,473,20230217,Watch Party
10007,5243,359,20240314,Review
10008,5085,1738,20250209,Profile
10009,5573,3543,20231223,Recommendation
10010,4082,5771,20250211,Watch Party
10011,4433,5687,20231220,Review
10012,2062,3107,20241003,Profile
10013,3046,964,20251124,Recommendation
10014,2032,3694,20250124,Watch Party
10015,4489,685,20231008,Review
10016,3084,2573,20241013,Profile
10017,1578,391,20241009,Recommendation
10018,2226,5949,20250318,Watch Party
10019,3721,2284,20251101,Review
10020,4264,2033,20250913,Profile
10021,1306,5284,20241110,Recommendation
10022,3698,3888,20241113,Watch Party
10023,2051,2054,20251204,Review
10024,3703,5799,20250226,Profile
10025,3818,1834,20251103,Recommendation
10026,1059,128,20240427,Watch Party
10027,4295,809,20230824,Review
10028,2560,324,20240521,Profile
10029,3901,378,20230511,Recommendation
10030,329,709,20240928,Watch Party
10031,3207,4706,20241203,Review
10032,877,1211,20251202,Profile
10033,4308,535,20231120,Recommendation
10034,3407,5743,20250527,Watch Party
10035,5290,2019,20250324,Review
10036,1995,1942,20250121,Profile
10037,5663,354,20251012,Recommendation
10038,4343,3878,20240823,Watch Party
10039,309,3640,20250123,Review
10040,1663,2350,20251025,Profile
10041,4426,2816,20230815,Recommendation
10042,3297,3677,20240518,Watch Party
10043,225,2659,20241228,Review
10044,2907,1961,20231017,Profile
10045,2446,758,20241129,Recommendation
10046,4141,4767,20240417,Watch Party
10047,1653,445,20241219,Review
10048,2853,795,20240907,Profile
10049,3408,3314,20250513,Recommendation
10050,2485,436,20250104,Watch Party
10051,995,84,20250301,Review
10052,5916,2963,20240424,Profile
10053,5438,2338,20240224,Recommendation
10054,4070,152,20250213,Watch Party
10055,577,5584,20230623,Review
10056,5262,1140,20251229,Profile
10057,2982,3049,20240902,Recommendation
10058,4246,2676,20241219,Watch Party
10059,1035,1440,20240811,Review
10060,166,5250,20240713,Profile
10061,5385,4772,20230716,Recommendation
10062,3364,665,20240810,Watch Party
10063,3612,942,20230510,Review
10064,464,2491,20241222,Profile
10065,1805,419,20240318,Recommendation
10066,1542,3529,20240810,Watch Party
10067,3105,79,20231110,Review
10068,3011,2204,20230608,Profile
10069,1382,916,20240102,Recommendation
10070,4732,5634,20230623,Watch Party
10071,1007,5250,20230820,Review
10072,3012,1473,20251025,Profile
10073,4706,4717,20251105,Recommendation
10074,4810,1648,20250329,Watch Party
10075,3652,5949,20251004,Review
10076,1424,1048,20230413,Profile
10077,364,1732,20231128,Recommendation
10078,2536,4178,20230624,Watch Party
10079,3601,337,20240701,Review
10080,3681,2940,20241118,Profile
10081,4972,4935,20251218,Recommendation
10082,77,2408,20251002,Watch Party
10083,2453,3944,20250426,Review
10084,4842,2432,20250417,Profile
10085,402,2208,20240328,Recommendation
10086,3527,2306,20250907,Watch Party
10087,5374,4459,20251011,Review
10088,1336,3250,20240326,Profile
10089,5814,2548,20240309,Recommendation
10090,4724,5328,20251014,Watch Party
10091,2398,5019,20250124,Review
10092,5295,2936,20231124,Profile
10093,5820,5521,20250611,Recommendation
10094,4262,3211,20240717,Watch Party
10095,4550,2035,20251212,Review
10096,497,1431,20231028,Profile
10097,2724,3224,20250428,Recommendation
10098,2838,2242,20230124,Watch Party
10099,4170,3210,20250530,Review
10100,5590,982,20240326,Profile
10101,5236,254,20250221,Recommendation
10102,92,1810,20250228,Watch Party
10103,5506,3036,20251028,Review
10104,921,763,20250723,Profile
10105,4125,2304,20230723,Recommendation
10106,316,2115,20230628,Watch Party
10107,4403,1794,20240910,Review
10108,273,323,20250722,Profile
10109,2439,5675,20240718,Recommendation
10110,5894,2265,20230601,Watch Party
10111,5227,773,20241225,Review
10112,2656,5080,20241228,Profile
10113,3884,5771,20231204,Recommendation
10114,2196,5891,20240208,Watch Party
10115,2968,3411,20240219,Review
10116,865,4696,20250912,Profile
10117,2115,4117,20241213,Recommendation
10118,2792,1141,20250128,Watch Party
10119,5634,3676,20251225,Review
10120,151,2610,20250204,Profile
10121,885,4634,20241024,Recommendation
10122,5248,4829,20230918,Watch Party
10123,5268,1807,20230508,Review
10124,79,800,20230731,Profile
10125,3938,2255,20240224,Recommendation
10126,2894,4493,20240216,Watch Party
10127,1109,5159,20250430,Review
10128,798,5788,20241016,Profile
10129,1216,1775,20251011,Recommendation
10130,4331,1161,20240219,Watch Party
10131,5915,5285,20240923,Review
10132,5225,1814,20250323,Profile
10133,4998,4430,20230902,Recommendation
10134,4544,1556,20240424,Watch Party
10135,5968,4913,20240916,Review
10136,600,5670,20240607,Profile
10137,3967,2443,20230713,Recommendation
10138,3519,4241,20230306,Watch Party
10139,5921,5838,20240208,Review
10140,4293,5565,20230905,Profile
10141,1679,3492,20250816,Recommendation
10142,171,195,20230306,Watch Party
10143,2135,766,20230821,Review
10144,2071,483,20230727,Profile
10145,3453,5329,20240829,Recommendation
10146,4734,2303,20230124,Watch Party
10147,5593,3860,20241215,Review
10148,4983,3315,20250213,Profile
10149,3947,3506,20250329,Recommendation
10150,5964,2190,20230408,Watch Party
10151,1534,3891,20250601,Review
10152,4180,4979,20230417,Profile
10153,4355,5200,20240125,Recommendation
10154,3041,5530,20230828,Watch Party
10155,3028,2285,20251120,Review
10156,1160,3631,20240529,Profile
10157,1064,3819,20250821,Recommendation
10158,930,5783,20230906,Watch Party
10159,5454,451,20240313,Review
10160,5785,2592,20250327,Profile
10161,4282,2304,20250216,Recommendation
10162,1628,3080,20230912,Watch Party
10163,5572,2193,20250914,Review
10164,2782,2469,20250731,Profile
10165,2099,2975,20240405,Recommendation
10166,1985,1726,20241219,Watch Party
10167,3880,4652,20231016,Review
10168,2401,2921,20240318,Profile
10169,4480,4768,20240815,Recommendation
10170,4432,1164,20230716,Watch Party
10171,118,2786,20240708,Review
10172,1013,2733,20240705,Profile
10173,4289,4054,20250612,Recommendation
10174,3004,4642,20251011,Watch Party
10175,1589,3750,20230331,Review
10176,1500,4540,20240616,Profile
10177,1841,5142,20250318,Recommendation
10178,5835,1270,20240602,Watch Party
10179,4092,2360,20250312,Review
10180,2397,2923,20250313,Profile
10181,1629,3596,20230622,Recommendation
10182,752,5385,20231031,Watch Party
10183,5379,1756,20230131,Review
10184,3343,3784,20240309,Profile
10185,645,188,20240806,Recommendation
10186,2791,1413,20240229,Watch Party
10187,1190,5708,20230330,Review
10188,592,4950,20250422,Profile
10189,2166,4705,20240728,Recommendation
10190,2113,4275,20230408,Watch Party
10191,4069,5751,20230228,Review
10192,3773,4123,20230117,Profile
10193,3234,1288,20231103,Recommendation
10194,2469,5939,20231004,Watch Party
10195,4840,3584,20240824,Review
10196,5353,5986,20231231,Profile
10197,1501,3577,20241119,Recommendation
10198,5329,5421,20241027,Watch Party
10199,4659,5410,20241118,Review
10200,5900,4711,20231001,Profile
10201,3542,3280,20240212,Recommendation
10202,4985,4911,20250817,Watch Party
10203,4170,5717,20240804,Review
10204,4610,5906,20250219,Profile
10205,3577,695,20240107,Recommendation
10206,3636,114,20230317,Watch Party
10207,3984,4713,20250124,Review
10208,1333,4978,20240531,Profile
10209,726,5429,20240513,Recommendation
10210,650,3671,20240315,Watch Party
10211,4083,3398,20240329,Review
10212,625,1443,20240321,Profile
10213,5666,4808,20240916,Recommendation
10214,4512,894,20250608,Watch Party
10215,1423,5236,20240216,Review
10216,140,1476,20250103,Profile
10217,4737,2510,20231230,Recommendation
10218,3710,5712,20240227,Watch Party
10219,3016,4539,20230307,Review
10220,96,2613,20230430,Profile
10221,5952,4967,20250125,Recommendation
10222,5311,557,20240610,Watch Party
10223,162,3950,20240312,Review
10224,1211,206,20230106,Profile
10225,2833,4607,20251229,Recommendation
10226,3645,260,20230605,Watch Party
10227,973,513,20240110,Review
10228,1603,3881,20231202,Profile
10229,3197,2096,20250411,Recommendation
10230,2128,4180,20250816,Watch Party
10231,525,4863,20231124,Review
10232,1031,5621,20230916,Profile
10233,4965,5212,20231024,Recommendation
10234,5076,1053,20250515,Watch Party
10235,683,5717,20241127,Review
10236,4435,5597,20230913,Profile
10237,4472,1613,20240716,Recommendation
10238,1299,1898,20240526,Watch Party
10239,2457,3470,20230218,Review
10240,4698,6,20230710,Profile
10241,4794,4378,20250914,Recommendation
10242,3963,2184,20240228,Watch Party
10243,355,3958,20231004,Review
10244,5427,4268,20250512,Profile
10245,3967,1060,20251202,Recommendation
10246,4359,2726,20250901,Watch Party
10247,1726,2341,20250709,Review
10248,4649,136,20240728,Profile
10249,5439,4606,20241117,Recommendation
10250,3733,2767,20250902,Watch Party
10251,657,3235,20230326,Review
10252,2390,5752,20230107,Profile
10253,4057,571,20240115,Recommendation
10254,5505,3212,20250330,Watch Party
10255,5359,5097,20240202,Review
10256,3005,3514,20231117,Profile
10257,1342,993,20250216,Recommendation
10258,1842,271,20240715,Watch Party
10259,1471,3967,20230926,Review
10260,2219,3367,20250828,Profile
10261,187,1947,20241012,Recommendation
10262,1139,4011,20240403,Watch Party
10263,3652,839,20231203,Review
10264,2479,2227,20230813,Profile
10265,5543,4601,20241128,Recommendation
10266,2572,4696,20240128,Watch Party
10267,5106,5909,20240407,Review
10268,5251,4430,20241104,Profile
10269,2357,3594,20231025,Recommendation
10270,4848,5914,20230616,Watch Party
10271,3629,5874,20250814,Review
10272,1692,1505,20251225,Profile
10273,2195,3458,20230422,Recommendation
10274,3852,334,20230316,Watch Party
10275,5036,3149,20250819,Review
10276,1974,3844,20250730,Profile
10277,2007,297,20241019,Recommendation
10278,4076,2300,20230412,Watch Party
10279,110,4220,20230912,Review
10280,1695,4654,20250512,Profile
10281,3357,5780,20231219,Recommendation
10282,5888,4563,20230127,Watch Party
10283,4474,345,20240823,Review
10284,4357,5307,20250904,Profile
10285,2500,2264,20240306,Recommendation
10286,250,3035,20250824,Watch Party
10287,2307,2570,20250417,Review
10288,2778,4729,20240730,Profile
10289,4692,175,20230527,Recommendation
10290,1741,3958,20241125,Watch Party
10291,5468,262,20250426,Review
10292,452,1669,20250113,Profile
10293,2106,2274,20240202,Recommendation
10294,5183,1185,20230509,Watch Party
10295,650,5095,20250212,Review
10296,4331,1694,20230807,Profile
10297,4991,986,20240105,Recommendation
10298,1217,2588,20230519,Watch Party
10299,1753,3894,20240818,Review
10300,5139,1935,20251101,Profile
10301,964,5627,20230204,Recommendation
10302,2359,3769,20240811,Watch Party
10303,2307,3702,20231227,Review
10304,838,5224,20251119,Profile
10305,4584,2185,20250608,Recommendation
10306,3330,4776,20240529,Watch Party
10307,3139,5288,20240512,Review
10308,518,2521,20250303,Profile
10309,1878,3495,20251115,Recommendation
10310,5648,116,20250421,Watch Party
10311,3930,3246,20230508,Review
10312,3808,564,20240911,Profile
10313,4570,5711,20250219,Recommendation
10314,796,471,20231127,Watch Party
10315,5883,912,20250413,Review
10316,1720,2762,20230916,Profile
10317,2935,3971,20240210,Recommendation
10318,5922,1909,20240929,Watch Party
10319,3105,636,20230418,Review
10320,1103,1781,20230120,Profile
10321,3653,1293,20230831,Recommendation
10322,2971,4971,20251011,Watch Party
10323,3366,1924,20230613,Review
10324,3264,1402,20250127,Profile
10325,52,540,20240624,Recommendation
10326,608,5624,20250811,Watch Party
10327,2118,1280,20250101,Review
10328,2687,3266,20250329,Profile
10329,1245,1884,20231019,Recommendation
10330,4985,5511,20240120,Watch Party
10331,3465,5814,20250416,Review
10332,617,5792,20250823,Profile
10333,841,5235,20251214,Recommendation
10334,1800,1070,20241101,Watch Party
10335,5355,5490,20251007,Review
10336,4238,500,20250925,Profile
10337,2281,3567,20240220,Recommendation
10338,898,3976,20231102,Watch Party
10339,3430,960,20230911,Review
10340,1011,4492,20240305,Profile
10341,1751,2086,20231209,Recommendation
10342,4357,5699,20240420,Watch Party
10343,1348,3698,20250928,Review
10344,3400,1794,20251105,Profile
10345,1490,1160,20240407,Recommendation
10346,4913,3734,20230905,Watch Party
10347,4821,4953,20230301,Review
10348,1584,3426,20240201,Profile
10349,2726,578,20240817,Recommendation
10350,98,3201,20250209,Watch Party
10351,4,5699,20230602,Review
10352,1265,3588,20250521,Profile
10353,4226,3692,20230726,Recommendation
10354,2568,3790,20241111,Watch Party
10355,1494,1262,20240619,Review
10356,5988,1,20230726,Profile
10357,1541,4661,20241006,Recommendation
10358,1339,99,20250418,Watch Party
10359,5935,866,20250213,Review
10360,84,1633,20250210,Profile
10361,2478,2029,20250217,Recommendation
10362,2293,3102,20240729,Watch Party
10363,4151,357,20241220,Review
10364,4942,4908,20241111,Profile
10365,5714,3538,20230224,Recommendation
10366,5929,4552,20231110,Watch Party
10367,677,3679,20241004,Review
10368,2967,4218,20240918,Profile
10369,1371,3869,20230205,Recommendation
10370,5533,5355,20230509,Watch Party
10371,220,965,20230405,Review
10372,5919,4104,20231029,Profile
10373,5550,1795,20240908,Recommendation
10374,1771,4004,20230508,Watch Party
10375,5375,1184,20240628,Review
10376,353,3971,20251104,Profile
10377,5116,5930,20230316,Recommendation
10378,4619,3663,20240518,Watch Party
10379,3260,2176,20230303,Review
10380,5451,1970,20230729,Profile
10381,1716,3359,20231214,Recommendation
10382,2708,4332,20250906,Watch Party
10383,3138,921,20230303,Review
10384,2409,753,20231217,Profile
10385,3538,4697,20231129,Recommendation
10386,379,1232,20240511,Watch Party
10387,3602,3809,20231227,Review
10388,2614,5848,20240106,Profile
10389,2258,2795,20250714,Recommendation
10390,5750,1214,20230521,Watch Party
10391,122,3861,20250221,Review
10392,1358,3946,20240201,Profile
10393,4893,1325,20231024,Recommendation
10394,146,1046,20250622,Watch Party
10395,1531,1402,20250225,Review
10396,5699,5212,20241110,Profile
10397,3494,3931,20250110,Recommendation
10398,1825,3824,20250513,Watch Party
10399,4011,5406,20231108,Review
10400,4982,1301,20250314,Profile
10401,4630,4719,20251112,Recommendation
10402,3419,538,20230726,Watch Party
10403,975,1300,20250204,Review
10404,1298,4935,20250725,Profile
10405,4486,2765,20241012,Recommendation
10406,2258,4813,20250520,Watch Party
10407,664,5215,20230627,Review
10408,3171,2467,20240811,Profile
10409,2034,2899,20251109,Recommendation
10410,3027,4968,20230201,Watch Party
10411,1629,5272,20230629,Review
10412,5259,5736,20251115,Profile
10413,3539,3485,20250608,Recommendation
10414,4354,255,20230816,Watch Party
10415,3595,1301,20251128,Review
10416,1772,3236,20230625,Profile
10417,2118,2219,20250206,Recommendation
10418,2574,839,20251124,Watch Party
10419,2702,3748,20240710,Review
10420,2921,1158,20250328,Profile
10421,3189,4897,20230130,Recommendation
10422,4187,2047,20230919,Watch Party
10423,5749,3488,20250827,Review
10424,1146,2658,20241206,Profile
10425,2843,3297,20231008,Recommendation
10426,98,3203,20230430,Watch Party
10427,51,1495,20231214,Review
10428,882,3764,20230722,Profile
10429,3815,4469,20230626,Recommendation
10430,623,4796,20230816,Watch Party
10431,3710,3199,20230422,Review
10432,2189,155,20240404,Profile
10433,239,3814,20250505,Recommendation
10434,5404,1449,20231228,Watch Party
10435,499,5894,20251204,Review
10436,4323,4094,20250824,Profile
10437,1528,5105,20241019,Recommendation
10438,1221,5195,20251009,Watch Party
10439,4973,1196,20240815,Review
10440,2377,237,20230523,Profile
10441,1924,564,20251112,Recommendation
10442,5271,3642,20240529,Watch Party
10443,3944,5972,20250525,Review
10444,1224,4947,20251214,Profile
10445,5792,4062,20240707,Recommendation
10446,3011,3766,20251217,Watch Party
10447,4519,1471,20230301,Review
10448,2547,5972,20250729,Profile
10449,2361,1960,20240311,Recommendation
10450,1835,1719,20230309,Watch Party
10451,4677,2947,20230722,Review
10452,1427,1099,20250807,Profile
10453,3234,1094,20230929,Recommendation
10454,3537,5518,20241010,Watch Party
10455,4096,499,20240722,Review
10456,2787,1900,20230508,Profile
10457,4997,2334,20250209,Recommendation
10458,806,5180,20241130,Watch Party
10459,3441,3853,20250704,Review
10460,755,2562,20240428,Profile
10461,3604,4816,20230227,Recommendation
10462,4912,1233,20250831,Watch Party
10463,2799,1071,20250608,Review
10464,4293,3895,20251010,Profile
10465,5356,3109,20241005,Recommendation
10466,2340,942,20240610,Watch Party
10467,369,999,20251229,Review
10468,2139,5125,20231004,Profile
10469,226,951,20230822,Recommendation
10470,100,5031,20250211,Watch Party
10471,3114,3620,20251024,Review
10472,2950,90,20250413,Profile
10473,2581,4514,20240708,Recommendation
10474,2142,2998,20230905,Watch Party
10475,525,5008,20240906,Review
10476,5893,3943,20241227,Profile
10477,458,3437,20240814,Recommendation
10478,5913,2374,20230828,Watch Party
10479,4075,2861,20250116,Review
10480,4956,1748,20240422,Profile
10481,2788,3974,20230912,Recommendation
10482,998,1515,20230419,Watch Party
10483,1860,4705,20250810,Review
10484,2090,356,20250508,Profile
10485,3150,3963,20250603,Recommendation
10486,1429,70,20240525,Watch Party
10487,5940,5471,20240729,Review
10488,3545,1599,20250328,Profile
10489,5513,2480,20240126,Recommendation
10490,5905,4298,20240324,Watch Party
10491,1533,3660,20250409,Review
10492,2366,209,20250805,Profile
10493,1525,5133,20230615,Recommendation
10494,4250,1885,20240206,Watch Party
10495,4431,2828,20250305,Review
10496,2103,1430,20250709,Profile
10497,5223,903,20250924,Recommendation
10498,5721,1820,20250915,Watch Party
10499,2006,2329,20230910,Review
10500,1751,4057,20240709,Profile
10501,4404,2374,20230902,Recommendation
10502,1246,5628,20250330,Watch Party
10503,5527,1789,20250308,Review
10504,2613,4643,20240624,Profile
10505,5045,2729,20231118,Recommendation
10506,3799,3684,20241214,Watch Party
10507,3617,2932,20251025,Review
10508,4337,837,20240822,Profile
10509,5745,4228,20250128,Recommendation
10510,5888,5400,20230330,Watch Party
10511,4618,5639,20251107,Review
10512,1860,1149,20230222,Profile
10513,4269,4268,20230728,Recommendation
10514,4034,2395,20240616,Watch Party
10515,3661,809,20240105,Review
10516,3940,53,20250715,Profile
10517,4113,2358,20230203,Recommendation
10518,2809,1769,20240718,Watch Party
10519,3294,5190,20240307,Review
10520,2162,4991,20230322,Profile
10521,1071,5612,20241112,Recommendation
10522,3919,2744,20241004,Watch Party
10523,5485,3321,20240530,Review
10524,3545,4730,20240405,Profile
10525,4838,1928,20230212,Recommendation
10526,5755,5582,20250318,Watch Party
10527,5845,5890,20251113,Review
10528,4173,2398,20251219,Profile
10529,4722,3625,20231123,Recommendation
10530,5604,1715,20231007,Watch Party
10531,1013,491,20250709,Review
10532,1840,2557,20240411,Profile
10533,1810,553,20230322,Recommendation
10534,3808,1303,20250208,Watch Party
10535,254,1909,20231225,Review
10536,2185,2925,20230124,Profile
10537,4934,3489,20240604,Recommendation
10538,1388,2968,20230121,Watch Party
10539,2665,2365,20251221,Review
10540,2147,1349,20250616,Profile
10541,362,2355,20231106,Recommendation
10542,2307,5866,20240214,Watch Party
10543,2645,5886,20231221,Review
10544,956,3129,20241226,Profile
10545,709,1778,20250525,Recommendation
10546,2658,3470,20240606,Watch Party
10547,2627,3726,20240415,Review
10548,2768,4216,20240717,Profile
10549,1675,929,20250622,Recommendation
10550,1573,768,20250626,Watch Party
10551,2442,5524,20231003,Review
10552,4430,95,20250702,Profile
10553,3552,1011,20230826,Recommendation
10554,443,3887,20250925,Watch Party
10555,237,3385,20230414,Review
10556,4290,2276,20240719,Profile
10557,1780,4373,20240114,Recommendation
10558,3627,2470,20230929,Watch Party
10559,1256,5445,20230911,Review
10560,3115,57,20250523,Profile
10561,5864,1436,20251222,Recommendation
10562,1338,2867,20240105,Watch Party
10563,1486,2303,20250801,Review
10564,4928,9,20240526,Profile
10565,5540,1289,20240226,Recommendation
10566,2112,5859,20230103,Watch Party
10567,75,2431,20240830,Review
10568,3708,3756,20230602,Profile
10569,595,3546,20250211,Recommendation
10570,781,5352,20250617,Watch Party
10571,5915,4372,20240516,Review
10572,3374,2226,20251016,Profile
10573,2146,1848,20251105,Recommendation
10574,5145,5366,20250712,Watch Party
10575,3413,4856,20251013,Review
10576,145,2306,20250420,Profile
10577,5661,1055,20250825,Recommendation
10578,3917,4652,20250316,Watch Party
10579,4605,3058,20230309,Review
10580,4291,2284,20230804,Profile
10581,672,2571,20250320,Recommendation
10582,4217,262,20240115,Watch Party
10583,5269,5386,20251021,Review
10584,5469,3415,20241102,Profile
10585,505,2420,20250824,Recommendation
10586,5553,3028,20250118,Watch Party
10587,856,4540,20240610,Review
10588,242,1103,20231002,Profile
10589,2698,4092,20230413,Recommendation
10590,5293,5625,20250913,Watch Party
10591,5979,4407,20230508,Review
10592,2093,4829,20250825,Profile
10593,3458,1373,20241028,Recommendation
10594,4635,5409,20240708,Watch Party
10595,3832,1793,20231104,Review
10596,3305,2029,20240611,Profile
10597,4957,3712,20230109,Recommendation
10598,5871,4620,20231208,Watch Party
10599,3358,1315,20230925,Review
10600,268,1415,20250913,Profile
10601,3952,4889,20230816,Recommendation
10602,3252,1723,20231218,Watch Party
10603,5092,3892,20251227,Review
10604,1519,5875,20230228,Profile
10605,4236,3055,20231019,Recommendation
10606,4336,1694,20230617,Watch Party
10607,5770,4984,20230715,Review
10608,1447,669,20231111,Profile
10609,2515,1960,20250601,Recommendation
10610,3584,863,20231012,Watch Party
10611,2987,4075,20250203,Review
10612,1943,1591,20241209,Profile
10613,1621,1527,20240503,Recommendation
10614,3255,2771,20250403,Watch Party
10615,2394,5167,20230121,Review
10616,2339,5534,20230823,Profile
10617,1891,2734,20240719,Recommendation
10618,4692,4721,20240716,Watch Party
10619,4247,2206,20250323,Review
10620,2619,5302,20230206,Profile
10621,3517,1249,20230303,Recommendation
10622,1037,2532,20240722,Watch Party
10623,4868,5645,20250411,Review
10624,2316,2905,20250810,Profile
10625,3888,2716,20230131,Recommendation
10626,4747,4725,20251216,Watch Party
10627,3937,4351,20241201,Review
10628,5732,5490,20230919,Profile
10629,4337,3572,20250106,Recommendation
10630,1280,1493,20240129,Watch Party
10631,340,2897,20230330,Review
10632,449,567,20250226,Profile
10633,2757,2739,20241108,Recommendation
10634,3230,3915,20240825,Watch Party
10635,5873,1361,20250831,Review
10636,5223,5436,20240205,Profile
10637,1146,2127,20241111,Recommendation
10638,2565,5334,20250608,Watch Party
10639,5030,2148,20230629,Review
10640,457,2498,20250424,Profile
10641,5680,1451,20230721,Recommendation
10642,111,1903,20250307,Watch Party
10643,2553,282,20241106,Review
10644,5140,1619,20231015,Profile
10645,425,4225,20250428,Recommendation
10646,4819,3223,20250714,Watch Party
10647,3830,5975,20230531,Review
10648,1605,626,20250927,Profile
10649,2340,2971,20231122,Recommendation
10650,3049,2839,20230804,Watch Party
10651,2351,5527,20251220,Review
10652,3402,3181,20230513,Profile
10653,171,4693,20251103,Recommendation
10654,5406,5209,20250410,Watch Party
10655,717,3047,20240724,Review
10656,2009,2098,20230217,Profile
10657,2395,2493,20240130,Recommendation
10658,5207,4186,20250117,Watch Party
10659,3709,4707,20230916,Review
10660,1428,5395,20241103,Profile
10661,3510,802,20240505,Recommendation
10662,3750,4918,20250508,Watch Party
10663,2045,1392,20250106,Review
10664,3501,1300,20251108,Profile
10665,4933,4801,20240823,Recommendation
10666,4189,5126,20250201,Watch Party
10667,4589,1676,20251019,Review
10668,3191,4881,20240331,Profile
10669,793,707,20251119,Recommendation
10670,5301,2049,20231220,Watch Party
10671,3460,480,20231231,Review
10672,5443,4690,20250612,Profile
10673,4880,5399,20250210,Recommendation
10674,2913,3070,20240216,Watch Party
10675,1820,1604,20230317,Review
10676,3999,4838,20240302,Profile
10677,276,2340,20240110,Recommendation
10678,1231,1407,20251205,Watch Party
10679,312,1061,20250730,Review
10680,4329,5988,20240524,Profile
10681,2174,5388,20250219,Recommendation
10682,2127,5687,20230616,Watch Party
10683,5181,3893,20241005,Review
10684,2800,4033,20230917,Profile
10685,2893,4131,20240727,Recommendation
10686,3530,5730,20230313,Watch Party
10687,1740,5024,20250924,Review
10688,1026,5764,20240130,Profile
10689,4595,2019,20230428,Recommendation
10690,5248,1413,20241213,Watch Party
10691,1652,2064,20240506,Review
10692,5936,3153,20241009,Profile
10693,9,2431,20250613,Recommendation
10694,1814,5414,20250607,Watch Party
10695,515,4445,20250904,Review
10696,767,4210,20240121,Profile
10697,2526,863,20240325,Recommendation
10698,2380,5263,20240322,Watch Party
10699,5389,5016,20250528,Review
10700,2649,712,20250228,Profile
10701,3990,4608,20250908,Recommendation
10702,5871,2380,20240912,Watch Party
10703,4357,2064,20251014,Review
10704,1274,4518,20230424,Profile
10705,1353,4472,20230504,Recommendation
10706,1267,2178,20250903,Watch Party
10707,2761,908,20230522,Review
10708,2828,4305,20240524,Profile
10709,1661,3778,20230517,Recommendation
10710,2429,829,20240707,Watch Party
10711,3264,5743,20251110,Review
10712,5385,1126,20251218,Profile
10713,2136,5893,20231027,Recommendation
10714,1675,466,20240624,Watch Party
10715,1541,408,20230412,Review
10716,4452,3762,20250701,Profile
10717,1053,3372,20240101,Recommendation
10718,4722,520,20230507,Watch Party
10719,466,3286,20251227,Review
10720,5185,3080,20231129,Profile
10721,4062,1492,20241119,Recommendation
10722,3971,5641,20230326,Watch Party
10723,680,2734,20251214,Review
10724,3225,4352,20230908,Profile
10725,1713,3928,20231103,Recommendation
10726,4989,5419,20230811,Watch Party
10727,4318,1481,20240718,Review
10728,3424,5551,20250926,Profile
10729,5465,5007,20240306,Recommendation
10730,3721,461,20250910,Watch Party
10731,2350,507,20250202,Review
10732,2800,1971,20240629,Profile
10733,1155,1165,20230223,Recommendation
10734,4331,775,20230205,Watch Party
10735,2566,1262,20240123,Review
10736,5481,2824,20250509,Profile
10737,5554,3378,20251203,Recommendation
10738,2374,2532,20241213,Watch Party
10739,4519,1697,20250211,Review
10740,5756,973,20250105,Profile
10741,5741,572,20251113,Recommendation
10742,1214,3132,20241006,Watch Party
10743,5294,220,20240812,Review
10744,3066,1023,20250611,Profile
10745,2495,1727,20240130,Recommendation
10746,2174,3616,20250101,Watch Party
10747,5162,4812,20230315,Review
10748,1881,3275,20231108,Profile
10749,2276,5493,20230524,Recommendation
10750,2697,3634,20251031,Watch Party
10751,4467,3301,20230526,Review
10752,650,5017,20240707,Profile
10753,4809,5909,20230116,Recommendation
10754,4717,38,20231208,Watch Party
10755,2950,4695,20241221,Review
10756,5667,4371,20251116,Profile
10757,3597,1813,20230114,Recommendation
10758,2236,4728,20250808,Watch Party
10759,3755,5176,20251206,Review
10760,4152,1276,20231108,Profile
10761,5171,2057,20241125,Recommendation
10762,4323,2639,20250818,Watch Party
10763,1584,487,20251110,Review
10764,2579,1593,20240325,Profile
10765,2090,4548,20230918,Recommendation
10766,764,4875,20240606,Watch Party
10767,1713,3775,20240411,Review
10768,155,188,20240414,Profile
10769,1719,1607,20240620,Recommendation
10770,2961,4289,20230816,Watch Party
10771,702,5715,20230210,Review
10772,2853,5824,20240911,Profile
10773,3624,4111,20240604,Recommendation
10774,681,614,20240506,Watch Party
10775,3508,4851,20240727,Review
10776,3739,1898,20231114,Profile
10777,2311,2268,20240618,Recommendation
10778,4726,2957,20240405,Watch Party
10779,3758,5415,20250306,Review
10780,1416,3187,20250304,Profile
10781,5184,2622,20231231,Recommendation
10782,1479,5299,20240827,Watch Party
10783,2120,5283,20230816,Review
10784,1810,3883,20231022,Profile
10785,891,1807,20241012,Recommendation
10786,3685,2406,20240724,Watch Party
10787,3754,3193,20250816,Review
10788,2344,3713,20230728,Profile
10789,2851,4113,20251218,Recommendation
10790,5207,2178,20241016,Watch Party
10791,5074,960,20251005,Review
10792,4867,3726,20230403,Profile
10793,1637,3225,20240704,Recommendation
10794,2212,5975,20230815,Watch Party
10795,3313,4247,20250505,Review
10796,2485,170,20250922,Profile
10797,5177,732,20240108,Recommendation
10798,3869,5494,20240622,Watch Party
10799,5197,842,20240102,Review
10800,5907,847,20230417,Profile
10801,3260,4958,20240914,Recommendation
10802,703,4198,20231001,Watch Party
10803,155,1261,20240826,Review
10804,3131,1468,20240227,Profile
10805,5845,4387,20230125,Recommendation
10806,3065,601,20230225,Watch Party
10807,1400,5975,20230307,Review
10808,1183,1200,20241113,Profile
10809,5012,5380,20240906,Recommendation
10810,2539,268,20250911,Watch Party
10811,4499,1967,20250427,Review
10812,923,1052,20231115,Profile
10813,4529,3365,20250321,Recommendation
10814,5308,2651,20250601,Watch Party
10815,5164,3940,20250920,Review
10816,5176,12,20251207,Profile
10817,1022,4527,20251106,Recommendation
10818,2403,5435,20240815,Watch Party
10819,5718,1407,20250414,Review
10820,3557,2968,20250126,Profile
10821,2496,2283,20241205,Recommendation
10822,614,4665,20231019,Watch Party
10823,398,3017,20250222,Review
10824,2920,5521,20240716,Profile
10825,3659,5053,20240615,Recommendation
10826,2634,5136,20250408,Watch Party
10827,2790,1218,20231209,Review
10828,2117,2055,20250406,Profile
10829,2678,394,20250706,Recommendation
10830,5640,83,20250831,Watch Party
10831,4153,4532,20230917,Review
10832,5365,3920,20230308,Profile
10833,747,4451,20241001,Recommendation
10834,3492,5591,20240727,Watch Party
10835,304,416,20250516,Review
10836,5807,945,20241028,Profile
10837,3755,4951,20240301,Recommendation
10838,363,5002,20250326,Watch Party
10839,2243,3765,20230331,Review
10840,3982,1711,20240712,Profile
10841,2689,4021,20240118,Recommendation
10842,850,341,20230307,Watch Party
10843,5827,2172,20251014,Review
10844,658,4976,20250115,Profile
10845,5356,1935,20240515,Recommendation
10846,3768,5501,20240609,Watch Party
10847,3566,5013,20250131,Review
10848,3448,2159,20230301,Profile
10849,936,2970,20250914,Recommendation
10850,2997,4937,20240116,Watch Party
10851,2067,1108,20230527,Review
10852,708,287,20240922,Profile
10853,5228,4905,20251214,Recommendation
10854,4275,545,20230804,Watch Party
10855,5889,2170,20250406,Review
10856,1573,59,20240307,Profile
10857,107,203,20230117,Recommendation
10858,3855,189,20240619,Watch Party
10859,3572,2059,20251014,Review
10860,1602,5947,20240318,Profile
10861,4442,3527,20241124,Recommendation
10862,4797,1019,20240906,Watch Party
10863,3314,4757,20240311,Review
10864,759,5473,20230123,Profile
10865,1351,2506,20231103,Recommendation
10866,1344,3209,20240918,Watch Party
10867,5090,1544,20250412,Review
10868,5185,1542,20240401,Profile
10869,1623,4647,20251206,Recommendation
10870,5383,1921,20240927,Watch Party
10871,5101,2489,20250702,Review
10872,2425,1074,20240714,Profile
10873,2773,5646,20250722,Recommendation
10874,1210,1376,20240630,Watch Party
10875,4401,4174,20241020,Review
10876,4802,2702,20250909,Profile
10877,5418,5891,20230706,Recommendation
10878,2111,2196,20240526,Watch Party
10879,978,1598,20230904,Review
10880,5072,5588,20230110,Profile
10881,4519,397,20240919,Recommendation
10882,5320,5657,20250802,Watch Party
10883,371,2129,20250628,Review
10884,43,1533,20241229,Profile
10885,4858,3972,20250108,Recommendation
10886,2702,81,20230501,Watch Party
10887,77,5639,20241008,Review
10888,5625,3465,20240719,Profile
10889,433,3066,20250927,Recommendation
10890,2004,2042,20251112,Watch Party
10891,5371,3408,20230809,Review
10892,5573,4464,20230203,Profile
10893,3309,1501,20250215,Recommendation
10894,4372,3632,20240519,Watch Party
10895,3613,32,20250821,Review
10896,855,3209,20250501,Profile
10897,3320,3655,20230411,Recommendation
10898,1934,560,20230423,Watch Party
10899,1104,539,20231111,Review
10900,376,5912,20231010,Profile
10901,5567,1496,20241201,Recommendation
10902,3430,4753,20231208,Watch Party
10903,5730,4919,20240708,Review
10904,460,3000,20241114,Profile
10905,5064,1427,20240403,Recommendation
10906,3460,148,20250127,Watch Party
10907,2909,1128,20230527,Review
10908,421,979,20241218,Profile
10909,3108,1244,20240208,Recommendation
10910,3335,3565,20250216,Watch Party
10911,4391,594,20250814,Review
10912,2085,154,20241126,Profile
10913,2267,2306,20231120,Recommendation
10914,2804,4386,20250207,Watch Party
10915,3554,4509,20230915,Review
10916,5327,1092,20250507,Profile
10917,3933,1612,20230426,Recommendation
10918,1246,2251,20230927,Watch Party
10919,511,1028,20241014,Review
10920,2103,4739,20230615,Profile
10921,5208,4445,20230325,Recommendation
10922,187,2302,20230415,Watch Party
10923,3970,1233,20241019,Review
10924,5457,4815,20241105,Profile
10925,2109,517,20251226,Recommendation
10926,316,2810,20231211,Watch Party
10927,4709,1872,20230324,Review
10928,221,180,20251027,Profile
10929,2924,191,20230318,Recommendation
10930,5922,928,20230120,Watch Party
10931,2851,4051,20250427,Review
10932,2087,505,20251116,Profile
10933,3934,882,20230913,Recommendation
10934,4266,4635,20230617,Watch Party
10935,5762,2111,20240206,Review
10936,4671,5280,20240402,Profile
10937,3864,5859,20230424,Recommendation
10938,631,1472,20241122,Watch Party
10939,4280,2047,20231002,Review
10940,4243,2427,20240316,Profile
10941,5748,2028,20250810,Recommendation
10942,2163,4589,20250323,Watch Party
10943,2679,4303,20230208,Review
10944,1462,545,20250320,Profile
10945,2022,821,20240505,Recommendation
10946,3083,557,20230222,Watch Party
10947,3812,267,20230620,Review
10948,1570,5456,20240325,Profile
10949,4715,850,20230708,Recommendation
10950,3190,3098,20250425,Watch Party
10951,5756,5199,20241224,Review
10952,4811,1751,20230807,Profile
10953,4588,4009,20231103,Recommendation
10954,5284,5205,20240523,Watch Party
10955,1415,1154,20240105,Review
10956,2478,3774,20240529,Profile
10957,30,2377,20230824,Recommendation
10958,2431,3474,20241119,Watch Party
10959,377,5935,20230505,Review
10960,2597,4733,20250318,Profile
10961,2332,369,20230702,Recommendation
10962,5852,1776,20241207,Watch Party
10963,4724,2916,20230528,Review
10964,5681,2189,20231001,Profile
10965,4377,1788,20231125,Recommendation
10966,704,1769,20241126,Watch Party
10967,1960,3735,20230225,Review
10968,5372,2213,20230831,Profile
10969,2649,5798,20241103,Recommendation
10970,3658,4374,20241026,Watch Party
10971,3246,3151,20240106,Review
10972,5513,5344,20250318,Profile
10973,4084,3820,20231006,Recommendation
10974,1569,3088,20250513,Watch Party
10975,19,563,20230306,Review
10976,2087,4764,20250103,Profile
10977,109,1639,20240111,Recommendation
10978,274,5987,20231130,Watch Party
10979,1367,4025,20250212,Review
10980,5819,5473,20251123,Profile
10981,101,3350,20240209,Recommendation
10982,4196,1351,20230201,Watch Party
10983,5143,1519,20240531,Review
10984,1135,3336,20241012,Profile
10985,5882,3035,20250531,Recommendation
10986,5312,5422,20250618,Watch Party
10987,2440,1753,20240414,Review
10988,5563,2398,20240719,Profile
10989,3356,5002,20240220,Recommendation
10990,4573,1112,20250402,Watch Party
10991,3371,3728,20250418,Review
10992,2433,3565,20240128,Profile
10993,94,2944,20240405,Recommendation
10994,3415,5436,20240729,Watch Party
10995,3871,415,20231122,Review
10996,2431,4575,20250712,Profile
10997,4169,3927,20240830,Recommendation
10998,2459,4480,20250916,Watch Party
10999,514,3942,20251018,Review
11000,3189,3645,20240912,Profile
11001,1579,3505,20240405,Recommendation
11002,1788,93,20250818,Watch Party
11003,5707,2530,20230130,Review
11004,4400,4729,20250309,Profile
11005,4803,5432,20251220,Recommendation
11006,5687,3657,20240917,Watch Party
11007,2086,484,20251121,Review
11008,4898,5794,20250615,Profile
11009,3887,4870,20250210,Recommendation
11010,374,1288,20240428,Watch Party
11011,1551,3315,20250418,Review
11012,4263,457,20250809,Profile
11013,4859,5284,20241118,Recommendation
11014,2307,3082,20241216,Watch Party
11015,496,2737,20251115,Review
11016,1552,1789,20231030,Profile
11017,31,5363,20230723,Recommendation
11018,3821,2199,20240601,Watch Party
11019,4841,1042,20240218,Review
11020,4658,5689,20240213,Profile
11021,5762,410,20230809,Recommendation
11022,3292,2668,20250215,Watch Party
11023,3005,5481,20240601,Review
11024,5106,564,20241009,Profile
11025,2995,3601,20240814,Recommendation
11026,5435,2942,20240107,Watch Party
11027,566,4752,20230504,Review
11028,3195,632,20241005,Profile
11029,4114,2127,20250405,Recommendation
11030,471,2497,20231206,Watch Party
11031,5009,5175,20230910,Review
11032,2831,4127,20250405,Profile
11033,3655,1784,20240226,Recommendation
11034,1961,2967,20230108,Watch Party
11035,3644,4042,20250414,Review
11036,1282,4476,20250918,Profile
11037,5236,3545,20240814,Recommendation
11038,3290,716,20230917,Watch Party
11039,2791,5240,20241029,Review
11040,4126,763,20250303,Profile
11041,1008,2799,20241017,Recommendation
11042,2126,2212,20240430,Watch Party
11043,2383,1592,20251205,Review
11044,5679,2979,20240721,Profile
11045,1616,628,20241221,Recommendation
11046,4452,5401,20240612,Watch Party
11047,1627,5625,20250226,Review
11048,172,1454,20240502,Profile
11049,4990,1058,20231009,Recommendation
11050,3073,5283,20240413,Watch Party
11051,69,778,20250412,Review
11052,3856,1591,20250502,Profile
11053,5549,384,20250105,Recommendation
11054,1081,390,20240326,Watch Party
11055,5137,5527,20251116,Review
11056,3251,534,20240530,Profile
11057,5512,2768,20250908,Recommendation
11058,357,2732,20241216,Watch Party
11059,5778,2678,20251021,Review
11060,4280,2468,20240223,Profile
11061,1922,1968,20251012,Recommendation
11062,3294,4801,20240413,Watch Party
11063,2607,5564,20250201,Review
11064,1326,4263,20250305,Profile
11065,1994,991,20230817,Recommendation
11066,2858,5743,20250226,Watch Party
11067,3023,3465,20250619,Review
11068,1510,5916,20251115,Profile
11069,1241,613,20240718,Recommendation
11070,3939,4491,20240617,Watch Party
11071,5532,3833,20241006,Review
11072,5853,1671,20250520,Profile
11073,3751,835,20250923,Recommendation
11074,20,3944,20240724,Watch Party
11075,2070,348,20230314,Review
11076,5291,5110,20241224,Profile
11077,2075,2235,20240528,Recommendation
11078,4720,3228,20251227,Watch Party
11079,4445,5859,20250525,Review
11080,1963,5403,20241025,Profile
11081,1415,3231,20230315,Recommendation
11082,3748,3180,20230427,Watch Party
11083,4271,3073,20240906,Review
11084,2074,2934,20230726,Profile
11085,2854,2220,20250922,Recommendation
11086,48,4231,20230507,Watch Party
11087,5329,4165,20231108,Review
11088,4110,2075,20230115,Profile
11089,1177,4751,20230320,Recommendation
11090,3526,4574,20230902,Watch Party
11091,3317,1265,20230909,Review
11092,4066,5598,20241115,Profile
11093,5012,2877,20250215,Recommendation
11094,5358,1911,20241028,Watch Party
11095,3797,960,20231010,Review
11096,3767,3386,20241003,Profile
11097,3732,1727,20250527,Recommendation
11098,3384,5336,20240429,Watch Party
11099,239,2276,20240317,Review
11100,2175,1559,20240621,Profile
11101,2382,4144,20251112,Recommendation
11102,442,3040,20251005,Watch Party
11103,2287,871,20231212,Review
11104,1347,3945,20241014,Profile
11105,3204,366,20250708,Recommendation
11106,2404,2973,20250803,Watch Party
11107,4805,700,20240710,Review
11108,3309,3148,20231221,Profile
11109,3511,5325,20240514,Recommendation
11110,4930,5109,20240806,Watch Party
11111,287,5244,20250609,Review
11112,3815,1078,20240309,Profile
11113,3771,4152,20230217,Recommendation
11114,1297,2496,20250626,Watch Party
11115,3878,4877,20240704,Review
11116,621,3842,20231224,Profile
11117,3394,2029,20241011,Recommendation
11118,4256,1707,20240109,Watch Party
11119,1191,3069,20231106,Review
11120,4977,5137,20250106,Profile
11121,493,1029,20240525,Recommendation
11122,979,3467,20250303,Watch Party
11123,2676,4214,20240625,Review
11124,4114,3086,20231201,Profile
11125,1572,1659,20241123,Recommendation
11126,2790,995,20230814,Watch Party
11127,5468,1833,20230127,Review
11128,3190,1221,20241018,Profile
11129,5892,103,20230608,Recommendation
11130,3728,1483,20231230,Watch Party
11131,4800,1240,20230301,Review
11132,4646,4101,20250518,Profile
11133,1201,744,20240808,Recommendation
11134,3372,4056,20241106,Watch Party
11135,3612,4992,20250601,Review
11136,4262,3784,20240326,Profile
11137,5963,2443,20231206,Recommendation
11138,5943,4907,20230628,Watch Party
11139,2660,1135,20240412,Review
11140,3951,4709,20230122,Profile
11141,4432,5060,20240124,Recommendation
11142,5011,4562,20240503,Watch Party
11143,3375,5379,20240226,Review
11144,621,1940,20230402,Profile
11145,5989,1291,20230914,Recommendation
11146,5703,1404,20230712,Watch Party
11147,3751,2488,20240520,Review
11148,1998,5535,20251009,Profile
11149,4294,5781,20240227,Recommendation
11150,1358,2150,20251009,Watch Party
11151,2593,44,20231123,Review
11152,1456,4592,20240814,Profile
11153,2047,5425,20240222,Recommendation
11154,4748,3451,20250903,Watch Party
11155,3423,2700,20230930,Review
11156,1227,3902,20250308,Profile
11157,813,5456,20240306,Recommendation
11158,5549,4857,20230928,Watch Party
11159,4979,2205,20230314,Review
11160,2505,1746,20240314,Profile
11161,346,3510,20240618,Recommendation
11162,669,783,20241011,Watch Party
11163,4098,444,20241202,Review
11164,263,2269,20240219,Profile
11165,760,2264,20250805,Recommendation
11166,3924,754,20250304,Watch Party
11167,29,2457,20251114,Review
11168,4374,1319,20230404,Profile
11169,2707,3982,20251013,Recommendation
11170,89,5570,20240513,Watch Party
11171,2541,347,20231217,Review
11172,4830,2524,20240508,Profile
11173,1669,3880,20240115,Recommendation
11174,5489,4505,20250305,Watch Party
11175,2077,2716,20250423,Review
11176,5701,2212,20250425,Profile
11177,5593,5309,20240302,Recommendation
11178,480,1820,20230901,Watch Party
11179,2930,1842,20230914,Review
11180,4387,4003,20250609,Profile
11181,4469,4383,20251201,Recommendation
11182,5989,5091,20231214,Watch Party
11183,4802,5028,20230522,Review
11184,4215,2053,20250224,Profile
11185,1425,1495,20250616,Recommendation
11186,3420,835,20240211,Watch Party
11187,5241,1307,20231125,Review
11188,4619,127,20250624,Profile
11189,320,1167,20251013,Recommendation
11190,2775,2446,20230309,Watch Party
11191,1490,3875,20250825,Review
11192,280,1826,20240614,Profile
11193,2854,2837,20230528,Recommendation
11194,3028,2168,20230930,Watch Party
11195,1531,678,20250326,Review
11196,1573,3692,20240324,Profile
11197,3422,5975,20230109,Recommendation
11198,1058,118,20250825,Watch Party
11199,1660,3392,20250409,Review
11200,4087,5660,20240519,Profile
11201,1030,1935,20230324,Recommendation
11202,2361,4003,20240525,Watch Party
11203,821,4509,20230611,Review
11204,1078,5951,20240202,Profile
11205,1338,3791,20240227,Recommendation
11206,5756,4146,20240303,Watch Party
11207,1484,613,20250108,Review
11208,5369,301,20251121,Profile
11209,2418,4854,20231219,Recommendation
11210,5458,698,20241213,Watch Party
11211,1567,5921,20230830,Review
11212,5188,3648,20230318,Profile
11213,2597,5356,20230730,Recommendation
11214,2257,4761,20230130,Watch Party
11215,5214,5467,20241118,Review
11216,5379,740,20231201,Profile
11217,4168,2607,20250428,Recommendation
11218,3077,4278,20231001,Watch Party
11219,5190,900,20230607,Review
11220,110,4111,20231227,Profile
11221,3713,2907,20230405,Recommendation
11222,4514,1427,20250117,Watch Party
11223,1084,2873,20251211,Review
11224,1208,75,20251025,Profile
11225,5204,1510,20250211,Recommendation
11226,3197,765,20240229,Watch Party
11227,4443,1313,20250927,Review
11228,5823,1133,20250920,Profile
11229,1061,2640,20240725,Recommendation
11230,4998,1782,20251021,Watch Party
11231,2070,5998,20230319,Review
11232,3316,574,20251228,Profile
11233,460,234,20251010,Recommendation
11234,2329,114,20251008,Watch Party
11235,891,1542,20241216,Review
11236,3023,2749,20240402,Profile
11237,4590,4940,20230515,Recommendation
11238,5619,1679,20230711,Watch Party
11239,3012,3607,20231027,Review
11240,5359,3,20230525,Profile
11241,391,849,20240507,Recommendation
11242,295,399,20240925,Watch Party
11243,3960,2196,20250905,Review
11244,3031,5903,20250728,Profile
11245,2106,4902,20240425,Recommendation
11246,5988,3999,20230519,Watch Party
11247,1040,1889,20231215,Review
11248,5717,2391,20231119,Profile
11249,2844,2028,20240507,Recommendation
11250,2009,4856,20241121,Watch Party
11251,3582,1572,20250220,Review
11252,1455,3048,20240328,Profile
11253,2867,1190,20230628,Recommendation
11254,3862,3474,20240105,Watch Party
11255,4089,5507,20230818,Review
11256,4768,1113,20240203,Profile
11257,664,5012,20230331,Recommendation
11258,4882,4945,20250812,Watch Party
11259,1543,2868,20231019,Review
11260,2931,3027,20231030,Profile
11261,639,5809,20250720,Recommendation
11262,4081,1235,20250827,Watch Party
11263,3383,4902,20240804,Review
11264,2810,899,20240214,Profile
11265,2974,5129,20231202,Recommendation
11266,5984,5772,20240220,Watch Party
11267,2406,5347,20250603,Review
11268,3364,5376,20251022,Profile
11269,4261,5845,20250718,Recommendation
11270,3192,4247,20250707,Watch Party
11271,2192,1514,20250130,Review
11272,5079,1559,20240114,Profile
11273,4076,1753,20250121,Recommendation
11274,5182,5167,20240508,Watch Party
11275,4969,5571,20230403,Review
11276,2297,522,20241005,Profile
11277,517,47,20250624,Recommendation
11278,698,3094,20250505,Watch Party
11279,4030,4709,20231218,Review
11280,1262,2102,20240630,Profile
11281,5084,1504,20241031,Recommendation
11282,4364,2700,20240329,Watch Party
11283,751,3714,20230205,Review
11284,4309,2544,20250313,Profile
11285,5362,3200,20240309,Recommendation
11286,5499,5751,20240213,Watch Party
11287,273,3341,20240209,Review
11288,4732,4060,20250407,Profile
11289,2215,955,20240321,Recommendation
11290,1178,5549,20250613,Watch Party
11291,419,2312,20251114,Review
11292,3874,5118,20250206,Profile
11293,2568,1265,20230401,Recommendation
11294,4597,5300,20250122,Watch Party
11295,241,5461,20250508,Review
11296,1974,2633,20250601,Profile
11297,1992,4991,20240409,Recommendation
11298,3713,5094,20230609,Watch Party
11299,2049,1001,20241220,Review
11300,5637,5677,20250608,Profile
11301,597,3453,20251017,Recommendation
11302,3446,3366,20230918,Watch Party
11303,1892,3495,20230607,Review
11304,3840,1659,20230515,Profile
11305,355,2485,20241011,Recommendation
11306,2297,630,20240610,Watch Party
11307,3631,4492,20250118,Review
11308,1646,5241,20240228,Profile
11309,1830,5707,20250313,Recommendation
11310,4500,4031,20240112,Watch Party
11311,5122,554,20240902,Review
11312,1407,4251,20250428,Profile
11313,666,2845,20240614,Recommendation
11314,1790,5412,20250509,Watch Party
11315,2574,4684,20250713,Review
11316,4511,2332,20251030,Profile
11317,4482,2962,20230701,Recommendation
11318,3503,1116,20240916,Watch Party
11319,1170,3829,20230506,Review
11320,2130,2943,20240306,Profile
11321,5724,4333,20230508,Recommendation
11322,3433,5910,20240821,Watch Party
11323,4046,2280,20230715,Review
11324,164,5135,20231014,Profile
11325,3411,1559,20240405,Recommendation
11326,3733,3121,20230623,Watch Party
11327,5737,5047,20240417,Review
11328,5207,4083,20230612,Profile
11329,2556,93,20240924,Recommendation
11330,3770,3495,20250215,Watch Party
11331,3170,2601,20241204,Review
11332,3491,2852,20231227,Profile
11333,5353,91,20250220,Recommendation
11334,2229,3577,20251218,Watch Party
11335,925,4819,20250317,Review
11336,5282,1413,20240524,Profile
11337,2086,5596,20250606,Recommendation
11338,3594,5480,20230313,Watch Party
11339,5630,1612,20230911,Review
11340,1769,5773,20240704,Profile
11341,3577,4544,20230809,Recommendation
11342,2233,151,20250715,Watch Party
11343,5050,964,20230615,Review
11344,1942,1801,20250129,Profile
11345,2652,5665,20230716,Recommendation
11346,1896,3477,20231104,Watch Party
11347,1117,1823,20230211,Review
11348,1925,4738,20250926,Profile
11349,4315,3125,20250602,Recommendation
11350,1073,2547,20240107,Watch Party
11351,1609,5228,20231221,Review
11352,1993,2923,20230725,Profile
11353,435,4294,20250722,Recommendation
11354,926,3953,20251028,Watch Party
11355,557,2473,20251027,Review
11356,4842,453,20240907,Profile
11357,4862,4655,20240829,Recommendation
11358,3156,5927,20241121,Watch Party
11359,3742,477,20240403,Review
11360,2581,2023,20230216,Profile
11361,655,2323,20230303,Recommendation
11362,4882,1125,20240806,Watch Party
11363,2617,3286,20250317,Review
11364,5494,1574,20240705,Profile
11365,2861,576,20241111,Recommendation
11366,3975,5765,20231108,Watch Party
11367,1541,913,20240616,Review
11368,1444,503,20231223,Profile
11369,4111,3921,20230902,Recommendation
11370,5628,3355,20251111,Watch Party
11371,1486,2559,20240526,Review
11372,136,4692,20250206,Profile
11373,3436,2713,20250620,Recommendation
11374,1458,5400,20240829,Watch Party
11375,466,4024,20241209,Review
11376,4143,5389,20240115,Profile
11377,2383,2705,20240915,Recommendation
11378,3473,1196,20230523,Watch Party
11379,4675,3989,20240318,Review
11380,4343,149,20250107,Profile
11381,833,4586,20230421,Recommendation
11382,3277,1935,20230208,Watch Party
11383,917,2833,20250331,Review
11384,2095,5993,20230106,Profile
11385,3172,3990,20230323,Recommendation
11386,2668,5906,20240715,Watch Party
11387,705,4548,20250113,Review
11388,5286,4330,20240606,Profile
11389,5120,4455,20250513,Recommendation
11390,4619,1157,20250723,Watch Party
11391,102,3813,20251231,Review
11392,3478,2391,20250228,Profile
11393,1060,4898,20241127,Recommendation
11394,2529,5664,20240804,Watch Party
11395,4815,5304,20241230,Review
11396,4114,5100,20230127,Profile
11397,1430,2040,20230311,Recommendation
11398,2497,4783,20241221,Watch Party
11399,1758,3888,20230227,Review
11400,3698,3280,20241207,Profile
11401,966,2764,20240402,Recommendation
11402,5690,2554,20250303,Watch Party
11403,2550,2761,20240703,Review
11404,3754,3964,20231021,Profile
11405,1550,377,20230124,Recommendation
11406,2802,2194,20250912,Watch Party
11407,2620,2007,20241213,Review
11408,3255,3448,20240803,Profile
11409,5616,1049,20240316,Recommendation
11410,3013,2638,20230502,Watch Party
11411,5323,5549,20230909,Review
11412,2454,2841,20240312,Profile
11413,385,5774,20250920,Recommendation
11414,5098,699,20250225,Watch Party
11415,4881,812,20250721,Review
11416,3863,2337,20241204,Profile
11417,2101,3037,20250621,Recommendation
11418,153,1507,20230706,Watch Party
11419,1568,1171,20231226,Review
11420,111,5459,20230108,Profile
11421,4787,1264,20241213,Recommendation
11422,4001,3428,20251226,Watch Party
11423,5341,4715,20250823,Review
11424,117,1330,20250623,Profile
11425,714,4353,20230513,Recommendation
11426,2051,613,20230815,Watch Party
11427,2795,3960,20251031,Review
11428,5711,2050,20230102,Profile
11429,64,4578,20250701,Recommendation
11430,853,5236,20230902,Watch Party
11431,359,3318,20240206,Review
11432,5884,4572,20230919,Profile
11433,981,5212,20230630,Recommendation
11434,3490,4614,20230804,Watch Party
11435,329,986,20230901,Review
11436,2017,700,20250529,Profile
11437,5048,1935,20250102,Recommendation
11438,1300,5326,20250112,Watch Party
11439,2724,4982,20250212,Review
11440,2653,2248,20240620,Profile
11441,1988,401,20230215,Recommendation
11442,4361,4755,20240320,Watch Party
11443,3770,5700,20230717,Review
11444,3922,3690,20241205,Profile
11445,4026,5739,20250101,Recommendation
11446,5283,1480,20230319,Watch Party
11447,4762,5549,20230305,Review
11448,690,5541,20240510,Profile
11449,82,1536,20240207,Recommendation
11450,3792,4291,20230702,Watch Party
11451,1375,247,20251108,Review
11452,3088,1442,20230124,Profile
11453,5155,3783,20250607,Recommendation
11454,1885,4057,20231004,Watch Party
11455,4486,5668,20251021,Review
11456,1116,5495,20250224,Profile
11457,23,2682,20231111,Recommendation
11458,5072,999,20231214,Watch Party
11459,4709,4859,20240426,Review
11460,486,5872,20240903,Profile
11461,5574,5638,20240718,Recommendation
11462,392,4115,20250413,Watch Party
11463,3299,5080,20251207,Review
11464,2085,1561,20241130,Profile
11465,2473,4408,20250411,Recommendation
11466,2046,4935,20230627,Watch Party
11467,3916,605,20240126,Review
11468,1460,1079,20240806,Profile
11469,3859,480,20230315,Recommendation
11470,4406,4927,20230405,Watch Party
11471,4598,1475,20231026,Review
11472,3837,5094,20240220,Profile
11473,4831,2985,20240707,Recommendation
11474,961,1865,20230211,Watch Party
11475,87,1275,20231225,Review
11476,2716,47,20240721,Profile
11477,2398,5625,20250208,Recommendation
11478,1591,4175,20230818,Watch Party
11479,600,5014,20230924,Review
11480,694,4381,20250821,Profile
11481,5124,5908,20231010,Recommendation
11482,1352,4578,20240729,Watch Party
11483,3117,4726,20241225,Review
11484,5428,5231,20240318,Profile
11485,1113,1557,20230508,Recommendation
11486,115,1068,20230808,Watch Party
11487,4796,3131,20241215,Review
11488,3305,2806,20240510,Profile
11489,2475,332,20250802,Recommendation
11490,3991,1304,20241229,Watch Party
11491,4854,1879,20250703,Review
11492,1125,3476,20230507,Profile
11493,3738,5032,20230317,Recommendation
11494,2808,2942,20241114,Watch Party
11495,2791,5335,20240805,Review
11496,1924,4811,20231108,Profile
11497,5906,5627,20250616,Recommendation
11498,1655,1928,20230528,Watch Party
11499,235,857,20230311,Review
11500,4408,1043,20250510,Profile
11501,1446,4168,20240914,Recommendation
11502,2667,1227,20251130,Watch Party
11503,3597,1072,20231118,Review
11504,1240,5374,20250430,Profile
11505,5150,5454,20230124,Recommendation
11506,2543,3213,20250326,Watch Party
11507,3528,3437,20240921,Review
11508,1612,3879,20230224,Profile
11509,4390,189,20240530,Recommendation
11510,5219,4018,20230507,Watch Party
11511,5767,3320,20240822,Review
11512,1983,2793,20230616,Profile
11513,5198,645,20250430,Recommendation
11514,3763,1212,20230415,Watch Party
11515,5684,815,20240909,Review
11516,2007,4052,20240725,Profile
11517,2169,5895,20250331,Recommendation
11518,3822,1953,20250910,Watch Party
11519,287,4580,20230424,Review
11520,1473,274,20240724,Profile
11521,2300,2208,20230416,Recommendation
11522,475,591,20240629,Watch Party
11523,5355,2667,20230211,Review
11524,4218,5932,20240522,Profile
11525,3752,3483,20250430,Recommendation
11526,2894,4782,20250124,Watch Party
11527,5505,2867,20230319,Review
11528,5409,1210,20240926,Profile
11529,16,63,20230125,Recommendation
11530,2180,424,20240206,Watch Party
11531,5751,5414,20231016,Review
11532,4324,1469,20231208,Profile
11533,3725,2364,20240909,Recommendation
11534,1333,3460,20250122,Watch Party
11535,22,4137,20250505,Review
11536,5793,5839,20241227,Profile
11537,1974,5598,20240430,Recommendation
11538,4215,3669,20251120,Watch Party
11539,2844,2816,20230321,Review
11540,3143,2298,20230829,Profile
11541,4146,876,20231211,Recommendation
11542,2434,4893,20230718,Watch Party
11543,4002,5226,20251024,Review
11544,3537,1075,20250407,Profile
11545,146,4860,20250823,Recommendation
11546,727,3459,20241008,Watch Party
11547,3665,3892,20250911,Review
11548,5328,5281,20241203,Profile
11549,214,275,20230823,Recommendation
11550,1584,5044,20240506,Watch Party
11551,1793,283,20250727,Review
11552,892,1232,20230325,Profile
11553,210,2057,20250903,Recommendation
11554,1724,5020,20230204,Watch Party
11555,2248,1151,20250425,Review
11556,4724,3757,20230201,Profile
11557,835,3963,20250530,Recommendation
11558,5363,5214,20240221,Watch Party
11559,5906,569,20250320,Review
11560,3818,4923,20230821,Profile
11561,3543,3174,20240422,Recommendation
11562,2138,1306,20240901,Watch Party
11563,4974,1574,20241103,Review
11564,457,2208,20230328,Profile
11565,578,2100,20230520,Recommendation
11566,1779,2164,20230611,Watch Party
11567,768,895,20230426,Review
11568,3675,4059,20250213,Profile
11569,2719,1195,20230310,Recommendation
11570,1070,2559,20240914,Watch Party
11571,3555,802,20240903,Review
11572,2994,4135,20250209,Profile
11573,2835,4223,20250701,Recommendation
11574,2436,5567,20230518,Watch Party
11575,701,771,20250804,Review
11576,339,2234,20230220,Profile
11577,4158,4541,20250318,Recommendation
11578,3823,1433,20240627,Watch Party
11579,5961,2746,20240531,Review
11580,2649,2430,20240715,Profile
11581,4293,3566,20240810,Recommendation
11582,2637,3256,20240327,Watch Party
11583,5981,1242,20240320,Review
11584,4368,4541,20240821,Profile
11585,411,2506,20230106,Recommendation
11586,2197,4676,20230713,Watch Party
11587,2753,724,20241027,Review
11588,2363,4029,20230318,Profile
11589,4166,5599,20250606,Recommendation
11590,5542,3547,20231120,Watch Party
11591,266,3304,20231120,Review
11592,1965,1840,20231213,Profile
11593,2347,2761,20230708,Recommendation
11594,3884,4970,20230703,Watch Party
11595,2620,3887,20240620,Review
11596,1124,5896,20240512,Profile
11597,5391,287,20250924,Recommendation
11598,1323,3444,20240312,Watch Party
11599,2613,370,20231024,Review
11600,4671,5977,20240109,Profile
11601,3455,1381,20241101,Recommendation
11602,2447,4547,20230708,Watch Party
11603,1819,5315,20240403,Review
11604,1376,1247,20250616,Profile
11605,3616,5012,20230519,Recommendation
11606,3665,4585,20230127,Watch Party
11607,4633,2827,20230816,Review
11608,4283,5907,20230211,Profile
11609,4209,5192,20250707,Recommendation
11610,61,932,20251028,Watch Party
11611,4990,2462,20240718,Review
11612,3760,1083,20240305,Profile
11613,4899,154,20240709,Recommendation
11614,4860,278,20250410,Watch Party
11615,3027,4604,20250610,Review
11616,2824,3680,20240711,Profile
11617,4552,1264,20240426,Recommendation
11618,787,3399,20230504,Watch Party
11619,2055,948,20230811,Review
11620,5284,631,20250518,Profile
11621,4497,264,20230228,Recommendation
11622,1762,2774,20250303,Watch Party
11623,16,5734,20231101,Review
11624,4301,3673,20231205,Profile
11625,4483,3941,20230227,Recommendation
11626,2463,4227,20251101,Watch Party
11627,3456,4817,20240517,Review
11628,2771,4055,20231204,Profile
11629,4851,3257,20240618,Recommendation
11630,1003,3574,20230504,Watch Party
11631,1786,3103,20241130,Review
11632,4398,5939,20250315,Profile
11633,808,1678,20250816,Recommendation
11634,2932,2207,20251208,Watch Party
11635,2360,4738,20241203,Review
11636,160,621,20231121,Profile
11637,3586,1754,20240223,Recommendation
11638,3379,2943,20250421,Watch Party
11639,4309,469,20231109,Review
11640,3200,3919,20250614,Profile
11641,312,2721,20251102,Recommendation
11642,2727,4537,20240718,Watch Party
11643,2157,5121,20251204,Review
11644,3097,4404,20250829,Profile
11645,207,1265,20241122,Recommendation
11646,2177,730,20231011,Watch Party
11647,243,1510,20241223,Review
11648,1301,35,20240426,Profile
11649,5364,4023,20250204,Recommendation
11650,2153,518,20250813,Watch Party
11651,4720,4860,20230301,Review
11652,5038,3957,20240813,Profile
11653,874,5163,20250802,Recommendation
11654,3567,5883,20230616,Watch Party
11655,5693,5885,20250508,Review
11656,2696,2980,20230730,Profile
11657,636,4001,20231128,Recommendation
11658,2810,2093,20251214,Watch Party
11659,2935,1436,20240919,Review
11660,2422,2281,20250103,Profile
11661,5617,3785,20240502,Recommendation
11662,3894,734,20250424,Watch Party
11663,2008,5128,20240105,Review
11664,5342,5957,20241012,Profile
11665,5355,2631,20250503,Recommendation
11666,5762,972,20240402,Watch Party
11667,5121,257,20241229,Review
11668,28,4555,20240108,Profile
11669,3698,5271,20230924,Recommendation
11670,3007,4342,20230404,Watch Party
11671,4255,4510,20231104,Review
11672,1056,5016,20240729,Profile
11673,1841,461,20230118,Recommendation
11674,4672,2787,20240824,Watch Party
11675,1490,3377,20240514,Review
11676,3670,1269,20231211,Profile
11677,5330,1146,20241217,Recommendation
11678,2195,769,20241107,Watch Party
11679,5902,1841,20251120,Review
11680,131,2468,20251029,Profile
11681,2100,4784,20240227,Recommendation
11682,1375,204,20251101,Watch Party
11683,4266,4236,20230114,Review
11684,3957,3128,20250825,Profile
11685,2131,3245,20230511,Recommendation
11686,1926,5815,20240120,Watch Party
11687,1010,4065,20240927,Review
11688,3289,2959,20251110,Profile
11689,2323,235,20250303,Recommendation
11690,3019,237,20230531,Watch Party
11691,407,4421,20231009,Review
11692,5678,2335,20230324,Profile
11693,2906,3047,20230121,Recommendation
11694,2756,2620,20240304,Watch Party
11695,2072,255,20240127,Review
11696,2492,4479,20240117,Profile
11697,9,2301,20240605,Recommendation
11698,5207,3802,20230513,Watch Party
11699,5230,4045,20230315,Review
11700,5451,1830,20250217,Profile
11701,4103,1276,20230829,Recommendation
11702,3838,1566,20250717,Watch Party
11703,5996,5497,20240527,Review
11704,4448,1542,20251102,Profile
11705,1382,3079,20240809,Recommendation
11706,4553,1212,20240415,Watch Party
11707,2237,3942,20250102,Review
11708,501,5969,20240202,Profile
11709,3083,5486,20230729,Recommendation
11710,1236,4864,20251107,Watch Party
11711,2363,2402,20251225,Review
11712,4555,2989,20231210,Profile
11713,1779,5371,20240623,Recommendation
11714,1790,810,20240811,Watch Party
11715,3769,284,20230303,Review
11716,1541,3528,20251115,Profile
11717,3562,4023,20230505,Recommendation
11718,5651,2492,20230703,Watch Party
11719,4518,1753,20240123,Review
11720,1480,4454,20230630,Profile
11721,242,4622,20241023,Recommendation
11722,2127,5246,20240421,Watch Party
11723,634,693,20240805,Review
11724,5074,3295,20250613,Profile
11725,2214,3012,20240615,Recommendation
11726,1015,265,20230930,Watch Party
11727,3476,5166,20231125,Review
11728,5185,397,20241203,Profile
11729,5011,5308,20251115,Recommendation
11730,1001,5244,20241015,Watch Party
11731,4280,2125,20231223,Review
11732,4198,5688,20250925,Profile
11733,556,332,20250417,Recommendation
11734,4669,4514,20240420,Watch Party
11735,5125,3740,20240727,Review
11736,4024,5843,20230121,Profile
11737,4630,3945,20230904,Recommendation
11738,942,5571,20230308,Watch Party
11739,1308,3690,20250116,Review
11740,4071,5463,20250627,Profile
11741,5512,2990,20240512,Recommendation
11742,1577,5575,20230507,Watch Party
11743,1160,3647,20240108,Review
11744,4086,362,20240129,Profile
11745,3805,5392,20240512,Recommendation
11746,1271,2817,20230128,Watch Party
11747,5273,2243,20250126,Review
11748,3751,2348,20231006,Profile
11749,1233,442,20230605,Recommendation
11750,4180,1424,20240719,Watch Party
11751,29,1557,20241002,Review
11752,5909,4712,20240909,Profile
11753,423,2824,20231204,Recommendation
11754,5477,265,20240205,Watch Party
11755,1614,3794,20231103,Review
11756,1300,419,20231224,Profile
11757,4251,3247,20230906,Recommendation
11758,359,26,20240813,Watch Party
11759,873,348,20250110,Review
11760,4286,1990,20240410,Profile
11761,5504,790,20241020,Recommendation
11762,2229,567,20240115,Watch Party
11763,1532,1679,20250217,Review
11764,5453,243,20230824,Profile
11765,1236,1523,20240910,Recommendation
11766,3183,5307,20240318,Watch Party
11767,5116,3984,20250103,Review
11768,5101,476,20251008,Profile
11769,2791,799,20250326,Recommendation
11770,1583,75,20231104,Watch Party
11771,5976,3035,20240125,Review
11772,2106,3366,20250413,Profile
11773,5779,420,20241111,Recommendation
11774,2141,2174,20230225,Watch Party
11775,3800,3652,20230127,Review
11776,2352,334,20230808,Profile
11777,5244,5988,20231205,Recommendation
11778,2935,114,20230716,Watch Party
11779,2228,3581,20250725,Review
11780,3618,4403,20241009,Profile
11781,1203,3085,20241211,Recommendation
11782,2209,4653,20231209,Watch Party
11783,943,1933,20230222,Review
11784,4071,4691,20250613,Profile
11785,4318,5941,20250927,Recommendation
11786,665,751,20240311,Watch Party
11787,2816,2561,20241219,Review
11788,2403,5551,20230127,Profile
11789,2934,961,20251107,Recommendation
11790,3784,4703,20240705,Watch Party
11791,5255,5131,20240818,Review
11792,5598,4751,20250828,Profile
11793,5284,4639,20241127,Recommendation
11794,3091,873,20251220,Watch Party
11795,5688,2920,20230726,Review
11796,3731,2583,20250728,Profile
11797,2865,3867,20230402,Recommendation
11798,2261,1647,20240227,Watch Party
11799,4883,5573,20240210,Review
11800,1490,4680,20241030,Profile
11801,1661,2699,20240521,Recommendation
11802,296,4927,20250404,Watch Party
11803,1804,5909,20240806,Review
11804,1301,1965,20230209,Profile
11805,5840,5697,20250503,Recommendation
11806,746,3977,20230810,Watch Party
11807,3982,121,20230122,Review
11808,5384,4976,20250423,Profile
11809,3562,1435,20240606,Recommendation
11810,5308,2302,20250206,Watch Party
11811,3890,4863,20240427,Review
11812,456,4175,20250412,Profile
11813,75,4811,20230213,Recommendation
11814,5244,4816,20241103,Watch Party
11815,3857,5062,20230205,Review
11816,5583,4782,20250216,Profile
11817,714,334,20231010,Recommendation
11818,5734,4670,20250618,Watch Party
11819,416,5668,20250808,Review
11820,924,1802,20230513,Profile
11821,301,5276,20240510,Recommendation
11822,2804,5659,20240625,Watch Party
11823,4678,5640,20250311,Review
11824,2186,5267,20240330,Profile
11825,1108,5963,20250703,Recommendation
11826,4882,4023,20230202,Watch Party
11827,573,3639,20240216,Review
11828,2558,52,20240118,Profile
11829,680,5455,20250112,Recommendation
11830,5134,5495,20240908,Watch Party
11831,4750,1585,20230922,Review
11832,3574,3411,20240713,Profile
11833,1328,3146,20250205,Recommendation
11834,577,5649,20250307,Watch Party
11835,2096,1982,20240822,Review
11836,2410,5147,20230226,Profile
11837,3832,5295,20250509,Recommendation
11838,100,149,20230708,Watch Party
11839,1103,1954,20230221,Review
11840,3088,4163,20251114,Profile
11841,5779,4453,20240914,Recommendation
11842,2589,630,20250428,Watch Party
11843,1258,4328,20251015,Review
11844,1787,391,20230324,Profile
11845,817,3934,20240110,Recommendation
11846,4003,3829,20240715,Watch Party
11847,1913,2242,20241027,Review
11848,3503,3308,20251108,Profile
11849,1866,3655,20250507,Recommendation
11850,79,227,20231204,Watch Party
11851,4257,4651,20250906,Review
11852,1298,2651,20250603,Profile
11853,506,2081,20240425,Recommendation
11854,3,2880,20241020,Watch Party
11855,2084,5561,20231228,Review
11856,2026,4306,20230930,Profile
11857,77,2776,20240101,Recommendation
11858,5107,3470,20231202,Watch Party
11859,3475,4497,20230521,Review
11860,2473,3463,20250908,Profile
11861,1254,877,20240425,Recommendation
11862,4178,4328,20250811,Watch Party
11863,3365,518,20250527,Review
11864,1770,3349,20251118,Profile
11865,351,4422,20230213,Recommendation
11866,573,3855,20250429,Watch Party
11867,668,4824,20250117,Review
11868,4473,1378,20251009,Profile
11869,4202,1237,20240618,Recommendation
11870,2759,2528,20241006,Watch Party
11871,4242,725,20240623,Review
11872,125,5858,20230808,Profile
11873,1827,3547,20251125,Recommendation
11874,2999,425,20251119,Watch Party
11875,4047,1955,20230316,Review
11876,3550,1494,20230306,Profile
11877,1428,2809,20231009,Recommendation
11878,4664,813,20240114,Watch Party
11879,3987,367,20250627,Review
11880,2411,3707,20231211,Profile
11881,2446,5729,20241031,Recommendation
11882,4856,3871,20230710,Watch Party
11883,1967,5770,20240110,Review
11884,4534,3648,20231202,Profile
11885,66,1987,20240502,Recommendation
11886,3184,826,20230331,Watch Party
11887,4891,163,20230512,Review
11888,4255,394,20240709,Profile
11889,3313,2815,20250724,Recommendation
11890,1506,3646,20231230,Watch Party
11891,950,3590,20251104,Review
11892,246,4557,20240119,Profile
11893,5087,1085,20251224,Recommendation
11894,3115,2574,20230708,Watch Party
11895,2699,3590,20241125,Review
11896,4283,4974,20250521,Profile
11897,1821,5746,20230601,Recommendation
11898,1940,1592,20241025,Watch Party
11899,51,1848,20240817,Review
11900,1647,1886,20230109,Profile
11901,1177,3541,20230826,Recommendation
11902,5913,1584,20241218,Watch Party
11903,4118,5551,20250423,Review
11904,4182,436,20250330,Profile
11905,2507,3577,20240927,Recommendation
11906,1294,5339,20231122,Watch Party
11907,4463,1666,20250709,Review
11908,3313,3815,20230101,Profile
11909,1969,4545,20241229,Recommendation
11910,2573,2668,20251207,Watch Party
11911,5019,474,20230306,Review
11912,4753,3693,20240108,Profile
11913,3854,1709,20230427,Recommendation
11914,5485,4904,20240529,Watch Party
11915,1116,3413,20230203,Review
11916,49,3487,20230206,Profile
11917,3491,1736,20240213,Recommendation
11918,2099,4554,20241216,Watch Party
11919,4919,182,20230819,Review
11920,4679,4945,20240815,Profile
11921,4173,3625,20231227,Recommendation
11922,3004,2380,20250211,Watch Party
11923,5605,5260,20250528,Review
11924,2987,528,20241117,Profile
11925,2989,2616,20250521,Recommendation
11926,4592,833,20230506,Watch Party
11927,2448,1963,20240912,Review
11928,5810,3004,20240511,Profile
11929,3048,1529,20240212,Recommendation
11930,2506,922,20251001,Watch Party
11931,3201,4419,20230207,Review
11932,5574,3849,20240611,Profile
11933,5694,3474,20251028,Recommendation
11934,5045,2348,20230322,Watch Party
11935,4206,4183,20251211,Review
11936,1815,4649,20241103,Profile
11937,535,5062,20251125,Recommendation
11938,3453,289,20250830,Watch Party
11939,2809,15,20231107,Review
11940,1120,4094,20240129,Profile
11941,5702,2878,20250513,Recommendation
11942,5127,1058,20251202,Watch Party
11943,4773,2146,20251023,Review
11944,2568,5431,20250829,Profile
11945,2848,3101,20230724,Recommendation
11946,4362,4598,20230204,Watch Party
11947,1785,2850,20251223,Review
11948,2331,1431,20240723,Profile
11949,1080,3072,20250424,Recommendation
11950,783,976,20250714,Watch Party
11951,2724,4701,20240216,Review
11952,4529,3884,20240210,Profile
11953,718,1226,20240415,Recommendation
11954,1087,5508,20230414,Watch Party
11955,4239,3511,20230623,Review
11956,4546,3945,20240708,Profile
11957,3252,2275,20240116,Recommendation
11958,4350,827,20240522,Watch Party
11959,1400,4745,20250304,Review
11960,1826,4959,20251108,Profile
11961,5059,4746,20250528,Recommendation
11962,2712,4855,20240303,Watch Party
11963,5930,4374,20241224,Review
11964,3266,4443,20250104,Profile
11965,3343,3173,20230715,Recommendation
11966,4367,5607,20230823,Watch Party
11967,3404,5502,20231017,Review
11968,1341,1586,20230923,Profile
11969,1693,5291,20251122,Recommendation
11970,1923,4851,20240716,Watch Party
11971,4522,4799,20230620,Review
11972,3377,829,20241030,Profile
11973,3016,5926,20231101,Recommendation
11974,3247,4571,20240505,Watch Party
11975,763,5942,20250626,Review
11976,5013,2093,20250416,Profile
11977,2089,4923,20230909,Recommendation
11978,3208,2219,20240327,Watch Party
11979,4956,5901,20240209,Review
11980,5046,3915,20230507,Profile
11981,3130,5101,20250515,Recommendation
11982,1630,2912,20230607,Watch Party
11983,3942,2647,20250209,Review
11984,1852,1012,20230911,Profile
11985,1245,832,20230625,Recommendation
11986,1955,5760,20241110,Watch Party
11987,296,130,20230217,Review
11988,3081,3797,20251006,Profile
11989,1302,4575,20231001,Recommendation
11990,58,483,20250715,Watch Party
11991,4204,5081,20240824,Review
11992,4794,1354,20250301,Profile
11993,1702,2429,20241027,Recommendation
11994,403,5862,20230113,Watch Party
11995,542,3368,20231126,Review
11996,3281,44,20251216,Profile
11997,718,2522,20230101,Recommendation
11998,4859,5302,20230413,Watch Party
11999,1565,5504,20251015,Review
12000,4737,2337,20230206,Profile
12001,269,1287,20231114,Recommendation
12002,5072,5846,20240713,Watch Party
12003,3413,2987,20230416,Review
12004,3062,2336,20231118,Profile
12005,4568,4115,20251116,Recommendation
12006,3549,2451,20241218,Watch Party
12007,5754,5447,20230721,Review
12008,93,4422,20250313,Profile
12009,2447,5715,20250310,Recommendation
12010,3383,5867,20251207,Watch Party
12011,1308,5569,20240813,Review
12012,4838,5574,20230612,Profile
12013,3997,5276,20230907,Recommendation
12014,21,1222,20230814,Watch Party
12015,993,370,20231012,Review
12016,4940,1320,20250809,Profile
12017,2777,4321,20250111,Recommendation
12018,4323,5805,20230511,Watch Party
12019,469,1934,20230823,Review
12020,2223,2483,20241108,Profile
12021,3952,4905,20230509,Recommendation
12022,159,2246,20230531,Watch Party
12023,4486,2971,20230730,Review
12024,4748,2837,20241023,Profile
12025,4085,211,20250824,Recommendation
12026,3122,1281,20230819,Watch Party
12027,4415,5116,20241206,Review
12028,3718,2063,20240129,Profile
12029,4477,5549,20231107,Recommendation
12030,441,4159,20250504,Watch Party
12031,2527,2514,20230926,Review
12032,5107,2299,20250919,Profile
12033,1592,5481,20230513,Recommendation
12034,5135,5643,20240917,Watch Party
12035,5443,5923,20230807,Review
12036,3627,5626,20240708,Profile
12037,5171,5960,20230523,Recommendation
12038,5355,4648,20250213,Watch Party
12039,5417,2538,20251115,Review
12040,2829,1088,20241011,Profile
12041,860,2971,20250912,Recommendation
12042,1084,4978,20241027,Watch Party
12043,4159,4776,20230209,Review
12044,5641,1628,20240127,Profile
12045,1181,3618,20251130,Recommendation
12046,14,2776,20241023,Watch Party
12047,5101,3299,20231206,Review
12048,2828,3454,20251106,Profile
12049,2319,2761,20250813,Recommendation
12050,2270,966,20231113,Watch Party
12051,4055,4394,20240821,Review
12052,3766,1988,20230223,Profile
12053,1578,5276,20251228,Recommendation
12054,2500,4756,20230803,Watch Party
12055,4482,798,20250414,Review
12056,5592,4045,20240418,Profile
12057,1765,2117,20230318,Recommendation
12058,2815,5919,20241004,Watch Party
12059,3121,4109,20230116,Review
12060,999,5416,20230411,Profile
12061,4125,3983,20241005,Recommendation
12062,2561,882,20250310,Watch Party
12063,1986,3087,20250927,Review
12064,3477,1375,20250723,Profile
12065,5929,5009,20231218,Recommendation
12066,2555,3377,20230912,Watch Party
12067,4554,749,20240330,Review
12068,5074,4798,20240531,Profile
12069,5825,3459,20240418,Recommendation
12070,2799,3310,20240613,Watch Party
12071,5759,723,20251003,Review
12072,1793,5077,20251101,Profile
12073,1630,1570,20230218,Recommendation
12074,1194,1745,20230225,Watch Party
12075,3467,5435,20230710,Review
12076,4657,1707,20240720,Profile
12077,2817,3645,20240630,Recommendation
12078,5592,2692,20240304,Watch Party
12079,2999,5712,20250101,Review
12080,2901,1846,20240413,Profile
12081,826,4017,20250609,Recommendation
12082,2628,2777,20250519,Watch Party
12083,4487,3641,20250509,Review
12084,3976,4614,20240928,Profile
12085,2652,1622,20240622,Recommendation
12086,1836,1786,20250228,Watch Party
12087,709,2505,20240209,Review
12088,2841,128,20230904,Profile
12089,4192,5359,20251109,Recommendation
12090,4877,5558,20250513,Watch Party
12091,4964,250,20250515,Review
12092,1575,2885,20230808,Profile
12093,813,3198,20230331,Recommendation
12094,1289,2628,20240414,Watch Party
12095,1010,4021,20230122,Review
12096,5476,4865,20250911,Profile
12097,4906,5246,20230225,Recommendation
12098,2544,1028,20230602,Watch Party
12099,1400,4004,20251130,Review
12100,114,5313,20230912,Profile
12101,5949,4522,20250730,Recommendation
12102,5267,5772,20241211,Watch Party
12103,838,273,20240621,Review
12104,1957,2380,20240715,Profile
12105,5843,2066,20250110,Recommendation
12106,3949,2753,20240531,Watch Party
12107,1379,812,20230828,Review
12108,2797,2756,20231001,Profile
12109,5764,4687,20250115,Recommendation
12110,350,2802,20230809,Watch Party
12111,2152,1580,20250926,Review
12112,4117,2051,20250503,Profile
12113,2835,3656,20240912,Recommendation
12114,976,4344,20250724,Watch Party
12115,3935,1668,20250719,Review
12116,4694,4447,20240417,Profile
12117,517,1978,20241115,Recommendation
12118,5675,350,20251006,Watch Party
12119,4778,1410,20240323,Review
12120,1882,1764,20240506,Profile
12121,3222,3117,20241015,Recommendation
12122,485,231,20240910,Watch Party
12123,1596,5660,20230913,Review
12124,2980,3919,20250312,Profile
12125,2258,3709,20250715,Recommendation
12126,5013,3139,20230416,Watch Party
12127,3050,2191,20240115,Review
12128,1074,3631,20250820,Profile
12129,5077,1523,20250219,Recommendation
12130,5259,492,20240424,Watch Party
12131,5603,4687,20240104,Review
12132,1212,2375,20241002,Profile
12133,1340,4599,20241130,Recommendation
12134,4076,4245,20230530,Watch Party
12135,2672,3019,20241112,Review
12136,3950,28,20231024,Profile
12137,643,4270,20240722,Recommendation
12138,5147,1873,20230918,Watch Party
12139,5384,5976,20250516,Review
12140,600,4429,20240929,Profile
12141,267,3766,20240428,Recommendation
12142,5468,3287,20230718,Watch Party
12143,5571,4922,20251112,Review
12144,3427,1761,20240804,Profile
12145,4814,319,20250407,Recommendation
12146,512,2263,20250616,Watch Party
12147,4536,2344,20230125,Review
12148,981,5027,20250523,Profile
12149,1948,3892,20250528,Recommendation
12150,2151,2467,20230608,Watch Party
12151,5616,3322,20230219,Review
12152,59,2141,20230105,Profile
12153,4687,2928,20230406,Recommendation
12154,1121,5496,20230117,Watch Party
12155,497,207,20230904,Review
12156,860,3135,20241115,Profile
12157,1032,3781,20231113,Recommendation
12158,5912,906,20230627,Watch Party
12159,3904,3985,20231123,Review
12160,4890,2290,20230709,Profile
12161,3385,416,20240519,Recommendation
12162,5194,823,20231117,Watch Party
12163,599,1841,20251127,Review
12164,584,5288,20240408,Profile
12165,4410,676,20230705,Recommendation
12166,3024,709,20230907,Watch Party
12167,3197,1260,20241113,Review
12168,5264,1897,20240107,Profile
12169,4633,3845,20230320,Recommendation
12170,1073,2472,20230410,Watch Party
12171,2035,2527,20240618,Review
12172,3615,3054,20230410,Profile
12173,4146,2291,20250815,Recommendation
12174,5215,1955,20230904,Watch Party
12175,3338,4987,20231020,Review
12176,613,3536,20250707,Profile
12177,4792,3705,20250324,Recommendation
12178,1754,2569,20241005,Watch Party
12179,3983,4012,20241008,Review
12180,508,403,20241216,Profile
12181,5963,398,20240922,Recommendation
12182,178,15,20241101,Watch Party
12183,5191,3545,20230905,Review
12184,5016,681,20240810,Profile
12185,1771,1245,20241206,Recommendation
12186,4749,2838,20250825,Watch Party
12187,4256,5309,20231207,Review
12188,3451,59,20241230,Profile
12189,5617,5187,20251114,Recommendation
12190,883,5695,20250222,Watch Party
12191,4651,2347,20240503,Review
12192,3745,5835,20250615,Profile
12193,1547,2435,20240625,Recommendation
12194,2192,5497,20240317,Watch Party
12195,1001,1288,20240624,Review
12196,1246,1842,20250403,Profile
12197,5694,1081,20240804,Recommendation
12198,1067,4404,20240819,Watch Party
12199,2762,4559,20230215,Review
12200,1213,2207,20251029,Profile
12201,3963,555,20241111,Recommendation
12202,4250,4042,20240114,Watch Party
12203,689,2397,20230518,Review
12204,2612,5245,20250812,Profile
12205,4831,4920,20240827,Recommendation
12206,48,2346,20230107,Watch Party
12207,1050,5027,20231218,Review
12208,4180,3357,20230421,Profile
12209,1150,5366,20251004,Recommendation
12210,4404,5583,20241004,Watch Party
12211,683,5668,20241108,Review
12212,5161,2638,20240406,Profile
12213,2998,897,20231201,Recommendation
12214,4342,5888,20230722,Watch Party
12215,2364,4262,20231214,Review
12216,4598,4978,20241202,Profile
12217,3750,2952,20231027,Recommendation
12218,3657,5019,20240721,Watch Party
12219,1739,5627,20240927,Review
12220,2802,2602,20230414,Profile
12221,491,3913,20241002,Recommendation
12222,5646,4397,20240503,Watch Party
12223,4999,3054,20241102,Review
12224,5831,776,20250815,Profile
12225,3862,5801,20240118,Recommendation
12226,1312,3742,20231130,Watch Party
12227,1167,2923,20240808,Review
12228,3677,1071,20240428,Profile
12229,4190,587,20250603,Recommendation
12230,5197,2247,20250929,Watch Party
12231,84,3006,20240803,Review
12232,5631,5708,20230526,Profile
12233,5808,4631,20250813,Recommendation
12234,562,540,20230429,Watch Party
12235,4202,2158,20240525,Review
12236,2165,5426,20240912,Profile
12237,4212,249,20250621,Recommendation
12238,5358,1838,20230408,Watch Party
12239,5175,4915,20231109,Review
12240,2109,1076,20250221,Profile
12241,3034,5550,20250314,Recommendation
12242,1840,947,20240405,Watch Party
12243,3940,3107,20230727,Review
12244,5634,2947,20250820,Profile
12245,2507,366,20231204,Recommendation
12246,4532,3711,20230105,Watch Party
12247,3921,530,20251103,Review
12248,2084,2945,20240823,Profile
12249,2126,4301,20240419,Recommendation
12250,29,673,20231113,Watch Party
12251,1064,1569,20230209,Review
12252,5475,3664,20230531,Profile
12253,1259,2489,20240324,Recommendation
12254,1234,1887,20251123,Watch Party
12255,3690,933,20251223,Review
12256,1526,5600,20230205,Profile
12257,3448,3787,20230809,Recommendation
12258,5237,2631,20230721,Watch Party
12259,4755,4249,20250802,Review
12260,838,4483,20250305,Profile
12261,432,1583,20230615,Recommendation
12262,1262,4215,20230104,Watch Party
12263,5524,5794,20251103,Review
12264,3743,5919,20250822,Profile
12265,5924,4014,20231207,Recommendation
12266,3844,5513,20250919,Watch Party
12267,1065,403,20250226,Review
12268,147,5933,20230905,Profile
12269,3587,2168,20251118,Recommendation
12270,330,3063,20250719,Watch Party
12271,1138,5369,20230730,Review
12272,5979,1741,20241204,Profile
12273,2137,5152,20250926,Recommendation
12274,4039,2362,20231019,Watch Party
12275,134,4025,20250309,Review
12276,3282,3759,20250831,Profile
12277,5396,4090,20230129,Recommendation
12278,2303,3663,20240428,Watch Party
12279,4572,1908,20250529,Review
12280,259,750,20240507,Profile
12281,1143,5800,20240327,Recommendation
12282,46,5365,20240525,Watch Party
12283,2400,5723,20250712,Review
12284,3961,832,20230102,Profile
12285,5891,4917,20231028,Recommendation
12286,1677,5364,20230513,Watch Party
12287,685,2873,20250717,Review
12288,3348,3807,20230526,Profile
12289,4707,1402,20240519,Recommendation
12290,5159,3245,20231007,Watch Party
12291,1717,3699,20241213,Review
12292,2316,693,20250225,Profile
12293,2442,5751,20250201,Recommendation
12294,873,5071,20240413,Watch Party
12295,2055,2727,20250530,Review
12296,3565,2515,20230204,Profile
12297,4130,4051,20230306,Recommendation
12298,5000,5989,20230530,Watch Party
12299,922,1074,20230902,Review
12300,5683,1689,20241127,Profile
12301,1207,3882,20240430,Recommendation
12302,3193,3642,20250807,Watch Party
12303,3388,3144,20240524,Review
12304,2049,2294,20250321,Profile
12305,2607,2631,20241022,Recommendation
12306,3528,2439,20240407,Watch Party
12307,1166,327,20230908,Review
12308,5258,2137,20230807,Profile
12309,605,4013,20251107,Recommendation
12310,3255,4302,20240806,Watch Party
12311,639,1962,20230314,Review
12312,4694,3987,20250910,Profile
12313,4659,5462,20231023,Recommendation
12314,1354,2457,20231214,Watch Party
12315,4952,5211,20231014,Review
12316,2523,838,20231031,Profile
12317,5636,1739,20230910,Recommendation
12318,1472,2757,20250201,Watch Party
12319,4010,2723,20251128,Review
12320,768,3752,20240426,Profile
12321,2166,5221,20230109,Recommendation
12322,1328,5142,20240809,Watch Party
12323,886,4197,20240428,Review
12324,3706,3515,20240110,Profile
12325,5824,3665,20241022,Recommendation
12326,2614,739,20230613,Watch Party
12327,2960,4916,20241022,Review
12328,4505,2040,20241018,Profile
12329,4317,5179,20251029,Recommendation
12330,2542,3676,20230107,Watch Party
12331,2961,866,20251212,Review
12332,3241,1235,20231201,Profile
12333,5837,1637,20250301,Recommendation
12334,4098,416,20240707,Watch Party
12335,1452,1279,20230908,Review
12336,5675,5415,20231016,Profile
12337,5442,3393,20230113,Recommendation
12338,5680,5365,20240121,Watch Party
12339,1385,468,20250417,Review
12340,445,941,20250623,Profile
12341,256,2677,20230904,Recommendation
12342,1547,3212,20230503,Watch Party
12343,631,3847,20241027,Review
12344,5715,4618,20240711,Profile
12345,1034,126,20250726,Recommendation
12346,5757,2112,20250908,Watch Party
12347,3338,902,20230502,Review
12348,4116,5339,20230823,Profile
12349,1340,3056,20250827,Recommendation
12350,1082,2975,20250130,Watch Party
12351,651,2072,20241104,Review
12352,5462,3190,20230327,Profile
12353,1170,1461,20240920,Recommendation
12354,5472,91,20231117,Watch Party
12355,4617,1358,20230714,Review
12356,1087,5845,20230620,Profile
12357,612,5261,20230317,Recommendation
12358,2182,2858,20240207,Watch Party
12359,213,4166,20230527,Review
12360,1116,845,20240510,Profile
12361,5898,3760,20250528,Recommendation
12362,2539,204,20230911,Watch Party
12363,254,1703,20250116,Review
12364,3430,5235,20230816,Profile
12365,5898,1900,20250116,Recommendation
12366,5950,5005,20240611,Watch Party
12367,3552,5467,20240427,Review
12368,4527,741,20240830,Profile
12369,3535,941,20250804,Recommendation
12370,2546,635,20250206,Watch Party
12371,3312,5782,20250725,Review
12372,2329,1882,20231019,Profile
12373,809,4972,20230226,Recommendation
12374,5491,1731,20231114,Watch Party
12375,151,4001,20231007,Review
12376,5403,880,20240207,Profile
12377,3671,3058,20250705,Recommendation
12378,4282,1364,20240129,Watch Party
12379,857,410,20231019,Review
12380,2665,5504,20251027,Profile
12381,3008,929,20250211,Recommendation
12382,3893,3439,20240531,Watch Party
12383,659,513,20251031,Review
12384,4484,2680,20240608,Profile
12385,5136,2635,20251024,Recommendation
12386,4702,5358,20250602,Watch Party
12387,5434,1558,20250708,Review
12388,1602,4730,20240716,Profile
12389,4554,728,20230422,Recommendation
12390,1744,954,20240331,Watch Party
12391,3203,2425,20250304,Review
12392,2527,2652,20230619,Profile
12393,2814,3770,20250817,Recommendation
12394,5674,1951,20240410,Watch Party
12395,366,4932,20240611,Review
12396,3211,2259,20230630,Profile
12397,1589,5865,20250218,Recommendation
12398,132,3522,20231120,Watch Party
12399,5799,4177,20231205,Review
12400,3579,995,20230912,Profile
12401,1326,1499,20240106,Recommendation
12402,625,1670,20241011,Watch Party
12403,5420,570,20250303,Review
12404,82,2293,20240911,Profile
12405,3840,4670,20250715,Recommendation
12406,5781,3194,20250105,Watch Party
12407,82,677,20230326,Review
12408,2104,3399,20230119,Profile
12409,1042,2345,20230409,Recommendation
12410,3237,2058,20230708,Watch Party
12411,3982,4061,20250530,Review
12412,4469,3332,20241229,Profile
12413,391,5690,20231026,Recommendation
12414,677,3105,20250331,Watch Party
12415,3140,4521,20231216,Review
12416,523,5226,20230223,Profile
12417,2487,3794,20230902,Recommendation
12418,2965,3410,20241023,Watch Party
12419,5342,506,20230228,Review
12420,309,818,20251104,Profile
12421,1639,3820,20251127,Recommendation
12422,538,5215,20230613,Watch Party
12423,2715,245,20250108,Review
12424,4670,3257,20231221,Profile
12425,5201,5212,20251220,Recommendation
12426,3373,22,20240208,Watch Party
12427,3186,586,20240801,Review
12428,3334,4305,20230625,Profile
12429,3612,885,20250116,Recommendation
12430,4948,1415,20231017,Watch Party
12431,3666,2256,20240729,Review
12432,3988,2592,20240203,Profile
12433,4071,276,20230531,Recommendation
12434,5223,1675,20241124,Watch Party
12435,4824,405,20240610,Review
12436,1906,2529,20241008,Profile
12437,631,4271,20230222,Recommendation
12438,5316,4719,20241229,Watch Party
12439,3449,851,20241022,Review
12440,4585,2015,20250516,Profile
12441,4,921,20241211,Recommendation
12442,3231,2999,20250113,Watch Party
12443,5281,5164,20230211,Review
12444,4022,1898,20230815,Profile
12445,4094,1470,20230823,Recommendation
12446,1607,3253,20250616,Watch Party
12447,4992,3186,20241220,Review
12448,4058,1176,20250112,Profile
12449,3126,4414,20231110,Recommendation
12450,5674,4264,20230202,Watch Party
12451,718,5998,20240805,Review
12452,5390,2792,20250317,Profile
12453,4729,45,20231221,Recommendation
12454,562,5477,20241125,Watch Party
12455,5484,5744,20240810,Review
12456,1822,5211,20250520,Profile
12457,5033,4353,20230119,Recommendation
12458,2320,3357,20250313,Watch Party
12459,3122,2611,20251227,Review
12460,3392,2611,20250715,Profile
12461,4249,4967,20230917,Recommendation
12462,4236,3198,20240531,Watch Party
12463,4037,5821,20251027,Review
12464,5613,3105,20250526,Profile
12465,4110,5735,20241024,Recommendation
12466,68,902,20230124,Watch Party
12467,2880,4640,20230528,Review
12468,514,5302,20230116,Profile
12469,576,4297,20251012,Recommendation
12470,4231,4855,20230503,Watch Party
12471,2427,1761,20241127,Review
12472,106,2945,20230515,Profile
12473,1712,5270,20230508,Recommendation
12474,3174,299,20250914,Watch Party
12475,5216,3268,20250704,Review
12476,1037,3007,20250409,Profile
12477,2455,5469,20231230,Recommendation
12478,171,4845,20250118,Watch Party
12479,3967,4270,20231225,Review
12480,1030,2531,20240929,Profile
12481,736,1175,20230608,Recommendation
12482,4900,5430,20241221,Watch Party
12483,309,3793,20230824,Review
12484,3554,3614,20230913,Profile
12485,156,4845,20240420,Recommendation
12486,1653,338,20240902,Watch Party
12487,4630,3886,20240628,Review
12488,2613,5037,20250927,Profile
12489,288,4213,20250306,Recommendation
12490,1831,2901,20230318,Watch Party
12491,1559,3849,20230103,Review
12492,3959,2564,20241009,Profile
12493,1805,1801,20230310,Recommendation
12494,1321,5020,20230130,Watch Party
12495,4139,5809,20230331,Review
12496,3133,1767,20230621,Profile
12497,3317,5791,20240509,Recommendation
12498,2736,1846,20250718,Watch Party
12499,5750,4181,20241221,Review
12500,2080,5415,20251015,Profile
12501,1101,2180,20240421,Recommendation
12502,730,3873,20230123,Watch Party
12503,3442,5320,20250520,Review
12504,392,1587,20250504,Profile
12505,1638,1525,20250509,Recommendation
12506,5644,1987,20241025,Watch Party
12507,222,2588,20230427,Review
12508,5031,3705,20250810,Profile
12509,1215,658,20250117,Recommendation
12510,2816,656,20230922,Watch Party
12511,1465,1744,20230326,Review
12512,3999,5174,20230810,Profile
12513,2689,5704,20251227,Recommendation
12514,2008,2273,20230607,Watch Party
12515,5052,5532,20250919,Review
12516,2908,1143,20241020,Profile
12517,758,2753,20251016,Recommendation
12518,4164,699,20240421,Watch Party
12519,3860,2655,20231213,Review
12520,1923,2876,20250920,Profile
12521,2506,5532,20240908,Recommendation
12522,2255,3315,20251129,Watch Party
12523,3174,1457,20250503,Review
12524,1358,552,20251012,Profile
12525,411,5382,20241008,Recommendation
12526,3510,4574,20250527,Watch Party
12527,5680,3102,20241215,Review
12528,2944,1278,20250928,Profile
12529,3965,5859,20231214,Recommendation
12530,922,2043,20231107,Watch Party
12531,4302,31,20251020,Review
12532,3039,662,20250104,Profile
12533,5309,3572,20250102,Recommendation
12534,1496,1774,20240130,Watch Party
12535,566,518,20241215,Review
12536,2813,3497,20250418,Profile
12537,3898,2962,20240625,Recommendation
12538,4319,1379,20240611,Watch Party
12539,3996,1345,20240526,Review
12540,3468,5835,20241222,Profile
12541,3037,3619,20241213,Recommendation
12542,433,937,20250818,Watch Party
12543,4070,3719,20251122,Review
12544,3539,1120,20251030,Profile
12545,4093,132,20241108,Recommendation
12546,1236,141,20240810,Watch Party
12547,1406,5902,20230206,Review
12548,4097,4906,20230126,Profile
12549,4141,2877,20241002,Recommendation
12550,2973,1708,20250825,Watch Party
12551,2704,2072,20231017,Review
12552,3745,3650,20250304,Profile
12553,1205,375,20250327,Recommendation
12554,2194,1804,20240522,Watch Party
12555,1888,4307,20250227,Review
12556,1249,4935,20251116,Profile
12557,5746,3923,20240717,Recommendation
12558,240,5186,20251025,Watch Party
12559,5857,3841,20250705,Review
12560,3320,3554,20251027,Profile
12561,2007,4069,20230728,Recommendation
12562,3958,1805,20230106,Watch Party
12563,5115,1305,20240117,Review
12564,3987,502,20251013,Profile
12565,684,4281,20231211,Recommendation
12566,1345,2127,20250527,Watch Party
12567,2941,2068,20240406,Review
12568,3821,579,20240511,Profile
12569,2063,1652,20241030,Recommendation
12570,1703,3615,20250305,Watch Party
12571,5881,5988,20230413,Review
12572,5953,822,20240810,Profile
12573,3192,693,20241205,Recommendation
12574,2726,2494,20240227,Watch Party
12575,851,2816,20231226,Review
12576,1943,2135,20250301,Profile
12577,1175,2208,20250911,Recommendation
12578,955,5372,20240519,Watch Party
12579,3867,4921,20230409,Review
12580,4708,4150,20240913,Profile
12581,794,4357,20240309,Recommendation
12582,817,105,20230906,Watch Party
12583,2080,4106,20230821,Review
12584,5358,4663,20241130,Profile
12585,2991,5827,20250217,Recommendation
12586,3615,5250,20231109,Watch Party
12587,1787,1407,20250529,Review
12588,4842,450,20250513,Profile
12589,2765,2192,20230106,Recommendation
12590,4838,2274,20251022,Watch Party
12591,2625,519,20230831,Review
12592,4579,4911,20251023,Profile
12593,317,652,20251214,Recommendation
12594,2423,546,20240730,Watch Party
12595,1853,1005,20230109,Review
12596,290,5391,20241023,Profile
12597,4512,4627,20250129,Recommendation
12598,461,3384,20241223,Watch Party
12599,4198,499,20250113,Review
12600,3136,5389,20240706,Profile
12601,5408,4486,20251014,Recommendation
12602,1598,4722,20240521,Watch Party
12603,5472,933,20231107,Review
12604,5898,5857,20230502,Profile
12605,5630,4060,20230224,Recommendation
12606,1934,97,20230405,Watch Party
12607,1678,5187,20250910,Review
12608,2737,4943,20230830,Profile
12609,4386,5647,20240808,Recommendation
12610,5112,5234,20230729,Watch Party
12611,1268,5989,20240425,Review
12612,2293,2617,20230426,Profile
12613,3791,702,20230413,Recommendation
12614,3518,5058,20240705,Watch Party
12615,182,4724,20250122,Review
12616,4307,3625,20230211,Profile
12617,790,3073,20240228,Recommendation
12618,1346,1105,20240130,Watch Party
12619,1107,1716,20230530,Review
12620,3930,4518,20250305,Profile
12621,4427,5066,20250925,Recommendation
12622,2877,355,20250225,Watch Party
12623,5023,4156,20240603,Review
12624,5095,1752,20240215,Profile
12625,5530,3809,20230427,Recommendation
12626,3131,1161,20230519,Watch Party
12627,2521,620,20240801,Review
12628,1741,1533,20230525,Profile
12629,2399,2106,20241102,Recommendation
12630,2697,2639,20241205,Watch Party
12631,4315,589,20250422,Review
12632,100,2755,20230226,Profile
12633,5416,3684,20230712,Recommendation
12634,1745,5905,20241012,Watch Party
12635,3942,1734,20240427,Review
12636,5487,5412,20231215,Profile
12637,3396,76,20230930,Recommendation
12638,2282,823,20231018,Watch Party
12639,4152,1410,20250120,Review
12640,3308,1150,20250102,Profile
12641,1118,3046,20241116,Recommendation
12642,5246,3438,20240610,Watch Party
12643,2521,1647,20240814,Review
12644,1253,2490,20230318,Profile
12645,3127,2095,20240508,Recommendation
12646,4860,2343,20230917,Watch Party
12647,233,3980,20250503,Review
12648,3057,3481,20241229,Profile
12649,5639,4335,20241116,Recommendation
12650,5958,5502,20230323,Watch Party
12651,5787,2430,20250426,Review
12652,5913,2411,20250222,Profile
12653,1936,3300,20250912,Recommendation
12654,5505,66,20230211,Watch Party
12655,5961,1777,20230810,Review
12656,2702,1777,20240630,Profile
12657,528,509,20230921,Recommendation
12658,4087,2202,20230920,Watch Party
12659,292,2957,20250803,Review
12660,943,302,20230908,Profile
12661,2190,4130,20240712,Recommendation
12662,968,3761,20230513,Watch Party
12663,2942,2670,20230122,Review
12664,5421,1203,20230529,Profile
12665,4971,1246,20230720,Recommendation
12666,3338,4235,20250410,Watch Party
12667,849,194,20240921,Review
12668,1517,847,20250606,Profile
12669,612,3898,20231220,Recommendation
12670,3428,4128,20250712,Watch Party
12671,5515,26,20250519,Review
12672,5410,3097,20240720,Profile
12673,613,5674,20230131,Recommendation
12674,1512,219,20240916,Watch Party
12675,3686,3157,20251220,Review
12676,3219,2153,20230527,Profile
12677,2818,2506,20230925,Recommendation
12678,2861,1681,20230430,Watch Party
12679,4826,2250,20250514,Review
12680,2243,1603,20240713,Profile
12681,802,1914,20230621,Recommendation
12682,1677,2226,20240623,Watch Party
12683,3969,3088,20230101,Review
12684,4311,4743,20240526,Profile
12685,2915,1855,20250522,Recommendation
12686,5113,3980,20251018,Watch Party
12687,2821,4248,20230729,Review
12688,137,3120,20241014,Profile
12689,5969,4014,20250214,Recommendation
12690,2970,756,20230320,Watch Party
12691,864,357,20240109,Review
12692,1362,5319,20250602,Profile
12693,2092,2646,20250528,Recommendation
12694,1147,4104,20250312,Watch Party
12695,2969,5046,20230715,Review
12696,4738,3635,20250616,Profile
12697,2871,3557,20230831,Recommendation
12698,427,5993,20230320,Watch Party
12699,73,5523,20251105,Review
12700,2356,4235,20230606,Profile
12701,2820,2769,20231010,Recommendation
12702,1007,2340,20231129,Watch Party
12703,3284,2987,20241015,Review
12704,3033,4581,20240918,Profile
12705,3727,950,20240702,Recommendation
12706,5635,5487,20240426,Watch Party
12707,528,4380,20241015,Review
12708,5841,3405,20230405,Profile
12709,3184,3011,20250424,Recommendation
12710,1245,3594,20250122,Watch Party
12711,3757,79,20240918,Review
12712,1840,3354,20240910,Profile
12713,1662,2394,20240201,Recommendation
12714,4734,4611,20250417,Watch Party
12715,3479,86,20230615,Review
12716,2683,5414,20240315,Profile
12717,3981,2645,20230309,Recommendation
12718,1410,121,20230116,Watch Party
12719,4904,2274,20250107,Review
12720,3758,3912,20241107,Profile
12721,1677,186,20250330,Recommendation
12722,176,565,20240411,Watch Party
12723,3679,2952,20241229,Review
12724,2923,5070,20240224,Profile
12725,2919,5591,20250915,Recommendation
12726,1184,803,20231207,Watch Party
12727,574,3177,20230220,Review
12728,818,3005,20240518,Profile
12729,1973,3697,20250429,Recommendation
12730,5697,2920,20250731,Watch Party
12731,5097,4719,20240501,Review
12732,366,1272,20240715,Profile
12733,2802,2284,20230312,Recommendation
12734,3788,5083,20230826,Watch Party
12735,297,1342,20251014,Review
12736,3846,4748,20230220,Profile
12737,200,3510,20251029,Recommendation
12738,3778,3495,20241016,Watch Party
12739,5387,2688,20240726,Review
12740,1854,4572,20251108,Profile
12741,4935,5215,20231216,Recommendation
12742,2991,3867,20250103,Watch Party
12743,35,5528,20240304,Review
12744,4496,1494,20250317,Profile
12745,1390,2282,20241007,Recommendation
12746,5325,274,20250724,Watch Party
12747,568,3248,20240123,Review
12748,5192,100,20230414,Profile
12749,3002,5076,20250607,Recommendation
12750,659,1610,20240921,Watch Party
12751,493,2106,20240502,Review
12752,1788,1140,20240329,Profile
12753,510,3413,20230502,Recommendation
12754,2279,1242,20250920,Watch Party
12755,443,3409,20230829,Review
12756,2006,5870,20240720,Profile
12757,4224,2759,20240821,Recommendation
12758,797,2777,20250102,Watch Party
12759,2853,4639,20230429,Review
12760,1096,5523,20231109,Profile
12761,1532,2077,20230720,Recommendation
12762,411,4011,20240731,Watch Party
12763,4971,5428,20251230,Review
12764,5464,326,20241227,Profile
12765,5571,5286,20241012,Recommendation
12766,3715,4651,20230605,Watch Party
12767,1887,3276,20240529,Review
12768,5665,5696,20250211,Profile
12769,3114,2731,20250401,Recommendation
12770,1009,4332,20230604,Watch Party
12771,5923,3677,20240423,Review
12772,2082,3770,20250407,Profile
12773,5196,4377,20230325,Recommendation
12774,446,4410,20240331,Watch Party
12775,465,1743,20240406,Review
12776,3453,2902,20250114,Profile
12777,3602,10,20250326,Recommendation
12778,485,3163,20230818,Watch Party
12779,2952,3623,20231010,Review
12780,1737,3053,20250709,Profile
12781,4738,2761,20240112,Recommendation
12782,5525,4696,20230202,Watch Party
12783,1215,5376,20230803,Review
12784,3014,4542,20240213,Profile
12785,3298,2361,20240710,Recommendation
12786,5220,359,20230110,Watch Party
12787,2967,1254,20230524,Review
12788,4375,4182,20240522,Profile
12789,393,3876,20231028,Recommendation
12790,3491,2355,20230212,Watch Party
12791,2686,1764,20240128,Review
12792,1668,3484,20250913,Profile
12793,5039,1774,20240426,Recommendation
12794,820,3014,20241231,Watch Party
12795,3361,2031,20240528,Review
12796,465,2601,20250507,Profile
12797,4588,2951,20230416,Recommendation
12798,5966,3934,20231012,Watch Party
12799,565,5921,20250421,Review
12800,3121,4284,20251226,Profile
12801,1466,4068,20250602,Recommendation
12802,1808,5062,20250212,Watch Party
12803,649,4022,20230117,Review
12804,2022,5551,20240114,Profile
12805,5954,2658,20250721,Recommendation
12806,4251,627,20240416,Watch Party
12807,3221,3189,20240303,Review
12808,3127,4107,20241205,Profile
12809,379,3784,20230514,Recommendation
12810,148,343,20240628,Watch Party
12811,4378,5038,20240409,Review
12812,1457,4855,20251127,Profile
12813,5317,6000,20230608,Recommendation
12814,2437,3933,20240427,Watch Party
12815,1252,3688,20241006,Review
12816,3535,4841,20240225,Profile
12817,5425,4550,20240210,Recommendation
12818,4977,17,20240311,Watch Party
12819,2066,3351,20250302,Review
12820,1062,511,20230507,Profile
12821,5583,1748,20250715,Recommendation
12822,4705,5102,20230803,Watch Party
12823,2355,1541,20231205,Review
12824,435,5282,20230903,Profile
12825,3145,4982,20250514,Recommendation
12826,4183,225,20230211,Watch Party
12827,950,1159,20251009,Review
12828,45,2672,20230317,Profile
12829,3911,5098,20250125,Recommendation
12830,200,5797,20250502,Watch Party
12831,2083,823,20230226,Review
12832,5051,4323,20230624,Profile
12833,3514,4071,20250105,Recommendation
12834,5398,1189,20240122,Watch Party
12835,5741,3309,20240515,Review
12836,2905,3763,20250919,Profile
12837,2005,4303,20231124,Recommendation
12838,397,3552,20230525,Watch Party
12839,1194,1695,20250331,Review
12840,3860,2189,20240609,Profile
12841,1904,5537,20230403,Recommendation
12842,3153,1444,20230123,Watch Party
12843,390,3199,20250615,Review
12844,4460,3012,20240405,Profile
12845,1822,3638,20250727,Recommendation
12846,4211,5869,20231116,Watch Party
12847,4944,143,20230116,Review
12848,3006,1376,20231029,Profile
12849,927,4017,20250730,Recommendation
12850,5602,4623,20250919,Watch Party
12851,3635,526,20250903,Review
12852,4296,1188,20250418,Profile
12853,2541,1300,20241107,Recommendation
12854,3423,4455,20241201,Watch Party
12855,1734,5254,20230321,Review
12856,2108,1245,20250702,Profile
12857,5370,441,20241023,Recommendation
12858,1023,540,20250211,Watch Party
12859,3072,2652,20240524,Review
12860,3643,5533,20231230,Profile
12861,5502,3911,20251204,Recommendation
12862,1232,4660,20240716,Watch Party
12863,5649,5392,20231212,Review
12864,2095,4328,20240817,Profile
12865,4203,2316,20251129,Recommendation
12866,435,2360,20230104,Watch Party
12867,2160,4354,20230714,Review
12868,3300,1325,20251005,Profile
12869,4808,4268,20240324,Recommendation
12870,3221,4331,20241002,Watch Party
12871,1556,4639,20230902,Review
12872,2275,3104,20231111,Profile
12873,4761,3759,20240411,Recommendation
12874,820,3596,20250404,Watch Party
12875,5513,2386,20250224,Review
12876,4743,189,20250608,Profile
12877,5320,5739,20250519,Recommendation
12878,777,4468,20230806,Watch Party
12879,5701,380,20240115,Review
12880,3100,1895,20250123,Profile
12881,1457,2621,20250628,Recommendation
12882,3933,5007,20250218,Watch Party
12883,1638,4892,20240712,Review
12884,4048,3554,20250710,Profile
12885,4556,3438,20230712,Recommendation
12886,1823,4939,20230518,Watch Party
12887,1465,2856,20241027,Review
12888,5081,515,20231025,Profile
12889,2433,79,20240314,Recommendation
12890,5589,2364,20240321,Watch Party
12891,1300,2735,20250524,Review
12892,3014,4003,20231112,Profile
12893,5793,3983,20230928,Recommendation
12894,3943,577,20230514,Watch Party
12895,4513,4014,20250529,Review
12896,4211,5260,20230429,Profile
12897,1562,5682,20251115,Recommendation
12898,4727,4796,20241120,Watch Party
12899,5741,1124,20231019,Review
12900,318,3994,20250921,Profile
12901,4317,3530,20240120,Recommendation
12902,1054,5139,20230705,Watch Party
12903,3799,5527,20240630,Review
12904,1008,1663,20240201,Profile
12905,45,3971,20250107,Recommendation
12906,3376,2138,20230911,Watch Party
12907,90,4346,20250618,Review
12908,2846,673,20241018,Profile
12909,3473,4351,20240919,Recommendation
12910,2728,2800,20240717,Watch Party
12911,2076,4122,20240525,Review
12912,5290,1953,20230328,Profile
12913,2184,1373,20250316,Recommendation
12914,3152,3700,20231106,Watch Party
12915,4714,2544,20230313,Review
12916,3711,3964,20240223,Profile
12917,1782,3999,20241010,Recommendation
12918,2246,3728,20231230,Watch Party
12919,176,3140,20240309,Review
12920,1013,3687,20230929,Profile
12921,1979,4551,20250301,Recommendation
12922,2326,4987,20250720,Watch Party
12923,734,319,20250719,Review
12924,3807,1711,20250103,Profile
12925,3232,263,20230617,Recommendation
12926,4755,2984,20250821,Watch Party
12927,809,1091,20230814,Review
12928,2957,828,20250528,Profile
12929,2973,3523,20240126,Recommendation
12930,4036,2015,20250213,Watch Party
12931,2179,1201,20251005,Review
12932,5342,2386,20250430,Profile
12933,3295,4108,20230619,Recommendation
12934,458,4935,20241103,Watch Party
12935,3399,1289,20240716,Review
12936,577,1684,20251023,Profile
12937,2941,5992,20240318,Recommendation
12938,1592,2694,20241123,Watch Party
12939,5997,380,20241213,Review
12940,1431,3923,20241106,Profile
12941,1943,868,20250817,Recommendation
12942,2533,4254,20250427,Watch Party
12943,3608,110,20251102,Review
12944,1212,792,20240519,Profile
12945,2346,2187,20241101,Recommendation
12946,90,2325,20230614,Watch Party
12947,1758,5472,20231006,Review
12948,2636,2294,20251105,Profile
12949,1965,2609,20230630,Recommendation
12950,3917,5890,20240326,Watch Party
12951,3093,3601,20230407,Review
12952,4511,425,20250512,Profile
12953,824,3066,20240102,Recommendation
12954,4738,2209,20250530,Watch Party
12955,4764,3742,20230808,Review
12956,44,4226,20240615,Profile
12957,1093,2290,20230816,Recommendation
12958,1251,4868,20241217,Watch Party
12959,5750,3310,20230727,Review
12960,4622,4156,20230612,Profile
12961,1272,1977,20250331,Recommendation
12962,1954,2000,20231113,Watch Party
12963,2282,3304,20250527,Review
12964,3707,1310,20231008,Profile
12965,1234,2826,20240622,Recommendation
12966,3908,3471,20230614,Watch Party
12967,3835,3938,20231115,Review
12968,229,3767,20240108,Profile
12969,395,2509,20230904,Recommendation
12970,5111,84,20250725,Watch Party
12971,4955,5244,20241121,Review
12972,1877,5570,20230613,Profile
12973,1798,519,20250612,Recommendation
12974,2705,5832,20251219,Watch Party
12975,4130,5600,20250205,Review
12976,2749,5549,20230711,Profile
12977,2433,3651,20230616,Recommendation
12978,4995,2701,20241016,Watch Party
12979,5224,2157,20230311,Review
12980,4488,3745,20240812,Profile
12981,2371,1659,20241211,Recommendation
12982,5590,906,20251008,Watch Party
12983,3434,3008,20250304,Review
12984,2879,2160,20230528,Profile
12985,4597,1450,20241106,Recommendation
12986,3857,4671,20250731,Watch Party
12987,2583,5821,20231210,Review
12988,1974,3303,20250302,Profile
12989,2482,505,20240229,Recommendation
12990,2241,779,20241224,Watch Party
12991,4073,4128,20230717,Review
12992,5712,5933,20250525,Profile
12993,286,5026,20231117,Recommendation
12994,5820,4233,20250922,Watch Party
12995,5511,4047,20230422,Review
12996,1516,857,20240201,Profile
12997,3663,3517,20240411,Recommendation
12998,2472,577,20231228,Watch Party
12999,3876,4335,20251126,Review
13000,5506,1112,20230713,Profile
13001,3058,3334,20250811,Recommendation
13002,4027,146,20251101,Watch Party
13003,5875,4632,20240327,Review
13004,1027,5690,20230612,Profile
13005,930,4077,20250531,Recommendation
13006,857,3043,20241220,Watch Party
13007,2974,4479,20240201,Review
13008,1900,5177,20251010,Profile
13009,5403,1510,20251122,Recommendation
13010,5802,3440,20250116,Watch Party
13011,4572,5785,20231206,Review
13012,2262,5657,20230422,Profile
13013,4574,5343,20250518,Recommendation
13014,384,1625,20240806,Watch Party
13015,3459,4047,20230720,Review
13016,4760,2453,20230222,Profile
13017,4876,2475,20230324,Recommendation
13018,4409,4823,20240325,Watch Party
13019,3488,5026,20240505,Review
13020,97,659,20230203,Profile
13021,2358,3131,20230802,Recommendation
13022,2579,1161,20241124,Watch Party
13023,1008,2049,20250430,Review
13024,1149,572,20241129,Profile
13025,4639,5824,20230920,Recommendation
13026,5209,1120,20250409,Watch Party
13027,2783,4290,20230701,Review
13028,4768,4146,20240524,Profile
13029,2101,5135,20240516,Recommendation
13030,2306,3510,20231112,Watch Party
13031,5088,357,20250728,Review
13032,1159,1928,20240125,Profile
13033,3480,2217,20250516,Recommendation
13034,417,1657,20250813,Watch Party
13035,4883,1011,20240523,Review
13036,2728,3188,20241121,Profile
13037,2610,3148,20240108,Recommendation
13038,5073,5911,20230607,Watch Party
13039,5537,5001,20230824,Review
13040,1632,2400,20250610,Profile
13041,1304,3272,20251229,Recommendation
13042,5685,1986,20240909,Watch Party
13043,3252,5776,20231113,Review
13044,2573,2143,20231119,Profile
13045,4011,2235,20240615,Recommendation
13046,5965,2464,20230905,Watch Party
13047,957,331,20250112,Review
13048,903,3676,20230308,Profile
13049,5094,3024,20241104,Recommendation
13050,3154,3930,20250528,Watch Party
13051,1146,4435,20240905,Review
13052,5409,3145,20230501,Profile
13053,2452,1087,20240120,Recommendation
13054,1586,152,20230222,Watch Party
13055,3152,2541,20230209,Review
13056,5077,812,20240228,Profile
13057,4025,4542,20230926,Recommendation
13058,3828,2363,20240304,Watch Party
13059,527,4575,20230301,Review
13060,1860,148,20231121,Profile
13061,607,5718,20230802,Recommendation
13062,797,2515,20250617,Watch Party
13063,582,1570,20230915,Review
13064,1462,1306,20240712,Profile
13065,4784,1578,20240112,Recommendation
13066,5999,601,20230806,Watch Party
13067,5684,2175,20240329,Review
13068,4171,3826,20241122,Profile
13069,3619,3091,20250803,Recommendation
13070,2450,5594,20241207,Watch Party
13071,3034,4925,20251220,Review
13072,1369,3489,20240216,Profile
13073,1292,1967,20230619,Recommendation
13074,1700,4523,20250109,Watch Party
13075,4268,4100,20250729,Review
13076,1408,5919,20241128,Profile
13077,5108,5333,20250306,Recommendation
13078,222,19,20240131,Watch Party
13079,4894,804,20241206,Review
13080,4242,1814,20250830,Profile
13081,3805,4684,20240215,Recommendation
13082,1339,5294,20240526,Watch Party
13083,4981,4614,20250104,Review
13084,4250,1982,20250206,Profile
13085,530,3590,20250927,Recommendation
13086,603,297,20240821,Watch Party
13087,1267,1062,20230818,Review
13088,2094,3197,20230526,Profile
13089,3569,2027,20251205,Recommendation
13090,1647,2243,20240427,Watch Party
13091,74,2185,20250508,Review
13092,207,1312,20250211,Profile
13093,5608,3961,20250531,Recommendation
13094,239,165,20250330,Watch Party
13095,4988,4225,20250228,Review
13096,4511,5079,20250921,Profile
13097,561,3260,20230826,Recommendation
13098,5424,3807,20240227,Watch Party
13099,3418,3946,20251228,Review
13100,4210,1302,20241025,Profile
13101,5594,1739,20240320,Recommendation
13102,3871,86,20240809,Watch Party
13103,5965,402,20230402,Review
13104,4843,5993,20240523,Profile
13105,2345,918,20240626,Recommendation
13106,4659,2360,20240820,Watch Party
13107,2949,1703,20241110,Review
13108,4102,5879,20240322,Profile
13109,4679,3416,20241117,Recommendation
13110,5868,939,20250615,Watch Party
13111,73,3022,20240411,Review
13112,7,4329,20250101,Profile
13113,2621,1540,20230817,Recommendation
13114,2403,2118,20230131,Watch Party
13115,2473,2806,20230604,Review
13116,1189,1666,20251016,Profile
13117,3174,100,20230509,Recommendation
13118,9,574,20230723,Watch Party
13119,553,484,20231107,Review
13120,3141,4304,20230705,Profile
13121,192,188,20230912,Recommendation
13122,2094,5810,20251108,Watch Party
13123,2707,3684,20240714,Review
13124,4878,5542,20230111,Profile
13125,3549,3429,20240503,Recommendation
13126,2764,2314,20230701,Watch Party
13127,2537,5832,20230504,Review
13128,634,4943,20230910,Profile
13129,5718,3746,20240306,Recommendation
13130,5989,60,20230608,Watch Party
13131,109,5477,20251210,Review
13132,131,5614,20230224,Profile
13133,3964,618,20240312,Recommendation
13134,1030,5521,20250814,Watch Party
13135,4912,5832,20240504,Review
13136,2325,2692,20241022,Profile
13137,4623,3220,20240305,Recommendation
13138,1802,2161,20250924,Watch Party
13139,3662,3076,20250611,Review
13140,5030,2361,20250409,Profile
13141,2455,3888,20230309,Recommendation
13142,748,1439,20230618,Watch Party
13143,3805,1679,20250504,Review
13144,5059,5846,20241024,Profile
13145,4536,192,20241128,Recommendation
13146,4915,5340,20240926,Watch Party
13147,724,3334,20240902,Review
13148,2197,4032,20240505,Profile
13149,400,3477,20250207,Recommendation
13150,2803,3723,20250211,Watch Party
13151,3633,1221,20240222,Review
13152,5344,3837,20240227,Profile
13153,1061,2194,20250101,Recommendation
13154,4209,2981,20230402,Watch Party
13155,2034,142,20230708,Review
13156,4781,5185,20231209,Profile
13157,5313,2831,20240702,Recommendation
13158,693,5689,20251121,Watch Party
13159,5341,2860,20230120,Review
13160,3583,4735,20250820,Profile
13161,5261,5942,20241015,Recommendation
13162,5503,1941,20230523,Watch Party
13163,472,688,20230413,Review
13164,4871,2577,20230404,Profile
13165,466,1006,20230427,Recommendation
13166,5119,5463,20240217,Watch Party
13167,4932,1560,20250714,Review
13168,484,622,20240722,Profile
13169,7,2352,20230210,Recommendation
13170,3499,5566,20230417,Watch Party
13171,1039,5797,20251130,Review
13172,3034,5323,20250224,Profile
13173,1159,2619,20240216,Recommendation
13174,1905,3383,20250202,Watch Party
13175,1345,271,20230528,Review
13176,3688,1939,20240621,Profile
13177,785,2359,20231123,Recommendation
13178,5709,5331,20250105,Watch Party
13179,4816,1908,20250909,Review
13180,5390,3495,20240724,Profile
13181,4681,2363,20240701,Recommendation
13182,2783,1008,20231007,Watch Party
13183,2045,5349,20250212,Review
13184,523,455,20230318,Profile
13185,3993,5340,20250930,Recommendation
13186,4134,1605,20230714,Watch Party
13187,2481,5292,20241117,Review
13188,1417,3593,20250702,Profile
13189,1039,4620,20250712,Recommendation
13190,5906,3030,20250222,Watch Party
13191,4676,290,20230410,Review
13192,4539,5231,20240412,Profile
13193,143,4430,20241201,Recommendation
13194,387,5125,20240505,Watch Party
13195,5265,1369,20240707,Review
13196,3136,5352,20240619,Profile
13197,5301,908,20231122,Recommendation
13198,2955,3263,20240619,Watch Party
13199,1504,2413,20250312,Review
13200,4366,3971,20250930,Profile
13201,894,16,20250911,Recommendation
13202,5559,348,20241211,Watch Party
13203,5061,3946,20251219,Review
13204,2121,5449,20251025,Profile
13205,2785,1981,20250516,Recommendation
13206,2332,2313,20250707,Watch Party
13207,3609,1110,20230301,Review
13208,5548,1444,20231128,Profile
13209,5647,3902,20250610,Recommendation
13210,5105,4967,20240924,Watch Party
13211,1649,1534,20240523,Review
13212,4761,2782,20230927,Profile
13213,4449,3316,20251220,Recommendation
13214,4896,113,20230927,Watch Party
13215,274,1749,20240413,Review
13216,4555,5314,20240602,Profile
13217,3032,963,20240605,Recommendation
13218,2911,5521,20230518,Watch Party
13219,5537,3958,20241108,Review
13220,5272,1284,20240725,Profile
13221,950,915,20230609,Recommendation
13222,2991,1171,20240725,Watch Party
13223,2045,5830,20230619,Review
13224,5138,2340,20230714,Profile
13225,3367,2576,20240716,Recommendation
13226,2538,3880,20250121,Watch Party
13227,1258,1990,20230527,Review
13228,2752,2355,20231216,Profile
13229,2727,1741,20240619,Recommendation
13230,110,3585,20230825,Watch Party
13231,490,4906,20250904,Review
13232,1922,2300,20251124,Profile
13233,6000,4504,20251201,Recommendation
13234,932,1085,20231210,Watch Party
13235,3092,5520,20251209,Review
13236,4770,2420,20230726,Profile
13237,218,5827,20250308,Recommendation
13238,5356,432,20240819,Watch Party
13239,5036,630,20231201,Review
13240,1382,7,20230524,Profile
13241,1583,4650,20241207,Recommendation
13242,989,302,20230306,Watch Party
13243,3576,414,20250104,Review
13244,5967,5902,20230407,Profile
13245,4060,1857,20230207,Recommendation
13246,387,2668,20230616,Watch Party
13247,1079,2789,20240214,Review
13248,5021,5138,20230929,Profile
13249,2215,2204,20231202,Recommendation
13250,4657,513,20231226,Watch Party
13251,2860,3404,20240527,Review
13252,1720,508,20230206,Profile
13253,2742,776,20250807,Recommendation
13254,3774,644,20231021,Watch Party
13255,2063,4908,20240227,Review
13256,1159,3765,20241021,Profile
13257,4763,1520,20231227,Recommendation
13258,257,4514,20241011,Watch Party
13259,2637,1424,20230512,Review
13260,5275,258,20250414,Profile
13261,5178,4001,20241025,Recommendation
13262,5869,5192,20230721,Watch Party
13263,4616,5077,20240527,Review
13264,2731,2524,20240823,Profile
13265,904,1550,20241208,Recommendation
13266,2324,2648,20251204,Watch Party
13267,4000,3954,20250705,Review
13268,2360,455,20250205,Profile
13269,3347,5461,20240517,Recommendation
13270,2022,327,20230926,Watch Party
13271,2937,4142,20240101,Review
13272,2700,2892,20240318,Profile
13273,1881,3795,20241121,Recommendation
13274,293,3783,20250127,Watch Party
13275,5427,4710,20230212,Review
13276,2317,5565,20230810,Profile
13277,5162,3358,20250802,Recommendation
13278,2132,410,20250622,Watch Party
13279,1610,832,20230130,Review
13280,4182,5423,20250601,Profile
13281,4335,4458,20241014,Recommendation
13282,3257,1150,20240225,Watch Party
13283,3557,4796,20240128,Review
13284,485,560,20230204,Profile
13285,2183,22,20230426,Recommendation
13286,5353,5924,20240513,Watch Party
13287,1634,958,20240620,Review
13288,5684,1711,20250821,Profile
13289,3758,4019,20251212,Recommendation
13290,2073,3598,20250823,Watch Party
13291,3270,4371,20240102,Review
13292,5872,4352,20240606,Profile
13293,131,547,20251120,Recommendation
13294,3450,5036,20250729,Watch Party
13295,4405,2274,20240707,Review
13296,5433,4856,20240814,Profile
13297,3914,4205,20230323,Recommendation
13298,3432,3588,20240514,Watch Party
13299,1121,1816,20241121,Review
13300,2357,2281,20230908,Profile
13301,3797,939,20240207,Recommendation
13302,384,5552,20231203,Watch Party
13303,5658,3252,20251004,Review
13304,3207,3691,20240229,Profile
13305,2967,5839,20240506,Recommendation
13306,3647,4101,20230324,Watch Party
13307,1644,5660,20230820,Review
13308,3532,2889,20250503,Profile
13309,3296,2795,20241218,Recommendation
13310,1890,1816,20250511,Watch Party
13311,5781,5981,20250422,Review
13312,5060,1731,20251104,Profile
13313,3482,917,20250626,Recommendation
13314,5666,34,20231110,Watch Party
13315,140,4260,20250727,Review
13316,3042,3353,20230918,Profile
13317,2386,2362,20240816,Recommendation
13318,1778,4384,20230216,Watch Party
13319,2766,3556,20250911,Review
13320,3877,829,20250908,Profile
13321,4238,2220,20231030,Recommendation
13322,3521,3175,20230419,Watch Party
13323,3732,3104,20250210,Review
13324,4667,1181,20240512,Profile
13325,4931,5618,20230101,Recommendation
13326,1408,1239,20250908,Watch Party
13327,3428,3683,20250613,Review
13328,5184,4467,20250707,Profile
13329,4856,5126,20240302,Recommendation
13330,1541,3423,20251007,Watch Party
13331,1997,3517,20230118,Review
13332,2884,4194,20230309,Profile
13333,4617,5113,20230101,Recommendation
13334,4542,611,20231203,Watch Party
13335,3471,5388,20251119,Review
13336,703,1484,20251127,Profile
13337,2873,2657,20250922,Recommendation
13338,90,2891,20250514,Watch Party
13339,700,487,20250108,Review
13340,2760,1895,20240129,Profile
13341,2678,4861,20240118,Recommendation
13342,1965,824,20230323,Watch Party
13343,5368,2962,20231009,Review
13344,516,2224,20251231,Profile
13345,5042,2524,20230808,Recommendation
13346,3342,5945,20251130,Watch Party
13347,1301,5533,20250323,Review
13348,5507,2627,20240121,Profile
13349,1340,3057,20250425,Recommendation
13350,4120,4958,20251011,Watch Party
13351,1602,1570,20230727,Review
13352,3815,2255,20240316,Profile
13353,1364,1271,20240119,Recommendation
13354,2931,4471,20251219,Watch Party
13355,2628,1328,20250117,Review
13356,3528,2074,20250520,Profile
13357,905,1923,20230822,Recommendation
13358,5408,1608,20230110,Watch Party
13359,1979,575,20250524,Review
13360,1057,2374,20230717,Profile
13361,702,3847,20241203,Recommendation
13362,5979,4662,20250216,Watch Party
13363,3043,3953,20241117,Review
13364,5212,5772,20240131,Profile
13365,62,5612,20250925,Recommendation
13366,2153,4433,20230113,Watch Party
13367,3175,4291,20230208,Review
13368,2271,2239,20231025,Profile
13369,2903,5380,20251205,Recommendation
13370,4484,5326,20240416,Watch Party
13371,1265,4644,20240621,Review
13372,2602,4476,20241103,Profile
13373,5598,1370,20250513,Recommendation
13374,2457,4692,20230425,Watch Party
13375,2592,1031,20240331,Review
13376,650,2681,20241130,Profile
13377,3401,1325,20231216,Recommendation
13378,1851,578,20231003,Watch Party
13379,2975,3762,20240830,Review
13380,2686,3578,20251207,Profile
13381,2135,5543,20251008,Recommendation
13382,1077,5751,20240209,Watch Party
13383,798,4742,20240115,Review
13384,3097,3988,20230418,Profile
13385,1473,3031,20250802,Recommendation
13386,4062,5816,20250407,Watch Party
13387,2827,4884,20240212,Review
13388,5517,2946,20250319,Profile
13389,5345,3357,20250422,Recommendation
13390,1601,1106,20230715,Watch Party
13391,1046,4542,20230417,Review
13392,4808,3659,20251009,Profile
13393,1481,1376,20250218,Recommendation
13394,3166,2505,20251029,Watch Party
13395,2125,488,20240518,Review
13396,563,487,20240522,Profile
13397,4902,5966,20230902,Recommendation
13398,653,1535,20230313,Watch Party
13399,1372,2338,20240730,Review
13400,3627,212,20250408,Profile
13401,1797,4739,20250523,Recommendation
13402,4890,5563,20250722,Watch Party
13403,1764,922,20240210,Review
13404,816,391,20240929,Profile
13405,15,4222,20250906,Recommendation
13406,1210,5243,20241015,Watch Party
13407,4351,2140,20240909,Review
13408,5691,3777,20251210,Profile
13409,3975,2663,20250428,Recommendation
13410,2638,1125,20250919,Watch Party
13411,2004,2305,20250922,Review
13412,1978,2805,20250706,Profile
13413,3265,1786,20240702,Recommendation
13414,5071,4952,20240814,Watch Party
13415,3976,5500,20240805,Review
13416,3338,5473,20240815,Profile
13417,1760,430,20240202,Recommendation
13418,1576,972,20240912,Watch Party
13419,928,4105,20251104,Review
13420,2912,162,20231118,Profile
13421,3801,4625,20250805,Recommendation
13422,1347,3321,20241219,Watch Party
13423,4976,3336,20230629,Review
13424,5803,2709,20230724,Profile
13425,597,3131,20240329,Recommendation
13426,5258,3250,20230724,Watch Party
13427,3750,813,20230605,Review
13428,4761,5289,20251203,Profile
13429,5453,1846,20230402,Recommendation
13430,3854,726,20251019,Watch Party
13431,1787,154,20240704,Review
13432,201,1999,20251227,Profile
13433,5484,1646,20231115,Recommendation
13434,4214,2540,20230625,Watch Party
13435,1778,5118,20240205,Review
13436,3325,3669,20250729,Profile
13437,3361,4129,20240317,Recommendation
13438,3882,3867,20240406,Watch Party
13439,5974,3577,20250629,Review
13440,754,1190,20250331,Profile
13441,2851,311,20230312,Recommendation
13442,519,3163,20240421,Watch Party
13443,1549,1411,20231202,Review
13444,3329,5345,20231219,Profile
13445,3088,431,20231229,Recommendation
13446,5654,1100,20230429,Watch Party
13447,4104,4579,20230416,Review
13448,1074,1096,20230715,Profile
13449,4686,5953,20240725,Recommendation
13450,4695,838,20250509,Watch Party
13451,2876,1189,20250604,Review
13452,3002,2050,20251023,Profile
13453,1689,3559,20240925,Recommendation
13454,185,2822,20231025,Watch Party
13455,2243,3150,20240502,Review
13456,2065,5294,20230809,Profile
13457,4518,2583,20230504,Recommendation
13458,1492,1347,20230131,Watch Party
13459,2653,5929,20240703,Review
13460,3464,2435,20241028,Profile
13461,666,5338,20250507,Recommendation
13462,3747,1093,20230119,Watch Party
13463,5352,3143,20230925,Review
13464,1330,5823,20241220,Profile
13465,3801,140,20241005,Recommendation
13466,2983,4247,20230319,Watch Party
13467,2727,3893,20240705,Review
13468,702,3368,20230807,Profile
13469,2714,1071,20240319,Recommendation
13470,3606,2085,20250705,Watch Party
13471,3513,1610,20240229,Review
13472,928,2559,20241102,Profile
13473,2873,5104,20230723,Recommendation
13474,1777,536,20241124,Watch Party
13475,5645,3185,20250108,Review
13476,3676,759,20231208,Profile
13477,3305,609,20230523,Recommendation
13478,5193,2643,20241124,Watch Party
13479,2604,121,20230427,Review
13480,5494,2316,20251107,Profile
13481,5980,767,20250206,Recommendation
13482,5964,644,20250406,Watch Party
13483,4584,4673,20230915,Review
13484,3787,5587,20231111,Profile
13485,1416,5145,20251104,Recommendation
13486,4739,5181,20230324,Watch Party
13487,3345,4585,20241014,Review
13488,4071,2388,20250207,Profile
13489,2918,951,20240818,Recommendation
13490,2945,4694,20250811,Watch Party
13491,3047,2213,20231229,Review
13492,3296,2648,20230714,Profile
13493,780,440,20250402,Recommendation
13494,4061,1494,20250227,Watch Party
13495,2831,1344,20250710,Review
13496,2864,1715,20241207,Profile
13497,5207,4541,20230218,Recommendation
13498,727,4796,20250227,Watch Party
13499,1695,1679,20230324,Review
13500,3279,2799,20230922,Profile
13501,729,2208,20250303,Recommendation
13502,5403,4389,20250517,Watch Party
13503,4834,3970,20250407,Review
13504,5,3896,20250918,Profile
13505,5619,5381,20240321,Recommendation
13506,5985,2882,20230419,Watch Party
13507,1412,443,20230410,Review
13508,1295,5044,20241021,Profile
13509,2417,3740,20240109,Recommendation
13510,305,5784,20241204,Watch Party
13511,3538,3212,20241011,Review
13512,4588,3508,20230309,Profile
13513,5692,4856,20240407,Recommendation
13514,5019,4192,20230311,Watch Party
13515,3244,5787,20230521,Review
13516,1633,2383,20230513,Profile
13517,5821,3388,20240408,Recommendation
13518,3698,5866,20251023,Watch Party
13519,4185,2176,20250906,Review
13520,4620,422,20250905,Profile
13521,2737,3879,20231009,Recommendation
13522,3590,4767,20250325,Watch Party
13523,1412,2421,20251226,Review
13524,4207,5678,20250414,Profile
13525,888,1647,20250908,Recommendation
13526,5246,1824,20230222,Watch Party
13527,2685,92,20251028,Review
13528,2307,3855,20240423,Profile
13529,3940,1413,20240525,Recommendation
13530,2726,1876,20250421,Watch Party
13531,5270,4816,20250211,Review
13532,2962,2577,20230215,Profile
13533,2925,1487,20231229,Recommendation
13534,3432,1158,20230717,Watch Party
13535,5595,1097,20241108,Review
13536,6000,4161,20241120,Profile
13537,4834,5910,20230709,Recommendation
13538,3275,2211,20250123,Watch Party
13539,2078,4952,20250407,Review
13540,4945,4690,20240211,Profile
13541,1553,1873,20240906,Recommendation
13542,3346,1197,20251127,Watch Party
13543,777,4728,20251226,Review
13544,1143,2999,20230827,Profile
13545,4766,554,20250329,Recommendation
13546,2738,3709,20250830,Watch Party
13547,5654,5080,20240407,Review
13548,5337,3492,20230518,Profile
13549,4035,3581,20240522,Recommendation
13550,5835,367,20240902,Watch Party
13551,2065,1475,20250620,Review
13552,2879,994,20240811,Profile
13553,4058,8,20240216,Recommendation
13554,4729,5881,20230104,Watch Party
13555,5617,2183,20241204,Review
13556,1854,3393,20240304,Profile
13557,3622,2525,20250822,Recommendation
13558,3624,4729,20250218,Watch Party
13559,4875,2068,20241102,Review
13560,1272,4680,20250329,Profile
13561,5711,2008,20240727,Recommendation
13562,3468,2873,20231130,Watch Party
13563,2322,1418,20240721,Review
13564,2759,2043,20240409,Profile
13565,3152,2196,20240514,Recommendation
13566,4815,100,20230617,Watch Party
13567,4911,457,20240224,Review
13568,4904,2382,20230201,Profile
13569,4467,5085,20230201,Recommendation
13570,1164,1522,20251127,Watch Party
13571,5621,2022,20250909,Review
13572,5517,5219,20251021,Profile
13573,302,2679,20240124,Recommendation
13574,1853,2716,20231118,Watch Party
13575,5504,1900,20240708,Review
13576,5911,1052,20230204,Profile
13577,5978,5566,20241210,Recommendation
13578,5534,3856,20250123,Watch Party
13579,615,3808,20230416,Review
13580,5574,3167,20251223,Profile
13581,214,2049,20240113,Recommendation
13582,2296,1787,20231225,Watch Party
13583,4974,2179,20250814,Review
13584,3553,3768,20250709,Profile
13585,2081,3398,20240131,Recommendation
13586,591,1786,20230518,Watch Party
13587,1921,455,20240203,Review
13588,5457,371,20230319,Profile
13589,722,1001,20231019,Recommendation
13590,3931,3254,20230529,Watch Party
13591,159,605,20230721,Review
13592,4486,1857,20230317,Profile
13593,1338,4765,20230404,Recommendation
13594,3922,5947,20231123,Watch Party
13595,883,50,20250511,Review
13596,1678,3078,20241011,Profile
13597,974,5744,20240513,Recommendation
13598,4352,1657,20231028,Watch Party
13599,34,59,20241115,Review
13600,2068,2879,20231023,Profile
13601,2665,164,20250313,Recommendation
13602,1809,1087,20240120,Watch Party
13603,3983,2386,20231215,Review
13604,1385,4226,20240130,Profile
13605,76,2390,20250904,Recommendation
13606,3324,3544,20231018,Watch Party
13607,2327,951,20250527,Review
13608,5397,4197,20250208,Profile
13609,452,1214,20250806,Recommendation
13610,2402,2871,20250130,Watch Party
13611,1257,5984,20240628,Review
13612,1599,1074,20230617,Profile
13613,3144,3921,20230313,Recommendation
13614,3344,208,20250226,Watch Party
13615,192,2626,20230517,Review
13616,5356,5395,20240504,Profile
13617,4887,331,20230223,Recommendation
13618,5754,4805,20250129,Watch Party
13619,5670,4808,20250731,Review
13620,5798,247,20231108,Profile
13621,4369,4351,20230609,Recommendation
13622,363,3165,20240730,Watch Party
13623,3266,5013,20230917,Review
13624,3357,4789,20251105,Profile
13625,178,3100,20250418,Recommendation
13626,1968,820,20230318,Watch Party
13627,3524,5544,20240225,Review
13628,4374,2967,20241113,Profile
13629,1829,79,20231228,Recommendation
13630,1380,1969,20251022,Watch Party
13631,3890,1944,20230219,Review
13632,4284,97,20230501,Profile
13633,4022,4279,20240619,Recommendation
13634,1055,1791,20240204,Watch Party
13635,3556,5023,20250726,Review
13636,2892,5848,20250703,Profile
13637,5400,3511,20250514,Recommendation
13638,537,5087,20250530,Watch Party
13639,2121,2687,20240708,Review
13640,5919,1762,20240220,Profile
13641,2364,3259,20231214,Recommendation
13642,268,4128,20240125,Watch Party
13643,594,1643,20231106,Review
13644,5523,2487,20231124,Profile
13645,5053,1794,20250908,Recommendation
13646,1835,1643,20230316,Watch Party
13647,4746,1241,20250923,Review
13648,4213,18,20240220,Profile
13649,2871,1113,20250606,Recommendation
13650,1391,2402,20231227,Watch Party
13651,980,1288,20241013,Review
13652,4197,5197,20250714,Profile
13653,3041,140,20240109,Recommendation
13654,4474,3047,20230407,Watch Party
13655,5710,3711,20230927,Review
13656,1992,4138,20250112,Profile
13657,3283,5387,20250822,Recommendation
13658,5886,4613,20250705,Watch Party
13659,5467,3909,20230425,Review
13660,5227,3413,20240708,Profile
13661,1483,1253,20250906,Recommendation
13662,2006,103,20250906,Watch Party
13663,5971,1748,20250408,Review
13664,742,3826,20240101,Profile
13665,1791,4282,20230228,Recommendation
13666,2560,4541,20241109,Watch Party
13667,744,1174,20240202,Review
13668,1672,734,20250130,Profile
13669,1636,2912,20250415,Recommendation
13670,4253,1163,20240705,Watch Party
13671,2792,862,20241113,Review
13672,3230,5764,20240429,Profile
13673,2290,543,20240527,Recommendation
13674,706,3235,20231117,Watch Party
13675,5700,963,20241119,Review
13676,3729,3001,20230324,Profile
13677,5976,2352,20250606,Recommendation
13678,3288,5460,20241018,Watch Party
13679,5005,18,20250719,Review
13680,2623,5948,20240805,Profile
13681,2842,4364,20231121,Recommendation
13682,3626,2043,20251011,Watch Party
13683,1468,1070,20240422,Review
13684,2715,2421,20241109,Profile
13685,1002,4492,20250102,Recommendation
13686,3502,4462,20240511,Watch Party
13687,2098,5995,20230805,Review
13688,3098,5627,20250721,Profile
13689,3348,1411,20240606,Recommendation
13690,998,161,20250208,Watch Party
13691,2173,3248,20231023,Review
13692,1477,5334,20250224,Profile
13693,1798,482,20240514,Recommendation
13694,1286,5206,20250620,Watch Party
13695,1065,5045,20251105,Review
13696,2783,3600,20230413,Profile
13697,5653,5047,20230817,Recommendation
13698,412,435,20240919,Watch Party
13699,2117,3769,20230506,Review
13700,1442,5221,20251201,Profile
13701,1336,3370,20230919,Recommendation
13702,3371,2262,20230103,Watch Party
13703,1421,2402,20250630,Review
13704,2466,5533,20231015,Profile
13705,3277,1554,20230724,Recommendation
13706,5988,5479,20230602,Watch Party
13707,5583,2505,20240414,Review
13708,4174,1079,20250314,Profile
13709,4952,5438,20231021,Recommendation
13710,4586,100,20230819,Watch Party
13711,5159,5876,20251221,Review
13712,2318,5560,20240816,Profile
13713,1782,5063,20250609,Recommendation
13714,691,1313,20230903,Watch Party
13715,1972,3502,20240718,Review
13716,4700,1819,20240114,Profile
13717,4078,4002,20230829,Recommendation
13718,3223,4867,20251129,Watch Party
13719,3564,5184,20230101,Review
13720,2487,4159,20240514,Profile
13721,2962,4279,20250304,Recommendation
13722,998,4693,20241230,Watch Party
13723,319,3118,20250930,Review
13724,595,5918,20230220,Profile
13725,1979,3527,20230120,Recommendation
13726,726,3104,20231206,Watch Party
13727,4731,3990,20251129,Review
13728,2626,5608,20250616,Profile
13729,5090,4964,20231006,Recommendation
13730,5664,202,20230317,Watch Party
13731,3663,88,20240603,Review
13732,2746,4212,20240426,Profile
13733,1357,3265,20250223,Recommendation
13734,4548,2145,20230808,Watch Party
13735,4882,2254,20231127,Review
13736,2606,5354,20251101,Profile
13737,3228,458,20231010,Recommendation
13738,4667,5639,20240622,Watch Party
13739,722,3031,20240403,Review
13740,994,1946,20250429,Profile
13741,4664,5964,20230117,Recommendation
13742,2509,908,20250711,Watch Party
13743,3482,3201,20251113,Review
13744,3125,1573,20250426,Profile
13745,3930,3668,20230926,Recommendation
13746,5522,5791,20230225,Watch Party
13747,4841,2148,20250930,Review
13748,1927,923,20250309,Profile
13749,2874,3518,20250706,Recommendation
13750,2418,1612,20240223,Watch Party
13751,4515,714,20231125,Review
13752,4059,5447,20230521,Profile
13753,2802,652,20240616,Recommendation
13754,708,5252,20250807,Watch Party
13755,3751,4187,20230527,Review
13756,1642,2466,20230306,Profile
13757,2798,529,20251203,Recommendation
13758,1615,4024,20250119,Watch Party
13759,104,4492,20240504,Review
13760,1986,4794,20250214,Profile
13761,4628,1575,20231203,Recommendation
13762,320,4996,20251204,Watch Party
13763,1713,5540,20230818,Review
13764,4224,5279,20240424,Profile
13765,2816,174,20231224,Recommendation
13766,5330,1889,20240614,Watch Party
13767,4859,338,20231104,Review
13768,5282,4391,20230617,Profile
13769,3869,5111,20250205,Recommendation
13770,5001,5629,20250615,Watch Party
13771,4621,5784,20250904,Review
13772,4998,1135,20230125,Profile
13773,2606,1463,20230828,Recommendation
13774,846,3243,20230806,Watch Party
13775,1576,1996,20240908,Review
13776,420,1960,20230721,Profile
13777,5900,4530,20230114,Recommendation
13778,780,4668,20250120,Watch Party
13779,3045,880,20230528,Review
13780,3314,528,20230330,Profile
13781,1546,601,20240416,Recommendation
13782,4675,2806,20231217,Watch Party
13783,4114,5265,20231130,Review
13784,5501,5198,20240216,Profile
13785,3851,2141,20250404,Recommendation
13786,3596,3678,20231106,Watch Party
13787,5654,185,20240927,Review
13788,4161,216,20250226,Profile
13789,3256,3817,20240324,Recommendation
13790,2240,2655,20241030,Watch Party
13791,5836,1141,20231126,Review
13792,5361,1301,20250423,Profile
13793,63,3700,20250215,Recommendation
13794,881,5332,20251021,Watch Party
13795,351,4638,20250501,Review
13796,5378,2407,20241107,Profile
13797,1622,3877,20250930,Recommendation
13798,1588,502,20230707,Watch Party
13799,4243,34,20240404,Review
13800,1423,997,20251206,Profile
13801,1087,1751,20240618,Recommendation
13802,576,4870,20251207,Watch Party
13803,5762,2665,20251020,Review
13804,3846,3229,20230228,Profile
13805,478,4578,20230111,Recommendation
13806,5175,3199,20240715,Watch Party
13807,1788,2589,20240901,Review
13808,3666,1777,20231218,Profile
13809,508,5282,20250604,Recommendation
13810,5360,3011,20240704,Watch Party
13811,3995,2130,20230611,Review
13812,1003,5337,20240107,Profile
13813,3886,3311,20240618,Recommendation
13814,5760,5535,20241020,Watch Party
13815,567,3738,20240601,Review
13816,2806,4975,20251201,Profile
13817,3750,2880,20230105,Recommendation
13818,1228,1525,20241019,Watch Party
13819,5407,4483,20230418,Review
13820,4963,4422,20230916,Profile
13821,4866,2450,20230512,Recommendation
13822,5550,290,20230315,Watch Party
13823,216,4955,20230906,Review
13824,5789,4314,20230129,Profile
13825,5900,1936,20230220,Recommendation
13826,4930,3697,20251128,Watch Party
13827,5992,2675,20250511,Review
13828,4232,3383,20231225,Profile
13829,5229,3140,20231206,Recommendation
13830,4942,1479,20240402,Watch Party
13831,4264,5139,20240831,Review
13832,5817,4421,20230921,Profile
13833,3294,5273,20250923,Recommendation
13834,2008,4217,20240421,Watch Party
13835,4036,1071,20241018,Review
13836,3599,5011,20230705,Profile
13837,356,691,20231119,Recommendation
13838,4155,2434,20230518,Watch Party
13839,3391,408,20250810,Review
13840,3059,870,20240826,Profile
13841,5175,2160,20250519,Recommendation
13842,4326,2753,20251027,Watch Party
13843,719,3974,20230506,Review
13844,1381,3358,20230809,Profile
13845,2679,601,20250425,Recommendation
13846,1565,1837,20240616,Watch Party
13847,939,3162,20230525,Review
13848,3499,2140,20231031,Profile
13849,2886,2247,20250221,Recommendation
13850,2933,3837,20230124,Watch Party
13851,362,3060,20230714,Review
13852,96,1469,20250108,Profile
13853,1850,2062,20240920,Recommendation
13854,3746,3220,20240623,Watch Party
13855,886,2999,20250613,Review
13856,1343,255,20230223,Profile
13857,5724,4775,20240225,Recommendation
13858,3545,4046,20250426,Watch Party
13859,1086,5626,20241210,Review
13860,3765,5740,20231220,Profile
13861,3461,4099,20240604,Recommendation
13862,5493,2785,20240617,Watch Party
13863,1515,4134,20240214,Review
13864,5794,5644,20231029,Profile
13865,1870,2252,20230709,Recommendation
13866,5838,99,20251118,Watch Party
13867,4284,2782,20240306,Review
13868,1664,1966,20250222,Profile
13869,4276,5385,20250930,Recommendation
13870,2647,1835,20251029,Watch Party
13871,3273,4489,20240809,Review
13872,947,77,20251125,Profile
13873,2165,4857,20231023,Recommendation
13874,2990,2033,20250917,Watch Party
13875,3170,4725,20230825,Review
13876,2849,4465,20240418,Profile
13877,1662,3097,20240410,Recommendation
13878,4219,413,20251129,Watch Party
13879,2021,2075,20230607,Review
13880,2926,3572,20230410,Profile
13881,4177,2114,20231220,Recommendation
13882,5572,361,20250518,Watch Party
13883,3011,547,20250326,Review
13884,2110,3744,20230915,Profile
13885,5950,5819,20250807,Recommendation
13886,2200,889,20230613,Watch Party
13887,2,2390,20251220,Review
13888,690,3025,20240216,Profile
13889,4872,4355,20230918,Recommendation
13890,4695,1264,20250118,Watch Party
13891,3721,131,20250101,Review
13892,4040,1298,20230419,Profile
13893,4775,3573,20250301,Recommendation
13894,4163,5905,20250808,Watch Party
13895,277,5712,20231120,Review
13896,3556,1697,20230313,Profile
13897,5269,5277,20230621,Recommendation
13898,4528,1631,20241114,Watch Party
13899,5942,4164,20250517,Review
13900,54,1230,20230329,Profile
13901,3375,5402,20250318,Recommendation
13902,3633,2177,20230613,Watch Party
13903,5513,1069,20250924,Review
13904,1995,5990,20231104,Profile
13905,2967,4192,20241218,Recommendation
13906,4440,4124,20240616,Watch Party
13907,4194,299,20250123,Review
13908,966,648,20240811,Profile
13909,593,1096,20231017,Recommendation
13910,11,2882,20250910,Watch Party
13911,4518,3384,20230726,Review
13912,2234,169,20240205,Profile
13913,4338,4316,20250216,Recommendation
13914,1776,5488,20250226,Watch Party
13915,2054,5231,20250912,Review
13916,645,4284,20251116,Profile
13917,2725,1287,20250214,Recommendation
13918,5084,2188,20250705,Watch Party
13919,4055,3492,20251128,Review
13920,4631,2730,20230807,Profile
13921,2632,5464,20230211,Recommendation
13922,2766,4182,20251026,Watch Party
13923,1800,770,20230609,Review
13924,2574,465,20230126,Profile
13925,3137,4396,20231028,Recommendation
13926,1394,2320,20250622,Watch Party
13927,4190,1144,20251103,Review
13928,5174,5288,20230716,Profile
13929,481,5690,20250530,Recommendation
13930,4883,5480,20251203,Watch Party
13931,4572,5550,20230126,Review
13932,1644,426,20250814,Profile
13933,4534,5363,20250119,Recommendation
13934,4852,5909,20231026,Watch Party
13935,1811,5780,20240703,Review
13936,1909,3414,20241208,Profile
13937,5921,5895,20250627,Recommendation
13938,2622,3112,20250202,Watch Party
13939,486,1353,20240722,Review
13940,1618,3773,20241024,Profile
13941,5560,2052,20250705,Recommendation
13942,383,237,20240915,Watch Party
13943,699,5618,20230905,Review
13944,1257,1486,20251118,Profile
13945,1141,585,20250216,Recommendation
13946,4765,1025,20230221,Watch Party
13947,5329,5164,20230114,Review
13948,2562,3064,20240213,Profile
13949,3798,3181,20250823,Recommendation
13950,889,877,20240725,Watch Party
13951,2370,1158,20251017,Review
13952,18,3233,20231116,Profile
13953,540,4943,20231025,Recommendation
13954,5260,4601,20250710,Watch Party
13955,1515,5022,20251017,Review
13956,2718,4892,20230201,Profile
13957,323,1746,20231009,Recommendation
13958,359,1603,20231208,Watch Party
13959,2385,3770,20250502,Review
13960,5638,2109,20250424,Profile
13961,5163,4454,20241108,Recommendation
13962,3600,1094,20240404,Watch Party
13963,5801,1690,20250828,Review
13964,4497,4654,20251007,Profile
13965,5016,2841,20230216,Recommendation
13966,832,557,20251005,Watch Party
13967,5222,3659,20241004,Review
13968,3638,3543,20231206,Profile
13969,1326,1209,20251109,Recommendation
13970,3031,2792,20251025,Watch Party
13971,599,748,20230514,Review
13972,3775,5134,20240427,Profile
13973,1085,4044,20250111,Recommendation
13974,4074,5467,20240826,Watch Party
13975,404,1309,20231006,Review
13976,1230,3524,20230714,Profile
13977,4567,5926,20240111,Recommendation
13978,2765,3142,20240127,Watch Party
13979,1949,2432,20250304,Review
13980,3411,625,20251105,Profile
13981,1953,1320,20241008,Recommendation
13982,1469,4197,20240309,Watch Party
13983,1262,4460,20241003,Review
13984,3980,3401,20250218,Profile
13985,3333,5377,20250524,Recommendation
13986,5812,3853,20250925,Watch Party
13987,2606,2129,20240901,Review
13988,1820,1545,20250317,Profile
13989,5329,3623,20240501,Recommendation
13990,4452,4631,20240109,Watch Party
13991,917,1592,20230516,Review
13992,4965,1938,20230206,Profile
13993,5069,4662,20250105,Recommendation
13994,3688,1496,20240708,Watch Party
13995,4989,3499,20241017,Review
13996,4712,5394,20250920,Profile
13997,2061,3602,20240930,Recommendation
13998,5417,443,20250820,Watch Party
13999,2624,5922,20240906,Review
14000,4501,1013,20251109,Profile
14001,865,3949,20250105,Recommendation
14002,2087,503,20250614,Watch Party
14003,1858,4471,20250322,Review
14004,5777,2812,20230715,Profile
14005,909,1062,20250107,Recommendation
14006,469,1039,20230704,Watch Party
14007,1856,794,20240502,Review
14008,3597,3007,20251118,Profile
14009,315,3296,20251231,Recommendation
14010,1952,700,20230321,Watch Party
14011,3482,726,20250412,Review
14012,5905,3478,20231102,Profile
14013,909,22,20230717,Recommendation
14014,63,515,20251112,Watch Party
14015,5950,4535,20230912,Review
14016,1720,5637,20240827,Profile
14017,1605,4721,20240131,Recommendation
14018,2058,4712,20240622,Watch Party
14019,1280,5832,20230813,Review
14020,4481,2374,20251212,Profile
14021,704,3144,20231124,Recommendation
14022,5993,1907,20251001,Watch Party
14023,3878,717,20240906,Review
14024,430,2141,20230503,Profile
14025,1375,1324,20250614,Recommendation
14026,5979,2517,20230915,Watch Party
14027,5475,4170,20230507,Review
14028,5319,3183,20250525,Profile
14029,5922,150,20240324,Recommendation
14030,3672,3984,20250118,Watch Party
14031,3778,5701,20230716,Review
14032,3680,1321,20231001,Profile
14033,4424,5891,20231220,Recommendation
14034,1810,3528,20250401,Watch Party
14035,1573,413,20240207,Review
14036,3665,1918,20250413,Profile
14037,5076,2446,20230712,Recommendation
14038,1474,5188,20230906,Watch Party
14039,2081,3811,20250103,Review
14040,5519,1004,20250112,Profile
14041,2584,2970,20250124,Recommendation
14042,2129,2511,20240205,Watch Party
14043,233,5394,20250722,Review
14044,3979,2280,20240126,Profile
14045,3280,2987,20240731,Recommendation
14046,3463,5501,20250113,Watch Party
14047,5912,5503,20230731,Review
14048,4476,2939,20240218,Profile
14049,1417,2135,20251108,Recommendation
14050,3078,1941,20250309,Watch Party
14051,4565,2191,20231207,Review
14052,3900,5237,20231025,Profile
14053,5808,232,20250621,Recommendation
14054,5606,829,20251026,Watch Party
14055,1531,4079,20230810,Review
14056,5059,5824,20230702,Profile
14057,1228,1711,20251210,Recommendation
14058,5920,2059,20251113,Watch Party
14059,1891,4572,20230319,Review
14060,3114,1702,20251114,Profile
14061,4183,4923,20231211,Recommendation
14062,1239,914,20250814,Watch Party
14063,5254,2455,20240721,Review
14064,1772,1684,20250418,Profile
14065,869,5169,20250308,Recommendation
14066,3216,1422,20241006,Watch Party
14067,1346,5244,20250228,Review
14068,5240,4927,20230304,Profile
14069,2285,2998,20251218,Recommendation
14070,2668,61,20230720,Watch Party
14071,5095,5615,20240726,Review
14072,3896,554,20251213,Profile
14073,3339,2733,20230829,Recommendation
14074,32,4716,20240104,Watch Party
14075,2908,236,20230525,Review
14076,2957,3267,20241209,Profile
14077,604,2104,20251022,Recommendation
14078,3724,4369,20230303,Watch Party
14079,5423,1237,20250103,Review
14080,5099,799,20241102,Profile
14081,3959,2893,20231222,Recommendation
14082,3333,1758,20251110,Watch Party
14083,3777,4062,20241226,Review
14084,3915,2005,20251222,Profile
14085,1382,4635,20230530,Recommendation
14086,5120,4784,20240704,Watch Party
14087,1734,3473,20240925,Review
14088,1751,3796,20250518,Profile
14089,4949,4192,20240612,Recommendation
14090,533,3049,20240412,Watch Party
14091,2465,1557,20250611,Review
14092,2159,2475,20250809,Profile
14093,812,4576,20240325,Recommendation
14094,3944,5347,20241123,Watch Party
14095,4086,1402,20230207,Review
14096,5196,4189,20241217,Profile
14097,694,2093,20230219,Recommendation
14098,1977,2906,20250228,Watch Party
14099,5823,1079,20230723,Review
14100,5936,4881,20250502,Profile
14101,5569,4141,20231110,Recommendation
14102,370,534,20230621,Watch Party
14103,4397,1620,20230925,Review
14104,4076,252,20250630,Profile
14105,3641,4594,20250127,Recommendation
14106,4742,2580,20250520,Watch Party
14107,3331,438,20250223,Review
14108,3278,4207,20230219,Profile
14109,60,5849,20250403,Recommendation
14110,4697,4407,20230129,Watch Party
14111,4343,907,20230321,Review
14112,1350,2335,20231121,Profile
14113,3854,5728,20250203,Recommendation
14114,3021,3578,20241105,Watch Party
14115,1125,5001,20250731,Review
14116,4040,1747,20241125,Profile
14117,1902,2582,20240823,Recommendation
14118,3791,476,20251028,Watch Party
14119,3632,13,20240506,Review
14120,3350,1953,20230118,Profile
14121,5532,1363,20250321,Recommendation
14122,5800,1842,20240623,Watch Party
14123,982,2647,20250218,Review
14124,1858,300,20240806,Profile
14125,2858,3924,20251105,Recommendation
14126,158,3208,20240506,Watch Party
14127,4843,1703,20230320,Review
14128,1327,441,20240414,Profile
14129,3588,4232,20231014,Recommendation
14130,5161,1498,20241204,Watch Party
14131,2452,2437,20240509,Review
14132,863,5545,20230616,Profile
14133,2474,5765,20250412,Recommendation
14134,1177,2255,20251130,Watch Party
14135,620,5441,20231026,Review
14136,3143,2089,20251206,Profile
14137,3828,2490,20250321,Recommendation
14138,4442,5096,20230514,Watch Party
14139,544,3260,20241204,Review
14140,4373,3807,20230820,Profile
14141,82,423,20230403,Recommendation
14142,2344,3777,20250515,Watch Party
14143,5454,2718,20250312,Review
14144,3309,5814,20250619,Profile
14145,5841,4824,20251206,Recommendation
14146,922,5404,20230831,Watch Party
14147,4804,4888,20240429,Review
14148,981,1642,20240621,Profile
14149,4573,5893,20240126,Recommendation
14150,3192,4111,20251120,Watch Party
14151,4333,476,20250518,Review
14152,3657,3887,20250109,Profile
14153,3787,4430,20240812,Recommendation
14154,2801,2776,20250305,Watch Party
14155,345,3233,20240920,Review
14156,5642,3275,20231029,Profile
14157,1271,1638,20250813,Recommendation
14158,1756,4534,20241201,Watch Party
14159,5551,5964,20240315,Review
14160,2999,5914,20250609,Profile
14161,656,3380,20230926,Recommendation
14162,148,2669,20231118,Watch Party
14163,4687,4250,20240209,Review
14164,541,3480,20240225,Profile
14165,707,3150,20251007,Recommendation
14166,860,5008,20251021,Watch Party
14167,3274,1410,20250221,Review
14168,2038,2266,20250929,Profile
14169,2101,2476,20240801,Recommendation
14170,1330,2527,20250615,Watch Party
14171,1310,3173,20240627,Review
14172,3232,4733,20240825,Profile
14173,4952,4537,20230826,Recommendation
14174,5730,3123,20230823,Watch Party
14175,997,3536,20231015,Review
14176,306,1616,20231221,Profile
14177,3641,4250,20240107,Recommendation
14178,1551,760,20230323,Watch Party
14179,3888,778,20240210,Review
14180,3955,2461,20240913,Profile
14181,402,978,20230309,Recommendation
14182,4083,5612,20250515,Watch Party
14183,4965,2538,20231017,Review
14184,2211,4454,20240626,Profile
14185,2516,3873,20240803,Recommendation
14186,4881,2564,20250222,Watch Party
14187,5744,178,20241105,Review
14188,4011,3116,20230323,Profile
14189,4463,1364,20231012,Recommendation
14190,437,1770,20250211,Watch Party
14191,1407,1221,20230930,Review
14192,4199,3963,20231206,Profile
14193,246,3252,20231122,Recommendation
14194,4568,1284,20230128,Watch Party
14195,2356,4373,20250415,Review
14196,4370,633,20230422,Profile
14197,1001,1781,20250716,Recommendation
14198,5868,4721,20250826,Watch Party
14199,5890,4997,20250620,Review
14200,1868,4511,20231221,Profile
14201,712,563,20250425,Recommendation
14202,3080,3409,20240723,Watch Party
14203,133,5255,20250620,Review
14204,5933,5731,20240217,Profile
14205,3250,3658,20250525,Recommendation
14206,3319,5218,20240326,Watch Party
14207,5772,1566,20230624,Review
14208,5377,4175,20241201,Profile
14209,2247,5354,20230501,Recommendation
14210,4381,2287,20240705,Watch Party
14211,2223,1716,20240905,Review
14212,3829,5108,20240828,Profile
14213,3646,5959,20230707,Recommendation
14214,5272,580,20251104,Watch Party
14215,1495,3545,20250306,Review
14216,4,1186,20250204,Profile
14217,5557,3121,20230110,Recommendation
14218,5413,2701,20231208,Watch Party
14219,5001,2178,20231213,Review
14220,3728,1100,20251018,Profile
14221,5045,2281,20231128,Recommendation
14222,4201,2926,20230324,Watch Party
14223,2110,2895,20251214,Review
14224,3509,416,20250825,Profile
14225,3204,4534,20251120,Recommendation
14226,5105,2091,20251220,Watch Party
14227,5666,1223,20230710,Review
14228,1344,3085,20240703,Profile
14229,1174,5089,20230712,Recommendation
14230,5192,4250,20230322,Watch Party
14231,3963,3580,20240429,Review
14232,3038,2098,20230201,Profile
14233,1878,3816,20240209,Recommendation
14234,3852,1050,20250419,Watch Party
14235,748,5928,20231120,Review
14236,1170,3266,20241209,Profile
14237,1520,243,20241223,Recommendation
14238,5740,3787,20230916,Watch Party
14239,4106,1022,20230608,Review
14240,410,5322,20240424,Profile
14241,1327,956,20250826,Recommendation
14242,5744,1348,20230710,Watch Party
14243,4916,3663,20250209,Review
14244,2137,2933,20250212,Profile
14245,5974,2112,20250430,Recommendation
14246,5051,5204,20231010,Watch Party
14247,4105,5365,20230405,Review
14248,964,2476,20250720,Profile
14249,1302,4949,20251206,Recommendation
14250,4573,3255,20230116,Watch Party
14251,5343,2258,20240522,Review
14252,3501,947,20240713,Profile
14253,5466,3591,20240706,Recommendation
14254,2725,4581,20250808,Watch Party
14255,4810,3500,20230124,Review
14256,4826,1331,20230219,Profile
14257,2555,1178,20241003,Recommendation
14258,360,4447,20230127,Watch Party
14259,102,5247,20240530,Review
14260,133,1916,20240102,Profile
14261,2202,5030,20240528,Recommendation
14262,3170,2340,20230611,Watch Party
14263,2024,5378,20250402,Review
14264,720,2847,20251016,Profile
14265,4298,5354,20250628,Recommendation
14266,3039,2673,20240129,Watch Party
14267,5984,4238,20240628,Review
14268,5019,4069,20250828,Profile
14269,4785,3084,20230804,Recommendation
14270,1901,1254,20251117,Watch Party
14271,391,5012,20240801,Review
14272,3859,2205,20240403,Profile
14273,2656,2896,20251114,Recommendation
14274,3586,2253,20231026,Watch Party
14275,659,713,20240630,Review
14276,5516,3434,20250812,Profile
14277,5917,5918,20230829,Recommendation
14278,529,1065,20250503,Watch Party
14279,1564,3992,20250505,Review
14280,627,1615,20230824,Profile
14281,4503,5461,20230521,Recommendation
14282,3385,2148,20240928,Watch Party
14283,1412,2506,20251218,Review
14284,3480,2049,20250206,Profile
14285,2393,4710,20250515,Recommendation
14286,5206,2944,20240328,Watch Party
14287,2478,5802,20241203,Review
14288,3442,350,20230308,Profile
14289,4434,3700,20250602,Recommendation
14290,4879,4845,20230207,Watch Party
14291,2400,1494,20230205,Review
14292,3211,2397,20230316,Profile
14293,5231,5251,20230213,Recommendation
14294,2870,1737,20240309,Watch Party
14295,2123,395,20231007,Review
14296,2652,4092,20240605,Profile
14297,4063,777,20231029,Recommendation
14298,2278,5946,20250303,Watch Party
14299,3428,1280,20240407,Review
14300,2049,3416,20240903,Profile
14301,4736,316,20250706,Recommendation
14302,5189,3718,20230526,Watch Party
14303,1407,2440,20230727,Review
14304,3870,1933,20240423,Profile
14305,1436,2288,20230128,Recommendation
14306,4492,5882,20251230,Watch Party
14307,3278,4550,20230404,Review
14308,1065,5346,20250616,Profile
14309,1567,2525,20230930,Recommendation
14310,4883,2081,20240104,Watch Party
14311,1197,1386,20231201,Review
14312,1624,2707,20231010,Profile
14313,755,2282,20250727,Recommendation
14314,1922,4594,20240321,Watch Party
14315,1127,3179,20230321,Review
14316,3856,245,20230125,Profile
14317,5089,2633,20250610,Recommendation
14318,3199,5921,20250508,Watch Party
14319,3467,1121,20250423,Review
14320,4490,5629,20230723,Profile
14321,4234,2729,20240823,Recommendation
14322,2176,114,20250112,Watch Party
14323,2002,2525,20251019,Review
14324,1041,1014,20240204,Profile
14325,5369,4298,20250809,Recommendation
14326,4728,385,20240309,Watch Party
14327,4361,1416,20251128,Review
14328,3801,588,20241012,Profile
14329,5414,4507,20240303,Recommendation
14330,4344,3435,20251203,Watch Party
14331,4575,285,20251031,Review
14332,1772,1366,20250615,Profile
14333,1119,1802,20251024,Recommendation
14334,4419,1294,20250807,Watch Party
14335,1755,2370,20240813,Review
14336,1598,3220,20231116,Profile
14337,104,5013,20251229,Recommendation
14338,742,1509,20230509,Watch Party
14339,3780,1399,20250603,Review
14340,3354,5981,20250227,Profile
14341,2759,3429,20240212,Recommendation
14342,5979,4151,20230826,Watch Party
14343,815,352,20231007,Review
14344,452,194,20240206,Profile
14345,3555,3929,20230311,Recommendation
14346,4616,4155,20240808,Watch Party
14347,3115,683,20250804,Review
14348,1164,472,20230415,Profile
14349,2623,4339,20230910,Recommendation
14350,3377,4919,20231224,Watch Party
14351,5667,1113,20250615,Review
14352,235,2921,20250307,Profile
14353,1319,1654,20230514,Recommendation
14354,823,3572,20251003,Watch Party
14355,4255,1907,20240429,Review
14356,1715,3184,20241221,Profile
14357,4655,5637,20230316,Recommendation
14358,5049,2468,20240426,Watch Party
14359,1353,1478,20230410,Review
14360,3884,2000,20240711,Profile
14361,1593,5889,20251107,Recommendation
14362,1940,2866,20240623,Watch Party
14363,5044,2853,20240702,Review
14364,4109,5800,20240210,Profile
14365,2970,5337,20250627,Recommendation
14366,5562,4117,20250811,Watch Party
14367,5036,558,20231205,Review
14368,1432,3204,20230405,Profile
14369,5580,1275,20230205,Recommendation
14370,3822,5737,20241024,Watch Party
14371,2310,811,20241110,Review
14372,3435,1163,20231115,Profile
14373,1054,3134,20241119,Recommendation
14374,5247,3321,20240908,Watch Party
14375,3148,5742,20240623,Review
14376,168,3266,20230821,Profile
14377,4495,2752,20241007,Recommendation
14378,762,4174,20230112,Watch Party
14379,2220,5632,20230430,Review
14380,4782,430,20240816,Profile
14381,2970,5973,20231022,Recommendation
14382,5773,5715,20231227,Watch Party
14383,1231,1247,20250821,Review
14384,4944,3596,20230408,Profile
14385,4421,3791,20250319,Recommendation
14386,2169,557,20251210,Watch Party
14387,1642,695,20231105,Review
14388,3003,2050,20250827,Profile
14389,1271,4104,20241110,Recommendation
14390,3047,3629,20241006,Watch Party
14391,2248,840,20251129,Review
14392,4748,734,20240214,Profile
14393,2781,5634,20240709,Recommendation
14394,46,3787,20230210,Watch Party
14395,2438,884,20250723,Review
14396,4186,1461,20230308,Profile
14397,563,2723,20230701,Recommendation
14398,857,1767,20250807,Watch Party
14399,3106,5844,20230111,Review
14400,677,1584,20230530,Profile
14401,437,5384,20240101,Recommendation
14402,5847,3003,20230309,Watch Party
14403,376,3648,20231025,Review
14404,863,3718,20230722,Profile
14405,5578,4667,20250218,Recommendation
14406,5640,5758,20240518,Watch Party
14407,1431,2346,20230807,Review
14408,3779,5771,20251008,Profile
14409,980,5107,20230302,Recommendation
14410,1263,871,20250729,Watch Party
14411,1908,1398,20251005,Review
14412,5367,1785,20240525,Profile
14413,3375,382,20240501,Recommendation
14414,792,5778,20250411,Watch Party
14415,2711,5236,20231211,Review
14416,4685,2937,20230418,Profile
14417,5235,2290,20250227,Recommendation
14418,5081,953,20250224,Watch Party
14419,4616,468,20231227,Review
14420,2612,4526,20230709,Profile
14421,1061,5271,20251109,Recommendation
14422,1101,998,20230120,Watch Party
14423,3927,4446,20241228,Review
14424,468,5959,20250128,Profile
14425,4567,649,20231230,Recommendation
14426,2217,2390,20250630,Watch Party
14427,2232,334,20250626,Review
14428,663,317,20250531,Profile
14429,2259,1008,20230802,Recommendation
14430,3547,658,20251121,Watch Party
14431,2326,4809,20240309,Review
14432,821,4886,20250722,Profile
14433,2828,4133,20250207,Recommendation
14434,4407,5732,20240916,Watch Party
14435,2389,1124,20240203,Review
14436,505,68,20250414,Profile
14437,4217,2749,20240914,Recommendation
14438,5969,3528,20240405,Watch Party
14439,1298,1038,20250922,Review
14440,4147,5315,20230904,Profile
14441,4185,304,20250531,Recommendation
14442,704,5359,20250202,Watch Party
14443,5672,3151,20240528,Review
14444,4338,4052,20230228,Profile
14445,4764,4797,20240701,Recommendation
14446,899,1219,20230606,Watch Party
14447,2170,5497,20251202,Review
14448,3376,3537,20250217,Profile
14449,2687,2744,20250522,Recommendation
14450,2108,1001,20250219,Watch Party
14451,3094,651,20230428,Review
14452,1304,4091,20230723,Profile
14453,5526,1690,20230215,Recommendation
14454,2220,4517,20240303,Watch Party
14455,5972,4994,20250831,Review
14456,3546,4081,20230514,Profile
14457,1182,1204,20240805,Recommendation
14458,4395,3297,20230311,Watch Party
14459,272,2720,20241020,Review
14460,3302,466,20241108,Profile
14461,5529,4939,20240501,Recommendation
14462,4221,2502,20230419,Watch Party
14463,4899,1306,20250901,Review
14464,1596,2734,20231112,Profile
14465,625,162,20251111,Recommendation
14466,1002,955,20231229,Watch Party
14467,3321,3499,20241225,Review
14468,2680,5906,20251126,Profile
14469,3957,3280,20241130,Recommendation
14470,2355,4290,20240224,Watch Party
14471,3270,4444,20230305,Review
14472,3525,4584,20250808,Profile
14473,1714,5991,20240624,Recommendation
14474,3087,3900,20250115,Watch Party
14475,4443,5149,20240219,Review
14476,444,714,20241224,Profile
14477,1939,217,20230712,Recommendation
14478,5803,710,20250223,Watch Party
14479,5114,3776,20240609,Review
14480,1722,4659,20250714,Profile
14481,235,1356,20230327,Recommendation
14482,5354,118,20250921,Watch Party
14483,2708,4766,20251027,Review
14484,5137,3466,20230524,Profile
14485,2191,2055,20230203,Recommendation
14486,3251,1299,20251219,Watch Party
14487,1943,2230,20240727,Review
14488,2737,5036,20231103,Profile
14489,430,2819,20240424,Recommendation
14490,2565,178,20250811,Watch Party
14491,5619,4595,20240602,Review
14492,639,5887,20230903,Profile
14493,1509,3054,20240710,Recommendation
14494,486,3593,20230206,Watch Party
14495,4453,2401,20240930,Review
14496,4796,3224,20230115,Profile
14497,404,5866,20251016,Recommendation
14498,1846,5982,20230309,Watch Party
14499,1352,1617,20230812,Review
14500,5937,3886,20230319,Profile
14501,5173,3568,20250522,Recommendation
14502,2706,2796,20230716,Watch Party
14503,2511,1410,20230913,Review
14504,2516,1079,20230831,Profile
14505,2842,4691,20250318,Recommendation
14506,5219,5236,20240303,Watch Party
14507,1920,2631,20230113,Review
14508,5088,3928,20241118,Profile
14509,2728,2969,20250113,Recommendation
14510,2116,2291,20250208,Watch Party
14511,3756,5087,20231025,Review
14512,4083,5534,20241113,Profile
14513,1899,3922,20251113,Recommendation
14514,4930,1124,20231020,Watch Party
14515,2616,1442,20231202,Review
14516,5343,349,20240219,Profile
14517,3240,3840,20240325,Recommendation
14518,709,2385,20250418,Watch Party
14519,3822,5391,20231207,Review
14520,1034,3239,20231003,Profile
14521,1277,4454,20230130,Recommendation
14522,4976,2343,20241128,Watch Party
14523,3280,4434,20230715,Review
14524,5925,3606,20230702,Profile
14525,104,5652,20250821,Recommendation
14526,501,1379,20230929,Watch Party
14527,5398,5079,20230902,Review
14528,3292,1435,20250113,Profile
14529,5208,4476,20250410,Recommendation
14530,2251,575,20240422,Watch Party
14531,5522,3442,20241002,Review
14532,1660,5359,20250122,Profile
14533,201,29,20240227,Recommendation
14534,509,5257,20240310,Watch Party
14535,5324,4057,20231116,Review
14536,4099,2763,20240601,Profile
14537,959,2947,20250925,Recommendation
14538,440,4069,20251022,Watch Party
14539,332,787,20230102,Review
14540,4529,674,20230428,Profile
14541,4278,3894,20250420,Recommendation
14542,2286,1602,20241110,Watch Party
14543,2751,1500,20230825,Review
14544,5581,2230,20240312,Profile
14545,456,4440,20230403,Recommendation
14546,640,2354,20241118,Watch Party
14547,2090,1300,20250326,Review
14548,4409,1524,20250328,Profile
14549,4951,976,20240426,Recommendation
14550,5614,3473,20240707,Watch Party
14551,2089,2857,20230512,Review
14552,3848,1921,20240113,Profile
14553,5398,1057,20250408,Recommendation
14554,3798,877,20230521,Watch Party
14555,2531,2550,20250112,Review
14556,1274,60,20241120,Profile
14557,1201,970,20240320,Recommendation
14558,4347,2557,20250310,Watch Party
14559,3059,4619,20251223,Review
14560,4717,3210,20250413,Profile
14561,1253,5002,20250909,Recommendation
14562,1797,2664,20251019,Watch Party
14563,2764,604,20241213,Review
14564,2069,4224,20251218,Profile
14565,1781,2121,20240624,Recommendation
14566,539,1632,20231025,Watch Party
14567,3013,2266,20230714,Review
14568,4222,5927,20230619,Profile
14569,5835,3233,20240110,Recommendation
14570,2663,3465,20230222,Watch Party
14571,751,3080,20230426,Review
14572,5623,462,20251002,Profile
14573,2895,1377,20250814,Recommendation
14574,4465,4036,20250527,Watch Party
14575,3142,4164,20240923,Review
14576,5023,3670,20240524,Profile
14577,3656,3690,20250404,Recommendation
14578,1634,528,20230925,Watch Party
14579,4765,4601,20250818,Review
14580,2869,787,20230526,Profile
14581,518,5057,20240506,Recommendation
14582,3584,1229,20240413,Watch Party
14583,4971,4013,20251030,Review
14584,1343,4544,20251021,Profile
14585,41,2669,20250408,Recommendation
14586,152,641,20230120,Watch Party
14587,291,3031,20250914,Review
14588,2110,3808,20231018,Profile
14589,2463,2826,20250416,Recommendation
14590,2093,948,20230513,Watch Party
14591,4546,1446,20241219,Review
14592,3326,5547,20230222,Profile
14593,2718,4257,20230906,Recommendation
14594,5892,5077,20240603,Watch Party
14595,4377,3053,20250625,Review
14596,439,4054,20230422,Profile
14597,2753,2343,20250529,Recommendation
14598,2426,5738,20240130,Watch Party
14599,2174,2859,20230718,Review
14600,420,2044,20230715,Profile
14601,4295,18,20250128,Recommendation
14602,351,1666,20230103,Watch Party
14603,4926,4938,20241118,Review
14604,4342,3477,20230807,Profile
14605,4779,2391,20240721,Recommendation
14606,1564,5442,20231017,Watch Party
14607,1171,4295,20231103,Review
14608,5074,5881,20251101,Profile
14609,4993,137,20241107,Recommendation
14610,2279,180,20230421,Watch Party
14611,3099,2274,20230917,Review
14612,5769,88,20250117,Profile
14613,2231,3274,20231003,Recommendation
14614,4586,2237,20231123,Watch Party
14615,1603,5992,20240524,Review
14616,5536,234,20250513,Profile
14617,1379,3521,20241124,Recommendation
14618,1810,344,20230504,Watch Party
14619,5072,5435,20250201,Review
14620,5380,848,20230124,Profile
14621,5999,3357,20240401,Recommendation
14622,4673,5720,20240719,Watch Party
14623,5920,1972,20250129,Review
14624,4929,3936,20240726,Profile
14625,3778,5442,20230420,Recommendation
14626,2807,4294,20240421,Watch Party
14627,422,3892,20251007,Review
14628,305,4015,20240105,Profile
14629,1284,5073,20230423,Recommendation
14630,470,4356,20250329,Watch Party
14631,2005,2377,20240607,Review
14632,2554,1397,20251222,Profile
14633,2207,884,20250110,Recommendation
14634,364,664,20230930,Watch Party
14635,4029,5198,20240915,Review
14636,5556,4746,20240618,Profile
14637,5850,4960,20240102,Recommendation
14638,3067,393,20250612,Watch Party
14639,5323,836,20240211,Review
14640,319,4169,20230101,Profile
14641,4239,3317,20251013,Recommendation
14642,4398,3461,20240714,Watch Party
14643,586,3077,20251117,Review
14644,5089,3977,20240728,Profile
14645,5070,5815,20240717,Recommendation
14646,3271,3968,20240728,Watch Party
14647,5738,3246,20250402,Review
14648,5199,4360,20240316,Profile
14649,2572,2620,20230504,Recommendation
14650,1711,2792,20230204,Watch Party
14651,2814,1357,20240509,Review
14652,4662,699,20250511,Profile
14653,1452,3356,20250725,Recommendation
14654,4601,4901,20230928,Watch Party
14655,3932,2432,20250831,Review
14656,46,3642,20240329,Profile
14657,4755,110,20240130,Recommendation
14658,305,3219,20240511,Watch Party
14659,214,1022,20231123,Review
14660,4752,832,20241205,Profile
14661,1082,1758,20230109,Recommendation
14662,3523,419,20240624,Watch Party
14663,5942,3609,20230112,Review
14664,475,901,20240226,Profile
14665,2374,4817,20240507,Recommendation
14666,2467,5546,20240521,Watch Party
14667,1796,5629,20230321,Review
14668,2462,973,20250310,Profile
14669,5959,1695,20241023,Recommendation
14670,4937,2369,20230112,Watch Party
14671,4635,4697,20241219,Review
14672,2413,5374,20250406,Profile
14673,459,316,20230124,Recommendation
14674,4731,5796,20231018,Watch Party
14675,133,561,20231028,Review
14676,2174,5826,20230922,Profile
14677,3261,504,20230308,Recommendation
14678,804,841,20240926,Watch Party
14679,4000,1185,20251105,Review
14680,4540,3658,20240903,Profile
14681,5858,1669,20230116,Recommendation
14682,4338,5338,20230220,Watch Party
14683,2460,5612,20230819,Review
14684,731,1089,20240907,Profile
14685,983,3679,20240705,Recommendation
14686,1053,2906,20251122,Watch Party
14687,5473,479,20230804,Review
14688,4383,788,20231112,Profile
14689,4851,1823,20240118,Recommendation
14690,3844,3327,20240424,Watch Party
14691,1459,4891,20250609,Review
14692,5607,1873,20230706,Profile
14693,42,5485,20241115,Recommendation
14694,4933,4963,20231119,Watch Party
14695,5427,1603,20240329,Review
14696,5813,1945,20240831,Profile
14697,4821,4533,20230522,Recommendation
14698,5750,2675,20240728,Watch Party
14699,1196,5389,20250227,Review
14700,4225,188,20250710,Profile
14701,5086,5420,20230922,Recommendation
14702,3629,1668,20241222,Watch Party
14703,2622,1602,20250224,Review
14704,3379,1111,20230301,Profile
14705,5947,3422,20240901,Recommendation
14706,5429,3883,20240523,Watch Party
14707,712,5807,20250620,Review
14708,9,5750,20240831,Profile
14709,1822,1167,20240719,Recommendation
14710,1799,2792,20231031,Watch Party
14711,759,4981,20240713,Review
14712,1546,737,20240330,Profile
14713,1580,818,20231219,Recommendation
14714,1203,1708,20231128,Watch Party
14715,4692,458,20230528,Review
14716,2440,1779,20240804,Profile
14717,1133,4719,20230417,Recommendation
14718,1525,1702,20231118,Watch Party
14719,2138,1104,20240101,Review
14720,3297,4273,20250408,Profile
14721,3774,2844,20250213,Recommendation
14722,126,4588,20250903,Watch Party
14723,683,2226,20241223,Review
14724,241,5135,20240816,Profile
14725,4165,946,20240405,Recommendation
14726,5083,1080,20230920,Watch Party
14727,4716,472,20251224,Review
14728,4601,1467,20250321,Profile
14729,5374,326,20250511,Recommendation
14730,1329,1759,20230705,Watch Party
14731,3803,2126,20240723,Review
14732,4866,1298,20250219,Profile
14733,5292,217,20250815,Recommendation
14734,3885,4062,20240325,Watch Party
14735,4631,5462,20230520,Review
14736,721,4605,20250517,Profile
14737,1370,4175,20230907,Recommendation
14738,2577,218,20251226,Watch Party
14739,4263,4754,20230624,Review
14740,5158,586,20230109,Profile
14741,2269,122,20250423,Recommendation
14742,5175,3096,20231214,Watch Party
14743,864,2574,20240617,Review
14744,4396,1749,20240511,Profile
14745,5997,5402,20240511,Recommendation
14746,4639,844,20250727,Watch Party
14747,1030,506,20240210,Review
14748,2208,5280,20241031,Profile
14749,1256,5589,20250118,Recommendation
14750,2668,1162,20240408,Watch Party
14751,820,4836,20240406,Review
14752,2694,33,20231201,Profile
14753,3472,560,20230328,Recommendation
14754,2377,5397,20241026,Watch Party
14755,1514,5968,20240204,Review
14756,5065,3016,20250728,Profile
14757,3452,4033,20250215,Recommendation
14758,3626,4071,20230318,Watch Party
14759,5607,5934,20250508,Review
14760,5689,701,20230826,Profile
14761,1032,1218,20230114,Recommendation
14762,2156,4373,20250119,Watch Party
14763,4782,1113,20250130,Review
14764,4843,3692,20230815,Profile
14765,2873,3398,20230508,Recommendation
14766,1895,6000,20230112,Watch Party
14767,3334,3600,20231030,Review
14768,64,1320,20250523,Profile
14769,5277,2601,20240213,Recommendation
14770,2356,190,20240818,Watch Party
14771,2401,1173,20250302,Review
14772,4540,5139,20250502,Profile
14773,1606,2311,20230304,Recommendation
14774,2110,68,20240301,Watch Party
14775,2822,303,20230815,Review
14776,7,1674,20240821,Profile
14777,5445,597,20251117,Recommendation
14778,2466,3266,20230122,Watch Party
14779,4907,2492,20240802,Review
14780,1972,2461,20250812,Profile
14781,5907,4648,20250308,Recommendation
14782,5522,5455,20230902,Watch Party
14783,366,1078,20230627,Review
14784,434,1743,20240929,Profile
14785,4054,1642,20250721,Recommendation
14786,3857,5833,20250207,Watch Party
14787,4988,2416,20240623,Review
14788,4927,3460,20230422,Profile
14789,507,4059,20230217,Recommendation
14790,503,1029,20230317,Watch Party
14791,2675,389,20230917,Review
14792,787,3470,20241024,Profile
14793,3925,3425,20250817,Recommendation
14794,5747,5701,20231104,Watch Party
14795,3832,3181,20240522,Review
14796,4385,2579,20230320,Profile
14797,5273,3480,20240925,Recommendation
14798,3818,169,20230603,Watch Party
14799,640,48,20240509,Review
14800,2071,4785,20240618,Profile
14801,280,169,20230622,Recommendation
14802,4163,1408,20231023,Watch Party
14803,182,5107,20230505,Review
14804,3933,5290,20240320,Profile
14805,547,2915,20230615,Recommendation
14806,5498,2608,20240308,Watch Party
14807,3939,2453,20230116,Review
14808,1514,3659,20230321,Profile
14809,1863,2238,20251124,Recommendation
14810,4097,2869,20240625,Watch Party
14811,2446,4971,20240905,Review
14812,3598,11,20230913,Profile
14813,5853,4107,20240103,Recommendation
14814,140,900,20240104,Watch Party
14815,3181,5891,20251003,Review
14816,5147,3429,20231025,Profile
14817,3959,3386,20250726,Recommendation
14818,4703,886,20250920,Watch Party
14819,984,1565,20251110,Review
14820,1419,2002,20240421,Profile
14821,717,3513,20240126,Recommendation
14822,3387,4044,20240623,Watch Party
14823,4158,1259,20250730,Review
14824,3976,2736,20240107,Profile
14825,2713,3792,20230813,Recommendation
14826,2469,438,20230726,Watch Party
14827,2229,1058,20250417,Review
14828,5451,4134,20251108,Profile
14829,1767,448,20250207,Recommendation
14830,3189,483,20240731,Watch Party
14831,1413,1235,20240214,Review
14832,4938,2436,20250604,Profile
14833,4491,4978,20250228,Recommendation
14834,4853,2134,20251105,Watch Party
14835,4933,4266,20240130,Review
14836,2215,1344,20240312,Profile
14837,5089,5914,20230624,Recommendation
14838,2837,4670,20231122,Watch Party
14839,1493,1579,20250420,Review
14840,1074,2094,20240621,Profile
14841,5925,3710,20230626,Recommendation
14842,4241,3341,20241004,Watch Party
14843,4983,4676,20251011,Review
14844,4057,2022,20240912,Profile
14845,5061,2517,20230514,Recommendation
14846,3212,4486,20250521,Watch Party
14847,2993,4433,20250228,Review
14848,5585,4295,20250518,Profile
14849,4156,1917,20230711,Recommendation
14850,4739,3925,20230315,Watch Party
14851,4813,36,20240514,Review
14852,229,2161,20231220,Profile
14853,1650,214,20230112,Recommendation
14854,1012,1647,20250329,Watch Party
14855,1561,5619,20230110,Review
14856,825,3367,20250909,Profile
14857,3685,4619,20230201,Recommendation
14858,1610,1601,20240808,Watch Party
14859,375,4462,20230831,Review
14860,5132,4302,20240503,Profile
14861,34,2917,20250509,Recommendation
14862,3211,4775,20230822,Watch Party
14863,3882,4531,20241202,Review
14864,403,3780,20230703,Profile
14865,5219,529,20230321,Recommendation
14866,5171,5398,20230203,Watch Party
14867,5906,2443,20240703,Review
14868,1379,1151,20241025,Profile
14869,5875,1865,20240713,Recommendation
14870,5588,3746,20251115,Watch Party
14871,2848,5372,20250917,Review
14872,1699,3560,20240320,Profile
14873,2583,1526,20251026,Recommendation
14874,4170,2606,20231024,Watch Party
14875,334,4563,20241123,Review
14876,3239,921,20240703,Profile
14877,3965,5989,20240106,Recommendation
14878,1716,1743,20240522,Watch Party
14879,1639,4795,20230705,Review
14880,3656,3816,20231025,Profile
14881,2726,5505,20230117,Recommendation
14882,4537,627,20250417,Watch Party
14883,312,3776,20241123,Review
14884,1787,5603,20230915,Profile
14885,4126,4805,20250411,Recommendation
14886,2316,1626,20230412,Watch Party
14887,968,4867,20250723,Review
14888,5567,4396,20231119,Profile
14889,3346,5554,20240919,Recommendation
14890,2985,974,20250123,Watch Party
14891,615,4168,20251011,Review
14892,4695,316,20250717,Profile
14893,2216,5160,20231113,Recommendation
14894,1039,1023,20250827,Watch Party
14895,4006,2778,20240730,Review
14896,11,1586,20250815,Profile
14897,3385,3709,20240125,Recommendation
14898,3460,3258,20250331,Watch Party
14899,1339,3350,20240203,Review
14900,5455,4077,20250514,Profile
14901,1969,3456,20230115,Recommendation
14902,5336,2086,20230214,Watch Party
14903,922,257,20230119,Review
14904,477,523,20250520,Profile
14905,5019,1696,20250416,Recommendation
14906,3994,4616,20250930,Watch Party
14907,5563,3070,20230504,Review
14908,1197,5810,20240602,Profile
14909,5074,1176,20240507,Recommendation
14910,76,5181,20250404,Watch Party
14911,1820,4982,20230106,Review
14912,2394,5307,20250103,Profile
14913,660,1758,20230422,Recommendation
14914,766,1201,20230319,Watch Party
14915,5024,3007,20230706,Review
14916,4863,3355,20250606,Profile
14917,2029,4993,20240531,Recommendation
14918,157,1590,20250424,Watch Party
14919,2642,4751,20240121,Review
14920,2287,1981,20240903,Profile
14921,508,5338,20230308,Recommendation
14922,1800,4295,20230501,Watch Party
14923,3531,2560,20230415,Review
14924,442,212,20241008,Profile
14925,1132,3384,20230830,Recommendation
14926,2636,678,20250119,Watch Party
14927,5815,5426,20250529,Review
14928,5155,651,20230616,Profile
14929,3313,1726,20250617,Recommendation
14930,354,3352,20241101,Watch Party
14931,1231,101,20250921,Review
14932,24,3963,20250305,Profile
14933,4129,3100,20250304,Recommendation
14934,4819,1799,20231121,Watch Party
14935,3976,1899,20230331,Review
14936,5626,1635,20230921,Profile
14937,581,1862,20251206,Recommendation
14938,928,5770,20230809,Watch Party
14939,4048,3263,20230123,Review
14940,4305,3266,20230120,Profile
14941,3794,1741,20231021,Recommendation
14942,882,4700,20250312,Watch Party
14943,3578,4849,20240201,Review
14944,499,5798,20240928,Profile
14945,1163,137,20241014,Recommendation
14946,1534,5815,20250127,Watch Party
14947,656,1963,20251007,Review
14948,3927,2040,20250401,Profile
14949,1086,2251,20241014,Recommendation
14950,247,350,20240817,Watch Party
14951,3174,4743,20250419,Review
14952,4651,2079,20250530,Profile
14953,3710,1293,20250225,Recommendation
14954,1907,5044,20250608,Watch Party
14955,847,1934,20230713,Review
14956,4826,2369,20251128,Profile
14957,4703,416,20230518,Recommendation
14958,3666,1192,20240928,Watch Party
14959,2018,4942,20240105,Review
14960,4037,5244,20251004,Profile
14961,5236,392,20240501,Recommendation
14962,1122,3551,20250716,Watch Party
14963,3029,365,20240716,Review
14964,4871,5903,20240421,Profile
14965,3604,2973,20251020,Recommendation
14966,5516,2060,20250125,Watch Party
14967,2218,3504,20230317,Review
14968,288,5371,20230818,Profile
14969,1912,2988,20240820,Recommendation
14970,2057,4672,20241021,Watch Party
14971,2375,193,20231219,Review
14972,3923,1729,20250822,Profile
14973,4540,1180,20251029,Recommendation
14974,3274,2093,20241020,Watch Party
14975,5096,572,20250913,Review
14976,1444,2836,20240424,Profile
14977,1977,106,20240404,Recommendation
14978,3081,2961,20250831,Watch Party
14979,3611,547,20230212,Review
14980,5686,947,20240209,Profile
14981,1878,1747,20230121,Recommendation
14982,95,4349,20230823,Watch Party
14983,5588,4049,20250701,Review
14984,1812,1155,20250212,Profile
14985,2742,5744,20240412,Recommendation
14986,5310,4950,20230812,Watch Party
14987,4851,2730,20241006,Review
14988,2483,3441,20231225,Profile
14989,2817,2416,20240505,Recommendation
14990,4129,2868,20250203,Watch Party
14991,2639,3066,20230219,Review
14992,472,166,20240823,Profile
14993,2538,4591,20250320,Recommendation
14994,1731,3595,20241111,Watch Party
14995,3076,2349,20230930,Review
14996,4918,1222,20230125,Profile
14997,2451,2357,20231008,Recommendation
14998,1711,783,20230424,Watch Party
14999,2136,2028,20240331,Review
15000,113,1673,20240820,Profile
15001,4668,5682,20240727,Recommendation
15002,2650,1987,20250124,Watch Party
15003,2050,1739,20230125,Review
15004,2638,3780,20240208,Profile
15005,364,266,20250311,Recommendation
15006,1437,1446,20231104,Watch Party
15007,1170,5648,20250121,Review
15008,22,3457,20240203,Profile
15009,4881,738,20250725,Recommendation
15010,2394,264,20250829,Watch Party
15011,2061,5404,20230202,Review
15012,601,3235,20251021,Profile
15013,3623,442,20240528,Recommendation
15014,5409,2166,20250722,Watch Party
15015,4952,597,20230714,Review
15016,1953,2439,20250812,Profile
15017,2607,1697,20231211,Recommendation
15018,1803,4743,20250719,Watch Party
15019,5952,3994,20250807,Review
15020,667,4783,20231127,Profile
15021,3179,5844,20230111,Recommendation
15022,593,4999,20251004,Watch Party
15023,1444,984,20250828,Review
15024,5570,2584,20241006,Profile
15025,1231,5887,20251203,Recommendation
15026,1604,2715,20240210,Watch Party
15027,4841,2373,20250929,Review
15028,1131,849,20240808,Profile
15029,5712,1910,20250616,Recommendation
15030,316,4639,20231102,Watch Party
15031,522,417,20251104,Review
15032,4481,5930,20241214,Profile
15033,1209,983,20241217,Recommendation
15034,5519,4877,20250317,Watch Party
15035,1460,4045,20240403,Review
15036,5230,1269,20240413,Profile
15037,5461,969,20250306,Recommendation
15038,3727,4350,20250823,Watch Party
15039,5683,766,20240303,Review
15040,4017,1045,20251202,Profile
15041,5021,680,20240311,Recommendation
15042,2520,1039,20230314,Watch Party
15043,3497,1351,20240327,Review
15044,5407,1278,20230901,Profile
15045,1481,1480,20240125,Recommendation
15046,5493,4939,20230204,Watch Party
15047,2172,5625,20230527,Review
15048,2804,2130,20240402,Profile
15049,154,3692,20250214,Recommendation
15050,2339,4068,20230817,Watch Party
15051,2378,4344,20230613,Review
15052,47,1263,20241126,Profile
15053,1655,56,20230915,Recommendation
15054,4182,5150,20250511,Watch Party
15055,1544,2552,20231201,Review
15056,1216,1316,20250520,Profile
15057,2133,1528,20241227,Recommendation
15058,1707,2087,20250602,Watch Party
15059,5784,1821,20240925,Review
15060,2787,3254,20231001,Profile
15061,4436,3935,20230823,Recommendation
15062,456,1948,20240401,Watch Party
15063,3389,2349,20250127,Review
15064,670,3896,20251215,Profile
15065,1908,3222,20230331,Recommendation
15066,330,3408,20240115,Watch Party
15067,3293,1402,20230525,Review
15068,2240,1888,20250604,Profile
15069,2760,270,20240814,Recommendation
15070,2723,484,20250719,Watch Party
15071,1398,3264,20241128,Review
15072,3166,5120,20250801,Profile
15073,4569,2541,20231026,Recommendation
15074,4785,5967,20241127,Watch Party
15075,2085,5266,20230903,Review
15076,586,1906,20250126,Profile
15077,2836,5005,20230303,Recommendation
15078,4013,2086,20240201,Watch Party
15079,4692,5957,20250519,Review
15080,4268,2534,20230810,Profile
15081,717,2557,20251107,Recommendation
15082,3309,102,20231013,Watch Party
15083,1699,3202,20230409,Review
15084,742,3963,20241015,Profile
15085,2170,4195,20240713,Recommendation
15086,1805,2095,20250630,Watch Party
15087,1342,2289,20251226,Review
15088,4782,2083,20230127,Profile
15089,4744,2943,20240720,Recommendation
15090,3930,4599,20250412,Watch Party
15091,2635,1743,20250418,Review
15092,1815,5818,20241025,Profile
15093,1400,325,20231124,Recommendation
15094,620,541,20240811,Watch Party
15095,321,980,20250512,Review
15096,1043,1296,20240206,Profile
15097,4834,1693,20250416,Recommendation
15098,4896,4130,20240326,Watch Party
15099,2,5839,20250612,Review
15100,1451,2815,20230418,Profile
15101,5188,4936,20230109,Recommendation
15102,1578,4734,20241015,Watch Party
15103,5062,2214,20250909,Review
15104,1407,4422,20250515,Profile
15105,5507,5675,20240818,Recommendation
15106,84,684,20240609,Watch Party
15107,5089,4329,20241016,Review
15108,4853,2919,20240614,Profile
15109,3965,3151,20241017,Recommendation
15110,2361,73,20230923,Watch Party
15111,3315,4691,20250317,Review
15112,2059,4802,20240814,Profile
15113,5326,4424,20251110,Recommendation
15114,5943,704,20240116,Watch Party
15115,4534,5356,20230506,Review
15116,4269,555,20230909,Profile
15117,2340,1558,20250221,Recommendation
15118,3457,1260,20250305,Watch Party
15119,632,1782,20240518,Review
15120,2470,3888,20250216,Profile
15121,5804,1902,20241221,Recommendation
15122,1170,774,20240301,Watch Party
15123,4725,3102,20240326,Review
15124,1346,2285,20240826,Profile
15125,5311,749,20231018,Recommendation
15126,677,1317,20240121,Watch Party
15127,870,3891,20240118,Review
15128,3498,3947,20230114,Profile
15129,1551,999,20230120,Recommendation
15130,1921,5490,20250709,Watch Party
15131,1098,1270,20230303,Review
15132,3457,2474,20230403,Profile
15133,1843,1420,20250605,Recommendation
15134,935,2760,20240828,Watch Party
15135,4735,3580,20240903,Review
15136,4700,2782,20240816,Profile
15137,1406,4919,20250209,Recommendation
15138,3909,497,20250408,Watch Party
15139,4936,165,20230520,Review
15140,1213,5468,20251219,Profile
15141,4377,3455,20240309,Recommendation
15142,5253,3952,20250602,Watch Party
15143,2657,1665,20250616,Review
15144,2831,2565,20240228,Profile
15145,2415,2080,20230721,Recommendation
15146,3437,2311,20240420,Watch Party
15147,4417,5511,20241215,Review
15148,4798,5086,20251207,Profile
15149,4107,4329,20241127,Recommendation
15150,2807,2779,20240509,Watch Party
15151,4672,1599,20240829,Review
15152,3076,4200,20231022,Profile
15153,5020,4608,20240608,Recommendation
15154,1759,3094,20250404,Watch Party
15155,2933,2725,20240929,Review
15156,4455,3505,20230409,Profile
15157,2418,2090,20240702,Recommendation
15158,214,2625,20240816,Watch Party
15159,5615,2831,20230516,Review
15160,1648,2369,20240810,Profile
15161,3118,346,20240422,Recommendation
15162,2887,5576,20250205,Watch Party
15163,2076,2469,20230727,Review
15164,3006,2065,20241002,Profile
15165,2126,4896,20250123,Recommendation
15166,1322,5772,20240505,Watch Party
15167,5460,5007,20230916,Review
15168,2083,4076,20240905,Profile
15169,1178,209,20250720,Recommendation
15170,4726,5094,20250824,Watch Party
15171,5666,4834,20250603,Review
15172,1032,4354,20231228,Profile
15173,2828,869,20240508,Recommendation
15174,1321,4238,20250628,Watch Party
15175,1638,5630,20250811,Review
15176,1999,1404,20251225,Profile
15177,2007,4852,20240815,Recommendation
15178,28,2479,20241206,Watch Party
15179,2059,4564,20230418,Review
15180,3295,4107,20240525,Profile
15181,2589,4471,20251018,Recommendation
15182,2242,1150,20241202,Watch Party
15183,1428,4331,20230824,Review
15184,3861,5251,20251024,Profile
15185,3612,1486,20240624,Recommendation
15186,5440,2150,20231204,Watch Party
15187,3576,4940,20240201,Review
15188,2249,5973,20251225,Profile
15189,2984,2565,20240416,Recommendation
15190,1295,2493,20231007,Watch Party
15191,1077,3622,20230607,Review
15192,3859,1474,20230109,Profile
15193,3143,2253,20231101,Recommendation
15194,2555,5670,20240323,Watch Party
15195,3045,1815,20240522,Review
15196,2418,2541,20240428,Profile
15197,1278,1607,20250708,Recommendation
15198,5305,1054,20240810,Watch Party
15199,3790,2794,20240316,Review
15200,5283,3838,20250506,Profile
15201,1368,4529,20251224,Recommendation
15202,4947,1132,20230601,Watch Party
15203,3341,1574,20230318,Review
15204,3510,2462,20250918,Profile
15205,4672,2723,20240801,Recommendation
15206,1780,4855,20230529,Watch Party
15207,3041,3790,20250602,Review
15208,1788,2015,20230122,Profile
15209,3101,3942,20231017,Recommendation
15210,5712,2671,20230402,Watch Party
15211,4258,3109,20230815,Review
15212,1880,5777,20250521,Profile
15213,47,193,20240803,Recommendation
15214,5872,2181,20250810,Watch Party
15215,526,3600,20250115,Review
15216,1003,1459,20240312,Profile
15217,433,56,20240501,Recommendation
15218,2782,1578,20250131,Watch Party
15219,4664,458,20250104,Review
15220,1432,1203,20250326,Profile
15221,4572,4404,20230917,Recommendation
15222,3115,1582,20251226,Watch Party
15223,3570,2355,20251104,Review
15224,3018,3359,20240115,Profile
15225,1778,143,20231206,Recommendation
15226,603,269,20240408,Watch Party
15227,3574,3724,20240223,Review
15228,4526,5309,20231024,Profile
15229,1534,5664,20251220,Recommendation
15230,4512,5378,20251003,Watch Party
15231,3254,1721,20251116,Review
15232,2104,5096,20230126,Profile
15233,2927,4111,20251112,Recommendation
15234,4987,5065,20251025,Watch Party
15235,1963,4885,20251207,Review
15236,988,1809,20250310,Profile
15237,3930,274,20230702,Recommendation
15238,3660,1938,20230524,Watch Party
15239,3623,3625,20240314,Review
15240,5661,4587,20230514,Profile
15241,686,2334,20230429,Recommendation
15242,566,2249,20250618,Watch Party
15243,5880,3979,20250826,Review
15244,2330,4623,20230527,Profile
15245,2046,3349,20240307,Recommendation
15246,2156,1008,20230614,Watch Party
15247,4778,5912,20240328,Review
15248,3028,1118,20240711,Profile
15249,3996,4061,20250225,Recommendation
15250,3954,1409,20230220,Watch Party
15251,577,4209,20241006,Review
15252,2111,3439,20240109,Profile
15253,2876,471,20250607,Recommendation
15254,2995,5707,20230218,Watch Party
15255,5311,5271,20250120,Review
15256,860,3090,20250620,Profile
15257,4884,188,20250920,Recommendation
15258,4973,3542,20231117,Watch Party
15259,4525,3936,20230516,Review
15260,342,4725,20250117,Profile
15261,4480,1348,20230128,Recommendation
15262,2780,868,20250705,Watch Party
15263,5316,4017,20250104,Review
15264,5873,1208,20230611,Profile
15265,1932,5251,20241201,Recommendation
15266,2048,3517,20240801,Watch Party
15267,3888,5247,20250307,Review
15268,5335,377,20250101,Profile
15269,3416,5005,20241122,Recommendation
15270,1124,4736,20250413,Watch Party
15271,1217,4720,20230611,Review
15272,5170,4779,20231226,Profile
15273,4692,2692,20231103,Recommendation
15274,5336,1676,20230902,Watch Party
15275,5700,4821,20230130,Review
15276,650,5034,20250416,Profile
15277,4520,3813,20240828,Recommendation
15278,5974,3149,20250409,Watch Party
15279,2296,4761,20240925,Review
15280,1812,4655,20250119,Profile
15281,3387,3912,20250610,Recommendation
15282,799,1963,20231121,Watch Party
15283,5450,5544,20250926,Review
15284,3209,1064,20250625,Profile
15285,4415,4649,20241206,Recommendation
15286,4692,177,20230704,Watch Party
15287,2984,4912,20251108,Review
15288,3899,1923,20231230,Profile
15289,1625,256,20250110,Recommendation
15290,2615,4914,20240330,Watch Party
15291,4198,2950,20250530,Review
15292,5814,3913,20230625,Profile
15293,4496,1366,20240905,Recommendation
15294,4385,4697,20241112,Watch Party
15295,645,1865,20231221,Review
15296,5939,2061,20230706,Profile
15297,3068,91,20230825,Recommendation
15298,5661,5132,20230518,Watch Party
15299,715,2775,20250825,Review
15300,5248,4567,20230424,Profile
15301,853,3673,20230127,Recommendation
15302,5470,3109,20230430,Watch Party
15303,4136,1389,20240709,Review
15304,1297,4390,20230223,Profile
15305,1300,1894,20231015,Recommendation
15306,4801,2256,20250907,Watch Party
15307,2156,5855,20241013,Review
15308,1090,2810,20230630,Profile
15309,2639,454,20231231,Recommendation
15310,5774,689,20240320,Watch Party
15311,198,5359,20250527,Review
15312,3516,4156,20241112,Profile
15313,2460,2334,20230123,Recommendation
15314,2688,5813,20240722,Watch Party
15315,5869,461,20231126,Review
15316,2612,5037,20230323,Profile
15317,1505,3995,20250516,Recommendation
15318,1332,3838,20250423,Watch Party
15319,1292,180,20230522,Review
15320,4226,5499,20251214,Profile
15321,3705,904,20250206,Recommendation
15322,186,2298,20231102,Watch Party
15323,4130,823,20241225,Review
15324,3106,1077,20230815,Profile
15325,452,8,20250919,Recommendation
15326,3167,728,20250911,Watch Party
15327,5942,2776,20231130,Review
15328,3047,1270,20240129,Profile
15329,3577,4696,20230903,Recommendation
15330,4867,285,20241127,Watch Party
15331,4422,3745,20250826,Review
15332,1953,5410,20231229,Profile
15333,5584,3791,20240330,Recommendation
15334,2674,5776,20240121,Watch Party
15335,966,973,20250303,Review
15336,3206,3559,20241122,Profile
15337,3739,207,20230529,Recommendation
15338,843,4511,20240909,Watch Party
15339,5019,885,20241118,Review
15340,5365,325,20240125,Profile
15341,3910,5933,20230213,Recommendation
15342,3658,505,20230411,Watch Party
15343,1865,2839,20241214,Review
15344,2622,1464,20250114,Profile
15345,661,4547,20250702,Recommendation
15346,4965,3616,20241216,Watch Party
15347,2235,3874,20231125,Review
15348,5444,5304,20241025,Profile
15349,1410,4766,20240618,Recommendation
15350,1295,1205,20251101,Watch Party
15351,4118,2935,20251002,Review
15352,5572,1957,20231123,Profile
15353,3801,243,20240925,Recommendation
15354,5873,2563,20250526,Watch Party
15355,5079,1531,20230427,Review
15356,4088,4920,20230806,Profile
15357,1738,5908,20230217,Recommendation
15358,5330,5603,20230226,Watch Party
15359,5718,2724,20230331,Review
15360,1894,3702,20230225,Profile
15361,4882,4876,20240425,Recommendation
15362,1957,1317,20240324,Watch Party
15363,1368,5262,20241111,Review
15364,3369,619,20250523,Profile
15365,836,85,20250405,Recommendation
15366,5749,3267,20250222,Watch Party
15367,3073,4803,20251228,Review
15368,4616,3114,20231003,Profile
15369,1829,509,20230208,Recommendation
15370,4695,5688,20231124,Watch Party
15371,5328,491,20230513,Review
15372,4755,1370,20230423,Profile
15373,1477,600,20240505,Recommendation
15374,3333,4284,20230131,Watch Party
15375,5862,699,20230112,Review
15376,5158,2714,20231112,Profile
15377,3992,868,20231202,Recommendation
15378,4446,5220,20241123,Watch Party
15379,4726,1293,20250919,Review
15380,5587,3086,20250324,Profile
15381,1231,3854,20251207,Recommendation
15382,1106,5923,20240629,Watch Party
15383,4175,4586,20240718,Review
15384,3996,3397,20240812,Profile
15385,1206,4551,20251201,Recommendation
15386,1397,4401,20240910,Watch Party
15387,434,4976,20250704,Review
15388,4742,3592,20230512,Profile
15389,316,2118,20250305,Recommendation
15390,4001,1696,20250722,Watch Party
15391,3417,2481,20231017,Review
15392,3066,2759,20250224,Profile
15393,2761,890,20230330,Recommendation
15394,5074,2517,20250614,Watch Party
15395,4743,111,20240408,Review
15396,4128,178,20230304,Profile
15397,1201,1352,20231210,Recommendation
15398,3959,4332,20230626,Watch Party
15399,1737,1566,20240906,Review
15400,5926,937,20230129,Profile
15401,5482,3129,20250105,Recommendation
15402,2750,1371,20240823,Watch Party
15403,3531,5776,20241230,Review
15404,2344,4361,20240622,Profile
15405,4682,4167,20231209,Recommendation
15406,3646,667,20230723,Watch Party
15407,2980,4090,20240202,Review
15408,5754,5956,20240713,Profile
15409,4250,5969,20230817,Recommendation
15410,2058,3794,20240413,Watch Party
15411,4631,4808,20230803,Review
15412,515,1442,20251022,Profile
15413,3680,4511,20230704,Recommendation
15414,4553,1685,20240117,Watch Party
15415,1951,2630,20230520,Review
15416,1346,3284,20241215,Profile
15417,3512,5921,20240929,Recommendation
15418,1839,2925,20231005,Watch Party
15419,3958,3875,20241130,Review
15420,582,1664,20231227,Profile
15421,4846,3641,20250617,Recommendation
15422,2798,225,20250513,Watch Party
15423,1172,5343,20250821,Review
15424,3660,2500,20250830,Profile
15425,2983,3472,20231220,Recommendation
15426,3413,470,20231206,Watch Party
15427,1310,2073,20250924,Review
15428,4551,4729,20250508,Profile
15429,2260,5803,20250715,Recommendation
15430,4010,2668,20250906,Watch Party
15431,3216,4620,20230225,Review
15432,1195,5098,20250104,Profile
15433,5302,589,20230822,Recommendation
15434,5196,3631,20250602,Watch Party
15435,1165,3065,20231027,Review
15436,4083,2928,20230409,Profile
15437,4655,2822,20240604,Recommendation
15438,4122,5766,20231222,Watch Party
15439,2311,5651,20240509,Review
15440,1008,989,20231109,Profile
15441,4203,3719,20250702,Recommendation
15442,3026,1603,20230128,Watch Party
15443,83,965,20240201,Review
15444,2813,3453,20230505,Profile
15445,2110,361,20230326,Recommendation
15446,2373,1560,20240812,Watch Party
15447,2239,5987,20240818,Review
15448,5728,1465,20230414,Profile
15449,3493,346,20230508,Recommendation
15450,4386,1231,20230224,Watch Party
15451,571,736,20250419,Review
15452,3176,3303,20230329,Profile
15453,1380,2684,20241009,Recommendation
15454,4774,5788,20230514,Watch Party
15455,324,2842,20250406,Review
15456,1193,5709,20240327,Profile
15457,2153,5967,20251213,Recommendation
15458,2276,3899,20250814,Watch Party
15459,5598,1038,20250501,Review
15460,5052,1600,20250206,Profile
15461,4415,4874,20240203,Recommendation
15462,2735,1936,20251017,Watch Party
15463,4898,4818,20240605,Review
15464,4852,602,20251220,Profile
15465,2845,3064,20241227,Recommendation
15466,4257,1975,20230108,Watch Party
15467,5276,5432,20250130,Review
15468,5997,123,20240119,Profile
15469,5814,541,20240219,Recommendation
15470,5398,4804,20230526,Watch Party
15471,3463,5899,20230729,Review
15472,5244,1675,20230110,Profile
15473,309,5513,20250124,Recommendation
15474,5623,4377,20251226,Watch Party
15475,5430,3691,20240928,Review
15476,624,1441,20231025,Profile
15477,4776,3648,20241223,Recommendation
15478,1188,1494,20250908,Watch Party
15479,3934,2429,20250619,Review
15480,2442,5923,20231006,Profile
15481,3889,4195,20250428,Recommendation
15482,5922,2427,20240804,Watch Party
15483,3109,1702,20241112,Review
15484,1972,2637,20231113,Profile
15485,5818,5316,20250617,Recommendation
15486,1345,3597,20250618,Watch Party
15487,1338,5297,20230410,Review
15488,5891,945,20241227,Profile
15489,5257,3184,20240604,Recommendation
15490,5555,3811,20230123,Watch Party
15491,493,3284,20241013,Review
15492,871,4696,20240926,Profile
15493,1532,1196,20230610,Recommendation
15494,5720,243,20230216,Watch Party
15495,3568,631,20240425,Review
15496,3356,1718,20230116,Profile
15497,1844,388,20231020,Recommendation
15498,2629,5281,20230107,Watch Party
15499,2799,3172,20231104,Review
15500,278,884,20230223,Profile
15501,3293,2159,20241118,Recommendation
15502,2042,5472,20241007,Watch Party
15503,3456,4786,20230715,Review
15504,4641,391,20251207,Profile
15505,287,5649,20230301,Recommendation
15506,3762,330,20251222,Watch Party
15507,1116,2502,20250829,Review
15508,231,4320,20251106,Profile
15509,1588,3784,20240617,Recommendation
15510,4873,701,20240626,Watch Party
15511,2588,2219,20240416,Review
15512,2260,273,20250224,Profile
15513,5949,2981,20251012,Recommendation
15514,391,1473,20231031,Watch Party
15515,1727,128,20251226,Review
15516,1486,849,20230328,Profile
15517,4773,5837,20241130,Recommendation
15518,4052,896,20240826,Watch Party
15519,4476,3847,20240515,Review
15520,5860,922,20240806,Profile
15521,4232,4485,20251226,Recommendation
15522,5961,1660,20250417,Watch Party
15523,1350,244,20241231,Review
15524,5424,4578,20250903,Profile
15525,3851,5250,20241020,Recommendation
15526,5245,35,20240609,Watch Party
15527,5016,5813,20231223,Review
15528,5430,1839,20240118,Profile
15529,3325,4482,20240610,Recommendation
15530,5015,5314,20230530,Watch Party
15531,5809,5150,20230706,Review
15532,1891,1197,20250314,Profile
15533,5964,5532,20250126,Recommendation
15534,1880,3955,20241122,Watch Party
15535,5237,4907,20230225,Review
15536,4763,1449,20241014,Profile
15537,5641,39,20241011,Recommendation
15538,5890,4902,20231016,Watch Party
15539,3952,1075,20251009,Review
15540,2496,5453,20250317,Profile
15541,2552,4159,20231008,Recommendation
15542,3576,2118,20240420,Watch Party
15543,2441,3707,20241008,Review
15544,2504,1245,20230923,Profile
15545,5844,3934,20240129,Recommendation
15546,1512,1231,20240615,Watch Party
15547,1210,2768,20230801,Review
15548,1015,2628,20230705,Profile
15549,1984,2883,20240827,Recommendation
15550,2076,1299,20250616,Watch Party
15551,4302,2003,20241006,Review
15552,4175,667,20240901,Profile
15553,3373,2356,20240101,Recommendation
15554,3932,3739,20250304,Watch Party
15555,2041,4473,20240113,Review
15556,1558,5489,20230102,Profile
15557,4285,5993,20251126,Recommendation
15558,1673,587,20240625,Watch Party
15559,1458,1088,20250302,Review
15560,3957,4316,20230414,Profile
15561,3660,2439,20251226,Recommendation
15562,938,4237,20230328,Watch Party
15563,1777,2396,20250618,Review
15564,3132,5321,20230930,Profile
15565,2199,1225,20231010,Recommendation
15566,2724,3126,20251230,Watch Party
15567,4839,587,20250320,Review
15568,2137,4206,20240618,Profile
15569,4724,4863,20240505,Recommendation
15570,2518,4608,20240909,Watch Party
15571,1426,3575,20250912,Review
15572,2134,1602,20250906,Profile
15573,840,4407,20241219,Recommendation
15574,3594,5884,20241213,Watch Party
15575,1601,1791,20241123,Review
15576,1057,2799,20230418,Profile
15577,4954,111,20250220,Recommendation
15578,5632,4424,20230329,Watch Party
15579,1041,3005,20251016,Review
15580,316,2874,20250927,Profile
15581,2817,5674,20240616,Recommendation
15582,1801,2122,20240402,Watch Party
15583,3458,1485,20230918,Review
15584,4068,1332,20240919,Profile
15585,5299,1633,20240216,Recommendation
15586,4573,3566,20230929,Watch Party
15587,5677,2331,20250308,Review
15588,774,1175,20240417,Profile
15589,78,3830,20240703,Recommendation
15590,3916,5470,20241202,Watch Party
15591,4518,5594,20240329,Review
15592,2981,1901,20240325,Profile
15593,2457,1352,20240725,Recommendation
15594,5887,1868,20250925,Watch Party
15595,1510,3902,20241118,Review
15596,1296,3305,20231005,Profile
15597,561,2880,20230529,Recommendation
15598,151,2375,20250220,Watch Party
15599,2977,1058,20240726,Review
15600,5776,1862,20240229,Profile
15601,4361,4240,20250302,Recommendation
15602,1567,4970,20230408,Watch Party
15603,2310,2932,20251130,Review
15604,898,4405,20251222,Profile
15605,3989,5106,20251204,Recommendation
15606,3222,1843,20230424,Watch Party
15607,5176,242,20251218,Review
15608,2867,1835,20230323,Profile
15609,2838,3828,20231109,Recommendation
15610,3718,2812,20250726,Watch Party
15611,1264,4563,20230915,Review
15612,5574,2723,20240807,Profile
15613,2324,4356,20240414,Recommendation
15614,1993,1333,20250708,Watch Party
15615,2935,2218,20230219,Review
15616,2068,2602,20230214,Profile
15617,1491,4099,20230110,Recommendation
15618,1413,2135,20240521,Watch Party
15619,3305,1702,20241112,Review
15620,1908,4638,20230619,Profile
15621,4613,1764,20251106,Recommendation
15622,5517,1854,20230903,Watch Party
15623,4378,552,20241005,Review
15624,4236,5681,20250311,Profile
15625,463,2270,20240817,Recommendation
15626,4598,3897,20230904,Watch Party
15627,3308,1086,20231031,Review
15628,3585,4159,20240905,Profile
15629,2582,2802,20240522,Recommendation
15630,4360,5397,20251118,Watch Party
15631,2325,831,20250412,Review
15632,4418,4553,20241007,Profile
15633,1560,1870,20241023,Recommendation
15634,5328,1922,20240323,Watch Party
15635,3337,1802,20250730,Review
15636,4624,2520,20250527,Profile
15637,4722,4045,20230817,Recommendation
15638,3578,1184,20231215,Watch Party
15639,1569,2050,20251217,Review
15640,3208,4576,20230524,Profile
15641,465,3261,20250305,Recommendation
15642,4704,4003,20250208,Watch Party
15643,2944,355,20240618,Review
15644,409,3028,20251128,Profile
15645,2676,167,20250818,Recommendation
15646,168,1272,20240324,Watch Party
15647,5788,222,20231210,Review
15648,4962,668,20250428,Profile
15649,3931,1827,20240824,Recommendation
15650,2440,5153,20251012,Watch Party
15651,3739,3450,20250422,Review
15652,1803,3792,20251012,Profile
15653,4922,3224,20230316,Recommendation
15654,3656,5386,20240330,Watch Party
15655,2172,2576,20250526,Review
15656,4639,1442,20240708,Profile
15657,3475,1598,20231223,Recommendation
15658,2284,2467,20240611,Watch Party
15659,385,490,20230725,Review
15660,3934,2478,20230623,Profile
15661,1276,2642,20231128,Recommendation
15662,1370,3308,20250622,Watch Party
15663,4496,404,20230326,Review
15664,4148,1946,20230302,Profile
15665,4604,1615,20240902,Recommendation
15666,4718,3937,20250421,Watch Party
15667,2193,2682,20240323,Review
15668,3263,3180,20230529,Profile
15669,2464,3701,20240106,Recommendation
15670,2086,2905,20230628,Watch Party
15671,2379,1344,20230930,Review
15672,4953,4023,20241226,Profile
15673,2051,5197,20240930,Recommendation
15674,5904,3385,20250406,Watch Party
15675,415,2389,20230910,Review
15676,3392,5792,20240113,Profile
15677,2283,2668,20230305,Recommendation
15678,5769,2852,20230913,Watch Party
15679,2837,3844,20250908,Review
15680,1239,2713,20251112,Profile
15681,3758,68,20250412,Recommendation
15682,4049,1887,20250626,Watch Party
15683,5246,3162,20240112,Review
15684,2461,3968,20230122,Profile
15685,5242,4520,20241102,Recommendation
15686,5433,455,20251203,Watch Party
15687,5572,908,20251028,Review
15688,4648,3293,20230608,Profile
15689,5292,2456,20230701,Recommendation
15690,3948,1679,20251031,Watch Party
15691,4840,4495,20251013,Review
15692,5331,5457,20240309,Profile
15693,5507,4587,20250620,Recommendation
15694,3261,1292,20231005,Watch Party
15695,5438,908,20251223,Review
15696,541,161,20250903,Profile
15697,2436,1223,20241225,Recommendation
15698,5,1803,20241211,Watch Party
15699,4313,3556,20231223,Review
15700,1662,1739,20241017,Profile
15701,276,3962,20231016,Recommendation
15702,117,2817,20240503,Watch Party
15703,2585,189,20240122,Review
15704,5349,293,20250613,Profile
15705,4351,952,20230308,Recommendation
15706,2158,3945,20250819,Watch Party
15707,1446,4928,20250930,Review
15708,2738,41,20241211,Profile
15709,1016,5894,20240514,Recommendation
15710,1759,2237,20240410,Watch Party
15711,1567,2575,20240525,Review
15712,3192,257,20240816,Profile
15713,5889,20,20240509,Recommendation
15714,223,5172,20250515,Watch Party
15715,2226,1045,20231205,Review
15716,2582,2109,20251220,Profile
15717,55,1809,20250311,Recommendation
15718,4939,4600,20241116,Watch Party
15719,4847,3616,20230405,Review
15720,1660,2064,20230812,Profile
15721,2587,5653,20230510,Recommendation
15722,5643,1705,20241118,Watch Party
15723,3772,165,20250207,Review
15724,5762,1464,20240224,Profile
15725,4790,3970,20240513,Recommendation
15726,5383,4901,20230415,Watch Party
15727,2125,5746,20230227,Review
15728,232,1363,20241015,Profile
15729,702,5754,20240326,Recommendation
15730,4238,970,20241025,Watch Party
15731,2359,2489,20240813,Review
15732,964,5149,20230601,Profile
15733,3924,4678,20250310,Recommendation
15734,4045,2010,20240418,Watch Party
15735,4573,3238,20251125,Review
15736,1421,2620,20250905,Profile
15737,439,1603,20230528,Recommendation
15738,4468,4360,20230106,Watch Party
15739,4495,4748,20240107,Review
15740,3936,2647,20230619,Profile
15741,2982,5182,20240415,Recommendation
15742,3537,879,20240504,Watch Party
15743,2082,3864,20230210,Review
15744,4167,4529,20251228,Profile
15745,3686,2380,20241024,Recommendation
15746,1584,3965,20240115,Watch Party
15747,5728,4262,20250820,Review
15748,5132,3667,20240725,Profile
15749,2246,4243,20230808,Recommendation
15750,2291,5078,20241007,Watch Party
15751,1402,2599,20241207,Review
15752,3749,5947,20240801,Profile
15753,5517,4974,20240305,Recommendation
15754,143,2693,20230408,Watch Party
15755,153,3974,20250808,Review
15756,2746,439,20240729,Profile
15757,1529,5621,20230211,Recommendation
15758,1144,2556,20250914,Watch Party
15759,2696,2715,20251027,Review
15760,2443,880,20240206,Profile
15761,3829,1932,20230513,Recommendation
15762,4380,5026,20250415,Watch Party
15763,3006,4763,20240526,Review
15764,5835,2621,20230925,Profile
15765,2550,352,20230215,Recommendation
15766,2455,5212,20251209,Watch Party
15767,4299,4732,20240312,Review
15768,375,3368,20250829,Profile
15769,2122,1324,20250223,Recommendation
15770,3882,3976,20231214,Watch Party
15771,5263,5520,20230108,Review
15772,1176,1474,20231215,Profile
15773,5152,4485,20241011,Recommendation
15774,2043,2864,20240712,Watch Party
15775,4550,3202,20240515,Review
15776,4928,1045,20250905,Profile
15777,3965,3489,20240302,Recommendation
15778,4722,2957,20241215,Watch Party
15779,2209,1327,20250520,Review
15780,2392,4010,20241103,Profile
15781,5157,850,20240817,Recommendation
15782,1419,2438,20251210,Watch Party
15783,5539,1760,20231031,Review
15784,2476,4300,20251026,Profile
15785,947,2189,20251219,Recommendation
15786,2195,2425,20241009,Watch Party
15787,2895,1511,20250410,Review
15788,1935,4508,20240917,Profile
15789,4637,5957,20250524,Recommendation
15790,1215,694,20250712,Watch Party
15791,1645,4090,20250806,Review
15792,752,3355,20230131,Profile
15793,524,4427,20250212,Recommendation
15794,5985,906,20231124,Watch Party
15795,2319,1284,20250101,Review
15796,5218,1499,20251008,Profile
15797,847,3230,20251127,Recommendation
15798,5331,4327,20230807,Watch Party
15799,5359,2481,20241009,Review
15800,19,4663,20251122,Profile
15801,1257,5584,20230411,Recommendation
15802,5031,1398,20240821,Watch Party
15803,1370,1068,20250810,Review
15804,5625,3724,20230115,Profile
15805,366,4565,20230119,Recommendation
15806,1497,2751,20240615,Watch Party
15807,1770,2406,20250523,Review
15808,2924,3105,20250120,Profile
15809,4388,4180,20240519,Recommendation
15810,22,2116,20250309,Watch Party
15811,5775,2942,20231122,Review
15812,2716,2935,20251227,Profile
15813,3722,966,20231125,Recommendation
15814,4748,4602,20251130,Watch Party
15815,4334,1696,20230313,Review
15816,2529,476,20240506,Profile
15817,2626,4061,20240712,Recommendation
15818,2193,1579,20230123,Watch Party
15819,4705,2513,20231209,Review
15820,2526,2282,20230328,Profile
15821,704,5758,20230603,Recommendation
15822,5863,4689,20241222,Watch Party
15823,240,342,20231214,Review
15824,3320,1545,20240823,Profile
15825,2287,3945,20231006,Recommendation
15826,3348,699,20241021,Watch Party
15827,306,2995,20250109,Review
15828,5563,4535,20230203,Profile
15829,3297,5292,20240704,Recommendation
15830,977,634,20251012,Watch Party
15831,5780,4683,20240824,Review
15832,2180,2283,20230304,Profile
15833,2835,5994,20240310,Recommendation
15834,4434,1387,20241204,Watch Party
15835,2119,720,20241106,Review
15836,4348,5754,20230531,Profile
15837,3760,497,20240330,Recommendation
15838,5787,2801,20240505,Watch Party
15839,3731,3288,20250217,Review
15840,3166,4617,20250824,Profile
15841,3508,368,20240421,Recommendation
15842,1441,4357,20240819,Watch Party
15843,5831,5952,20230625,Review
15844,3962,1430,20240927,Profile
15845,1635,5733,20250512,Recommendation
15846,5586,3373,20240424,Watch Party
15847,3012,2226,20240420,Review
15848,2480,1307,20250411,Profile
15849,2461,744,20240405,Recommendation
15850,5507,1114,20251222,Watch Party
15851,5786,2476,20240610,Review
15852,3702,2100,20241030,Profile
15853,3964,2376,20251127,Recommendation
15854,4560,2889,20240815,Watch Party
15855,5941,1630,20250923,Review
15856,2938,3956,20250327,Profile
15857,1705,5304,20230516,Recommendation
15858,4194,1108,20251204,Watch Party
15859,987,4023,20230911,Review
15860,4666,1971,20240625,Profile
15861,5599,5897,20250715,Recommendation
15862,5527,5592,20250818,Watch Party
15863,2549,3528,20250830,Review
15864,2607,5468,20240223,Profile
15865,1933,4563,20250724,Recommendation
15866,3291,695,20231017,Watch Party
15867,5010,5524,20250903,Review
15868,835,5586,20250321,Profile
15869,5414,2646,20230916,Recommendation
15870,4750,1976,20250419,Watch Party
15871,2712,5956,20240622,Review
15872,4184,131,20241104,Profile
15873,2147,2943,20230311,Recommendation
15874,4085,4142,20240722,Watch Party
15875,5721,683,20240613,Review
15876,2821,1182,20240817,Profile
15877,599,4112,20230901,Recommendation
15878,655,2076,20250805,Watch Party
15879,4874,2022,20230420,Review
15880,221,5037,20230428,Profile
15881,5043,680,20250124,Recommendation
15882,3965,161,20250308,Watch Party
15883,5787,2364,20230831,Review
15884,2693,3702,20230124,Profile
15885,5157,644,20241015,Recommendation
15886,2694,1696,20230421,Watch Party
15887,1417,699,20250218,Review
15888,2842,1748,20240925,Profile
15889,1924,2951,20240507,Recommendation
15890,5051,5810,20250601,Watch Party
15891,1823,5164,20250219,Review
15892,1827,3339,20231001,Profile
15893,2791,2192,20231028,Recommendation
15894,3660,5393,20240724,Watch Party
15895,1735,2218,20250120,Review
15896,4967,4220,20241201,Profile
15897,4236,601,20231216,Recommendation
15898,5156,4511,20250217,Watch Party
15899,799,367,20250523,Review
15900,3671,1283,20230710,Profile
15901,5264,3766,20250331,Recommendation
15902,5981,935,20240310,Watch Party
15903,635,5410,20230130,Review
15904,3052,5715,20240326,Profile
15905,588,2277,20250913,Recommendation
15906,1382,3323,20250220,Watch Party
15907,3080,2509,20241217,Review
15908,3199,3914,20230709,Profile
15909,1638,3040,20240130,Recommendation
15910,3510,842,20240120,Watch Party
15911,5897,3494,20230424,Review
15912,1762,3649,20230321,Profile
15913,206,2545,20251014,Recommendation
15914,4316,665,20230429,Watch Party
15915,4351,5132,20230628,Review
15916,1159,1923,20250719,Profile
15917,4699,1628,20230811,Recommendation
15918,5637,2164,20251118,Watch Party
15919,3621,3296,20250305,Review
15920,3468,933,20241205,Profile
15921,5484,5738,20230505,Recommendation
15922,1347,1432,20240106,Watch Party
15923,5439,440,20230317,Review
15924,1368,1897,20230113,Profile
15925,1320,4841,20250726,Recommendation
15926,1220,379,20240208,Watch Party
15927,5408,2307,20240407,Review
15928,5875,5524,20240819,Profile
15929,4051,3231,20250829,Recommendation
15930,3532,5206,20250907,Watch Party
15931,4080,5512,20240412,Review
15932,3170,4529,20240504,Profile
15933,460,2578,20250731,Recommendation
15934,328,3101,20231211,Watch Party
15935,5805,4282,20230524,Review
15936,3080,4782,20241211,Profile
15937,3788,2115,20240423,Recommendation
15938,5554,4909,20230929,Watch Party
15939,4206,3844,20231005,Review
15940,4009,2842,20230225,Profile
15941,5629,3950,20230106,Recommendation
15942,1981,3903,20230312,Watch Party
15943,4016,4703,20241209,Review
15944,2052,3327,20250116,Profile
15945,3679,908,20231128,Recommendation
15946,1404,954,20241123,Watch Party
15947,843,5333,20230801,Review
15948,3522,2712,20240207,Profile
15949,5962,4173,20251006,Recommendation
15950,4035,1733,20251006,Watch Party
15951,1893,1327,20231231,Review
15952,4613,3403,20240915,Profile
15953,5104,5419,20241104,Recommendation
15954,3030,677,20230918,Watch Party
15955,4593,5929,20250403,Review
15956,4468,1060,20230119,Profile
15957,5451,4459,20250923,Recommendation
15958,5471,5566,20250620,Watch Party
15959,807,1348,20230702,Review
15960,554,1671,20231215,Profile
15961,3736,5405,20241101,Recommendation
15962,1748,2770,20250704,Watch Party
15963,4595,4812,20250721,Review
15964,42,5143,20240616,Profile
15965,2186,329,20251026,Recommendation
15966,2536,125,20240528,Watch Party
15967,4199,5889,20250109,Review
15968,2101,4409,20240110,Profile
15969,5913,1076,20230701,Recommendation
15970,1346,869,20241228,Watch Party
15971,899,3018,20240211,Review
15972,5500,1102,20250826,Profile
15973,2114,5692,20230902,Recommendation
15974,3018,5457,20241126,Watch Party
15975,3200,714,20230703,Review
15976,5044,1430,20240222,Profile
15977,5985,5978,20241027,Recommendation
15978,382,2306,20240227,Watch Party
15979,727,5951,20240229,Review
15980,3465,4272,20250110,Profile
15981,2808,4367,20240522,Recommendation
15982,5021,4755,20250903,Watch Party
15983,1168,5262,20230805,Review
15984,2880,3513,20230303,Profile
15985,1233,2902,20251214,Recommendation
15986,656,2893,20250527,Watch Party
15987,4557,522,20250802,Review
15988,5616,5207,20230729,Profile
15989,5065,2045,20240521,Recommendation
15990,1445,1796,20241208,Watch Party
15991,332,5003,20240912,Review
15992,3836,3467,20250204,Profile
15993,4936,3342,20240922,Recommendation
15994,2130,506,20241026,Watch Party
15995,5424,354,20241008,Review
15996,2801,5834,20240524,Profile
15997,5937,406,20240303,Recommendation
15998,5409,138,20250313,Watch Party
15999,4953,4044,20251006,Review
16000,1884,3719,20230923,Profile
16001,4849,5181,20230918,Recommendation
16002,1581,175,20230621,Watch Party
16003,1005,5375,20231107,Review
16004,409,3831,20250719,Profile
16005,825,1073,20250920,Recommendation
16006,4695,3237,20240613,Watch Party
16007,2603,1154,20230220,Review
16008,2049,2130,20240517,Profile
16009,4058,725,20240626,Recommendation
16010,4039,2437,20250325,Watch Party
16011,3562,2263,20251024,Review
16012,5235,2378,20230827,Profile
16013,3218,5507,20250226,Recommendation
16014,5314,3070,20230914,Watch Party
16015,5436,2549,20230729,Review
16016,3162,391,20251121,Profile
16017,1091,3731,20250501,Recommendation
16018,4780,2114,20240109,Watch Party
16019,5653,5236,20230207,Review
16020,4501,5548,20240527,Profile
16021,5812,617,20250912,Recommendation
16022,2557,898,20240927,Watch Party
16023,1291,3071,20250117,Review
16024,5521,940,20240502,Profile
16025,1065,2685,20250413,Recommendation
16026,3527,5647,20231215,Watch Party
16027,323,4893,20230128,Review
16028,2880,5391,20241015,Profile
16029,633,5878,20230921,Recommendation
16030,204,3906,20231121,Watch Party
16031,1368,4677,20251210,Review
16032,5505,2016,20231111,Profile
16033,1967,4758,20250501,Recommendation
16034,4020,1400,20250725,Watch Party
16035,860,5434,20230418,Review
16036,2228,4739,20230926,Profile
16037,4366,1880,20250525,Recommendation
16038,5545,1713,20240328,Watch Party
16039,596,2806,20230210,Review
16040,981,879,20230326,Profile
16041,882,3224,20230716,Recommendation
16042,1007,4703,20230429,Watch Party
16043,990,5323,20250621,Review
16044,5841,445,20240713,Profile
16045,2609,3405,20230409,Recommendation
16046,3932,92,20231226,Watch Party
16047,1596,5478,20240728,Review
16048,811,2474,20231012,Profile
16049,1417,2617,20241005,Recommendation
16050,970,1235,20241017,Watch Party
16051,7,4177,20241126,Review
16052,2050,5590,20250317,Profile
16053,1066,448,20250827,Recommendation
16054,5746,3865,20250510,Watch Party
16055,112,4277,20230305,Review
16056,40,1643,20240313,Profile
16057,2916,5239,20231122,Recommendation
16058,3532,4941,20230428,Watch Party
16059,3040,5218,20241025,Review
16060,4800,4489,20240531,Profile
16061,5601,5000,20241124,Recommendation
16062,3040,682,20241217,Watch Party
16063,4271,318,20240311,Review
16064,5607,2637,20240107,Profile
16065,5073,3356,20230201,Recommendation
16066,677,3706,20230108,Watch Party
16067,5654,1493,20250915,Review
16068,4595,1898,20230624,Profile
16069,166,1354,20240425,Recommendation
16070,3947,4466,20250407,Watch Party
16071,5778,1249,20250323,Review
16072,3843,153,20250502,Profile
16073,5210,4016,20231208,Recommendation
16074,3777,835,20251117,Watch Party
16075,3540,5962,20230624,Review
16076,5336,5837,20251029,Profile
16077,3542,5562,20230211,Recommendation
16078,547,5936,20240315,Watch Party
16079,2274,4933,20240217,Review
16080,1282,5821,20250411,Profile
16081,5353,3808,20230219,Recommendation
16082,1497,3541,20240505,Watch Party
16083,2041,4870,20250824,Review
16084,367,2073,20250614,Profile
16085,3153,3512,20231227,Recommendation
16086,5110,1827,20230727,Watch Party
16087,1771,4504,20230924,Review
16088,2273,3878,20230210,Profile
16089,1008,5823,20230202,Recommendation
16090,2788,179,20250112,Watch Party
16091,5445,4171,20230603,Review
16092,3421,3701,20230127,Profile
16093,4453,152,20250713,Recommendation
16094,2372,2607,20250906,Watch Party
16095,3432,1860,20231205,Review
16096,1392,2413,20251231,Profile
16097,4137,1345,20230706,Recommendation
16098,2591,2986,20250525,Watch Party
16099,4315,5349,20241012,Review
16100,3444,4601,20240215,Profile
16101,1511,162,20240529,Recommendation
16102,2508,2850,20230907,Watch Party
16103,2163,4281,20230112,Review
16104,3508,1416,20230114,Profile
16105,1120,1265,20240106,Recommendation
16106,5371,2591,20241002,Watch Party
16107,2274,3079,20240120,Review
16108,4524,5056,20250830,Profile
16109,2365,5338,20230804,Recommendation
16110,4023,4850,20230704,Watch Party
16111,266,1548,20251204,Review
16112,511,5440,20231119,Profile
16113,1725,3394,20250824,Recommendation
16114,3525,1203,20231024,Watch Party
16115,686,2448,20240926,Review
16116,3576,4380,20250305,Profile
16117,2450,1663,20250519,Recommendation
16118,717,2612,20251212,Watch Party
16119,5443,3386,20230615,Review
16120,5568,195,20241221,Profile
16121,274,5251,20250911,Recommendation
16122,2671,336,20250909,Watch Party
16123,5532,2263,20231009,Review
16124,1024,4312,20240415,Profile
16125,2832,4146,20250126,Recommendation
16126,865,4421,20241122,Watch Party
16127,3923,5638,20230319,Review
16128,1793,2801,20250403,Profile
16129,5538,2134,20251217,Recommendation
16130,365,115,20240213,Watch Party
16131,5877,5162,20250611,Review
16132,3768,2416,20250408,Profile
16133,4654,5181,20250605,Recommendation
16134,1788,3649,20230614,Watch Party
16135,3407,2958,20230210,Review
16136,2653,3237,20230703,Profile
16137,4030,465,20251206,Recommendation
16138,5130,619,20231124,Watch Party
16139,5023,1065,20241204,Review
16140,378,4450,20240916,Profile
16141,1787,3543,20250904,Recommendation
16142,978,720,20250704,Watch Party
16143,5135,1651,20250721,Review
16144,3594,5269,20231021,Profile
16145,2222,5951,20230930,Recommendation
16146,2830,2290,20250626,Watch Party
16147,3695,5461,20240805,Review
16148,997,4901,20251219,Profile
16149,4046,330,20231212,Recommendation
16150,3923,754,20250204,Watch Party
16151,4152,2697,20231111,Review
16152,3298,1297,20230405,Profile
16153,1305,4973,20230218,Recommendation
16154,2146,4131,20250210,Watch Party
16155,5162,3777,20250117,Review
16156,2422,1623,20240222,Profile
16157,1505,1664,20240209,Recommendation
16158,1629,2201,20240225,Watch Party
16159,674,2801,20240711,Review
16160,2097,808,20240121,Profile
16161,3704,1990,20240810,Recommendation
16162,1490,816,20240522,Watch Party
16163,5046,2151,20230707,Review
16164,3276,1928,20241130,Profile
16165,2292,3070,20230831,Recommendation
16166,5772,4334,20241202,Watch Party
16167,4455,5649,20250513,Review
16168,3025,1540,20250405,Profile
16169,3458,2374,20240306,Recommendation
16170,4818,1764,20230705,Watch Party
16171,2872,3779,20230930,Review
16172,390,2481,20250730,Profile
16173,5908,920,20240905,Recommendation
16174,5442,5152,20250321,Watch Party
16175,311,1515,20240927,Review
16176,631,159,20230827,Profile
16177,2544,384,20230829,Recommendation
16178,5319,5220,20250126,Watch Party
16179,5511,5399,20250827,Review
16180,3939,475,20250203,Profile
16181,4671,4079,20231007,Recommendation
16182,1183,3128,20241001,Watch Party
16183,3657,1288,20240521,Review
16184,2090,1752,20230626,Profile
16185,1765,2465,20240607,Recommendation
16186,3247,1061,20230306,Watch Party
16187,4285,458,20251215,Review
16188,4530,204,20240518,Profile
16189,2893,2749,20240302,Recommendation
16190,3267,1850,20240727,Watch Party
16191,1645,3259,20240208,Review
16192,1302,1281,20230910,Profile
16193,494,3900,20240713,Recommendation
16194,5756,5673,20250802,Watch Party
16195,1744,3684,20231010,Review
16196,5155,5445,20230606,Profile
16197,5168,5647,20230519,Recommendation
16198,2390,3608,20240902,Watch Party
16199,4952,1276,20240426,Review
16200,4074,645,20230424,Profile
16201,4089,1119,20250121,Recommendation
16202,2153,3127,20231004,Watch Party
16203,4843,5598,20250628,Review
16204,1510,16,20250807,Profile
16205,2052,1616,20230624,Recommendation
16206,1567,3981,20240423,Watch Party
16207,1602,489,20230802,Review
16208,2532,2896,20240301,Profile
16209,4946,5397,20231125,Recommendation
16210,5345,430,20241209,Watch Party
16211,2338,4683,20230907,Review
16212,1373,235,20231203,Profile
16213,3995,2559,20230111,Recommendation
16214,1436,209,20230211,Watch Party
16215,758,2264,20251116,Review
16216,2001,3875,20230417,Profile
16217,828,1636,20250210,Recommendation
16218,1784,1258,20230607,Watch Party
16219,4011,5851,20251130,Review
16220,1880,2420,20230830,Profile
16221,4138,3929,20240403,Recommendation
16222,5900,1971,20231128,Watch Party
16223,5445,190,20230925,Review
16224,188,755,20251115,Profile
16225,2270,5636,20251211,Recommendation
16226,5770,3162,20250330,Watch Party
16227,4321,4919,20241228,Review
16228,5734,2458,20251123,Profile
16229,4565,5263,20231206,Recommendation
16230,2818,1316,20241103,Watch Party
16231,3787,5388,20230730,Review
16232,3571,3708,20250326,Profile
16233,5743,5452,20250126,Recommendation
16234,2420,2155,20240313,Watch Party
16235,3165,5904,20231226,Review
16236,5253,4594,20230805,Profile
16237,2003,1813,20240215,Recommendation
16238,5177,3437,20250713,Watch Party
16239,3100,3287,20230215,Review
16240,2614,2871,20230623,Profile
16241,810,5789,20240709,Recommendation
16242,4244,5597,20230412,Watch Party
16243,1203,2594,20251123,Review
16244,5744,136,20250906,Profile
16245,5092,4241,20240523,Recommendation
16246,3333,4534,20230814,Watch Party
16247,1691,5346,20250315,Review
16248,2685,5272,20230605,Profile
16249,5016,3381,20241021,Recommendation
16250,898,5339,20231109,Watch Party
16251,3578,4712,20231031,Review
16252,4487,5848,20231101,Profile
16253,5248,3242,20250124,Recommendation
16254,2905,1057,20250519,Watch Party
16255,2852,4502,20230311,Review
16256,5691,2088,20231226,Profile
16257,977,5550,20250620,Recommendation
16258,1250,2401,20241219,Watch Party
16259,308,1047,20230623,Review
16260,5262,5050,20240813,Profile
16261,4054,284,20231206,Recommendation
16262,4770,5678,20230904,Watch Party
16263,5053,4746,20250911,Review
16264,5356,1392,20231011,Profile
16265,395,2691,20240502,Recommendation
16266,5682,4910,20231226,Watch Party
16267,3435,4229,20250227,Review
16268,3239,991,20230611,Profile
16269,2661,4687,20250404,Recommendation
16270,3833,2870,20230927,Watch Party
16271,2696,1163,20230810,Review
16272,5162,1074,20241118,Profile
16273,5026,1978,20230607,Recommendation
16274,1130,4679,20250317,Watch Party
16275,2760,1002,20250611,Review
16276,802,1167,20230412,Profile
16277,3989,2591,20230816,Recommendation
16278,5068,3475,20241019,Watch Party
16279,1112,1987,20250104,Review
16280,9,442,20250929,Profile
16281,3145,2257,20230708,Recommendation
16282,5085,1240,20240309,Watch Party
16283,1695,5465,20230502,Review
16284,4901,362,20250125,Profile
16285,5650,20,20230210,Recommendation
16286,5160,2442,20240502,Watch Party
16287,3611,3720,20240911,Review
16288,5139,791,20250306,Profile
16289,1516,5016,20240907,Recommendation
16290,4319,3394,20250709,Watch Party
16291,3617,275,20250304,Review
16292,2246,4861,20240802,Profile
16293,410,1009,20230613,Recommendation
16294,3434,2782,20240705,Watch Party
16295,4040,2843,20250221,Review
16296,3095,463,20230520,Profile
16297,2933,4589,20250627,Recommendation
16298,2646,4667,20230811,Watch Party
16299,4827,2315,20231205,Review
16300,3266,3492,20250615,Profile
16301,1265,2331,20240602,Recommendation
16302,2621,5711,20250111,Watch Party
16303,792,257,20241110,Review
16304,997,1963,20250207,Profile
16305,4881,1794,20251019,Recommendation
16306,2123,3303,20240510,Watch Party
16307,2774,4773,20241205,Review
16308,1388,5794,20250423,Profile
16309,935,519,20240616,Recommendation
16310,1978,5598,20241029,Watch Party
16311,4180,2937,20230626,Review
16312,2646,2958,20241013,Profile
16313,2118,307,20250609,Recommendation
16314,940,461,20230708,Watch Party
16315,876,4775,20250823,Review
16316,4835,3357,20250403,Profile
16317,2403,1476,20230327,Recommendation
16318,4269,1057,20231214,Watch Party
16319,4878,1407,20240908,Review
16320,3758,5216,20251210,Profile
16321,824,2041,20250611,Recommendation
16322,1362,5756,20231023,Watch Party
16323,4980,1664,20250228,Review
16324,5659,529,20231021,Profile
16325,713,2309,20240423,Recommendation
16326,3811,5312,20240823,Watch Party
16327,2661,2698,20241030,Review
16328,1855,5180,20240918,Profile
16329,3037,3118,20240501,Recommendation
16330,152,5762,20250601,Watch Party
16331,4896,3703,20230607,Review
16332,3147,5026,20230528,Profile
16333,1855,1738,20230922,Recommendation
16334,1191,4174,20241012,Watch Party
16335,606,4030,20240119,Review
16336,5368,2158,20230425,Profile
16337,1192,1007,20250908,Recommendation
16338,2780,4658,20251101,Watch Party
16339,4293,769,20231228,Review
16340,1912,737,20241101,Profile
16341,3987,4220,20231223,Recommendation
16342,4463,1314,20240523,Watch Party
16343,5566,5416,20230526,Review
16344,520,5939,20230527,Profile
16345,2023,564,20250720,Recommendation
16346,4864,2689,20250221,Watch Party
16347,4120,1675,20230103,Review
16348,2865,3665,20250121,Profile
16349,1656,2097,20241115,Recommendation
16350,5092,564,20251130,Watch Party
16351,1558,5251,20251214,Review
16352,1696,316,20240722,Profile
16353,3356,3808,20241213,Recommendation
16354,1488,2747,20240513,Watch Party
16355,5498,3335,20250603,Review
16356,4895,5089,20241214,Profile
16357,5610,4883,20230930,Recommendation
16358,4648,4928,20251106,Watch Party
16359,2333,5879,20241226,Review
16360,1554,1681,20251201,Profile
16361,70,5662,20230911,Recommendation
16362,2649,1175,20230515,Watch Party
16363,208,780,20250301,Review
16364,457,800,20230206,Profile
16365,3925,3220,20251130,Recommendation
16366,4900,3907,20240116,Watch Party
16367,2698,58,20250930,Review
16368,4511,2559,20230128,Profile
16369,93,1915,20240608,Recommendation
16370,2877,186,20241203,Watch Party
16371,2353,1246,20251015,Review
16372,2365,5931,20240320,Profile
16373,1025,1844,20250401,Recommendation
16374,2781,3114,20251226,Watch Party
16375,4525,4264,20231107,Review
16376,3939,2617,20231121,Profile
16377,5485,5884,20240330,Recommendation
16378,1693,1997,20250902,Watch Party
16379,2840,20,20230418,Review
16380,911,1399,20250110,Profile
16381,949,2198,20230509,Recommendation
16382,3443,3812,20230413,Watch Party
16383,529,5879,20240307,Review
16384,4315,3495,20230806,Profile
16385,897,2936,20250617,Recommendation
16386,3824,5243,20250330,Watch Party
16387,2449,3990,20240825,Review
16388,5442,2794,20250728,Profile
16389,1095,825,20231001,Recommendation
16390,2963,5557,20251121,Watch Party
16391,5120,1571,20250112,Review
16392,4642,3773,20241213,Profile
16393,3581,2361,20240416,Recommendation
16394,1047,3598,20240306,Watch Party
16395,1474,1749,20230212,Review
16396,5234,868,20251214,Profile
16397,3466,4755,20241129,Recommendation
16398,433,5410,20250629,Watch Party
16399,2408,3278,20250901,Review
16400,1898,1616,20250915,Profile
16401,359,1915,20240224,Recommendation
16402,2835,4589,20250518,Watch Party
16403,1006,2892,20230318,Review
16404,3166,1302,20231222,Profile
16405,1947,3507,20240221,Recommendation
16406,4259,1476,20240920,Watch Party
16407,4395,5494,20240402,Review
16408,4695,5593,20231011,Profile
16409,2709,3250,20250316,Recommendation
16410,131,5992,20250505,Watch Party
16411,2706,3351,20230110,Review
16412,506,4633,20240107,Profile
16413,4688,2440,20231015,Recommendation
16414,129,3417,20231127,Watch Party
16415,3757,3483,20240615,Review
16416,4603,1409,20240725,Profile
16417,765,1350,20250408,Recommendation
16418,410,2204,20241118,Watch Party
16419,4846,5221,20241013,Review
16420,32,1203,20250724,Profile
16421,5039,5379,20250418,Recommendation
16422,1659,5137,20240705,Watch Party
16423,4802,3926,20230809,Review
16424,4506,2662,20230613,Profile
16425,1724,3875,20230331,Recommendation
16426,1345,1802,20251016,Watch Party
16427,1875,1762,20240928,Review
16428,4466,2187,20240822,Profile
16429,5479,5738,20230824,Recommendation
16430,5526,2144,20240209,Watch Party
16431,2969,1083,20250518,Review
16432,4840,4038,20250418,Profile
16433,3802,1259,20230625,Recommendation
16434,3906,1364,20250124,Watch Party
16435,3475,5399,20250829,Review
16436,4734,4833,20240319,Profile
16437,3237,1753,20240312,Recommendation
16438,1904,3453,20241226,Watch Party
16439,2729,5163,20250711,Review
16440,3541,3268,20240217,Profile
16441,4926,4675,20230703,Recommendation
16442,5352,4149,20230215,Watch Party
16443,503,1132,20250909,Review
16444,4972,26,20250316,Profile
16445,4418,882,20250614,Recommendation
16446,4266,4245,20250714,Watch Party
16447,3728,4653,20250821,Review
16448,3911,270,20240130,Profile
16449,1522,1298,20250608,Recommendation
16450,5887,5956,20250131,Watch Party
16451,3663,2591,20230729,Review
16452,128,4540,20230806,Profile
16453,5229,3232,20250526,Recommendation
16454,1315,3436,20230422,Watch Party
16455,682,3557,20230413,Review
16456,1478,4216,20230314,Profile
16457,3291,1172,20240526,Recommendation
16458,832,127,20250628,Watch Party
16459,1853,4033,20250314,Review
16460,5015,1176,20250914,Profile
16461,3703,1942,20250601,Recommendation
16462,4107,1719,20230520,Watch Party
16463,716,189,20231103,Review
16464,4427,1195,20251110,Profile
16465,1389,2411,20230630,Recommendation
16466,4459,26,20250804,Watch Party
16467,3482,4571,20231011,Review
16468,2734,4545,20230209,Profile
16469,142,4025,20231120,Recommendation
16470,558,1268,20250102,Watch Party
16471,3496,3147,20250503,Review
16472,4790,4135,20241026,Profile
16473,5389,2058,20230212,Recommendation
16474,3765,3730,20230809,Watch Party
16475,1312,2602,20250710,Review
16476,1102,3717,20250907,Profile
16477,3067,21,20240305,Recommendation
16478,3649,255,20231014,Watch Party
16479,4245,4208,20230708,Review
16480,4889,3063,20231116,Profile
16481,2710,4708,20230912,Recommendation
16482,1549,379,20230725,Watch Party
16483,5094,3697,20250101,Review
16484,3059,3256,20250228,Profile
16485,2201,2315,20251216,Recommendation
16486,1727,3619,20241217,Watch Party
16487,5887,5708,20231231,Review
16488,923,2448,20230316,Profile
16489,1605,9,20230222,Recommendation
16490,1969,1885,20251014,Watch Party
16491,5302,4777,20241120,Review
16492,3357,1673,20250126,Profile
16493,4409,1186,20230805,Recommendation
16494,1954,5519,20250721,Watch Party
16495,3178,2711,20230610,Review
16496,2514,4929,20240722,Profile
16497,929,893,20230521,Recommendation
16498,3261,2017,20240807,Watch Party
16499,282,871,20240116,Review
16500,5191,1293,20230429,Profile
16501,454,2092,20251103,Recommendation
16502,1158,5008,20240121,Watch Party
16503,3753,3261,20250819,Review
16504,322,2033,20231215,Profile
16505,1138,397,20230212,Recommendation
16506,5113,492,20240211,Watch Party
16507,153,1676,20250815,Review
16508,3728,4461,20230727,Profile
16509,5950,4232,20251008,Recommendation
16510,616,3250,20240606,Watch Party
16511,5848,2565,20240626,Review
16512,958,1227,20251231,Profile
16513,2308,5270,20230704,Recommendation
16514,2469,3062,20240627,Watch Party
16515,3263,1357,20250420,Review
16516,2087,2002,20230525,Profile
16517,2058,3300,20240108,Recommendation
16518,5710,5937,20250629,Watch Party
16519,50,230,20250914,Review
16520,2081,4146,20231219,Profile
16521,5113,3163,20230901,Recommendation
16522,778,5947,20230326,Watch Party
16523,547,3704,20250409,Review
16524,3687,1246,20240709,Profile
16525,4293,83,20241025,Recommendation
16526,4298,3631,20240331,Watch Party
16527,998,2606,20250920,Review
16528,246,239,20250514,Profile
16529,3452,2479,20230207,Recommendation
16530,5075,4341,20231025,Watch Party
16531,3327,1198,20250203,Review
16532,1744,5341,20230831,Profile
16533,4922,4736,20240812,Recommendation
16534,3500,1444,20230420,Watch Party
16535,708,181,20230820,Review
16536,5496,1095,20230924,Profile
16537,1464,4152,20230123,Recommendation
16538,1477,29,20250214,Watch Party
16539,5578,4380,20230711,Review
16540,807,5134,20250203,Profile
16541,1725,708,20241101,Recommendation
16542,4518,310,20240627,Watch Party
16543,4974,2673,20230728,Review
16544,2662,3268,20240325,Profile
16545,289,2020,20250922,Recommendation
16546,5652,3542,20251205,Watch Party
16547,3787,4443,20230520,Review
16548,3797,4650,20250208,Profile
16549,200,599,20230530,Recommendation
16550,2626,5871,20240920,Watch Party
16551,3981,1168,20250602,Review
16552,4174,2112,20230215,Profile
16553,5724,4438,20240605,Recommendation
16554,1893,1948,20230208,Watch Party
16555,4698,247,20230317,Review
16556,3857,4032,20250529,Profile
16557,5590,2545,20241224,Recommendation
16558,2730,5872,20250412,Watch Party
16559,209,1839,20240901,Review
16560,1998,4111,20250709,Profile
16561,5133,5719,20230930,Recommendation
16562,2380,896,20240810,Watch Party
16563,685,23,20230809,Review
16564,110,2528,20230519,Profile
16565,4575,3287,20231122,Recommendation
16566,5137,5828,20250312,Watch Party
16567,564,5036,20250704,Review
16568,841,1593,20251207,Profile
16569,762,1597,20240218,Recommendation
16570,5449,408,20250409,Watch Party
16571,3189,4176,20250723,Review
16572,5518,5354,20241127,Profile
16573,5147,3622,20230913,Recommendation
16574,5618,2731,20230813,Watch Party
16575,684,4931,20250112,Review
16576,3036,294,20250516,Profile
16577,991,3951,20240223,Recommendation
16578,2233,3469,20230103,Watch Party
16579,4096,3883,20240603,Review
16580,5297,661,20250124,Profile
16581,5173,4642,20230403,Recommendation
16582,4194,4183,20230129,Watch Party
16583,5584,5366,20240621,Review
16584,5170,3273,20250429,Profile
16585,2551,1247,20230727,Recommendation
16586,3200,5589,20250609,Watch Party
16587,3612,290,20240913,Review
16588,671,477,20230412,Profile
16589,3599,3149,20230718,Recommendation
16590,3273,3240,20231119,Watch Party
16591,3445,919,20251218,Review
16592,2561,3440,20240609,Profile
16593,3072,1678,20250402,Recommendation
16594,4225,5941,20250705,Watch Party
16595,1574,4822,20240606,Review
16596,3603,3115,20241129,Profile
16597,2184,809,20250904,Recommendation
16598,1708,4698,20250323,Watch Party
16599,2923,5787,20230306,Review
16600,4810,4341,20241005,Profile
16601,2154,4789,20240428,Recommendation
16602,106,3044,20231103,Watch Party
16603,4423,4650,20230806,Review
16604,5083,1351,20230814,Profile
16605,4701,4880,20230702,Recommendation
16606,1416,3204,20231014,Watch Party
16607,349,5159,20241008,Review
16608,4253,4730,20231017,Profile
16609,809,40,20240413,Recommendation
16610,5472,2181,20240807,Watch Party
16611,5488,2123,20251115,Review
16612,3693,5836,20240608,Profile
16613,5450,5610,20250605,Recommendation
16614,735,5102,20230122,Watch Party
16615,1781,3373,20240206,Review
16616,4303,2691,20240118,Profile
16617,265,1781,20241231,Recommendation
16618,1275,522,20240515,Watch Party
16619,4014,5830,20251124,Review
16620,2045,2670,20231120,Profile
16621,851,287,20250427,Recommendation
16622,1826,2092,20241001,Watch Party
16623,3284,757,20231022,Review
16624,2571,3651,20240501,Profile
16625,3043,499,20231014,Recommendation
16626,2696,5412,20240413,Watch Party
16627,2525,1430,20241010,Review
16628,4972,4347,20241013,Profile
16629,5630,5659,20240115,Recommendation
16630,4998,2997,20250519,Watch Party
16631,898,2091,20230819,Review
16632,621,5567,20250511,Profile
16633,1847,1094,20231129,Recommendation
16634,2701,1589,20240417,Watch Party
16635,776,972,20250601,Review
16636,3724,5801,20241229,Profile
16637,4494,5701,20240527,Recommendation
16638,4372,1748,20250122,Watch Party
16639,1554,3457,20241018,Review
16640,2561,4840,20241122,Profile
16641,643,2739,20250317,Recommendation
16642,1734,4563,20240721,Watch Party
16643,1571,4541,20250207,Review
16644,5109,5501,20240318,Profile
16645,3908,4320,20241223,Recommendation
16646,798,4215,20240418,Watch Party
16647,5701,4694,20250613,Review
16648,2895,3382,20240323,Profile
16649,5300,5405,20240312,Recommendation
16650,2352,4790,20250514,Watch Party
16651,911,4652,20240714,Review
16652,492,2236,20251212,Profile
16653,4211,1853,20230326,Recommendation
16654,5411,1395,20250604,Watch Party
16655,986,1916,20240801,Review
16656,2965,5651,20251229,Profile
16657,2693,5397,20250129,Recommendation
16658,2562,1378,20240613,Watch Party
16659,1820,3906,20230505,Review
16660,2612,1749,20230327,Profile
16661,3343,1842,20240215,Recommendation
16662,3479,4838,20250425,Watch Party
16663,4802,5251,20230102,Review
16664,2036,805,20250430,Profile
16665,5920,2068,20231021,Recommendation
16666,1096,1743,20230722,Watch Party
16667,2957,451,20230621,Review
16668,448,4202,20251201,Profile
16669,2872,3332,20240227,Recommendation
16670,2199,2227,20250602,Watch Party
16671,2404,4728,20230824,Review
16672,2776,4181,20250719,Profile
16673,4292,3199,20230212,Recommendation
16674,2064,5992,20231111,Watch Party
16675,5488,827,20240412,Review
16676,1923,792,20240810,Profile
16677,698,1147,20250719,Recommendation
16678,417,3013,20250101,Watch Party
16679,1098,4842,20250128,Review
16680,5111,2934,20250729,Profile
16681,785,2388,20240429,Recommendation
16682,1955,986,20240430,Watch Party
16683,1963,4776,20240530,Review
16684,5145,4296,20230302,Profile
16685,2121,1689,20250625,Recommendation
16686,339,5606,20250302,Watch Party
16687,5679,4093,20230712,Review
16688,958,756,20240104,Profile
16689,3021,5546,20241008,Recommendation
16690,5331,1971,20250515,Watch Party
16691,4309,4085,20240131,Review
16692,3772,25,20240119,Profile
16693,2417,1272,20241218,Recommendation
16694,1242,3804,20250402,Watch Party
16695,3925,568,20250721,Review
16696,2952,3130,20240725,Profile
16697,548,1471,20240404,Recommendation
16698,2405,5190,20240131,Watch Party
16699,3157,4942,20251213,Review
16700,4225,2259,20230426,Profile
16701,5769,4214,20230610,Recommendation
16702,4216,5557,20240221,Watch Party
16703,513,2082,20240619,Review
16704,5212,2494,20250622,Profile
16705,3832,2579,20241204,Recommendation
16706,5433,3194,20250703,Watch Party
16707,1739,1937,20240613,Review
16708,2207,550,20250827,Profile
16709,5284,826,20241102,Recommendation
16710,5304,2474,20230731,Watch Party
16711,3253,2902,20240724,Review
16712,139,4010,20241210,Profile
16713,1605,441,20240419,Recommendation
16714,1658,3010,20250617,Watch Party
16715,5388,4990,20230619,Review
16716,2573,2080,20240922,Profile
16717,3088,3597,20241108,Recommendation
16718,2914,895,20250922,Watch Party
16719,2898,5537,20230215,Review
16720,2727,5346,20230625,Profile
16721,4194,5982,20230515,Recommendation
16722,2182,4848,20240726,Watch Party
16723,1059,2434,20251028,Review
16724,674,5437,20240816,Profile
16725,2349,5884,20251021,Recommendation
16726,4101,1424,20231116,Watch Party
16727,2375,3153,20231008,Review
16728,4116,1086,20230416,Profile
16729,16,996,20240907,Recommendation
16730,4193,1787,20230226,Watch Party
16731,5836,5437,20251207,Review
16732,2640,831,20240618,Profile
16733,5949,2477,20230308,Recommendation
16734,1324,4654,20231112,Watch Party
16735,1230,5500,20230529,Review
16736,896,967,20230623,Profile
16737,4932,1725,20231223,Recommendation
16738,5639,89,20250114,Watch Party
16739,4539,1661,20240202,Review
16740,5036,5879,20250508,Profile
16741,221,230,20240826,Recommendation
16742,3664,1352,20251005,Watch Party
16743,3485,2715,20241109,Review
16744,458,2841,20241127,Profile
16745,2755,1500,20250223,Recommendation
16746,1248,2805,20250701,Watch Party
16747,3326,3358,20230414,Review
16748,3239,2192,20230316,Profile
16749,4189,5364,20250529,Recommendation
16750,249,2747,20251029,Watch Party
16751,3027,2633,20251224,Review
16752,3635,983,20240609,Profile
16753,5991,1707,20250829,Recommendation
16754,1267,5992,20231122,Watch Party
16755,3178,1496,20230716,Review
16756,4576,956,20250227,Profile
16757,2574,2270,20240114,Recommendation
16758,2151,2610,20240319,Watch Party
16759,2056,4211,20240429,Review
16760,1146,5860,20230705,Profile
16761,2148,782,20230502,Recommendation
16762,1869,1636,20240424,Watch Party
16763,119,395,20231021,Review
16764,2208,3637,20241008,Profile
16765,1326,5290,20251222,Recommendation
16766,5042,1013,20250627,Watch Party
16767,4112,5205,20230116,Review
16768,4076,1110,20250208,Profile
16769,4212,4854,20240129,Recommendation
16770,5317,1041,20241205,Watch Party
16771,3853,4438,20241205,Review
16772,91,3079,20240401,Profile
16773,1820,518,20231124,Recommendation
16774,2579,5786,20240318,Watch Party
16775,3088,1825,20250101,Review
16776,3446,4215,20240812,Profile
16777,4864,3133,20240802,Recommendation
16778,4191,4948,20230324,Watch Party
16779,4217,3430,20240521,Review
16780,1425,1974,20230725,Profile
16781,5409,42,20240504,Recommendation
16782,5705,1360,20241127,Watch Party
16783,862,2529,20250123,Review
16784,1365,4795,20251104,Profile
16785,4327,4288,20230323,Recommendation
16786,3224,3514,20231212,Watch Party
16787,912,656,20230629,Review
16788,4137,3217,20250214,Profile
16789,5203,3939,20240302,Recommendation
16790,3076,4510,20250712,Watch Party
16791,4493,5700,20250710,Review
16792,4804,597,20241006,Profile
16793,5681,5026,20250812,Recommendation
16794,1475,390,20250809,Watch Party
16795,3751,5958,20241028,Review
16796,1207,1808,20240323,Profile
16797,476,755,20250507,Recommendation
16798,3183,3956,20230620,Watch Party
16799,3661,2370,20230813,Review
16800,715,2907,20241129,Profile
16801,5214,1138,20240103,Recommendation
16802,4427,1710,20250806,Watch Party
16803,3357,4709,20230728,Review
16804,4934,1085,20230905,Profile
16805,3265,5933,20231119,Recommendation
16806,5102,3856,20250125,Watch Party
16807,2368,3502,20231025,Review
16808,2997,2009,20241220,Profile
16809,4662,422,20240717,Recommendation
16810,2742,4522,20250129,Watch Party
16811,3547,5664,20230803,Review
16812,5995,1701,20250919,Profile
16813,1548,4919,20231125,Recommendation
16814,2970,1017,20250325,Watch Party
16815,1459,1302,20230109,Review
16816,4434,2747,20250105,Profile
16817,1073,987,20230819,Recommendation
16818,4539,98,20230315,Watch Party
16819,5088,4186,20251102,Review
16820,1798,2099,20250725,Profile
16821,2012,432,20230906,Recommendation
16822,5429,4398,20241109,Watch Party
16823,2890,5095,20250128,Review
16824,5731,4594,20240609,Profile
16825,1990,2997,20240724,Recommendation
16826,1975,443,20230627,Watch Party
16827,5544,4222,20241207,Review
16828,4507,2636,20240514,Profile
16829,1227,3067,20230129,Recommendation
16830,3574,557,20240214,Watch Party
16831,1042,3584,20241209,Review
16832,4385,5307,20241206,Profile
16833,87,2566,20230124,Recommendation
16834,5443,1448,20250815,Watch Party
16835,292,3560,20240210,Review
16836,2254,5635,20241229,Profile
16837,5151,838,20230202,Recommendation
16838,2430,1232,20230806,Watch Party
16839,1257,2234,20230810,Review
16840,1746,144,20250330,Profile
16841,4137,4762,20230509,Recommendation
16842,5290,2783,20250214,Watch Party
16843,4561,4961,20230106,Review
16844,5001,1689,20251028,Profile
16845,216,938,20240127,Recommendation
16846,3274,771,20250629,Watch Party
16847,3576,5298,20250129,Review
16848,2036,2706,20240919,Profile
16849,5826,861,20250407,Recommendation
16850,89,5890,20230301,Watch Party
16851,2002,4909,20250509,Review
16852,2952,1192,20250111,Profile
16853,4201,3998,20250331,Recommendation
16854,4023,1789,20250613,Watch Party
16855,84,2977,20250718,Review
16856,706,374,20250830,Profile
16857,2144,4674,20240805,Recommendation
16858,1290,1218,20250808,Watch Party
16859,1802,2441,20251006,Review
16860,2980,5950,20240604,Profile
16861,4943,5358,20231014,Recommendation
16862,4306,3011,20230304,Watch Party
16863,884,2678,20250420,Review
16864,4160,2162,20240427,Profile
16865,5930,1111,20250226,Recommendation
16866,1111,4748,20250522,Watch Party
16867,1034,3266,20231225,Review
16868,4091,168,20240504,Profile
16869,1851,1483,20240920,Recommendation
16870,5417,1238,20231102,Watch Party
16871,4993,5385,20230728,Review
16872,2934,1971,20231115,Profile
16873,876,3845,20241009,Recommendation
16874,1602,4160,20251228,Watch Party
16875,3199,2033,20240514,Review
16876,3652,4316,20230519,Profile
16877,4011,5742,20250225,Recommendation
16878,1122,3786,20250321,Watch Party
16879,382,3427,20240415,Review
16880,4126,3485,20251217,Profile
16881,4403,3839,20250627,Recommendation
16882,1276,4474,20240716,Watch Party
16883,303,5625,20251213,Review
16884,4279,717,20230924,Profile
16885,4142,1777,20250810,Recommendation
16886,1944,4028,20241004,Watch Party
16887,1898,4838,20240524,Review
16888,2571,954,20250525,Profile
16889,3944,3219,20250127,Recommendation
16890,3687,2792,20240513,Watch Party
16891,5943,803,20240601,Review
16892,1136,1408,20230505,Profile
16893,5968,468,20251021,Recommendation
16894,5041,1931,20240404,Watch Party
16895,3421,1027,20230719,Review
16896,2916,5586,20250121,Profile
16897,3630,2745,20230925,Recommendation
16898,5866,4984,20241105,Watch Party
16899,1025,2207,20250415,Review
16900,2011,2920,20250426,Profile
16901,4910,1576,20230102,Recommendation
16902,2858,1192,20230307,Watch Party
16903,532,4524,20230101,Review
16904,3045,544,20230512,Profile
16905,2090,4879,20250129,Recommendation
16906,4443,500,20240927,Watch Party
16907,4201,5383,20251230,Review
16908,683,1629,20241017,Profile
16909,898,200,20230526,Recommendation
16910,4777,1126,20251214,Watch Party
16911,418,3904,20240825,Review
16912,220,3480,20230301,Profile
16913,730,4004,20230623,Recommendation
16914,1529,5724,20231028,Watch Party
16915,3699,5706,20250427,Review
16916,957,5404,20230327,Profile
16917,3586,4410,20230530,Recommendation
16918,361,2130,20240614,Watch Party
16919,5070,1574,20250427,Review
16920,4350,3603,20250810,Profile
16921,2760,3192,20241229,Recommendation
16922,288,2055,20250121,Watch Party
16923,1594,3059,20240109,Review
16924,1688,5173,20230914,Profile
16925,4104,5784,20230929,Recommendation
16926,5842,3948,20230305,Watch Party
16927,5335,1663,20240430,Review
16928,3913,4199,20250329,Profile
16929,1663,47,20240910,Recommendation
16930,10,4101,20230505,Watch Party
16931,711,3150,20230428,Review
16932,655,2675,20240406,Profile
16933,562,5517,20251028,Recommendation
16934,4026,782,20251228,Watch Party
16935,5605,157,20240222,Review
16936,4805,5545,20250103,Profile
16937,5515,2335,20250118,Recommendation
16938,3196,342,20231001,Watch Party
16939,5509,3491,20230803,Review
16940,2249,2648,20250427,Profile
16941,4961,2053,20240529,Recommendation
16942,2505,4394,20230902,Watch Party
16943,5594,3599,20251002,Review
16944,3468,4132,20230705,Profile
16945,941,3318,20240121,Recommendation
16946,166,2513,20250529,Watch Party
16947,3084,2428,20250614,Review
16948,3780,1147,20241005,Profile
16949,3826,267,20230725,Recommendation
16950,874,2145,20250317,Watch Party
16951,2716,1899,20240718,Review
16952,87,3700,20230418,Profile
16953,4231,5204,20250704,Recommendation
16954,4967,559,20240809,Watch Party
16955,2005,966,20230704,Review
16956,3211,5059,20241214,Profile
16957,5876,4611,20251113,Recommendation
16958,5505,4059,20240508,Watch Party
16959,4102,4811,20240306,Review
16960,4149,2247,20240602,Profile
16961,1622,4337,20240113,Recommendation
16962,4426,5160,20240501,Watch Party
16963,1323,1917,20241220,Review
16964,5016,2774,20250720,Profile
16965,825,3965,20231225,Recommendation
16966,1585,2926,20230121,Watch Party
16967,3683,3651,20251029,Review
16968,4261,3614,20240328,Profile
16969,2126,1691,20231128,Recommendation
16970,245,3898,20250512,Watch Party
16971,4830,5383,20240322,Review
16972,5485,4256,20251201,Profile
16973,897,4858,20251218,Recommendation
16974,3000,2117,20250828,Watch Party
16975,2649,1231,20230303,Review
16976,3458,1230,20250104,Profile
16977,1992,5696,20230524,Recommendation
16978,2177,2331,20231114,Watch Party
16979,5247,1486,20230814,Review
16980,3366,1314,20251217,Profile
16981,2436,1054,20230829,Recommendation
16982,4654,2526,20251209,Watch Party
16983,2742,5056,20250918,Review
16984,1291,506,20230322,Profile
16985,2997,2906,20240416,Recommendation
16986,5616,105,20230919,Watch Party
16987,5654,178,20230716,Review
16988,5997,1295,20230309,Profile
16989,2062,5345,20240529,Recommendation
16990,2303,2649,20241115,Watch Party
16991,2829,3346,20230904,Review
16992,1414,5328,20250401,Profile
16993,4862,3192,20241111,Recommendation
16994,3580,336,20250925,Watch Party
16995,3114,5594,20250827,Review
16996,651,2222,20240922,Profile
16997,822,5954,20251213,Recommendation
16998,1480,5684,20240729,Watch Party
16999,2673,5270,20240111,Review
17000,5724,5698,20230211,Profile
17001,3852,1634,20241021,Recommendation
17002,2076,3936,20240908,Watch Party
17003,3334,500,20241002,Review
17004,4789,318,20240223,Profile
17005,4214,4819,20240503,Recommendation
17006,5147,1544,20251206,Watch Party
17007,5306,2493,20250903,Review
17008,1651,2183,20250605,Profile
17009,3499,5719,20230226,Recommendation
17010,3783,1895,20230719,Watch Party
17011,3839,414,20250911,Review
17012,970,2437,20240712,Profile
17013,1588,3978,20240903,Recommendation
17014,4125,5157,20241117,Watch Party
17015,3481,3878,20231106,Review
17016,5583,1886,20240204,Profile
17017,3129,5886,20230112,Recommendation
17018,5925,2561,20250528,Watch Party
17019,2651,96,20240424,Review
17020,2203,5576,20250323,Profile
17021,2039,3548,20251112,Recommendation
17022,5221,4521,20250828,Watch Party
17023,5944,1251,20251207,Review
17024,1824,5893,20240326,Profile
17025,693,5344,20251017,Recommendation
17026,5161,2539,20230706,Watch Party
17027,5762,3245,20240510,Review
17028,684,5699,20241125,Profile
17029,1696,2228,20230417,Recommendation
17030,657,4649,20230527,Watch Party
17031,4046,2835,20250525,Review
17032,3731,2561,20250302,Profile
17033,1001,5126,20230407,Recommendation
17034,5887,2192,20230218,Watch Party
17035,1528,3416,20250530,Review
17036,2725,1395,20230411,Profile
17037,4716,2480,20240124,Recommendation
17038,3779,618,20241121,Watch Party
17039,662,5784,20250714,Review
17040,1593,404,20241217,Profile
17041,2886,3223,20250708,Recommendation
17042,3813,2640,20250328,Watch Party
17043,3537,1477,20251025,Review
17044,1471,4538,20240713,Profile
17045,3191,2314,20231204,Recommendation
17046,5785,5660,20230125,Watch Party
17047,3267,671,20250708,Review
17048,2507,2933,20250618,Profile
17049,4924,1240,20240319,Recommendation
17050,1055,5946,20241021,Watch Party
17051,3852,1165,20251223,Review
17052,1673,2694,20231005,Profile
17053,4060,3082,20241113,Recommendation
17054,2261,4540,20230413,Watch Party
17055,1620,1159,20230117,Review
17056,4236,3298,20251222,Profile
17057,4160,2574,20240301,Recommendation
17058,873,4980,20240823,Watch Party
17059,4790,1158,20230822,Review
17060,2474,5662,20231112,Profile
17061,3775,3028,20230907,Recommendation
17062,3863,2660,20240220,Watch Party
17063,2919,2955,20230414,Review
17064,2759,3680,20230629,Profile
17065,2127,4588,20241229,Recommendation
17066,3916,4744,20250930,Watch Party
17067,1909,3989,20250313,Review
17068,3408,3349,20240212,Profile
17069,4005,895,20240615,Recommendation
17070,2730,4796,20240420,Watch Party
17071,3794,1120,20230423,Review
17072,5613,4138,20240724,Profile
17073,2758,5357,20230723,Recommendation
17074,5201,3956,20230425,Watch Party
17075,4303,1651,20230917,Review
17076,4405,733,20231213,Profile
17077,2566,693,20230508,Recommendation
17078,3180,504,20231214,Watch Party
17079,4925,4299,20230904,Review
17080,2417,5741,20231226,Profile
17081,2174,3976,20250330,Recommendation
17082,2593,3053,20240721,Watch Party
17083,3162,3331,20250704,Review
17084,5591,1670,20240131,Profile
17085,3984,2302,20251113,Recommendation
17086,4334,1873,20231110,Watch Party
17087,1956,1346,20250517,Review
17088,1064,4858,20250514,Profile
17089,5211,4107,20231006,Recommendation
17090,4696,321,20230902,Watch Party
17091,1698,4279,20240807,Review
17092,2296,4855,20240530,Profile
17093,3894,4693,20250111,Recommendation
17094,900,3494,20250902,Watch Party
17095,813,418,20240905,Review
17096,2284,4864,20230218,Profile
17097,1094,3784,20240320,Recommendation
17098,4924,2165,20230103,Watch Party
17099,1524,1956,20230322,Review
17100,5899,1961,20230127,Profile
17101,2123,4373,20240420,Recommendation
17102,3523,767,20230925,Watch Party
17103,1432,2871,20240211,Review
17104,2178,2832,20250205,Profile
17105,498,2097,20231116,Recommendation
17106,5299,2900,20241025,Watch Party
17107,3477,1773,20251007,Review
17108,212,4260,20241128,Profile
17109,4179,2575,20230116,Recommendation
17110,3002,2980,20250517,Watch Party
17111,1680,3367,20251010,Review
17112,1168,953,20230306,Profile
17113,3228,1723,20240329,Recommendation
17114,1785,1880,20230521,Watch Party
17115,3223,3716,20230930,Review
17116,5913,2293,20240219,Profile
17117,5913,5419,20230413,Recommendation
17118,1597,2817,20250512,Watch Party
17119,827,1392,20230722,Review
17120,1581,21,20250907,Profile
17121,5677,2836,20240407,Recommendation
17122,1535,2961,20240709,Watch Party
17123,5135,3317,20251102,Review
17124,651,5157,20240523,Profile
17125,3567,1789,20230715,Recommendation
17126,2608,4094,20250309,Watch Party
17127,2131,3789,20250709,Review
17128,5483,4922,20251006,Profile
17129,558,3446,20231111,Recommendation
17130,3296,3479,20240917,Watch Party
17131,4087,5402,20240412,Review
17132,1341,1960,20230219,Profile
17133,5912,337,20230522,Recommendation
17134,5261,1886,20250313,Watch Party
17135,3417,3058,20250126,Review
17136,55,4583,20230224,Profile
17137,2049,2321,20250111,Recommendation
17138,1978,5877,20240104,Watch Party
17139,5326,4156,20240424,Review
17140,665,1152,20251025,Profile
17141,2128,1298,20240917,Recommendation
17142,3987,1972,20240911,Watch Party
17143,2172,1743,20241101,Review
17144,2349,1915,20230424,Profile
17145,3425,584,20240729,Recommendation
17146,4278,4969,20230114,Watch Party
17147,935,5893,20231013,Review
17148,1215,5235,20241019,Profile
17149,2233,3106,20230130,Recommendation
17150,4168,4186,20250921,Watch Party
17151,1979,5348,20251106,Review
17152,1623,4693,20240801,Profile
17153,232,1631,20230311,Recommendation
17154,3937,5567,20230104,Watch Party
17155,3329,3345,20231027,Review
17156,5178,1557,20230711,Profile
17157,2966,5609,20230315,Recommendation
17158,1048,2726,20240318,Watch Party
17159,973,2799,20230118,Review
17160,263,2369,20230829,Profile
17161,5877,2541,20250710,Recommendation
17162,1468,910,20250531,Watch Party
17163,3078,147,20230318,Review
17164,3818,29,20240916,Profile
17165,4232,5700,20240629,Recommendation
17166,788,4445,20251215,Watch Party
17167,1006,3493,20251206,Review
17168,710,3220,20230908,Profile
17169,1752,5153,20240302,Recommendation
17170,2268,2892,20230302,Watch Party
17171,3137,379,20240413,Review
17172,4002,5657,20230212,Profile
17173,5880,3073,20240607,Recommendation
17174,2286,1101,20230512,Watch Party
17175,3516,4373,20230314,Review
17176,2715,933,20240303,Profile
17177,4025,4675,20240731,Recommendation
17178,3907,2218,20250118,Watch Party
17179,1316,5257,20250602,Review
17180,707,2996,20240223,Profile
17181,1822,2552,20251018,Recommendation
17182,1727,436,20240607,Watch Party
17183,2659,972,20241212,Review
17184,4601,4265,20230407,Profile
17185,3092,5994,20250325,Recommendation
17186,2954,3585,20230116,Watch Party
17187,2786,4062,20230413,Review
17188,3518,3376,20250309,Profile
17189,3606,4729,20231030,Recommendation
17190,2099,1163,20240308,Watch Party
17191,5906,445,20230307,Review
17192,5168,3553,20230301,Profile
17193,1894,1635,20240424,Recommendation
17194,5202,5527,20241223,Watch Party
17195,1087,980,20240414,Review
17196,632,2955,20240805,Profile
17197,5956,4085,20251030,Recommendation
17198,4578,1879,20250409,Watch Party
17199,5121,1758,20250405,Review
17200,4141,2870,20230520,Profile
17201,211,2813,20230420,Recommendation
17202,4683,5933,20230207,Watch Party
17203,5462,73,20231120,Review
17204,428,4049,20240721,Profile
17205,3565,4692,20241228,Recommendation
17206,3340,1570,20240611,Watch Party
17207,3989,654,20250228,Review
17208,3838,2768,20240815,Profile
17209,851,5621,20250702,Recommendation
17210,3594,3904,20240902,Watch Party
17211,2632,2165,20240715,Review
17212,2741,4853,20230611,Profile
17213,4223,1933,20230808,Recommendation
17214,2467,1169,20240319,Watch Party
17215,937,671,20250528,Review
17216,5321,2976,20250803,Profile
17217,1829,275,20250223,Recommendation
17218,4834,2510,20250222,Watch Party
17219,1484,3818,20230707,Review
17220,5529,4204,20241115,Profile
17221,664,1276,20250420,Recommendation
17222,3402,2742,20250101,Watch Party
17223,5568,1251,20240625,Review
17224,3433,316,20251006,Profile
17225,5210,483,20250323,Recommendation
17226,4971,3647,20230427,Watch Party
17227,3314,4199,20240512,Review
17228,3707,1416,20240830,Profile
17229,5312,2084,20240402,Recommendation
17230,1373,396,20241007,Watch Party
17231,3877,288,20231208,Review
17232,4155,1140,20230729,Profile
17233,4569,4344,20250512,Recommendation
17234,4898,2387,20250226,Watch Party
17235,3085,3081,20240312,Review
17236,5255,5190,20250320,Profile
17237,1097,1900,20230317,Recommendation
17238,2495,2967,20250523,Watch Party
17239,1234,2820,20240607,Review
17240,715,5731,20230517,Profile
17241,2691,1745,20251113,Recommendation
17242,2395,4608,20240124,Watch Party
17243,1144,5382,20240108,Review
17244,3975,2078,20240522,Profile
17245,5565,3701,20240531,Recommendation
17246,3885,4489,20241206,Watch Party
17247,2047,5750,20250808,Review
17248,4745,3127,20230213,Profile
17249,4868,5101,20240521,Recommendation
17250,2390,583,20240821,Watch Party
17251,3363,5632,20240131,Review
17252,4992,3241,20250301,Profile
17253,1970,1635,20231022,Recommendation
17254,9,2584,20250427,Watch Party
17255,3171,5400,20241229,Review
17256,4079,2449,20240901,Profile
17257,4868,3433,20241204,Recommendation
17258,5209,1237,20230215,Watch Party
17259,2934,2034,20240417,Review
17260,5082,443,20240616,Profile
17261,3089,5843,20251008,Recommendation
17262,3964,3956,20251004,Watch Party
17263,4234,5416,20231128,Review
17264,1656,5315,20231116,Profile
17265,4427,126,20250416,Recommendation
17266,5744,75,20251115,Watch Party
17267,2140,1825,20241020,Review
17268,3729,2134,20240626,Profile
17269,3633,1289,20230823,Recommendation
17270,430,4159,20231126,Watch Party
17271,5645,4209,20230508,Review
17272,5720,1721,20230930,Profile
17273,4308,5231,20230524,Recommendation
17274,426,430,20230131,Watch Party
17275,4232,762,20240628,Review
17276,1038,3650,20240829,Profile
17277,2384,4955,20230222,Recommendation
17278,1331,4893,20250419,Watch Party
17279,1829,2379,20250413,Review
17280,638,3904,20240527,Profile
17281,3913,3155,20230610,Recommendation
17282,2331,20,20231106,Watch Party
17283,4324,1949,20230930,Review
17284,1255,4548,20250525,Profile
17285,5499,4350,20230117,Recommendation
17286,3511,4300,20230107,Watch Party
17287,207,2781,20251111,Review
17288,4847,472,20240915,Profile
17289,5789,5148,20240109,Recommendation
17290,3071,5700,20250310,Watch Party
17291,564,2783,20250420,Review
17292,2742,5256,20231030,Profile
17293,4762,1200,20250512,Recommendation
17294,5036,3543,20240801,Watch Party
17295,2791,2953,20231122,Review
17296,4332,5780,20240804,Profile
17297,3135,2842,20240101,Recommendation
17298,982,4277,20241009,Watch Party
17299,2180,4926,20240921,Review
17300,1346,2646,20250712,Profile
17301,25,4127,20241128,Recommendation
17302,5659,5570,20241009,Watch Party
17303,4749,4090,20231121,Review
17304,2379,3669,20250615,Profile
17305,629,4470,20250708,Recommendation
17306,883,2828,20250918,Watch Party
17307,1872,453,20231110,Review
17308,732,5035,20230115,Profile
17309,1015,1335,20250718,Recommendation
17310,3780,4731,20250314,Watch Party
17311,4232,45,20250513,Review
17312,2098,4400,20240707,Profile
17313,4818,4370,20240215,Recommendation
17314,2705,4244,20250528,Watch Party
17315,3793,96,20240218,Review
17316,3879,5161,20230620,Profile
17317,5707,4758,20241025,Recommendation
17318,4506,248,20240617,Watch Party
17319,3287,1237,20231119,Review
17320,5163,5300,20250306,Profile
17321,5707,2435,20250219,Recommendation
17322,5550,5958,20250726,Watch Party
17323,5697,4051,20230927,Review
17324,4183,4580,20251120,Profile
17325,5140,2750,20250513,Recommendation
17326,1972,5607,20240314,Watch Party
17327,3092,1066,20250620,Review
17328,3415,5246,20230719,Profile
17329,1353,3219,20230318,Recommendation
17330,5030,2649,20250202,Watch Party
17331,691,4359,20240725,Review
17332,3966,353,20250305,Profile
17333,1044,5042,20250319,Recommendation
17334,4980,5696,20230529,Watch Party
17335,5128,4730,20231010,Review
17336,265,4174,20241106,Profile
17337,1648,5888,20230615,Recommendation
17338,3149,5900,20250927,Watch Party
17339,1202,1275,20230512,Review
17340,2131,4083,20250518,Profile
17341,4638,1446,20251208,Recommendation
17342,5381,791,20250728,Watch Party
17343,5688,2509,20231023,Review
17344,4439,4465,20230904,Profile
17345,2933,1787,20240406,Recommendation
17346,3830,771,20251009,Watch Party
17347,3603,5460,20230724,Review
17348,315,2727,20231008,Profile
17349,218,5323,20251110,Recommendation
17350,3765,2293,20230319,Watch Party
17351,5697,5099,20230719,Review
17352,4252,924,20240915,Profile
17353,3146,5524,20250706,Recommendation
17354,3718,3363,20230607,Watch Party
17355,1174,387,20240227,Review
17356,234,5591,20240515,Profile
17357,2513,5855,20250225,Recommendation
17358,1270,656,20241010,Watch Party
17359,3736,1597,20230525,Review
17360,3997,3771,20250204,Profile
17361,4156,1575,20230921,Recommendation
17362,5550,4035,20250516,Watch Party
17363,1297,1361,20250423,Review
17364,159,5338,20250425,Profile
17365,4398,4133,20250204,Recommendation
17366,1615,1605,20250501,Watch Party
17367,1370,2995,20230217,Review
17368,1021,500,20251112,Profile
17369,4977,1952,20230927,Recommendation
17370,4214,4882,20250106,Watch Party
17371,2850,2144,20240530,Review
17372,4934,4715,20250617,Profile
17373,81,5828,20240105,Recommendation
17374,3641,3328,20230516,Watch Party
17375,1542,1863,20250823,Review
17376,4995,4903,20241006,Profile
17377,631,4614,20250123,Recommendation
17378,2530,4470,20241008,Watch Party
17379,4135,1844,20230418,Review
17380,3819,4632,20230130,Profile
17381,1337,2163,20251029,Recommendation
17382,2982,2543,20230821,Watch Party
17383,2661,105,20240319,Review
17384,3205,2416,20230120,Profile
17385,2945,1323,20240211,Recommendation
17386,5528,4846,20231010,Watch Party
17387,5827,2425,20240120,Review
17388,2823,874,20250410,Profile
17389,5718,4590,20231029,Recommendation
17390,1402,2125,20250718,Watch Party
17391,1058,4313,20240105,Review
17392,187,2505,20240425,Profile
17393,894,5895,20231020,Recommendation
17394,3235,190,20230215,Watch Party
17395,3432,4439,20250114,Review
17396,266,3040,20250309,Profile
17397,1747,2595,20250517,Recommendation
17398,4766,4412,20250315,Watch Party
17399,4538,2442,20230306,Review
17400,5519,5070,20230817,Profile
17401,3226,3044,20240131,Recommendation
17402,5669,1890,20230220,Watch Party
17403,2197,1510,20240526,Review
17404,1212,205,20230210,Profile
17405,1502,4484,20230323,Recommendation
17406,4098,4707,20251005,Watch Party
17407,3511,5665,20250411,Review
17408,220,5595,20250715,Profile
17409,1787,2038,20250906,Recommendation
17410,5798,1717,20251229,Watch Party
17411,1985,1394,20250906,Review
17412,1516,5932,20230313,Profile
17413,2318,5042,20240718,Recommendation
17414,5692,1475,20250204,Watch Party
17415,2265,3278,20251007,Review
17416,4389,612,20231210,Profile
17417,203,1922,20231105,Recommendation
17418,1941,1465,20250329,Watch Party
17419,480,2571,20230903,Review
17420,1796,1446,20251012,Profile
17421,3793,618,20240304,Recommendation
17422,5223,5191,20231119,Watch Party
17423,5423,1121,20240614,Review
17424,3518,5426,20251004,Profile
17425,2956,118,20240408,Recommendation
17426,1897,2797,20250419,Watch Party
17427,3336,5385,20241223,Review
17428,3441,4518,20240613,Profile
17429,4712,4669,20251113,Recommendation
17430,2764,2709,20230713,Watch Party
17431,4021,1608,20240612,Review
17432,3688,2401,20250816,Profile
17433,2114,1175,20251208,Recommendation
17434,1602,4264,20240328,Watch Party
17435,2306,960,20240923,Review
17436,3177,629,20250305,Profile
17437,3399,1539,20250126,Recommendation
17438,2898,422,20250628,Watch Party
17439,5944,5558,20250502,Review
17440,2057,4355,20230723,Profile
17441,1231,3006,20240421,Recommendation
17442,2417,3684,20240218,Watch Party
17443,2170,342,20230919,Review
17444,3782,3656,20250423,Profile
17445,4751,4108,20250610,Recommendation
17446,2848,5442,20250415,Watch Party
17447,3111,2715,20241004,Review
17448,4839,822,20250413,Profile
17449,4563,4236,20241114,Recommendation
17450,2331,4333,20240627,Watch Party
17451,69,1755,20250420,Review
17452,1780,4183,20240304,Profile
17453,3902,4621,20251129,Recommendation
17454,2223,2420,20240514,Watch Party
17455,1642,825,20250222,Review
17456,3122,5973,20250408,Profile
17457,5440,5442,20250617,Recommendation
17458,3691,4556,20230913,Watch Party
17459,1330,1343,20251228,Review
17460,4690,4848,20251017,Profile
17461,336,3110,20230506,Recommendation
17462,4869,2011,20250321,Watch Party
17463,4429,2649,20251022,Review
17464,2211,2162,20240919,Profile
17465,4895,4783,20250422,Recommendation
17466,4330,4986,20250930,Watch Party
17467,4293,5984,20250208,Review
17468,3600,5535,20241011,Profile
17469,300,5594,20230211,Recommendation
17470,3003,5111,20250213,Watch Party
17471,4429,566,20241010,Review
17472,2961,4475,20230125,Profile
17473,2816,3577,20250727,Recommendation
17474,425,3912,20250917,Watch Party
17475,2872,5948,20241011,Review
17476,2486,2790,20241203,Profile
17477,4729,5789,20240427,Recommendation
17478,4396,2060,20250615,Watch Party
17479,4575,3134,20240612,Review
17480,5689,2142,20231120,Profile
17481,2409,2353,20250904,Recommendation
17482,5263,1852,20240529,Watch Party
17483,3110,1644,20240221,Review
17484,1887,45,20240707,Profile
17485,1972,29,20240113,Recommendation
17486,1012,100,20230819,Watch Party
17487,3563,1871,20230223,Review
17488,3697,3710,20231227,Profile
17489,4040,2293,20250302,Recommendation
17490,3769,4223,20241022,Watch Party
17491,3869,3750,20230724,Review
17492,3642,2594,20230527,Profile
17493,2257,1300,20250408,Recommendation
17494,769,912,20240523,Watch Party
17495,3316,3089,20251129,Review
17496,5575,2257,20240201,Profile
17497,1928,4920,20230201,Recommendation
17498,4895,2692,20230818,Watch Party
17499,2744,2328,20250514,Review
17500,3209,4866,20250213,Profile
17501,1158,4904,20241104,Recommendation
17502,5249,4973,20230210,Watch Party
17503,158,824,20250625,Review
17504,2920,2528,20231123,Profile
17505,5131,4425,20240530,Recommendation
17506,1152,2577,20240517,Watch Party
17507,563,1307,20251002,Review
17508,4340,2046,20240219,Profile
17509,2102,3887,20250424,Recommendation
17510,2951,3026,20240314,Watch Party
17511,4816,5629,20241223,Review
17512,5880,2874,20241215,Profile
17513,3781,2863,20250611,Recommendation
17514,4996,4056,20240110,Watch Party
17515,5707,4915,20251021,Review
17516,4466,594,20230815,Profile
17517,1656,5026,20230201,Recommendation
17518,3746,4286,20241030,Watch Party
17519,1031,1795,20230226,Review
17520,5904,1043,20240719,Profile
17521,2019,2511,20231202,Recommendation
17522,4500,2619,20230514,Watch Party
17523,4950,1722,20240312,Review
17524,1386,40,20230214,Profile
17525,3980,3138,20251026,Recommendation
17526,3550,3949,20231018,Watch Party
17527,1822,2681,20251105,Review
17528,3022,2428,20240113,Profile
17529,3622,1024,20240702,Recommendation
17530,2931,3709,20240711,Watch Party
17531,2356,1248,20251010,Review
17532,2481,189,20250827,Profile
17533,1523,1295,20230504,Recommendation
17534,2783,95,20230628,Watch Party
17535,4434,4509,20251130,Review
17536,2114,2556,20230714,Profile
17537,4864,272,20250208,Recommendation
17538,2131,4871,20240506,Watch Party
17539,3695,519,20240130,Review
17540,846,1196,20251024,Profile
17541,5761,3149,20241009,Recommendation
17542,392,3811,20251205,Watch Party
17543,154,855,20250405,Review
17544,4971,70,20240818,Profile
17545,2124,673,20231213,Recommendation
17546,912,5069,20231219,Watch Party
17547,5879,3912,20230321,Review
17548,5491,377,20231204,Profile
17549,5913,2138,20250820,Recommendation
17550,1052,3069,20250330,Watch Party
17551,3199,5173,20230320,Review
17552,790,4871,20230219,Profile
17553,1091,1576,20250316,Recommendation
17554,660,4347,20250709,Watch Party
17555,2205,2693,20240115,Review
17556,5655,5053,20250202,Profile
17557,4540,5040,20240518,Recommendation
17558,2684,4921,20250610,Watch Party
17559,3064,2138,20250922,Review
17560,4860,5225,20230727,Profile
17561,1551,1282,20240818,Recommendation
17562,1172,840,20250826,Watch Party
17563,3507,4915,20251122,Review
17564,5349,3017,20240521,Profile
17565,583,3294,20240424,Recommendation
17566,3766,3410,20240101,Watch Party
17567,1840,4679,20240710,Review
17568,638,5971,20230604,Profile
17569,5442,4259,20241029,Recommendation
17570,641,5676,20240423,Watch Party
17571,2493,4596,20250615,Review
17572,5915,5438,20250927,Profile
17573,3598,1309,20250101,Recommendation
17574,875,1939,20240929,Watch Party
17575,4084,3373,20240331,Review
17576,5875,3145,20250530,Profile
17577,1227,1360,20251128,Recommendation
17578,5550,4290,20240723,Watch Party
17579,5992,45,20241012,Review
17580,3664,5051,20250128,Profile
17581,5707,3214,20250207,Recommendation
17582,5595,5354,20231209,Watch Party
17583,1351,3000,20240316,Review
17584,402,3398,20251128,Profile
17585,5814,1802,20240903,Recommendation
17586,195,781,20250608,Watch Party
17587,780,5780,20250816,Review
17588,1424,754,20230611,Profile
17589,3605,1338,20230215,Recommendation
17590,766,5258,20250214,Watch Party
17591,50,5891,20230730,Review
17592,5967,4764,20240121,Profile
17593,4725,2915,20240607,Recommendation
17594,5007,56,20240512,Watch Party
17595,2061,2663,20230214,Review
17596,5303,4240,20240524,Profile
17597,5222,4244,20231124,Recommendation
17598,1060,506,20250323,Watch Party
17599,4801,1833,20230310,Review
17600,616,3150,20230520,Profile
17601,3688,3940,20251115,Recommendation
17602,1055,4477,20250326,Watch Party
17603,4156,1452,20240615,Review
17604,5675,497,20241005,Profile
17605,5733,3611,20240414,Recommendation
17606,4955,4182,20240607,Watch Party
17607,4945,3470,20230926,Review
17608,3615,2254,20250513,Profile
17609,4369,2087,20231027,Recommendation
17610,545,4312,20250819,Watch Party
17611,4084,5915,20251104,Review
17612,3031,4880,20251113,Profile
17613,264,5046,20251118,Recommendation
17614,5793,4901,20240912,Watch Party
17615,3530,5066,20240115,Review
17616,3669,3647,20251021,Profile
17617,4427,2396,20250606,Recommendation
17618,3197,2759,20250226,Watch Party
17619,5016,5925,20250820,Review
17620,728,1425,20231118,Profile
17621,3711,4271,20250301,Recommendation
17622,5737,910,20250606,Watch Party
17623,5077,2847,20231110,Review
17624,4473,5888,20230608,Profile
17625,4561,1187,20230110,Recommendation
17626,5304,3016,20240621,Watch Party
17627,4265,2580,20241030,Review
17628,2886,5700,20250118,Profile
17629,514,5982,20251104,Recommendation
17630,3012,5104,20230401,Watch Party
17631,1345,212,20230519,Review
17632,1521,4318,20240216,Profile
17633,3628,1920,20230131,Recommendation
17634,4194,4953,20250228,Watch Party
17635,5159,4565,20240429,Review
17636,1534,3850,20251031,Profile
17637,2454,4467,20251127,Recommendation
17638,586,3340,20250315,Watch Party
17639,4399,4746,20250427,Review
17640,5821,5535,20240415,Profile
17641,5180,2759,20241010,Recommendation
17642,1079,3385,20250625,Watch Party
17643,2195,5571,20250816,Review
17644,5664,3648,20230818,Profile
17645,5859,1486,20251204,Recommendation
17646,3939,3399,20251026,Watch Party
17647,4210,4864,20230210,Review
17648,4332,1175,20230109,Profile
17649,4942,5723,20250723,Recommendation
17650,3104,5124,20230818,Watch Party
17651,4187,3315,20230811,Review
17652,3755,5192,20250115,Profile
17653,2531,1907,20250331,Recommendation
17654,4055,4080,20240119,Watch Party
17655,5924,2629,20230311,Review
17656,3287,5591,20240731,Profile
17657,876,3306,20230312,Recommendation
17658,5507,1359,20251106,Watch Party
17659,5077,1126,20250628,Review
17660,696,2699,20250705,Profile
17661,1525,496,20240622,Recommendation
17662,2601,5677,20230319,Watch Party
17663,5464,4156,20240822,Review
17664,1173,311,20240902,Profile
17665,4201,2891,20241220,Recommendation
17666,1984,4368,20250514,Watch Party
17667,1970,372,20230124,Review
17668,1734,2704,20231121,Profile
17669,2757,579,20251224,Recommendation
17670,2678,5,20250117,Watch Party
17671,4102,2063,20250106,Review
17672,3520,1684,20241222,Profile
17673,3156,5604,20250403,Recommendation
17674,5029,5365,20230124,Watch Party
17675,467,2530,20230308,Review
17676,2306,4341,20241011,Profile
17677,3457,1165,20241221,Recommendation
17678,5671,1589,20230530,Watch Party
17679,4903,1513,20230717,Review
17680,1058,3794,20231110,Profile
17681,5240,3946,20250824,Recommendation
17682,2828,5392,20231215,Watch Party
17683,5134,2156,20240620,Review
17684,1711,2292,20241222,Profile
17685,140,4058,20231230,Recommendation
17686,4131,4441,20250605,Watch Party
17687,237,3342,20251019,Review
17688,1452,2031,20240227,Profile
17689,4125,5981,20240517,Recommendation
17690,4195,4951,20230706,Watch Party
17691,4476,4602,20240825,Review
17692,1154,2701,20250403,Profile
17693,5955,3964,20240419,Recommendation
17694,3776,3550,20230731,Watch Party
17695,5377,3256,20230501,Review
17696,3160,5043,20230718,Profile
17697,329,4797,20250507,Recommendation
17698,2035,3327,20230130,Watch Party
17699,685,216,20251111,Review
17700,17,3309,20230715,Profile
17701,3901,1059,20250331,Recommendation
17702,1631,4245,20230528,Watch Party
17703,3729,5556,20231009,Review
17704,4551,1065,20231221,Profile
17705,4684,4641,20250803,Recommendation
17706,517,1872,20250817,Watch Party
17707,1534,5430,20240407,Review
17708,4700,5653,20250107,Profile
17709,1054,5558,20230918,Recommendation
17710,5337,2034,20230811,Watch Party
17711,2051,1532,20231030,Review
17712,2894,203,20241129,Profile
17713,5988,284,20250323,Recommendation
17714,5914,637,20250506,Watch Party
17715,2181,3182,20250421,Review
17716,1186,3015,20230524,Profile
17717,1475,5635,20240715,Recommendation
17718,2638,4866,20240105,Watch Party
17719,4221,5265,20250714,Review
17720,1714,4278,20250829,Profile
17721,300,1372,20250827,Recommendation
17722,2428,5481,20230724,Watch Party
17723,5223,3511,20230624,Review
17724,2084,4361,20240223,Profile
17725,134,1134,20251030,Recommendation
17726,1218,4736,20250109,Watch Party
17727,1105,4765,20241111,Review
17728,2220,1681,20230513,Profile
17729,2780,213,20250615,Recommendation
17730,1648,5201,20230910,Watch Party
17731,214,368,20250522,Review
17732,5918,210,20241012,Profile
17733,3984,1956,20230502,Recommendation
17734,5077,4760,20250612,Watch Party
17735,5329,2978,20231123,Review
17736,486,5035,20250910,Profile
17737,2231,2021,20250117,Recommendation
17738,255,2306,20230601,Watch Party
17739,1407,5485,20230205,Review
17740,5641,4283,20230207,Profile
17741,784,2587,20250415,Recommendation
17742,2821,1536,20231112,Watch Party
17743,3579,4968,20231213,Review
17744,2400,2578,20250829,Profile
17745,1031,3064,20230821,Recommendation
17746,2918,2319,20250405,Watch Party
17747,1386,4778,20250414,Review
17748,5492,5700,20230511,Profile
17749,5752,5926,20240603,Recommendation
17750,3010,2034,20251213,Watch Party
17751,3536,4703,20230515,Review
17752,1163,4638,20241111,Profile
17753,5625,2494,20230226,Recommendation
17754,1571,4297,20250521,Watch Party
17755,375,2127,20231204,Review
17756,1268,1841,20240909,Profile
17757,3996,2873,20230506,Recommendation
17758,4935,3744,20251016,Watch Party
17759,5824,3442,20240129,Review
17760,1047,4039,20230301,Profile
17761,3354,2655,20230506,Recommendation
17762,3410,2483,20230812,Watch Party
17763,1017,5394,20230411,Review
17764,3505,583,20251028,Profile
17765,4799,3386,20230902,Recommendation
17766,1804,2909,20230422,Watch Party
17767,1445,3048,20250511,Review
17768,2118,5666,20251103,Profile
17769,954,1950,20250620,Recommendation
17770,2818,2267,20240608,Watch Party
17771,73,526,20240421,Review
17772,1253,1801,20230220,Profile
17773,5582,3583,20240404,Recommendation
17774,2090,5560,20230406,Watch Party
17775,2389,5172,20250916,Review
17776,2802,1558,20240930,Profile
17777,2814,4704,20250307,Recommendation
17778,4065,2856,20250119,Watch Party
17779,3393,3150,20250715,Review
17780,1425,3682,20231028,Profile
17781,4032,4933,20250515,Recommendation
17782,4109,2656,20250808,Watch Party
17783,543,5682,20240616,Review
17784,4323,4607,20250202,Profile
17785,2371,1700,20231202,Recommendation
17786,72,5964,20230403,Watch Party
17787,5210,2608,20240124,Review
17788,403,5612,20241215,Profile
17789,3658,5030,20230709,Recommendation
17790,5807,1751,20241216,Watch Party
17791,5700,5934,20230321,Review
17792,3192,5430,20250301,Profile
17793,5627,148,20240308,Recommendation
17794,4599,3749,20230402,Watch Party
17795,609,2454,20231017,Review
17796,4812,495,20250722,Profile
17797,1301,2205,20230304,Recommendation
17798,2727,4660,20230220,Watch Party
17799,5755,3026,20230524,Review
17800,646,5568,20250615,Profile
17801,5068,5850,20240602,Recommendation
17802,2521,1397,20230514,Watch Party
17803,923,5864,20230518,Review
17804,1126,1541,20230605,Profile
17805,3982,4632,20250831,Recommendation
17806,2804,3268,20241226,Watch Party
17807,5297,5218,20230929,Review
17808,4616,2951,20240512,Profile
17809,2316,2650,20230217,Recommendation
17810,4198,1893,20250114,Watch Party
17811,4510,3791,20251231,Review
17812,3151,3401,20230105,Profile
17813,402,4274,20240930,Recommendation
17814,3899,1280,20230712,Watch Party
17815,2252,4300,20240810,Review
17816,3864,1183,20251014,Profile
17817,3642,4767,20250919,Recommendation
17818,1418,4408,20250820,Watch Party
17819,1963,247,20231217,Review
17820,2673,2713,20240820,Profile
17821,392,4728,20230321,Recommendation
17822,371,543,20240813,Watch Party
17823,1842,2431,20251003,Review
17824,4962,5712,20251112,Profile
17825,4097,2712,20230331,Recommendation
17826,1242,5859,20231108,Watch Party
17827,2483,1080,20231214,Review
17828,3806,5301,20240726,Profile
17829,767,5594,20231218,Recommendation
17830,5784,2971,20250510,Watch Party
17831,1608,5879,20250725,Review
17832,1725,5112,20251117,Profile
17833,2444,2933,20241216,Recommendation
17834,5923,4892,20231117,Watch Party
17835,4656,4673,20231203,Review
17836,5691,264,20250311,Profile
17837,2860,3480,20231025,Recommendation
17838,4719,538,20240726,Watch Party
17839,4076,330,20230628,Review
17840,5175,5569,20250906,Profile
17841,4002,2112,20240129,Recommendation
17842,2961,4088,20230114,Watch Party
17843,1540,5347,20231005,Review
17844,4349,4476,20230820,Profile
17845,2641,5814,20250603,Recommendation
17846,2995,4708,20240804,Watch Party
17847,5725,5080,20230111,Review
17848,312,5271,20250808,Profile
17849,3670,3000,20250801,Recommendation
17850,487,3858,20251128,Watch Party
17851,4063,5585,20230305,Review
17852,3700,5385,20241019,Profile
17853,4027,1276,20230622,Recommendation
17854,4458,4903,20251025,Watch Party
17855,1478,4934,20250429,Review
17856,5330,5408,20240328,Profile
17857,1746,4382,20230227,Recommendation
17858,5236,4948,20250509,Watch Party
17859,2813,4158,20240304,Review
17860,4673,2073,20241102,Profile
17861,4407,342,20240327,Recommendation
17862,823,1352,20250617,Watch Party
17863,3322,3979,20240619,Review
17864,4211,5408,20230414,Profile
17865,3762,3935,20250807,Recommendation
17866,3921,2851,20240228,Watch Party
17867,565,4268,20250130,Review
17868,2130,5317,20251127,Profile
17869,3969,3762,20250925,Recommendation
17870,1820,2019,20230823,Watch Party
17871,3250,1643,20230304,Review
17872,1475,4788,20230227,Profile
17873,1348,5900,20240830,Recommendation
17874,2986,3209,20250422,Watch Party
17875,5329,4704,20241123,Review
17876,4127,177,20241103,Profile
17877,1295,1368,20251107,Recommendation
17878,5604,4235,20240908,Watch Party
17879,3939,4949,20250216,Review
17880,2961,4749,20230528,Profile
17881,3133,3751,20230424,Recommendation
17882,1304,5443,20230807,Watch Party
17883,1633,687,20230718,Review
17884,1894,3824,20230620,Profile
17885,4300,917,20230709,Recommendation
17886,285,808,20240522,Watch Party
17887,1091,1099,20240517,Review
17888,2662,5358,20250723,Profile
17889,4826,1254,20241104,Recommendation
17890,2173,1188,20241220,Watch Party
17891,4502,919,20230101,Review
17892,4057,2335,20230412,Profile
17893,4867,1100,20240809,Recommendation
17894,5804,1550,20240120,Watch Party
17895,3923,1468,20240504,Review
17896,3626,2537,20241129,Profile
17897,649,229,20240511,Recommendation
17898,5186,4318,20230916,Watch Party
17899,4427,4316,20240701,Review
17900,4127,3285,20231112,Profile
17901,1502,1561,20240730,Recommendation
17902,4735,5576,20240928,Watch Party
17903,4539,4851,20230714,Review
17904,5622,5746,20250327,Profile
17905,892,4469,20230213,Recommendation
17906,2754,463,20240212,Watch Party
17907,2264,2370,20240925,Review
17908,1140,122,20250226,Profile
17909,3286,5896,20240924,Recommendation
17910,2173,4456,20230511,Watch Party
17911,5468,3527,20231110,Review
17912,1909,453,20241125,Profile
17913,5306,4624,20230113,Recommendation
17914,4594,1517,20240331,Watch Party
17915,5103,827,20250501,Review
17916,3210,2348,20250510,Profile
17917,2360,1822,20241111,Recommendation
17918,445,3872,20230323,Watch Party
17919,735,2080,20230409,Review
17920,3184,3861,20250723,Profile
17921,1431,4746,20230108,Recommendation
17922,3891,1127,20240822,Watch Party
17923,3909,4160,20250819,Review
17924,104,5389,20240601,Profile
17925,5746,1532,20251229,Recommendation
17926,435,2219,20241202,Watch Party
17927,663,597,20240310,Review
17928,3004,5952,20231225,Profile
17929,1531,5855,20251028,Recommendation
17930,5065,2616,20251130,Watch Party
17931,5677,2964,20230709,Review
17932,5920,835,20230530,Profile
17933,1825,4645,20231207,Recommendation
17934,5770,1297,20251105,Watch Party
17935,3380,3388,20240711,Review
17936,4743,4603,20250719,Profile
17937,1447,2271,20240427,Recommendation
17938,1629,3879,20251116,Watch Party
17939,1451,2992,20231217,Review
17940,1795,3745,20230604,Profile
17941,2620,3005,20240408,Recommendation
17942,29,2189,20240831,Watch Party
17943,2674,4571,20250220,Review
17944,1200,1921,20250723,Profile
17945,3588,671,20230505,Recommendation
17946,2250,3110,20231005,Watch Party
17947,731,4251,20250829,Review
17948,2918,5969,20241114,Profile
17949,4592,4820,20230422,Recommendation
17950,4675,852,20250108,Watch Party
17951,112,3395,20240821,Review
17952,3908,2668,20240829,Profile
17953,3537,1610,20241206,Recommendation
17954,4970,2442,20250327,Watch Party
17955,4854,310,20250405,Review
17956,923,4951,20230626,Profile
17957,2295,4241,20240724,Recommendation
17958,723,2949,20250205,Watch Party
17959,4702,2153,20250703,Review
17960,2415,217,20241201,Profile
17961,5654,3933,20240618,Recommendation
17962,4194,1237,20250918,Watch Party
17963,5033,1225,20240404,Review
17964,4098,2369,20230418,Profile
17965,4186,1042,20250701,Recommendation
17966,2,2595,20240530,Watch Party
17967,2951,2217,20240115,Review
17968,2831,1563,20250223,Profile
17969,944,4054,20251123,Recommendation
17970,160,4345,20240912,Watch Party
17971,2724,2797,20250707,Review
17972,4548,3832,20250409,Profile
17973,5480,877,20231017,Recommendation
17974,103,3675,20250706,Watch Party
17975,2771,1684,20230908,Review
17976,3924,2075,20230223,Profile
17977,5942,2547,20251119,Recommendation
17978,4470,2987,20250519,Watch Party
17979,3362,4174,20230127,Review
17980,3324,1079,20251118,Profile
17981,4593,3860,20251206,Recommendation
17982,5688,1665,20240227,Watch Party
17983,5752,973,20250128,Review
17984,4905,5118,20240607,Profile
17985,5482,5376,20251228,Recommendation
17986,1482,1343,20250323,Watch Party
17987,1911,5431,20250828,Review
17988,465,3718,20240525,Profile
17989,5226,2425,20230829,Recommendation
17990,2080,4220,20240309,Watch Party
17991,4418,3103,20230430,Review
17992,344,2709,20241228,Profile
17993,1617,716,20230909,Recommendation
17994,5837,4079,20250830,Watch Party
17995,4329,2162,20240720,Review
17996,2703,1216,20250207,Profile
17997,2299,2194,20230106,Recommendation
17998,1905,5600,20251208,Watch Party
17999,4493,1768,20240928,Review
18000,3192,3355,20230412,Profile
18001,1014,3979,20251023,Recommendation
18002,2081,651,20231210,Watch Party
18003,2559,1597,20250925,Review
18004,980,221,20250913,Profile
18005,2693,3017,20250913,Recommendation
18006,5570,3494,20230811,Watch Party
18007,617,2649,20250520,Review
18008,353,4826,20250928,Profile
18009,3343,1445,20240219,Recommendation
18010,1215,7,20241101,Watch Party
18011,4461,3643,20241118,Review
18012,3439,2722,20231204,Profile
18013,233,1733,20230616,Recommendation
18014,1580,1047,20240611,Watch Party
18015,3674,3093,20250304,Review
18016,2773,4778,20240104,Profile
18017,1234,200,20230720,Recommendation
18018,5555,1462,20250527,Watch Party
18019,537,1562,20240802,Review
18020,2378,5388,20240723,Profile
18021,4043,5371,20230819,Recommendation
18022,3714,5768,20230916,Watch Party
18023,2041,2250,20230907,Review
18024,4966,5829,20240327,Profile
18025,5272,1353,20250113,Recommendation
18026,5446,353,20250115,Watch Party
18027,1643,3241,20251217,Review
18028,3152,2086,20250830,Profile
18029,4701,4265,20250204,Recommendation
18030,592,2318,20230628,Watch Party
18031,2932,4339,20240217,Review
18032,3762,5105,20230406,Profile
18033,1152,3935,20241220,Recommendation
18034,2412,3161,20240925,Watch Party
18035,3021,2715,20230130,Review
18036,4086,3821,20240801,Profile
18037,14,3156,20250923,Recommendation
18038,1568,1255,20230309,Watch Party
18039,2302,258,20230218,Review
18040,1802,1202,20251110,Profile
18041,3573,2750,20250913,Recommendation
18042,1227,5827,20250120,Watch Party
18043,3899,2019,20230104,Review
18044,39,1288,20240817,Profile
18045,5887,327,20250128,Recommendation
18046,4161,4415,20251231,Watch Party
18047,3987,5982,20251227,Review
18048,3403,4353,20240314,Profile
18049,1802,4103,20240222,Recommendation
18050,4882,5535,20251002,Watch Party
18051,2830,5486,20240813,Review
18052,4136,699,20230101,Profile
18053,2635,2879,20240713,Recommendation
18054,5647,5106,20250426,Watch Party
18055,2483,4766,20230816,Review
18056,774,1414,20241003,Profile
18057,618,3830,20240721,Recommendation
18058,660,1821,20240323,Watch Party
18059,3792,4322,20250527,Review
18060,1499,5297,20230926,Profile
18061,5397,889,20240523,Recommendation
18062,457,2553,20230112,Watch Party
18063,2528,5955,20240311,Review
18064,670,113,20240803,Profile
18065,423,806,20250404,Recommendation
18066,5304,1973,20250913,Watch Party
18067,1351,4455,20240923,Review
18068,3043,5459,20251006,Profile
18069,1669,3905,20240206,Recommendation
18070,3331,4667,20251106,Watch Party
18071,718,5320,20231107,Review
18072,66,1915,20250418,Profile
18073,5640,1008,20230810,Recommendation
18074,591,2147,20250123,Watch Party
18075,4614,1215,20240407,Review
18076,5379,1777,20250929,Profile
18077,5684,4856,20231223,Recommendation
18078,1312,1853,20230802,Watch Party
18079,5877,5174,20230105,Review
18080,2576,3324,20250111,Profile
18081,4766,5222,20230315,Recommendation
18082,3999,2785,20230904,Watch Party
18083,561,1461,20250324,Review
18084,4541,1780,20230530,Profile
18085,2218,3350,20250114,Recommendation
18086,4998,1608,20230630,Watch Party
18087,3945,2212,20251004,Review
18088,5728,2092,20231030,Profile
18089,2572,2485,20240527,Recommendation
18090,993,1217,20240619,Watch Party
18091,3839,641,20250116,Review
18092,1624,5747,20240825,Profile
18093,5459,4966,20250102,Recommendation
18094,862,3458,20250513,Watch Party
18095,4373,2171,20250911,Review
18096,2592,3803,20241209,Profile
18097,4068,1523,20240218,Recommendation
18098,3503,3569,20230214,Watch Party
18099,278,4147,20230627,Review
18100,1025,5372,20230519,Profile
18101,5538,1357,20230320,Recommendation
18102,1514,3562,20240707,Watch Party
18103,646,2021,20240701,Review
18104,3553,1137,20240329,Profile
18105,339,619,20230515,Recommendation
18106,1711,1451,20241127,Watch Party
18107,5605,1751,20230328,Review
18108,3401,5617,20230617,Profile
18109,3649,2703,20240727,Recommendation
18110,1436,4141,20230702,Watch Party
18111,4796,2587,20250820,Review
18112,5154,313,20241005,Profile
18113,3955,28,20250802,Recommendation
18114,602,2038,20250209,Watch Party
18115,4738,2029,20241104,Review
18116,5547,3169,20241126,Profile
18117,2585,1403,20241227,Recommendation
18118,1038,4861,20230823,Watch Party
18119,2564,4684,20240330,Review
18120,4144,486,20231205,Profile
18121,3071,2027,20230413,Recommendation
18122,3654,3143,20240510,Watch Party
18123,5333,5238,20250704,Review
18124,4142,767,20231107,Profile
18125,3442,381,20250220,Recommendation
18126,725,3216,20241029,Watch Party
18127,345,2061,20251109,Review
18128,48,1494,20250909,Profile
18129,5754,534,20240209,Recommendation
18130,4942,5027,20230530,Watch Party
18131,5796,1757,20251130,Review
18132,4294,4660,20230402,Profile
18133,5680,4805,20250422,Recommendation
18134,378,2705,20251018,Watch Party
18135,4806,978,20230108,Review
18136,4356,1405,20230718,Profile
18137,5067,1456,20230828,Recommendation
18138,814,3633,20230505,Watch Party
18139,278,762,20251003,Review
18140,3302,5922,20231216,Profile
18141,2286,5468,20241108,Recommendation
18142,1548,2893,20240417,Watch Party
18143,4353,1726,20251219,Review
18144,4394,2333,20241226,Profile
18145,5555,2861,20250331,Recommendation
18146,3624,2825,20230715,Watch Party
18147,3434,872,20230907,Review
18148,5614,684,20231120,Profile
18149,5234,1999,20231107,Recommendation
18150,2156,3542,20230214,Watch Party
18151,5250,3506,20241007,Review
18152,5027,763,20230216,Profile
18153,4548,2201,20251213,Recommendation
18154,3516,2423,20240315,Watch Party
18155,2312,393,20230903,Review
18156,2460,5868,20240820,Profile
18157,5860,1378,20250308,Recommendation
18158,5787,242,20240713,Watch Party
18159,1686,2287,20230925,Review
18160,4854,1010,20231227,Profile
18161,4541,1332,20250822,Recommendation
18162,3143,1499,20230906,Watch Party
18163,170,2050,20250706,Review
18164,2843,5710,20240412,Profile
18165,4890,352,20240731,Recommendation
18166,2257,4229,20250426,Watch Party
18167,1123,114,20250121,Review
18168,1245,620,20250204,Profile
18169,5353,3648,20240927,Recommendation
18170,256,3421,20241022,Watch Party
18171,4669,5565,20230316,Review
18172,1186,4701,20251225,Profile
18173,4355,3065,20241125,Recommendation
18174,1581,2659,20230520,Watch Party
18175,461,4472,20231208,Review
18176,141,1134,20250929,Profile
18177,4929,3703,20250609,Recommendation
18178,734,2845,20240930,Watch Party
18179,2317,2551,20241101,Review
18180,1584,35,20240331,Profile
18181,1015,3639,20241020,Recommendation
18182,3401,860,20250625,Watch Party
18183,1141,4765,20231109,Review
18184,622,3747,20250221,Profile
18185,2165,5113,20251114,Recommendation
18186,2517,1608,20240829,Watch Party
18187,5490,4062,20231015,Review
18188,992,767,20250525,Profile
18189,53,2207,20240311,Recommendation
18190,1601,627,20230528,Watch Party
18191,1379,2444,20240920,Review
18192,5575,1283,20250621,Profile
18193,1474,1357,20250604,Recommendation
18194,3026,1417,20251113,Watch Party
18195,3569,5179,20240310,Review
18196,4579,4747,20250721,Profile
18197,1570,1973,20231021,Recommendation
18198,5282,708,20240621,Watch Party
18199,2249,2160,20240610,Review
18200,2099,4013,20240320,Profile
18201,4946,84,20250626,Recommendation
18202,3120,4370,20240707,Watch Party
18203,2840,448,20240925,Review
18204,1904,2700,20240706,Profile
18205,3430,200,20240328,Recommendation
18206,5079,4004,20250501,Watch Party
18207,1058,918,20250224,Review
18208,2920,5239,20251228,Profile
18209,4560,1736,20230404,Recommendation
18210,2707,2315,20240910,Watch Party
18211,328,2186,20240711,Review
18212,5981,1283,20250918,Profile
18213,5619,1597,20250301,Recommendation
18214,5506,4149,20240331,Watch Party
18215,18,3582,20230426,Review
18216,2782,5230,20250701,Profile
18217,739,4418,20240114,Recommendation
18218,5127,1677,20240330,Watch Party
18219,3891,2468,20250308,Review
18220,5325,2298,20250419,Profile
18221,3332,3936,20240730,Recommendation
18222,60,4778,20230516,Watch Party
18223,5005,4985,20241027,Review
18224,3184,1204,20251116,Profile
18225,2787,4744,20250331,Recommendation
18226,2870,5763,20240213,Watch Party
18227,3278,2307,20250526,Review
18228,3314,2648,20250312,Profile
18229,1674,2104,20231226,Recommendation
18230,1956,1591,20240630,Watch Party
18231,3029,55,20240925,Review
18232,1700,4774,20230616,Profile
18233,1846,3081,20251031,Recommendation
18234,2866,3517,20230910,Watch Party
18235,377,3216,20251110,Review
18236,5999,4636,20240724,Profile
18237,2211,4069,20230214,Recommendation
18238,1040,5520,20240801,Watch Party
18239,3731,1241,20250202,Review
18240,568,4308,20231007,Profile
18241,4948,5570,20250203,Recommendation
18242,2676,2770,20251221,Watch Party
18243,5648,294,20230521,Review
18244,2190,4266,20240209,Profile
18245,3330,3320,20250110,Recommendation
18246,5297,3282,20230613,Watch Party
18247,5547,1789,20230122,Review
18248,138,640,20231003,Profile
18249,1532,2993,20241203,Recommendation
18250,281,3035,20240809,Watch Party
18251,738,3094,20240128,Review
18252,1993,2002,20240826,Profile
18253,3508,829,20250620,Recommendation
18254,4450,5178,20230715,Watch Party
18255,2923,5289,20251003,Review
18256,1349,4292,20230115,Profile
18257,978,1442,20241217,Recommendation
18258,1174,1086,20230723,Watch Party
18259,3837,3648,20230208,Review
18260,1983,1800,20240117,Profile
18261,1764,4435,20230908,Recommendation
18262,3416,1700,20250714,Watch Party
18263,3875,4443,20231014,Review
18264,5446,3832,20250311,Profile
18265,3783,4734,20230410,Recommendation
18266,794,3670,20240503,Watch Party
18267,4181,4033,20250322,Review
18268,5259,840,20230209,Profile
18269,2750,4113,20240806,Recommendation
18270,5888,40,20240310,Watch Party
18271,4996,5657,20240509,Review
18272,633,2885,20230811,Profile
18273,352,3397,20230126,Recommendation
18274,1423,585,20240108,Watch Party
18275,1435,3044,20240803,Review
18276,1012,4291,20250305,Profile
18277,3741,5455,20240215,Recommendation
18278,2111,1617,20240801,Watch Party
18279,2005,5436,20250507,Review
18280,2305,722,20251119,Profile
18281,5276,483,20241226,Recommendation
18282,4453,694,20251013,Watch Party
18283,4539,1228,20250909,Review
18284,3325,3788,20250127,Profile
18285,708,588,20230906,Recommendation
18286,5061,2469,20230207,Watch Party
18287,4035,3873,20240223,Review
18288,3164,4635,20231230,Profile
18289,5197,5192,20240717,Recommendation
18290,1166,70,20240327,Watch Party
18291,3864,3993,20250814,Review
18292,3102,3704,20241110,Profile
18293,1700,4113,20250330,Recommendation
18294,20,4892,20250927,Watch Party
18295,4380,3995,20250315,Review
18296,398,267,20250708,Profile
18297,1798,2561,20230225,Recommendation
18298,2319,3684,20230417,Watch Party
18299,3638,4053,20230129,Review
18300,4861,4891,20250214,Profile
18301,3711,4971,20231122,Recommendation
18302,1778,4663,20250802,Watch Party
18303,2969,3422,20240804,Review
18304,4718,4312,20230122,Profile
18305,315,5833,20250119,Recommendation
18306,5234,2699,20241019,Watch Party
18307,5437,149,20230601,Review
18308,3649,3445,20231130,Profile
18309,1225,4693,20251119,Recommendation
18310,2701,2040,20231004,Watch Party
18311,1924,4406,20251115,Review
18312,2576,4496,20230905,Profile
18313,4122,2123,20240403,Recommendation
18314,5762,3868,20250719,Watch Party
18315,2467,3711,20230621,Review
18316,5633,3802,20240320,Profile
18317,1134,1637,20230926,Recommendation
18318,3421,2591,20230715,Watch Party
18319,2927,4210,20230109,Review
18320,2287,2968,20250811,Profile
18321,5078,2758,20231130,Recommendation
18322,693,1622,20240416,Watch Party
18323,618,1527,20240810,Review
18324,5223,4017,20240305,Profile
18325,2831,330,20231109,Recommendation
18326,2647,1154,20251214,Watch Party
18327,3499,725,20241209,Review
18328,5413,2273,20230508,Profile
18329,2456,1660,20240823,Recommendation
18330,332,2483,20231126,Watch Party
18331,1518,2611,20230911,Review
18332,4887,3659,20240830,Profile
18333,982,4549,20240216,Recommendation
18334,1024,5404,20250729,Watch Party
18335,4767,5980,20250214,Review
18336,4789,789,20241009,Profile
18337,299,4486,20231227,Recommendation
18338,3654,289,20250825,Watch Party
18339,2035,415,20230831,Review
18340,5586,1660,20230225,Profile
18341,2994,2709,20231014,Recommendation
18342,5348,1497,20230723,Watch Party
18343,3047,1782,20251231,Review
18344,5294,1587,20250924,Profile
18345,1413,3465,20231129,Recommendation
18346,5258,110,20230704,Watch Party
18347,185,4092,20240419,Review
18348,5082,4115,20240319,Profile
18349,1523,696,20250301,Recommendation
18350,110,3085,20230713,Watch Party
18351,3476,2489,20240327,Review
18352,5105,5642,20251010,Profile
18353,3909,4328,20250430,Recommendation
18354,1136,2843,20240628,Watch Party
18355,1778,5402,20250309,Review
18356,5514,183,20250324,Profile
18357,4453,1003,20240803,Recommendation
18358,1496,4173,20241024,Watch Party
18359,1829,4194,20250501,Review
18360,5076,3927,20240908,Profile
18361,1429,3827,20240715,Recommendation
18362,1980,684,20240829,Watch Party
18363,364,2253,20231210,Review
18364,383,3960,20230731,Profile
18365,13,3974,20230605,Recommendation
18366,4229,4334,20230907,Watch Party
18367,3900,37,20241120,Review
18368,3036,5618,20241216,Profile
18369,1730,5414,20250705,Recommendation
18370,1576,1380,20251127,Watch Party
18371,2233,5741,20231229,Review
18372,5084,5863,20250706,Profile
18373,176,4185,20230824,Recommendation
18374,1621,2686,20230325,Watch Party
18375,2696,701,20230911,Review
18376,2182,3565,20231002,Profile
18377,4948,1412,20230907,Recommendation
18378,1090,1918,20250527,Watch Party
18379,548,2939,20240506,Review
18380,2380,4044,20250421,Profile
18381,636,4910,20240719,Recommendation
18382,3710,463,20240505,Watch Party
18383,4969,5778,20230424,Review
18384,1582,244,20250804,Profile
18385,84,4005,20241221,Recommendation
18386,4396,1250,20241221,Watch Party
18387,5647,3097,20231112,Review
18388,2090,5131,20230325,Profile
18389,3597,5178,20251205,Recommendation
18390,2828,1446,20240106,Watch Party
18391,4868,463,20240430,Review
18392,3998,1444,20240221,Profile
18393,129,1730,20231113,Recommendation
18394,1625,4123,20241019,Watch Party
18395,4033,5838,20230325,Review
18396,358,112,20250630,Profile
18397,1140,5596,20250813,Recommendation
18398,1427,3826,20231208,Watch Party
18399,3544,4176,20231002,Review
18400,5986,2246,20230530,Profile
18401,4688,104,20240525,Recommendation
18402,2272,154,20250624,Watch Party
18403,4718,4016,20230609,Review
18404,2408,236,20240521,Profile
18405,1966,2209,20230406,Recommendation
18406,2794,2444,20230214,Watch Party
18407,1533,3641,20251124,Review
18408,3636,5347,20241107,Profile
18409,4244,291,20240926,Recommendation
18410,4249,4395,20240102,Watch Party
18411,1504,5515,20240703,Review
18412,3518,4760,20250818,Profile
18413,1000,599,20241022,Recommendation
18414,3598,3685,20240626,Watch Party
18415,2490,3095,20231111,Review
18416,4216,460,20231014,Profile
18417,160,23,20250906,Recommendation
18418,401,5225,20240512,Watch Party
18419,3799,5479,20240123,Review
18420,5666,4740,20240724,Profile
18421,2742,3243,20230503,Recommendation
18422,172,1765,20250107,Watch Party
18423,2140,5891,20240105,Review
18424,2586,5736,20241214,Profile
18425,4515,2766,20250104,Recommendation
18426,1674,2119,20230910,Watch Party
18427,1847,3096,20250913,Review
18428,2622,4530,20240702,Profile
18429,3172,3558,20240820,Recommendation
18430,2155,5145,20250921,Watch Party
18431,4553,1013,20230320,Review
18432,1576,617,20230812,Profile
18433,4468,4801,20240712,Recommendation
18434,1125,285,20231014,Watch Party
18435,1429,1143,20250620,Review
18436,1105,1869,20241103,Profile
18437,898,5814,20230501,Recommendation
18438,2338,4678,20241204,Watch Party
18439,4641,1507,20230423,Review
18440,2249,2565,20251009,Profile
18441,3811,4417,20250209,Recommendation
18442,5971,5216,20241013,Watch Party
18443,5640,4976,20230401,Review
18444,4076,2460,20230812,Profile
18445,2479,5832,20250408,Recommendation
18446,4834,1915,20240610,Watch Party
18447,4073,472,20230430,Review
18448,1063,874,20250410,Profile
18449,4670,1990,20240812,Recommendation
18450,1557,5756,20250414,Watch Party
18451,1717,4111,20230214,Review
18452,2456,4325,20241101,Profile
18453,4880,1301,20250824,Recommendation
18454,2300,2398,20241002,Watch Party
18455,3380,381,20230722,Review
18456,1469,5592,20250410,Profile
18457,3915,1119,20240710,Recommendation
18458,5850,1956,20241225,Watch Party
18459,5651,4109,20250624,Review
18460,81,2867,20250125,Profile
18461,2319,5205,20230711,Recommendation
18462,3248,4929,20240403,Watch Party
18463,4308,3743,20230401,Review
18464,2741,5419,20250615,Profile
18465,4775,4959,20231028,Recommendation
18466,964,4985,20230622,Watch Party
18467,1359,5648,20230922,Review
18468,5919,1810,20241026,Profile
18469,616,4689,20240812,Recommendation
18470,4633,644,20240131,Watch Party
18471,3035,4490,20250304,Review
18472,654,1083,20230521,Profile
18473,2004,796,20240201,Recommendation
18474,319,3409,20241027,Watch Party
18475,1844,1763,20241224,Review
18476,1513,1489,20231117,Profile
18477,323,5162,20250808,Recommendation
18478,2466,178,20250710,Watch Party
18479,4743,3940,20231212,Review
18480,242,2610,20230827,Profile
18481,5528,2075,20230328,Recommendation
18482,2636,4893,20241012,Watch Party
18483,47,4062,20230605,Review
18484,792,2636,20230227,Profile
18485,180,4809,20250907,Recommendation
18486,2755,5007,20230307,Watch Party
18487,516,2765,20230210,Review
18488,3951,3176,20240827,Profile
18489,487,3452,20250415,Recommendation
18490,3020,100,20250211,Watch Party
18491,3875,1073,20250615,Review
18492,4748,1566,20240730,Profile
18493,5248,3786,20230930,Recommendation
18494,1804,2274,20230101,Watch Party
18495,1360,3259,20230930,Review
18496,4851,436,20250115,Profile
18497,4033,1758,20230213,Recommendation
18498,2420,3710,20251103,Watch Party
18499,5944,2011,20250424,Review
18500,5530,406,20250407,Profile
18501,3082,2263,20230216,Recommendation
18502,8,5853,20240813,Watch Party
18503,4858,3317,20230219,Review
18504,4253,2180,20251018,Profile
18505,1757,1357,20230217,Recommendation
18506,4348,3988,20230109,Watch Party
18507,698,4008,20230726,Review
18508,3263,1827,20241003,Profile
18509,4828,3021,20230817,Recommendation
18510,5612,5665,20250416,Watch Party
18511,2367,1775,20240429,Review
18512,5779,3426,20240622,Profile
18513,1399,1257,20250324,Recommendation
18514,2813,2403,20231023,Watch Party
18515,2496,3477,20250104,Review
18516,3373,269,20231201,Profile
18517,5907,2881,20240916,Recommendation
18518,687,3846,20241029,Watch Party
18519,2062,2522,20240123,Review
18520,5302,3420,20240304,Profile
18521,1912,5431,20230430,Recommendation
18522,3276,3171,20230120,Watch Party
18523,181,451,20250306,Review
18524,5195,1351,20240413,Profile
18525,406,3466,20240207,Recommendation
18526,5860,3762,20231118,Watch Party
18527,189,4551,20230717,Review
18528,5960,890,20241014,Profile
18529,2789,2730,20251005,Recommendation
18530,3331,2716,20230809,Watch Party
18531,3976,3051,20250704,Review
18532,132,1371,20230821,Profile
18533,2556,3199,20241008,Recommendation
18534,735,405,20240214,Watch Party
18535,5704,834,20250911,Review
18536,1135,1365,20240215,Profile
18537,5281,5754,20240326,Recommendation
18538,1048,2374,20230112,Watch Party
18539,2684,814,20240318,Review
18540,4379,1588,20231216,Profile
18541,2245,2639,20250113,Recommendation
18542,3728,1487,20250416,Watch Party
18543,1708,3394,20241229,Review
18544,188,5245,20240118,Profile
18545,2818,4403,20240620,Recommendation
18546,5006,1080,20250617,Watch Party
18547,1304,5073,20230815,Review
18548,2093,4438,20250926,Profile
18549,789,4467,20250807,Recommendation
18550,2215,5328,20240524,Watch Party
18551,1662,5344,20250402,Review
18552,1795,5775,20241216,Profile
18553,3379,5652,20250305,Recommendation
18554,1401,1246,20251209,Watch Party
18555,979,739,20250629,Review
18556,4246,613,20240728,Profile
18557,5106,3572,20250617,Recommendation
18558,1796,3166,20230911,Watch Party
18559,4987,604,20230228,Review
18560,3236,4494,20230326,Profile
18561,4104,855,20230521,Recommendation
18562,5051,1317,20230117,Watch Party
18563,3239,5178,20251227,Review
18564,2744,4179,20240114,Profile
18565,4776,202,20230115,Recommendation
18566,867,630,20240730,Watch Party
18567,3480,185,20230322,Review
18568,408,4697,20240222,Profile
18569,3566,709,20250714,Recommendation
18570,61,4555,20230329,Watch Party
18571,5374,4560,20240614,Review
18572,148,3145,20230104,Profile
18573,4062,3561,20240708,Recommendation
18574,5925,1522,20250109,Watch Party
18575,5485,3900,20230911,Review
18576,4980,1290,20230817,Profile
18577,3004,5709,20241003,Recommendation
18578,1979,3408,20250616,Watch Party
18579,4661,2772,20231128,Review
18580,386,654,20250703,Profile
18581,5626,223,20250307,Recommendation
18582,1288,5589,20250301,Watch Party
18583,1864,5115,20231021,Review
18584,138,3250,20240201,Profile
18585,2569,1138,20240906,Recommendation
18586,3111,983,20231213,Watch Party
18587,2978,735,20241103,Review
18588,3001,5416,20230208,Profile
18589,3247,4123,20230331,Recommendation
18590,628,5441,20230905,Watch Party
18591,5015,3249,20230306,Review
18592,5209,2148,20240105,Profile
18593,3957,3365,20250701,Recommendation
18594,5970,404,20230329,Watch Party
18595,525,3421,20250522,Review
18596,5436,3460,20230530,Profile
18597,1957,1129,20240913,Recommendation
18598,5607,2086,20250705,Watch Party
18599,754,5523,20230330,Review
18600,187,744,20230321,Profile
18601,4184,3920,20250520,Recommendation
18602,2646,1151,20241107,Watch Party
18603,5832,3153,20250627,Review
18604,3653,5782,20250414,Profile
18605,4196,2329,20250723,Recommendation
18606,3262,1007,20240529,Watch Party
18607,3814,1788,20231206,Review
18608,4853,253,20230513,Profile
18609,5610,5401,20250720,Recommendation
18610,3508,5902,20250325,Watch Party
18611,4320,53,20251119,Review
18612,3968,1216,20250312,Profile
18613,5546,4785,20251210,Recommendation
18614,1209,281,20250426,Watch Party
18615,5792,2802,20230205,Review
18616,5711,4716,20251225,Profile
18617,1234,3176,20230216,Recommendation
18618,1099,1537,20230429,Watch Party
18619,521,5427,20230412,Review
18620,3467,2099,20251216,Profile
18621,3806,5358,20231103,Recommendation
18622,1488,5994,20230207,Watch Party
18623,356,2715,20230317,Review
18624,2914,5536,20250322,Profile
18625,45,318,20231202,Recommendation
18626,5566,3286,20231225,Watch Party
18627,563,4291,20231218,Review
18628,3432,1118,20240506,Profile
18629,1943,1871,20231018,Recommendation
18630,5294,960,20250922,Watch Party
18631,4552,568,20240428,Review
18632,4536,4183,20250927,Profile
18633,4321,5589,20230911,Recommendation
18634,1658,2148,20250312,Watch Party
18635,982,5267,20250422,Review
18636,5378,3004,20250918,Profile
18637,2314,5435,20250325,Recommendation
18638,5441,1024,20231212,Watch Party
18639,2969,1416,20230516,Review
18640,2263,2556,20250415,Profile
18641,1511,1954,20250607,Recommendation
18642,3727,1211,20230319,Watch Party
18643,22,3524,20240115,Review
18644,3412,3899,20230312,Profile
18645,3575,1053,20240925,Recommendation
18646,2893,781,20250516,Watch Party
18647,2513,1901,20250221,Review
18648,3288,4777,20251106,Profile
18649,2208,1504,20240815,Recommendation
18650,5424,38,20250820,Watch Party
18651,3168,350,20240610,Review
18652,2336,5726,20230103,Profile
18653,3456,191,20241030,Recommendation
18654,1304,595,20231218,Watch Party
18655,3670,5391,20250920,Review
18656,1666,278,20250519,Profile
18657,1139,5079,20250823,Recommendation
18658,5279,3638,20250831,Watch Party
18659,2697,940,20251110,Review
18660,2253,2526,20240127,Profile
18661,2138,3153,20250131,Recommendation
18662,4652,1373,20240305,Watch Party
18663,5815,1881,20230807,Review
18664,2784,713,20240830,Profile
18665,2624,1881,20250106,Recommendation
18666,1663,1637,20250404,Watch Party
18667,5777,3899,20250808,Review
18668,5021,604,20250319,Profile
18669,968,2902,20240823,Recommendation
18670,353,1264,20230605,Watch Party
18671,975,3664,20230625,Review
18672,4327,419,20251126,Profile
18673,5258,4401,20240521,Recommendation
18674,21,5168,20250507,Watch Party
18675,3087,7,20231207,Review
18676,3652,1314,20250619,Profile
18677,3897,158,20241218,Recommendation
18678,1554,2169,20250919,Watch Party
18679,1793,1935,20231014,Review
18680,4325,3064,20230408,Profile
18681,5491,69,20230910,Recommendation
18682,356,3804,20240225,Watch Party
18683,4419,3505,20240417,Review
18684,4066,1887,20240625,Profile
18685,2357,2942,20240804,Recommendation
18686,1323,2156,20230713,Watch Party
18687,3769,5499,20251019,Review
18688,1574,2109,20250705,Profile
18689,5584,2187,20251117,Recommendation
18690,3220,467,20230328,Watch Party
18691,5114,3379,20250923,Review
18692,1557,2720,20230926,Profile
18693,1524,4940,20240608,Recommendation
18694,2797,2665,20250214,Watch Party
18695,330,5828,20230830,Review
18696,5361,5635,20241031,Profile
18697,4649,4197,20240710,Recommendation
18698,287,3899,20250510,Watch Party
18699,2179,5830,20230902,Review
18700,462,4695,20250428,Profile
18701,997,5149,20240628,Recommendation
18702,53,5974,20230829,Watch Party
18703,1714,1967,20240907,Review
18704,4366,2880,20230520,Profile
18705,5127,856,20231019,Recommendation
18706,1124,5403,20250423,Watch Party
18707,4428,2425,20250610,Review
18708,3244,3952,20240221,Profile
18709,4896,5278,20240402,Recommendation
18710,5473,5976,20230125,Watch Party
18711,377,5926,20230714,Review
18712,5628,1878,20250926,Profile
18713,793,1915,20250227,Recommendation
18714,3585,804,20240227,Watch Party
18715,5058,1100,20230727,Review
18716,3901,1540,20251021,Profile
18717,924,5303,20241017,Recommendation
18718,1035,5869,20240822,Watch Party
18719,5814,4728,20250126,Review
18720,4618,1637,20251216,Profile
18721,817,3814,20231207,Recommendation
18722,950,5802,20240214,Watch Party
18723,759,5439,20250305,Review
18724,1362,5303,20240202,Profile
18725,5319,4875,20231112,Recommendation
18726,1571,1732,20240209,Watch Party
18727,5912,3352,20250530,Review
18728,82,2772,20250726,Profile
18729,5805,31,20230512,Recommendation
18730,2911,4696,20250416,Watch Party
18731,3185,750,20240629,Review
18732,5450,1153,20230323,Profile
18733,5963,5840,20230817,Recommendation
18734,2900,5970,20240530,Watch Party
18735,3366,4492,20230823,Review
18736,2541,5357,20250907,Profile
18737,4753,5744,20240720,Recommendation
18738,2550,956,20230608,Watch Party
18739,359,4763,20230309,Review
18740,2485,5582,20240417,Profile
18741,3892,4858,20240429,Recommendation
18742,4220,4393,20251215,Watch Party
18743,4825,4227,20230504,Review
18744,2709,623,20241015,Profile
18745,5752,4739,20230109,Recommendation
18746,1725,5094,20251231,Watch Party
18747,1650,1591,20240426,Review
18748,2048,5443,20250419,Profile
18749,4143,3858,20250413,Recommendation
18750,1244,1836,20230109,Watch Party
18751,4186,4011,20251003,Review
18752,3069,3370,20230701,Profile
18753,1005,838,20240220,Recommendation
18754,2058,5322,20230714,Watch Party
18755,403,2228,20241101,Review
18756,1470,2277,20250415,Profile
18757,2800,448,20251222,Recommendation
18758,5904,860,20250502,Watch Party
18759,4425,1183,20250304,Review
18760,2218,4215,20230815,Profile
18761,3478,4883,20230208,Recommendation
18762,5770,2570,20250714,Watch Party
18763,4758,2499,20230705,Review
18764,3080,5952,20240724,Profile
18765,17,5949,20230306,Recommendation
18766,956,3234,20240106,Watch Party
18767,536,5645,20241206,Review
18768,1533,1472,20231111,Profile
18769,5530,2111,20230511,Recommendation
18770,4688,2482,20231123,Watch Party
18771,3812,3137,20231031,Review
18772,1502,2070,20250630,Profile
18773,4331,1076,20230801,Recommendation
18774,3031,4760,20240616,Watch Party
18775,2138,2494,20230507,Review
18776,3851,2538,20250421,Profile
18777,246,2849,20231006,Recommendation
18778,5358,5609,20250514,Watch Party
18779,4873,1911,20240506,Review
18780,438,5894,20250707,Profile
18781,1491,3493,20251120,Recommendation
18782,3506,678,20230311,Watch Party
18783,5715,2528,20241006,Review
18784,5688,3537,20240706,Profile
18785,3003,2547,20240425,Recommendation
18786,4867,839,20230411,Watch Party
18787,5217,1630,20250713,Review
18788,3153,1007,20251112,Profile
18789,181,4595,20240706,Recommendation
18790,2798,5252,20240130,Watch Party
18791,2446,2304,20231219,Review
18792,4451,990,20250503,Profile
18793,605,1660,20240303,Recommendation
18794,4940,1943,20230905,Watch Party
18795,5126,2463,20240403,Review
18796,346,2109,20230404,Profile
18797,128,914,20240105,Recommendation
18798,3029,952,20230907,Watch Party
18799,1780,4181,20231209,Review
18800,992,1353,20230515,Profile
18801,2536,5180,20250616,Recommendation
18802,3319,5199,20250331,Watch Party
18803,390,2773,20250425,Review
18804,720,4702,20250618,Profile
18805,290,2263,20251108,Recommendation
18806,714,4818,20251211,Watch Party
18807,3423,1247,20240322,Review
18808,4630,1019,20240305,Profile
18809,1256,3309,20230420,Recommendation
18810,4171,953,20230428,Watch Party
18811,102,4102,20251009,Review
18812,5910,5057,20240622,Profile
18813,3099,1490,20251112,Recommendation
18814,3518,1025,20251225,Watch Party
18815,3135,783,20241028,Review
18816,1919,2695,20251103,Profile
18817,366,262,20240908,Recommendation
18818,454,3512,20251011,Watch Party
18819,3690,2391,20240603,Review
18820,2630,3169,20231127,Profile
18821,1124,108,20230421,Recommendation
18822,2069,5115,20251122,Watch Party
18823,967,566,20231127,Review
18824,5322,5418,20230721,Profile
18825,1146,4611,20241005,Recommendation
18826,1561,1354,20251124,Watch Party
18827,5397,5200,20250422,Review
18828,4991,2710,20250411,Profile
18829,3202,4854,20230505,Recommendation
18830,603,756,20230905,Watch Party
18831,55,2714,20231205,Review
18832,4169,630,20250329,Profile
18833,4268,1984,20240403,Recommendation
18834,2151,4621,20250917,Watch Party
18835,4425,2260,20250319,Review
18836,5298,1401,20250530,Profile
18837,2286,150,20230826,Recommendation
18838,4153,4296,20231022,Watch Party
18839,3246,616,20251220,Review
18840,4657,5700,20250217,Profile
18841,2430,4033,20250127,Recommendation
18842,413,4070,20240214,Watch Party
18843,2720,1536,20251120,Review
18844,2897,4555,20250220,Profile
18845,3775,5984,20250424,Recommendation
18846,2034,4270,20240808,Watch Party
18847,1971,65,20240505,Review
18848,4206,2819,20231027,Profile
18849,4847,2040,20230423,Recommendation
18850,4983,3016,20230606,Watch Party
18851,3517,5105,20240625,Review
18852,3380,5169,20250126,Profile
18853,528,1299,20230919,Recommendation
18854,1627,357,20230621,Watch Party
18855,2617,3181,20241128,Review
18856,4828,3581,20250831,Profile
18857,3865,4395,20230119,Recommendation
18858,2973,5115,20240928,Watch Party
18859,5503,3418,20250323,Review
18860,3886,793,20250815,Profile
18861,173,597,20240414,Recommendation
18862,2127,3089,20240706,Watch Party
18863,2909,5058,20231120,Review
18864,144,4238,20240227,Profile
18865,298,1526,20251008,Recommendation
18866,142,4598,20230422,Watch Party
18867,2597,3296,20230511,Review
18868,4151,4308,20251003,Profile
18869,1251,2531,20250515,Recommendation
18870,5662,4903,20230613,Watch Party
18871,1471,2738,20250710,Review
18872,3570,5318,20230309,Profile
18873,899,2407,20251225,Recommendation
18874,3362,3879,20240708,Watch Party
18875,559,3677,20240616,Review
18876,4527,5875,20231006,Profile
18877,1983,3389,20230527,Recommendation
18878,1531,1503,20230914,Watch Party
18879,1723,2238,20230117,Review
18880,1236,2191,20251114,Profile
18881,4466,5659,20240722,Recommendation
18882,544,4028,20250518,Watch Party
18883,4313,1331,20250513,Review
18884,3139,3819,20230721,Profile
18885,2248,5421,20251218,Recommendation
18886,4756,5250,20230505,Watch Party
18887,876,820,20250616,Review
18888,703,3812,20250707,Profile
18889,3655,2054,20240205,Recommendation
18890,3271,2738,20240702,Watch Party
18891,3115,3396,20250129,Review
18892,5371,24,20240603,Profile
18893,2402,3872,20251201,Recommendation
18894,2724,1569,20240704,Watch Party
18895,1085,2352,20240728,Review
18896,4146,1336,20251222,Profile
18897,5186,2336,20251211,Recommendation
18898,2648,2701,20240515,Watch Party
18899,4237,5084,20240425,Review
18900,5362,1564,20240119,Profile
18901,1577,927,20240613,Recommendation
18902,297,1680,20240503,Watch Party
18903,4733,4656,20251230,Review
18904,4533,5839,20240728,Profile
18905,165,44,20250820,Recommendation
18906,1322,9,20230706,Watch Party
18907,4310,4871,20241007,Review
18908,1769,5697,20230223,Profile
18909,4717,2222,20240115,Recommendation
18910,2087,1435,20250901,Watch Party
18911,396,5692,20240818,Review
18912,4138,4679,20230731,Profile
18913,366,336,20240806,Recommendation
18914,5482,4770,20240513,Watch Party
18915,857,329,20251018,Review
18916,2250,538,20240726,Profile
18917,1189,2278,20250920,Recommendation
18918,2686,4225,20250924,Watch Party
18919,4792,3037,20241205,Review
18920,5975,3183,20250523,Profile
18921,4197,5808,20250920,Recommendation
18922,5216,4562,20230309,Watch Party
18923,5027,5732,20250714,Review
18924,4820,1523,20250331,Profile
18925,3434,2801,20240307,Recommendation
18926,742,1115,20240218,Watch Party
18927,2552,1248,20230906,Review
18928,5490,777,20241018,Profile
18929,1325,1293,20230401,Recommendation
18930,4778,63,20241018,Watch Party
18931,5203,2175,20230527,Review
18932,4108,1983,20241208,Profile
18933,3941,551,20251029,Recommendation
18934,5406,4527,20250706,Watch Party
18935,2553,5668,20250217,Review
18936,1126,4422,20231126,Profile
18937,268,561,20230813,Recommendation
18938,2242,1817,20240319,Watch Party
18939,5446,4362,20250902,Review
18940,4602,5111,20240824,Profile
18941,3439,58,20250418,Recommendation
18942,2251,4692,20230419,Watch Party
18943,5871,5055,20240930,Review
18944,4527,3372,20250717,Profile
18945,5802,621,20240320,Recommendation
18946,3526,753,20250618,Watch Party
18947,2003,5491,20230406,Review
18948,3430,1857,20250420,Profile
18949,913,5735,20251112,Recommendation
18950,1806,3808,20240908,Watch Party
18951,70,273,20230917,Review
18952,675,4760,20250930,Profile
18953,2583,4852,20241102,Recommendation
18954,5431,1374,20240622,Watch Party
18955,34,2280,20251102,Review
18956,4435,2799,20250510,Profile
18957,3681,244,20250227,Recommendation
18958,806,359,20241212,Watch Party
18959,3135,3164,20240112,Review
18960,2787,4633,20250928,Profile
18961,4842,258,20240920,Recommendation
18962,5153,564,20250408,Watch Party
18963,4091,162,20240129,Review
18964,4657,3911,20251112,Profile
18965,46,4173,20240924,Recommendation
18966,5148,5489,20230731,Watch Party
18967,135,2988,20251001,Review
18968,3571,5166,20251218,Profile
18969,4058,183,20240905,Recommendation
18970,996,4289,20231108,Watch Party
18971,4241,1606,20230325,Review
18972,3590,5652,20230906,Profile
18973,5188,3133,20231224,Recommendation
18974,2958,2224,20250209,Watch Party
18975,559,70,20230914,Review
18976,1107,2416,20231002,Profile
18977,1148,1162,20230302,Recommendation
18978,1743,5586,20250718,Watch Party
18979,2949,4361,20231101,Review
18980,784,1460,20241010,Profile
18981,3653,3344,20250206,Recommendation
18982,5330,5943,20241205,Watch Party
18983,3950,4441,20250227,Review
18984,3480,87,20230412,Profile
18985,657,2532,20240530,Recommendation
18986,482,4273,20250731,Watch Party
18987,2743,5226,20250726,Review
18988,1762,1097,20230719,Profile
18989,60,5161,20231003,Recommendation
18990,2166,2708,20250306,Watch Party
18991,3857,437,20241127,Review
18992,377,3799,20251114,Profile
18993,5021,5602,20230619,Recommendation
18994,1671,278,20230531,Watch Party
18995,2616,2628,20251109,Review
18996,5158,3630,20240716,Profile
18997,61,1753,20240416,Recommendation
18998,3236,5467,20230125,Watch Party
18999,4607,4842,20240925,Review
19000,4234,1396,20251117,Profile
19001,3676,3246,20250703,Recommendation
19002,5440,3311,20240214,Watch Party
19003,4753,3756,20250729,Review
19004,99,574,20230410,Profile
19005,659,495,20230109,Recommendation
19006,2786,606,20231202,Watch Party
19007,1042,1818,20250911,Review
19008,2406,651,20251009,Profile
19009,5139,2190,20230820,Recommendation
19010,452,3903,20230201,Watch Party
19011,5831,350,20231107,Review
19012,789,2180,20251120,Profile
19013,3977,2504,20240415,Recommendation
19014,35,2204,20240616,Watch Party
19015,3473,3653,20251229,Review
19016,715,385,20240822,Profile
19017,1398,3314,20230201,Recommendation
19018,3430,5291,20241009,Watch Party
19019,3497,1457,20251125,Review
19020,1902,2346,20231212,Profile
19021,1310,3954,20251211,Recommendation
19022,2208,1359,20250709,Watch Party
19023,1034,4304,20250909,Review
19024,4551,5080,20250831,Profile
19025,3179,2646,20250504,Recommendation
19026,2,2256,20241009,Watch Party
19027,2206,5996,20230719,Review
19028,2559,3451,20250716,Profile
19029,3081,4511,20230307,Recommendation
19030,4970,2091,20231018,Watch Party
19031,5246,182,20240212,Review
19032,4823,746,20240407,Profile
19033,2447,5406,20231107,Recommendation
19034,209,5131,20241128,Watch Party
19035,2424,5480,20230923,Review
19036,1179,4511,20230115,Profile
19037,3565,4997,20240811,Recommendation
19038,3564,253,20230128,Watch Party
19039,25,2558,20230227,Review
19040,5184,764,20250531,Profile
19041,3144,5824,20240328,Recommendation
19042,2723,4195,20230601,Watch Party
19043,4891,3523,20230306,Review
19044,2589,1771,20230917,Profile
19045,4617,4832,20241118,Recommendation
19046,854,3125,20231126,Watch Party
19047,1066,3477,20250207,Review
19048,1833,1163,20250711,Profile
19049,3045,5296,20241129,Recommendation
19050,3128,2013,20230705,Watch Party
19051,318,983,20240204,Review
19052,5820,2163,20230815,Profile
19053,1837,5589,20230612,Recommendation
19054,1459,549,20230913,Watch Party
19055,4563,914,20230821,Review
19056,2629,5035,20241228,Profile
19057,2112,4518,20240803,Recommendation
19058,3414,1466,20251129,Watch Party
19059,334,3084,20240101,Review
19060,4356,1370,20240407,Profile
19061,4997,2482,20250211,Recommendation
19062,2224,1448,20240218,Watch Party
19063,2418,4469,20250905,Review
19064,55,71,20240531,Profile
19065,1239,2310,20230209,Recommendation
19066,5727,5183,20251213,Watch Party
19067,5101,5484,20250306,Review
19068,3731,3479,20250516,Profile
19069,4323,577,20240516,Recommendation
19070,948,1008,20230116,Watch Party
19071,2763,3030,20230906,Review
19072,1347,2657,20240311,Profile
19073,2585,854,20230731,Recommendation
19074,3355,670,20240311,Watch Party
19075,4114,5760,20231203,Review
19076,2054,3288,20231119,Profile
19077,2650,3796,20240922,Recommendation
19078,5503,4074,20241122,Watch Party
19079,273,5324,20250303,Review
19080,1352,2309,20241003,Profile
19081,688,3909,20240703,Recommendation
19082,4127,608,20250625,Watch Party
19083,3869,1522,20250804,Review
19084,5784,4406,20241127,Profile
19085,2048,5751,20240706,Recommendation
19086,5457,2484,20240111,Watch Party
19087,4766,4726,20240417,Review
19088,2344,3581,20231217,Profile
19089,449,2292,20250620,Recommendation
19090,1508,4771,20240604,Watch Party
19091,2275,2987,20240510,Review
19092,2140,2458,20230528,Profile
19093,2178,5300,20240113,Recommendation
19094,4127,2287,20250226,Watch Party
19095,552,5984,20230221,Review
19096,959,3423,20250720,Profile
19097,3973,1335,20240403,Recommendation
19098,5918,2635,20240504,Watch Party
19099,5953,1053,20231215,Review
19100,4977,1513,20250715,Profile
19101,5267,729,20250228,Recommendation
19102,5250,5926,20250915,Watch Party
19103,1522,4044,20250218,Review
19104,3559,2996,20240527,Profile
19105,3007,155,20240405,Recommendation
19106,3202,1680,20250601,Watch Party
19107,3442,1285,20240413,Review
19108,1495,2247,20250513,Profile
19109,5992,1181,20231221,Recommendation
19110,1216,4418,20250424,Watch Party
19111,4138,329,20230201,Review
19112,4882,2568,20240324,Profile
19113,3773,1782,20241012,Recommendation
19114,1117,2368,20230802,Watch Party
19115,5133,4609,20250423,Review
19116,998,3195,20240402,Profile
19117,732,1392,20231222,Recommendation
19118,4457,4489,20250403,Watch Party
19119,5942,5083,20231114,Review
19120,3342,3781,20231022,Profile
19121,4652,1312,20250319,Recommendation
19122,3517,3932,20231201,Watch Party
19123,2662,3711,20250312,Review
19124,656,268,20250327,Profile
19125,4551,1899,20240729,Recommendation
19126,784,5175,20230906,Watch Party
19127,4831,3811,20250513,Review
19128,2815,3039,20230430,Profile
19129,3797,2338,20240529,Recommendation
19130,958,5573,20240112,Watch Party
19131,5073,3999,20230420,Review
19132,5288,5550,20230404,Profile
19133,219,3911,20250123,Recommendation
19134,4906,4288,20241229,Watch Party
19135,4071,1753,20250822,Review
19136,4891,4762,20251012,Profile
19137,4267,4223,20240828,Recommendation
19138,1748,4324,20250324,Watch Party
19139,982,1231,20241021,Review
19140,5295,1274,20230830,Profile
19141,4659,4746,20240919,Recommendation
19142,703,4288,20240412,Watch Party
19143,4449,5809,20230225,Review
19144,985,2490,20240523,Profile
19145,3516,5762,20250430,Recommendation
19146,5539,3000,20231221,Watch Party
19147,692,633,20230828,Review
19148,2736,4721,20251229,Profile
19149,5125,4105,20240307,Recommendation
19150,2166,2652,20240617,Watch Party
19151,1030,690,20230127,Review
19152,2079,576,20250516,Profile
19153,3329,89,20250818,Recommendation
19154,5680,2556,20250825,Watch Party
19155,3026,1832,20241104,Review
19156,3521,529,20250119,Profile
19157,2372,1432,20240725,Recommendation
19158,4891,1520,20250513,Watch Party
19159,3455,5490,20240925,Review
19160,5930,2548,20230211,Profile
19161,3376,2432,20250709,Recommendation
19162,1367,5331,20240623,Watch Party
19163,5548,4857,20230120,Review
19164,3641,547,20231012,Profile
19165,2601,3235,20230607,Recommendation
19166,578,2534,20231106,Watch Party
19167,4495,2322,20230602,Review
19168,5254,5768,20230624,Profile
19169,5495,3660,20230802,Recommendation
19170,1310,936,20250721,Watch Party
19171,4966,3062,20240905,Review
19172,165,1102,20240530,Profile
19173,4881,4863,20230115,Recommendation
19174,1971,2659,20250824,Watch Party
19175,4217,5163,20240430,Review
19176,1089,2943,20231206,Profile
19177,1715,5453,20250407,Recommendation
19178,3555,390,20250124,Watch Party
19179,5129,2878,20230305,Review
19180,4721,335,20231231,Profile
19181,2869,1675,20251211,Recommendation
19182,5856,4892,20250718,Watch Party
19183,4200,1691,20230613,Review
19184,3185,3891,20250222,Profile
19185,3496,5918,20251203,Recommendation
19186,1452,2821,20230407,Watch Party
19187,2883,1089,20250828,Review
19188,3087,3903,20240527,Profile
19189,3108,2663,20240830,Recommendation
19190,1828,1242,20230520,Watch Party
19191,529,5848,20250625,Review
19192,1360,1933,20241108,Profile
19193,2390,523,20240331,Recommendation
19194,1202,4669,20230111,Watch Party
19195,559,3444,20250602,Review
19196,3788,3154,20230710,Profile
19197,197,1081,20231022,Recommendation
19198,3907,1090,20230212,Watch Party
19199,1028,296,20240115,Review
19200,5815,3267,20240608,Profile
19201,1833,99,20231224,Recommendation
19202,5777,1544,20250315,Watch Party
19203,1457,2499,20240912,Review
19204,5181,4054,20251114,Profile
19205,3937,1749,20230513,Recommendation
19206,905,4346,20240309,Watch Party
19207,2566,2306,20230820,Review
19208,5293,3938,20250824,Profile
19209,195,3011,20240409,Recommendation
19210,3260,2193,20230819,Watch Party
19211,2056,4537,20230225,Review
19212,2743,4256,20241214,Profile
19213,221,2864,20230129,Recommendation
19214,2717,2295,20230505,Watch Party
19215,2173,1948,20250821,Review
19216,968,255,20240430,Profile
19217,3509,2661,20240304,Recommendation
19218,4473,5495,20250910,Watch Party
19219,2569,2555,20240402,Review
19220,3506,1102,20230914,Profile
19221,357,400,20250317,Recommendation
19222,1268,4809,20230321,Watch Party
19223,4640,5130,20230906,Review
19224,1352,4711,20250226,Profile
19225,5069,5973,20250626,Recommendation
19226,1663,3708,20250205,Watch Party
19227,5843,5991,20240217,Review
19228,5071,1876,20240806,Profile
19229,3075,4485,20230430,Recommendation
19230,1685,1264,20250203,Watch Party
19231,5895,1610,20251025,Review
19232,2713,3945,20230811,Profile
19233,903,4451,20231215,Recommendation
19234,4039,4545,20240519,Watch Party
19235,2914,2808,20250829,Review
19236,4004,4395,20240617,Profile
19237,4927,89,20250216,Recommendation
19238,2184,1883,20240219,Watch Party
19239,5858,4656,20230218,Review
19240,3950,5892,20231007,Profile
19241,4506,2644,20240601,Recommendation
19242,5661,364,20240701,Watch Party
19243,3894,157,20230810,Review
19244,1661,2119,20250625,Profile
19245,4882,1704,20240301,Recommendation
19246,2381,1606,20250912,Watch Party
19247,3641,2487,20250922,Review
19248,5114,3649,20250502,Profile
19249,3504,1127,20240926,Recommendation
19250,4744,5132,20250520,Watch Party
19251,5181,4866,20240801,Review
19252,1940,2961,20240107,Profile
19253,3982,172,20250617,Recommendation
19254,2830,2076,20250201,Watch Party
19255,2909,1090,20241211,Review
19256,4639,3997,20230304,Profile
19257,3701,44,20240102,Recommendation
19258,3623,3558,20230529,Watch Party
19259,2824,2658,20250814,Review
19260,66,4212,20250320,Profile
19261,2621,1571,20231016,Recommendation
19262,2035,3299,20231219,Watch Party
19263,3150,3195,20241223,Review
19264,1544,810,20240606,Profile
19265,4680,5588,20250903,Recommendation
19266,3914,440,20230613,Watch Party
19267,4937,4190,20230513,Review
19268,4600,3565,20230731,Profile
19269,535,531,20231004,Recommendation
19270,688,3142,20251029,Watch Party
19271,5411,5868,20250630,Review
19272,5650,5305,20241212,Profile
19273,884,3211,20240718,Recommendation
19274,1335,5277,20250607,Watch Party
19275,5464,5458,20230313,Review
19276,4631,4147,20250424,Profile
19277,5654,1003,20241201,Recommendation
19278,5419,1101,20231108,Watch Party
19279,942,1489,20240122,Review
19280,1687,4645,20250828,Profile
19281,36,5184,20240305,Recommendation
19282,3021,1742,20250227,Watch Party
19283,1970,4762,20230913,Review
19284,4307,1039,20251010,Profile
19285,2147,4989,20250115,Recommendation
19286,5896,597,20240614,Watch Party
19287,959,4410,20230824,Review
19288,4955,1817,20251114,Profile
19289,2114,4106,20250529,Recommendation
19290,5257,2351,20230301,Watch Party
19291,4896,613,20230527,Review
19292,5445,1819,20230514,Profile
19293,1078,2552,20230928,Recommendation
19294,3172,4240,20241110,Watch Party
19295,3933,1851,20250925,Review
19296,5331,1944,20240425,Profile
19297,4253,1490,20250903,Recommendation
19298,2964,5827,20250226,Watch Party
19299,1646,993,20250413,Review
19300,3373,4545,20250320,Profile
19301,3224,4782,20250627,Recommendation
19302,2813,3824,20230501,Watch Party
19303,5938,3877,20241008,Review
19304,854,4318,20230123,Profile
19305,2071,4561,20230707,Recommendation
19306,781,4872,20251110,Watch Party
19307,3610,1381,20230425,Review
19308,5213,5285,20250826,Profile
19309,33,5165,20240504,Recommendation
19310,5209,4485,20240824,Watch Party
19311,5533,580,20230829,Review
19312,5286,2077,20240406,Profile
19313,3193,4021,20250724,Recommendation
19314,2660,1033,20251226,Watch Party
19315,5213,238,20231124,Review
19316,2929,1165,20230728,Profile
19317,2805,631,20240723,Recommendation
19318,431,5602,20231017,Watch Party
19319,1773,5198,20241031,Review
19320,4774,5303,20240716,Profile
19321,5175,3025,20250814,Recommendation
19322,2089,5615,20230814,Watch Party
19323,3962,460,20240104,Review
19324,4308,2688,20250601,Profile
19325,5818,331,20240922,Recommendation
19326,4446,5236,20230114,Watch Party
19327,1318,5461,20250214,Review
19328,2109,3439,20230410,Profile
19329,3275,4954,20250228,Recommendation
19330,5675,2076,20250521,Watch Party
19331,172,4602,20230517,Review
19332,530,3065,20240510,Profile
19333,4808,1926,20250203,Recommendation
19334,1147,3419,20250813,Watch Party
19335,3366,1882,20250605,Review
19336,2656,2534,20230705,Profile
19337,3055,4001,20240705,Recommendation
19338,5504,5659,20250930,Watch Party
19339,4246,129,20230614,Review
19340,1155,4407,20250810,Profile
19341,1219,4560,20250614,Recommendation
19342,3170,955,20230507,Watch Party
19343,42,2568,20250201,Review
19344,2177,1789,20240414,Profile
19345,1957,3438,20230117,Recommendation
19346,4300,5466,20240509,Watch Party
19347,5221,483,20230721,Review
19348,2738,5654,20250506,Profile
19349,5863,5900,20231223,Recommendation
19350,4306,2791,20231114,Watch Party
19351,3008,4147,20251115,Review
19352,2724,236,20230521,Profile
19353,4606,64,20250526,Recommendation
19354,4964,696,20251211,Watch Party
19355,3876,4757,20240116,Review
19356,4022,2682,20240519,Profile
19357,2963,4641,20230215,Recommendation
19358,3140,2707,20240223,Watch Party
19359,3232,2387,20230819,Review
19360,429,511,20241227,Profile
19361,5394,3544,20241210,Recommendation
19362,724,3528,20231118,Watch Party
19363,1232,3368,20230216,Review
19364,5474,11,20230707,Profile
19365,3977,3764,20241009,Recommendation
19366,5052,3731,20230323,Watch Party
19367,629,2257,20250629,Review
19368,4733,2828,20231023,Profile
19369,3678,2566,20230523,Recommendation
19370,5905,1430,20241208,Watch Party
19371,4382,3878,20240730,Review
19372,378,5144,20240911,Profile
19373,1521,1797,20231015,Recommendation
19374,4990,219,20231222,Watch Party
19375,5402,1878,20241229,Review
19376,4479,3832,20250209,Profile
19377,5917,995,20230924,Recommendation
19378,2315,4283,20240124,Watch Party
19379,5552,1167,20240719,Review
19380,1879,5531,20241029,Profile
19381,77,2758,20230914,Recommendation
19382,5319,1220,20240415,Watch Party
19383,887,3626,20230708,Review
19384,52,494,20231223,Profile
19385,3632,2676,20240125,Recommendation
19386,3949,2383,20240909,Watch Party
19387,1796,4664,20241129,Review
19388,189,2366,20251125,Profile
19389,670,5184,20250923,Recommendation
19390,106,5394,20250708,Watch Party
19391,2552,1708,20230302,Review
19392,2898,3725,20250506,Profile
19393,4968,3201,20240731,Recommendation
19394,4355,5940,20240515,Watch Party
19395,3242,1319,20250330,Review
19396,2759,3836,20240804,Profile
19397,479,4303,20240513,Recommendation
19398,862,5122,20241206,Watch Party
19399,357,711,20230706,Review
19400,1879,5936,20250125,Profile
19401,2654,5359,20251124,Recommendation
19402,4200,2987,20250218,Watch Party
19403,5653,5400,20240217,Review
19404,3843,726,20231219,Profile
19405,20,5019,20230512,Recommendation
19406,4195,3339,20231208,Watch Party
19407,1238,2038,20230409,Review
19408,1532,1450,20240418,Profile
19409,5991,30,20241209,Recommendation
19410,5906,3684,20250117,Watch Party
19411,2237,884,20230801,Review
19412,766,415,20250307,Profile
19413,2190,756,20240605,Recommendation
19414,3345,1098,20240623,Watch Party
19415,2199,4417,20240418,Review
19416,1109,4089,20251017,Profile
19417,498,5873,20230812,Recommendation
19418,5851,2453,20230126,Watch Party
19419,5070,3573,20230904,Review
19420,5004,5547,20250617,Profile
19421,122,1837,20240304,Recommendation
19422,311,4989,20230122,Watch Party
19423,1520,3560,20240323,Review
19424,2683,1824,20250531,Profile
19425,2889,38,20250503,Recommendation
19426,1603,4157,20241127,Watch Party
19427,5022,2963,20230617,Review
19428,4922,5388,20251218,Profile
19429,955,2771,20251013,Recommendation
19430,4791,5477,20250115,Watch Party
19431,2327,2902,20240127,Review
19432,1648,5971,20230519,Profile
19433,1370,3,20230331,Recommendation
19434,4350,5500,20240201,Watch Party
19435,4596,5013,20250902,Review
19436,5908,144,20230723,Profile
19437,4107,5811,20241122,Recommendation
19438,2938,5065,20250124,Watch Party
19439,3391,2264,20240726,Review
19440,1725,1994,20230415,Profile
19441,2820,4831,20230202,Recommendation
19442,5784,3262,20231106,Watch Party
19443,5744,5015,20230504,Review
19444,3968,3164,20231010,Profile
19445,5848,3963,20250529,Recommendation
19446,635,5096,20230509,Watch Party
19447,338,3683,20240202,Review
19448,7,5740,20250815,Profile
19449,4585,2799,20241210,Recommendation
19450,1681,4953,20241003,Watch Party
19451,124,4666,20231224,Review
19452,4402,2171,20250609,Profile
19453,1685,4798,20231230,Recommendation
19454,437,3064,20230407,Watch Party
19455,4874,609,20230129,Review
19456,135,4760,20230129,Profile
19457,5390,3651,20240130,Recommendation
19458,3510,549,20250813,Watch Party
19459,742,5022,20250731,Review
19460,770,4253,20250518,Profile
19461,2863,2883,20250324,Recommendation
19462,4517,1847,20251202,Watch Party
19463,1384,2831,20250124,Review
19464,4507,3624,20240317,Profile
19465,2794,3005,20230929,Recommendation
19466,4373,2479,20240122,Watch Party
19467,5892,601,20250912,Review
19468,760,2884,20250813,Profile
19469,3267,5438,20250417,Recommendation
19470,1920,1219,20240308,Watch Party
19471,4703,3866,20240902,Review
19472,905,1304,20231010,Profile
19473,3972,3974,20240201,Recommendation
19474,4636,416,20230408,Watch Party
19475,3100,1176,20230804,Review
19476,1483,746,20230110,Profile
19477,129,846,20240324,Recommendation
19478,5609,5738,20240119,Watch Party
19479,1679,2312,20241114,Review
19480,3436,2039,20240212,Profile
19481,1871,5492,20231121,Recommendation
19482,3522,1492,20230908,Watch Party
19483,479,736,20240904,Review
19484,4467,3397,20231112,Profile
19485,535,555,20250123,Recommendation
19486,5000,1223,20230312,Watch Party
19487,1297,4868,20230203,Review
19488,4416,1522,20230402,Profile
19489,3780,4901,20230531,Recommendation
19490,5914,345,20230825,Watch Party
19491,2701,1234,20240614,Review
19492,5197,4021,20231109,Profile
19493,4144,318,20230617,Recommendation
19494,443,3460,20230910,Watch Party
19495,1772,5771,20231106,Review
19496,745,134,20241203,Profile
19497,1377,2509,20250403,Recommendation
19498,4262,1581,20240613,Watch Party
19499,2743,2299,20240523,Review
19500,767,3249,20251110,Profile
19501,4713,4754,20231226,Recommendation
19502,2953,939,20251011,Watch Party
19503,1511,3094,20230501,Review
19504,1843,5954,20231210,Profile
19505,1831,162,20250610,Recommendation
19506,3411,163,20231115,Watch Party
19507,4157,46,20241205,Review
19508,5585,2723,20230904,Profile
19509,3559,4190,20231029,Recommendation
19510,1625,5214,20250817,Watch Party
19511,772,3457,20241210,Review
19512,5373,106,20231222,Profile
19513,2713,325,20241004,Recommendation
19514,3452,896,20251202,Watch Party
19515,834,2081,20250511,Review
19516,4314,3552,20250821,Profile
19517,2530,4427,20230514,Recommendation
19518,4550,3996,20240602,Watch Party
19519,2418,435,20240812,Review
19520,1325,4080,20250622,Profile
19521,4626,5018,20230224,Recommendation
19522,704,1883,20251009,Watch Party
19523,3906,2685,20240930,Review
19524,3745,5944,20240901,Profile
19525,1442,2718,20230726,Recommendation
19526,5843,949,20241216,Watch Party
19527,1804,1204,20240228,Review
19528,3566,2177,20240509,Profile
19529,2100,5807,20240627,Recommendation
19530,5145,3644,20250509,Watch Party
19531,4534,5957,20230512,Review
19532,4270,1020,20240302,Profile
19533,922,2861,20240518,Recommendation
19534,869,394,20231224,Watch Party
19535,112,5795,20230910,Review
19536,977,5405,20231003,Profile
19537,5548,5783,20240411,Recommendation
19538,1196,2222,20230911,Watch Party
19539,2178,3735,20230407,Review
19540,1225,4722,20240229,Profile
19541,1422,1596,20251115,Recommendation
19542,496,3492,20250508,Watch Party
19543,4850,1895,20230925,Review
19544,479,1059,20250130,Profile
19545,4056,1302,20230614,Recommendation
19546,1017,2456,20251225,Watch Party
19547,1205,3758,20230827,Review
19548,281,2547,20230721,Profile
19549,4551,5879,20250516,Recommendation
19550,1643,2753,20240623,Watch Party
19551,1046,2508,20230215,Review
19552,5676,4814,20250503,Profile
19553,2915,1637,20240907,Recommendation
19554,2730,2952,20230714,Watch Party
19555,5029,200,20230705,Review
19556,702,1095,20241105,Profile
19557,4899,828,20251114,Recommendation
19558,2226,1604,20250622,Watch Party
19559,3154,3795,20250318,Review
19560,2268,2288,20250905,Profile
19561,4150,408,20240518,Recommendation
19562,2984,2435,20230205,Watch Party
19563,3753,3343,20231012,Review
19564,5747,3051,20240930,Profile
19565,3116,5347,20230708,Recommendation
19566,5356,370,20250902,Watch Party
19567,5048,2464,20240101,Review
19568,3714,1373,20240401,Profile
19569,3721,684,20251223,Recommendation
19570,1140,2507,20231217,Watch Party
19571,5291,4910,20240314,Review
19572,3648,2401,20240807,Profile
19573,2086,5036,20240308,Recommendation
19574,1660,680,20251125,Watch Party
19575,573,2737,20251112,Review
19576,2584,1145,20240305,Profile
19577,4709,1831,20231121,Recommendation
19578,3842,2002,20251029,Watch Party
19579,1141,2413,20231109,Review
19580,4204,4031,20240929,Profile
19581,4852,3120,20250513,Recommendation
19582,2508,5176,20250322,Watch Party
19583,2220,1470,20251004,Review
19584,4630,802,20240319,Profile
19585,4096,3817,20240623,Recommendation
19586,644,2814,20240729,Watch Party
19587,3768,5186,20240927,Review
19588,3428,4311,20250314,Profile
19589,4402,2680,20240214,Recommendation
19590,3223,4878,20230120,Watch Party
19591,1190,4281,20230409,Review
19592,2505,4007,20240423,Profile
19593,5417,3611,20230811,Recommendation
19594,3198,4548,20240417,Watch Party
19595,764,935,20251125,Review
19596,126,5532,20230923,Profile
19597,5839,2536,20250906,Recommendation
19598,1879,3727,20230426,Watch Party
19599,5221,533,20251016,Review
19600,1803,3558,20241213,Profile
19601,3788,3356,20230122,Recommendation
19602,2709,3660,20240812,Watch Party
19603,4465,3455,20250828,Review
19604,503,1472,20230123,Profile
19605,3602,1830,20230517,Recommendation
19606,2474,4139,20230327,Watch Party
19607,3878,2618,20231123,Review
19608,1933,2870,20230613,Profile
19609,2052,1222,20231012,Recommendation
19610,1713,5470,20231012,Watch Party
19611,4176,274,20250728,Review
19612,2813,1167,20240923,Profile
19613,846,502,20251004,Recommendation
19614,4414,3846,20230930,Watch Party
19615,4681,476,20230415,Review
19616,1084,4650,20250523,Profile
19617,4140,3505,20231213,Recommendation
19618,1084,2293,20230315,Watch Party
19619,4127,1141,20230706,Review
19620,3093,1924,20250718,Profile
19621,2493,1792,20240309,Recommendation
19622,44,2709,20230205,Watch Party
19623,3791,1252,20241106,Review
19624,3553,4082,20230524,Profile
19625,133,4518,20230824,Recommendation
19626,1742,641,20250930,Watch Party
19627,1371,3493,20240125,Review
19628,3769,4836,20251105,Profile
19629,5492,4638,20240220,Recommendation
19630,4182,5148,20251106,Watch Party
19631,3512,2755,20240219,Review
19632,3217,1629,20241216,Profile
19633,1140,1771,20240617,Recommendation
19634,527,595,20240917,Watch Party
19635,3893,2754,20240919,Review
19636,5098,3864,20230326,Profile
19637,3001,179,20230920,Recommendation
19638,940,571,20230227,Watch Party
19639,1802,2394,20250411,Review
19640,2369,5174,20230703,Profile
19641,851,1385,20240803,Recommendation
19642,4435,3622,20250715,Watch Party
19643,1893,3427,20250915,Review
19644,4788,973,20240617,Profile
19645,2615,3598,20240211,Recommendation
19646,3529,4322,20240713,Watch Party
19647,5493,1881,20230316,Review
19648,167,1643,20230606,Profile
19649,1761,2308,20240229,Recommendation
19650,5262,4467,20250331,Watch Party
19651,4578,4019,20240211,Review
19652,1204,2763,20230503,Profile
19653,4782,5046,20250423,Recommendation
19654,3579,2301,20230703,Watch Party
19655,3254,5705,20250611,Review
19656,2563,3085,20230518,Profile
19657,1807,5449,20240217,Recommendation
19658,3838,5067,20240722,Watch Party
19659,469,5824,20231214,Review
19660,1937,5023,20250601,Profile
19661,4763,5504,20231116,Recommendation
19662,822,3561,20251022,Watch Party
19663,446,5202,20250401,Review
19664,3288,2134,20251216,Profile
19665,704,1990,20230711,Recommendation
19666,1234,726,20230617,Watch Party
19667,1920,573,20250215,Review
19668,2381,590,20240905,Profile
19669,5137,2210,20250506,Recommendation
19670,3588,2836,20240125,Watch Party
19671,1964,1921,20240812,Review
19672,1627,5726,20240514,Profile
19673,103,3572,20251205,Recommendation
19674,3666,5317,20250609,Watch Party
19675,230,2039,20251212,Review
19676,5062,3502,20251229,Profile
19677,3996,300,20251101,Recommendation
19678,3929,4903,20250515,Watch Party
19679,471,5421,20250121,Review
19680,4611,4020,20240716,Profile
19681,2060,2285,20241008,Recommendation
19682,1180,4339,20250928,Watch Party
19683,415,4637,20240218,Review
19684,1813,5991,20240306,Profile
19685,4403,1688,20230225,Recommendation
19686,2389,3223,20230729,Watch Party
19687,4955,4250,20230414,Review
19688,3521,1430,20230521,Profile
19689,3615,2275,20250827,Recommendation
19690,4990,3549,20250416,Watch Party
19691,3571,5409,20250419,Review
19692,168,5455,20240708,Profile
19693,4663,3559,20231115,Recommendation
19694,5381,3244,20230506,Watch Party
19695,1717,2037,20230115,Review
19696,4273,223,20250312,Profile
19697,1358,3194,20250207,Recommendation
19698,5066,4147,20251006,Watch Party
19699,1597,5698,20230507,Review
19700,5327,3879,20230613,Profile
19701,603,2431,20250314,Recommendation
19702,4890,3226,20241002,Watch Party
19703,73,3723,20240306,Review
19704,5882,3025,20240505,Profile
19705,5699,297,20230823,Recommendation
19706,4059,5525,20230405,Watch Party
19707,5372,856,20240331,Review
19708,5718,1248,20230125,Profile
19709,1443,2134,20240708,Recommendation
19710,5648,3721,20251014,Watch Party
19711,208,1568,20230127,Review
19712,5949,3445,20240225,Profile
19713,2263,5755,20251130,Recommendation
19714,2469,5504,20250417,Watch Party
19715,3384,4648,20231026,Review
19716,5358,5280,20230719,Profile
19717,805,1875,20230319,Recommendation
19718,1438,2589,20230430,Watch Party
19719,4599,4668,20250207,Review
19720,525,4608,20251215,Profile
19721,155,5810,20251104,Recommendation
19722,5669,2211,20251129,Watch Party
19723,1214,1042,20250326,Review
19724,5173,1133,20251226,Profile
19725,1241,4603,20231030,Recommendation
19726,254,1304,20240331,Watch Party
19727,2802,1283,20250520,Review
19728,4047,4296,20241020,Profile
19729,194,994,20251206,Recommendation
19730,3347,2510,20250210,Watch Party
19731,4558,4305,20250110,Review
19732,5713,5661,20230221,Profile
19733,1812,5878,20231005,Recommendation
19734,425,2866,20240613,Watch Party
19735,2253,1816,20240630,Review
19736,81,1738,20250625,Profile
19737,1639,1486,20240716,Recommendation
19738,1935,1266,20230527,Watch Party
19739,3663,2544,20250114,Review
19740,2978,4045,20250215,Profile
19741,5681,3072,20250118,Recommendation
19742,2612,1643,20231119,Watch Party
19743,5519,3524,20241004,Review
19744,438,4867,20230608,Profile
19745,2704,2630,20240706,Recommendation
19746,4260,1362,20241107,Watch Party
19747,443,2520,20240610,Review
19748,4157,474,20250809,Profile
19749,3727,5874,20240927,Recommendation
19750,1488,2820,20230415,Watch Party
19751,3680,5835,20240116,Review
19752,2625,2076,20250802,Profile
19753,5926,580,20240905,Recommendation
19754,2013,5309,20231219,Watch Party
19755,583,1163,20250808,Review
19756,3681,1020,20240411,Profile
19757,3967,5090,20240622,Recommendation
19758,2162,1355,20231030,Watch Party
19759,1799,5082,20240329,Review
19760,3148,2381,20230902,Profile
19761,1652,5219,20251215,Recommendation
19762,4808,4073,20230504,Watch Party
19763,2092,3591,20251113,Review
19764,4203,1280,20240410,Profile
19765,1128,4430,20250422,Recommendation
19766,1005,4481,20240714,Watch Party
19767,2149,2128,20230215,Review
19768,5790,4772,20240714,Profile
19769,4915,2437,20251020,Recommendation
19770,5239,32,20250718,Watch Party
19771,1559,4628,20251216,Review
19772,2099,2280,20250602,Profile
19773,2779,4982,20250118,Recommendation
19774,4971,3359,20230404,Watch Party
19775,1818,4562,20230930,Review
19776,3894,699,20250728,Profile
19777,1556,100,20251130,Recommendation
19778,3854,3222,20230502,Watch Party
19779,4596,4260,20240425,Review
19780,487,3964,20230830,Profile
19781,3595,5517,20251013,Recommendation
19782,4846,3684,20230918,Watch Party
19783,1516,2240,20230217,Review
19784,2969,980,20250821,Profile
19785,5369,5646,20250113,Recommendation
19786,1150,3445,20251004,Watch Party
19787,2269,3709,20230617,Review
19788,2530,5092,20240320,Profile
19789,4680,1271,20241004,Recommendation
19790,5688,4189,20230417,Watch Party
19791,1817,3018,20240908,Review
19792,1133,2496,20241217,Profile
19793,4623,5843,20240921,Recommendation
19794,5085,3121,20230422,Watch Party
19795,4829,1349,20230328,Review
19796,2381,1721,20230502,Profile
19797,3371,473,20250810,Recommendation
19798,753,69,20240516,Watch Party
19799,932,3007,20240524,Review
19800,3990,2521,20250417,Profile
19801,5240,441,20230103,Recommendation
19802,2575,1082,20230806,Watch Party
19803,2057,3477,20251005,Review
19804,3618,155,20250712,Profile
19805,1233,2191,20240629,Recommendation
19806,3930,801,20240629,Watch Party
19807,2647,2954,20240707,Review
19808,2107,195,20230308,Profile
19809,4912,4187,20230703,Recommendation
19810,2637,5971,20240101,Watch Party
19811,4580,1667,20240201,Review
19812,4617,5161,20230818,Profile
19813,1033,5311,20251207,Recommendation
19814,1353,3285,20240404,Watch Party
19815,2328,2261,20250829,Review
19816,520,646,20250127,Profile
19817,4352,2304,20241016,Recommendation
19818,4092,3122,20240817,Watch Party
19819,448,4714,20230326,Review
19820,2963,382,20240218,Profile
19821,1869,4463,20241220,Recommendation
19822,510,1235,20241227,Watch Party
19823,2897,3508,20250822,Review
19824,672,2581,20230331,Profile
19825,3114,5045,20240906,Recommendation
19826,726,103,20240113,Watch Party
19827,416,673,20230706,Review
19828,2957,3681,20231130,Profile
19829,168,5435,20240927,Recommendation
19830,4479,3361,20230109,Watch Party
19831,2442,4919,20250303,Review
19832,5298,81,20230510,Profile
19833,3901,3695,20231103,Recommendation
19834,2533,1429,20250203,Watch Party
19835,965,132,20250324,Review
19836,5273,2655,20240119,Profile
19837,4740,2316,20250419,Recommendation
19838,5755,3390,20231228,Watch Party
19839,1748,5762,20230518,Review
19840,4510,1837,20240530,Profile
19841,3121,1155,20230621,Recommendation
19842,2921,1641,20241017,Watch Party
19843,5321,4879,20240126,Review
19844,1627,2133,20240830,Profile
19845,733,283,20230815,Recommendation
19846,3677,2923,20240217,Watch Party
19847,789,2407,20250306,Review
19848,664,4406,20230715,Profile
19849,3516,4403,20230614,Recommendation
19850,363,5336,20240920,Watch Party
19851,5732,1643,20230707,Review
19852,3552,295,20230207,Profile
19853,5466,3805,20250627,Recommendation
19854,5590,137,20250214,Watch Party
19855,5818,304,20250828,Review
19856,2197,5635,20230923,Profile
19857,4697,4037,20250321,Recommendation
19858,500,5313,20250112,Watch Party
19859,448,2138,20250115,Review
19860,1895,2909,20240806,Profile
19861,5352,2342,20250713,Recommendation
19862,809,188,20231202,Watch Party
19863,3987,4224,20240914,Review
19864,5783,3654,20230408,Profile
19865,1910,1785,20251201,Recommendation
19866,4630,2215,20231224,Watch Party
19867,5658,2435,20250331,Review
19868,54,5296,20230101,Profile
19869,2145,1107,20240826,Recommendation
19870,5538,2550,20250803,Watch Party
19871,992,398,20230408,Review
19872,4385,223,20231104,Profile
19873,2033,1062,20250103,Recommendation
19874,2483,1791,20231222,Watch Party
19875,108,5340,20240320,Review
19876,2639,324,20241110,Profile
19877,691,3614,20241202,Recommendation
19878,5466,1292,20251216,Watch Party
19879,1330,4941,20241116,Review
19880,3895,561,20250902,Profile
19881,2647,757,20240924,Recommendation
19882,1553,4324,20240716,Watch Party
19883,1084,2493,20251124,Review
19884,755,1581,20250612,Profile
19885,1364,5814,20240520,Recommendation
19886,2441,1094,20240530,Watch Party
19887,3717,562,20230510,Review
19888,2281,2170,20230828,Profile
19889,3164,4348,20241117,Recommendation
19890,1866,5544,20240529,Watch Party
19891,5017,2732,20250408,Review
19892,5911,1532,20241106,Profile
19893,2604,4405,20240311,Recommendation
19894,2715,5227,20250527,Watch Party
19895,3294,1024,20251213,Review
19896,2100,2127,20230227,Profile
19897,3051,878,20250403,Recommendation
19898,1082,3373,20230324,Watch Party
19899,3001,528,20250205,Review
19900,1395,3903,20250818,Profile
19901,786,1157,20230518,Recommendation
19902,5571,1170,20250712,Watch Party
19903,5434,1943,20240820,Review
19904,3271,10,20250522,Profile
19905,1643,1137,20251003,Recommendation
19906,1006,5081,20240119,Watch Party
19907,2848,2080,20240410,Review
19908,5476,2623,20230421,Profile
19909,1977,3972,20230915,Recommendation
19910,2506,3877,20230601,Watch Party
19911,5439,4063,20251220,Review
19912,4649,5464,20241007,Profile
19913,3992,1224,20230612,Recommendation
19914,4750,1597,20230531,Watch Party
19915,5212,1782,20240228,Review
19916,331,3573,20241224,Profile
19917,2446,3470,20251128,Recommendation
19918,1153,1006,20250223,Watch Party
19919,3778,5101,20230131,Review
19920,688,2934,20240130,Profile
19921,1950,2388,20231006,Recommendation
19922,553,4307,20230803,Watch Party
19923,2311,5496,20250705,Review
19924,2934,2838,20250309,Profile
19925,1361,4413,20250512,Recommendation
19926,5432,1586,20230404,Watch Party
19927,5695,1933,20230130,Review
19928,4710,3757,20230529,Profile
19929,1347,2502,20231217,Recommendation
19930,1756,4724,20231027,Watch Party
19931,5414,469,20241001,Review
19932,4750,4670,20240518,Profile
19933,5579,2821,20231202,Recommendation
19934,5640,3076,20231001,Watch Party
19935,5434,1131,20230808,Review
19936,4292,4874,20240323,Profile
19937,5411,3764,20230318,Recommendation
19938,5080,1941,20250530,Watch Party
19939,685,2915,20250720,Review
19940,1327,3908,20240126,Profile
19941,1732,4649,20230602,Recommendation
19942,1455,5366,20231127,Watch Party
19943,2299,1538,20250731,Review
19944,2345,1256,20240912,Profile
19945,5718,4028,20250106,Recommendation
19946,34,598,20240830,Watch Party
19947,5700,4424,20231028,Review
19948,3747,4029,20250830,Profile
19949,2315,3480,20231215,Recommendation
19950,891,307,20250929,Watch Party
19951,5356,1257,20231028,Review
19952,1292,3883,20240726,Profile
19953,1439,2914,20240220,Recommendation
19954,5026,609,20231206,Watch Party
19955,2964,4281,20240115,Review
19956,293,1244,20230408,Profile
19957,2421,4924,20251219,Recommendation
19958,4068,2238,20231001,Watch Party
19959,2581,1290,20250920,Review
19960,877,597,20240505,Profile
19961,4444,3337,20231006,Recommendation
19962,2404,924,20240728,Watch Party
19963,2353,4763,20250106,Review
19964,2472,4755,20231124,Profile
19965,3927,146,20230530,Recommendation
19966,2957,3093,20250604,Watch Party
19967,210,5722,20250405,Review
19968,456,1618,20250204,Profile
19969,2371,2747,20230929,Recommendation
19970,429,4024,20230802,Watch Party
19971,1429,2057,20241215,Review
19972,5885,3951,20230304,Profile
19973,4715,2786,20230913,Recommendation
19974,1151,1561,20231122,Watch Party
19975,3724,3516,20250731,Review
19976,228,1821,20251002,Profile
19977,957,421,20251008,Recommendation
19978,4051,734,20230226,Watch Party
19979,590,4953,20230915,Review
19980,1640,3632,20230523,Profile
19981,2878,4259,20240110,Recommendation
19982,5174,2580,20251104,Watch Party
19983,2058,4963,20250514,Review
19984,2320,2321,20240705,Profile
19985,435,1056,20251025,Recommendation
19986,4438,3846,20241031,Watch Party
19987,4200,3823,20230323,Review
19988,855,670,20250421,Profile
19989,2961,2990,20230124,Recommendation
19990,368,2822,20240911,Watch Party
19991,5041,5521,20230408,Review
19992,2231,249,20250619,Profile
19993,2380,5143,20240704,Recommendation
19994,384,4234,20240210,Watch Party
19995,2118,4309,20250705,Review
19996,4421,2762,20231123,Profile
19997,1542,522,20240624,Recommendation
19998,1693,1725,20240502,Watch Party
19999,2014,4403,20240229,Review
20000,2409,5643,20250808,Profile
20001,1558,4138,20250224,Recommendation
20002,1203,3772,20250213,Watch Party
20003,5430,3396,20230105,Review
20004,3495,5949,20240114,Profile
20005,4175,4865,20230620,Recommendation
20006,1101,1080,20230706,Watch Party
20007,4311,2650,20241107,Review
20008,4356,4487,20251009,Profile
20009,2950,3803,20251231,Recommendation
20010,4224,395,20240902,Watch Party
20011,5991,3052,20240614,Review
20012,439,5165,20241210,Profile
20013,4126,1927,20240115,Recommendation
20014,1373,4448,20240507,Watch Party
20015,3483,5542,20240306,Review
20016,1544,1777,20231105,Profile
20017,4148,4252,20250507,Recommendation
20018,756,1577,20230801,Watch Party
20019,2313,3739,20250411,Review
20020,4278,1607,20230131,Profile
20021,2685,567,20230213,Recommendation
20022,1255,407,20250203,Watch Party
20023,5745,5519,20230207,Review
20024,5589,930,20240118,Profile
20025,1104,2616,20240904,Recommendation
20026,1223,5223,20230202,Watch Party
20027,4351,3734,20230923,Review
20028,3061,721,20230125,Profile
20029,2261,5458,20240823,Recommendation
20030,4147,3225,20241101,Watch Party
20031,3283,3346,20240105,Review
20032,54,5027,20251004,Profile
20033,4073,4879,20240101,Recommendation
20034,2509,5877,20241215,Watch Party
20035,2553,1164,20230304,Review
20036,2617,2970,20240606,Profile
20037,16,5037,20250610,Recommendation
20038,448,1364,20231218,Watch Party
20039,5351,776,20240525,Review
20040,273,5924,20240331,Profile
20041,3527,780,20230711,Recommendation
20042,5486,46,20230805,Watch Party
20043,3915,113,20240602,Review
20044,3049,470,20240430,Profile
20045,2731,3486,20230622,Recommendation
20046,3123,5104,20231223,Watch Party
20047,2006,1974,20250331,Review
20048,2402,950,20230419,Profile
20049,1801,5736,20250519,Recommendation
20050,1327,5449,20240430,Watch Party
20051,2219,5680,20250609,Review
20052,2566,2644,20230405,Profile
20053,2093,2075,20230607,Recommendation
20054,5240,3031,20250524,Watch Party
20055,1784,4487,20250709,Review
20056,5779,5446,20230225,Profile
20057,1401,2716,20241129,Recommendation
20058,5501,4575,20250127,Watch Party
20059,5093,4300,20250110,Review
20060,1259,2613,20241215,Profile
20061,307,938,20230904,Recommendation
20062,3702,114,20250424,Watch Party
20063,4708,5245,20240607,Review
20064,3584,3338,20240724,Profile
20065,4267,5883,20250823,Recommendation
20066,4911,5247,20230901,Watch Party
20067,2542,5251,20230105,Review
20068,3471,5022,20251218,Profile
20069,3592,5744,20230927,Recommendation
20070,3761,1791,20240109,Watch Party
20071,322,380,20230319,Review
20072,5568,3494,20250626,Profile
20073,4621,3670,20230522,Recommendation
20074,4581,4985,20250427,Watch Party
20075,2250,1824,20250317,Review
20076,3492,2305,20230818,Profile
20077,2798,4736,20230616,Recommendation
20078,3679,3580,20251106,Watch Party
20079,3660,5669,20250109,Review
20080,2564,5388,20250430,Profile
20081,79,1360,20230727,Recommendation
20082,2113,2150,20230501,Watch Party
20083,827,5813,20250909,Review
20084,12,2240,20250524,Profile
20085,2659,2677,20251203,Recommendation
20086,2807,2630,20250117,Watch Party
20087,3685,3572,20240221,Review
20088,1516,2914,20240708,Profile
20089,662,977,20250509,Recommendation
20090,4896,5922,20230205,Watch Party
20091,1884,1305,20230905,Review
20092,3883,2353,20250801,Profile
20093,3740,5992,20240314,Recommendation
20094,2888,378,20250126,Watch Party
20095,3794,505,20241026,Review
20096,907,5224,20240413,Profile
20097,2272,31,20250613,Recommendation
20098,4840,5632,20250101,Watch Party
20099,435,4295,20250715,Review
20100,3524,3069,20230923,Profile
20101,613,3226,20230627,Recommendation
20102,5018,369,20240725,Watch Party
20103,2759,1482,20231014,Review
20104,3942,2566,20231230,Profile
20105,5208,373,20230729,Recommendation
20106,701,4821,20240605,Watch Party
20107,2043,1843,20240809,Review
20108,259,1452,20241204,Profile
20109,4451,5817,20230610,Recommendation
20110,4402,3414,20251122,Watch Party
20111,4147,1324,20240527,Review
20112,1273,2570,20250831,Profile
20113,3087,1910,20251212,Recommendation
20114,1542,2128,20241004,Watch Party
20115,15,4484,20250612,Review
20116,587,5494,20230818,Profile
20117,2226,4055,20230112,Recommendation
20118,2011,211,20251011,Watch Party
20119,600,5934,20250618,Review
20120,3831,5049,20240418,Profile
20121,2040,140,20230814,Recommendation
20122,4837,4327,20251212,Watch Party
20123,2382,4752,20231204,Review
20124,146,3165,20251201,Profile
20125,4989,852,20250129,Recommendation
20126,1410,389,20230123,Watch Party
20127,840,1239,20230417,Review
20128,2779,5144,20250227,Profile
20129,2008,3723,20241209,Recommendation
20130,5273,4391,20240220,Watch Party
20131,3735,1839,20230624,Review
20132,3687,5437,20251014,Profile
20133,3616,5777,20230206,Recommendation
20134,5817,5961,20240715,Watch Party
20135,1418,3016,20250304,Review
20136,5030,3197,20250918,Profile
20137,5281,5497,20240630,Recommendation
20138,1644,5980,20240702,Watch Party
20139,1692,461,20231213,Review
20140,2152,2056,20240620,Profile
20141,1241,1150,20250227,Recommendation
20142,3280,3091,20241220,Watch Party
20143,4207,615,20241015,Review
20144,5607,550,20240605,Profile
20145,5159,3551,20250601,Recommendation
20146,3834,1487,20250522,Watch Party
20147,5667,373,20240808,Review
20148,1626,238,20250821,Profile
20149,5224,2340,20250619,Recommendation
20150,2422,5635,20230403,Watch Party
20151,4811,1195,20250118,Review
20152,4736,453,20250612,Profile
20153,539,5262,20240506,Recommendation
20154,5558,4133,20240723,Watch Party
20155,1257,379,20241212,Review
20156,2682,2788,20241118,Profile
20157,3229,4625,20250729,Recommendation
20158,2023,453,20230305,Watch Party
20159,3400,4503,20230308,Review
20160,2273,3733,20250206,Profile
20161,5897,5699,20230509,Recommendation
20162,2585,5939,20240102,Watch Party
20163,1907,1318,20230407,Review
20164,2136,2248,20230701,Profile
20165,4778,831,20250210,Recommendation
20166,3777,3182,20250202,Watch Party
20167,1973,3838,20230120,Review
20168,4711,1821,20240502,Profile
20169,2463,1858,20250627,Recommendation
20170,287,2905,20240208,Watch Party
20171,1531,2411,20240320,Review
20172,5671,3742,20231024,Profile
20173,1829,5216,20230201,Recommendation
20174,1275,5730,20250712,Watch Party
20175,5365,3561,20251225,Review
20176,1475,2793,20251029,Profile
20177,5662,4009,20250806,Recommendation
20178,2547,4781,20240717,Watch Party
20179,186,1478,20230818,Review
20180,2915,3453,20250912,Profile
20181,2707,2640,20240725,Recommendation
20182,1275,4650,20250301,Watch Party
20183,4249,5941,20251124,Review
20184,373,4983,20240916,Profile
20185,2553,5846,20231210,Recommendation
20186,5477,2738,20250224,Watch Party
20187,5907,5418,20241223,Review
20188,4657,969,20241101,Profile
20189,2858,1280,20251029,Recommendation
20190,2157,2757,20230903,Watch Party
20191,788,5263,20231210,Review
20192,268,1043,20240420,Profile
20193,5287,5819,20241020,Recommendation
20194,333,1991,20241203,Watch Party
20195,4073,4545,20240323,Review
20196,5390,3980,20250331,Profile
20197,4509,4626,20231129,Recommendation
20198,5489,997,20230607,Watch Party
20199,2108,735,20251116,Review
20200,1333,3289,20231119,Profile
20201,3146,2802,20251212,Recommendation
20202,2723,3171,20240207,Watch Party
20203,2915,5385,20231231,Review
20204,1440,2424,20250224,Profile
20205,4885,2852,20250919,Recommendation
20206,4786,721,20240530,Watch Party
20207,4591,1097,20230506,Review
20208,1609,723,20250921,Profile
20209,5471,5465,20240617,Recommendation
20210,2755,5256,20241223,Watch Party
20211,2701,227,20250130,Review
20212,1232,408,20250714,Profile
20213,1187,5509,20250319,Recommendation
20214,5833,1698,20230224,Watch Party
20215,5288,5244,20231009,Review
20216,3548,4446,20230605,Profile
20217,768,27,20250917,Recommendation
20218,5145,4910,20251203,Watch Party
20219,2824,5065,20230520,Review
20220,2828,4920,20230707,Profile
20221,3602,468,20241024,Recommendation
20222,5108,4249,20250626,Watch Party
20223,4929,5860,20240905,Review
20224,5640,4362,20251014,Profile
20225,5275,3715,20250717,Recommendation
20226,2275,2880,20230505,Watch Party
20227,5894,1488,20250115,Review
20228,351,1939,20250130,Profile
20229,1673,3424,20231007,Recommendation
20230,209,4431,20241217,Watch Party
20231,1977,2890,20241104,Review
20232,3170,2751,20240717,Profile
20233,3159,1763,20240722,Recommendation
20234,2483,3868,20231215,Watch Party
20235,5367,4638,20250210,Review
20236,3006,4305,20250109,Profile
20237,2905,178,20241008,Recommendation
20238,754,2857,20230809,Watch Party
20239,627,5726,20250206,Review
20240,3281,153,20231116,Profile
20241,769,3124,20250706,Recommendation
20242,393,3901,20230817,Watch Party
20243,3880,5254,20230416,Review
20244,2708,1158,20230330,Profile
20245,5060,1365,20231014,Recommendation
20246,2506,5036,20250525,Watch Party
20247,4307,1859,20250826,Review
20248,3037,334,20230109,Profile
20249,5391,2042,20231120,Recommendation
20250,4902,1443,20251115,Watch Party
20251,417,5214,20230119,Review
20252,331,3172,20240920,Profile
20253,1923,97,20230815,Recommendation
20254,2238,1879,20240207,Watch Party
20255,5190,5208,20251007,Review
20256,2351,677,20251014,Profile
20257,209,432,20251108,Recommendation
20258,1888,5265,20230415,Watch Party
20259,4619,3135,20240814,Review
20260,3019,1627,20250621,Profile
20261,3437,4483,20241215,Recommendation
20262,279,3605,20230518,Watch Party
20263,5932,931,20230528,Review
20264,2795,4564,20241024,Profile
20265,4099,4655,20240512,Recommendation
20266,1251,234,20241011,Watch Party
20267,3972,4560,20230506,Review
20268,3402,7,20230424,Profile
20269,4847,2777,20250601,Recommendation
20270,4488,3386,20251003,Watch Party
20271,1661,974,20250912,Review
20272,5954,784,20240328,Profile
20273,5415,1917,20250904,Recommendation
20274,738,1629,20250708,Watch Party
20275,2553,3840,20230819,Review
20276,1080,1667,20251022,Profile
20277,1340,4482,20240415,Recommendation
20278,5346,3882,20240414,Watch Party
20279,4473,3087,20230101,Review
20280,4794,2709,20250103,Profile
20281,1699,5904,20250310,Recommendation
20282,5047,319,20241029,Watch Party
20283,2965,2678,20250927,Review
20284,1443,2869,20240729,Profile
20285,2679,5391,20240916,Recommendation
20286,2025,1445,20230912,Watch Party
20287,2967,5912,20230703,Review
20288,3678,5578,20241215,Profile
20289,3017,3194,20230417,Recommendation
20290,3341,3676,20250318,Watch Party
20291,2897,1606,20250627,Review
20292,4713,2236,20251230,Profile
20293,358,1921,20251018,Recommendation
20294,5908,671,20231123,Watch Party
20295,4585,5495,20230606,Review
20296,4530,376,20240923,Profile
20297,3612,5868,20230125,Recommendation
20298,5013,3136,20240228,Watch Party
20299,123,2448,20230530,Review
20300,135,3958,20250702,Profile
20301,5172,1459,20240923,Recommendation
20302,851,1464,20250925,Watch Party
20303,5807,666,20251106,Review
20304,2180,1028,20230303,Profile
20305,4020,5222,20250806,Recommendation
20306,665,3270,20240425,Watch Party
20307,5868,922,20240711,Review
20308,2932,645,20240805,Profile
20309,2851,2481,20250207,Recommendation
20310,3537,376,20251019,Watch Party
20311,1882,416,20240330,Review
20312,3205,5294,20251119,Profile
20313,2574,2516,20250905,Recommendation
20314,401,3978,20231217,Watch Party
20315,5807,4144,20240627,Review
20316,435,5937,20251217,Profile
20317,3063,3002,20230417,Recommendation
20318,2373,2655,20241209,Watch Party
20319,4033,5382,20230422,Review
20320,5650,1290,20230629,Profile
20321,3737,2778,20250327,Recommendation
20322,3073,2995,20250529,Watch Party
20323,3263,4906,20230808,Review
20324,4640,2189,20250509,Profile
20325,2845,5248,20240103,Recommendation
20326,3577,3981,20230831,Watch Party
20327,3646,2332,20250323,Review
20328,4343,1142,20230804,Profile
20329,2549,4385,20241208,Recommendation
20330,5252,3178,20240721,Watch Party
20331,1021,5913,20230102,Review
20332,1857,5707,20230727,Profile
20333,1138,5082,20251014,Recommendation
20334,2269,4594,20231002,Watch Party
20335,3548,2764,20230829,Review
20336,5776,906,20230814,Profile
20337,3296,1369,20240602,Recommendation
20338,3705,1853,20230101,Watch Party
20339,4364,4473,20230115,Review
20340,5824,1329,20230804,Profile
20341,5012,1393,20241203,Recommendation
20342,62,1985,20240921,Watch Party
20343,5236,4511,20251014,Review
20344,1247,1261,20251126,Profile
20345,3620,5099,20230711,Recommendation
20346,2703,681,20250320,Watch Party
20347,4219,5823,20240510,Review
20348,5113,4865,20231228,Profile
20349,1249,1976,20240219,Recommendation
20350,52,1683,20250420,Watch Party
20351,2991,560,20230130,Review
20352,4927,3653,20250531,Profile
20353,1053,4563,20240212,Recommendation
20354,1360,5584,20250203,Watch Party
20355,4376,5845,20230113,Review
20356,2194,3858,20250207,Profile
20357,918,1350,20251225,Recommendation
20358,4181,5977,20240402,Watch Party
20359,4358,498,20230103,Review
20360,5225,905,20250120,Profile
20361,37,3725,20250319,Recommendation
20362,4036,5111,20240721,Watch Party
20363,3728,1906,20240926,Review
20364,4616,475,20240313,Profile
20365,3285,5330,20230816,Recommendation
20366,1495,910,20250706,Watch Party
20367,2517,1113,20250930,Review
20368,1504,2677,20240517,Profile
20369,2155,1221,20240413,Recommendation
20370,4612,3426,20250519,Watch Party
20371,4809,4333,20250906,Review
20372,1231,1635,20231112,Profile
20373,1754,5487,20230321,Recommendation
20374,1104,4543,20241204,Watch Party
20375,2919,5405,20230612,Review
20376,4240,2339,20240901,Profile
20377,3007,1412,20241118,Recommendation
20378,5410,1117,20230130,Watch Party
20379,1795,3269,20241215,Review
20380,1459,2745,20230201,Profile
20381,4321,4178,20230601,Recommendation
20382,1832,3438,20250810,Watch Party
20383,5559,4705,20230407,Review
20384,88,4174,20231126,Profile
20385,3498,4549,20230214,Recommendation
20386,529,1468,20250108,Watch Party
20387,3170,770,20250326,Review
20388,723,3943,20241107,Profile
20389,1180,2026,20240822,Recommendation
20390,5717,121,20240531,Watch Party
20391,3124,4851,20240917,Review
20392,2375,918,20240531,Profile
20393,23,1904,20250831,Recommendation
20394,691,4265,20240808,Watch Party
20395,3586,5093,20241018,Review
20396,3055,4390,20230311,Profile
20397,1294,5947,20230820,Recommendation
20398,2171,4153,20231204,Watch Party
20399,5611,3458,20240809,Review
20400,1699,4890,20231029,Profile
20401,2775,5345,20250425,Recommendation
20402,4699,551,20250712,Watch Party
20403,320,570,20230521,Review
20404,2539,3536,20240408,Profile
20405,3897,3424,20230129,Recommendation
20406,255,4457,20250220,Watch Party
20407,4443,5262,20230526,Review
20408,5169,5818,20240913,Profile
20409,3007,5540,20250130,Recommendation
20410,2552,5068,20240506,Watch Party
20411,722,485,20240206,Review
20412,4189,4117,20241106,Profile
20413,5556,2192,20240813,Recommendation
20414,5229,3762,20241027,Watch Party
20415,3719,2574,20250105,Review
20416,4703,4794,20240520,Profile
20417,1242,1376,20230520,Recommendation
20418,3626,5698,20241206,Watch Party
20419,416,976,20251022,Review
20420,4489,5178,20251207,Profile
20421,2050,5066,20240720,Recommendation
20422,3457,3806,20240108,Watch Party
20423,923,1399,20240124,Review
20424,99,2259,20251220,Profile
20425,265,4419,20230124,Recommendation
20426,2121,2491,20240305,Watch Party
20427,685,2415,20230818,Review
20428,4183,4527,20250101,Profile
20429,4697,5391,20250827,Recommendation
20430,1074,3286,20251115,Watch Party
20431,2925,4152,20230825,Review
20432,5842,4494,20240728,Profile
20433,2093,705,20250221,Recommendation
20434,2466,241,20251021,Watch Party
20435,1840,801,20240112,Review
20436,1896,2705,20250109,Profile
20437,4009,3589,20240928,Recommendation
20438,1179,4137,20241020,Watch Party
20439,881,3101,20230915,Review
20440,184,1630,20230814,Profile
20441,2996,3756,20250302,Recommendation
20442,1862,2220,20250825,Watch Party
20443,2079,12,20241013,Review
20444,4988,4689,20240731,Profile
20445,522,884,20250921,Recommendation
20446,4147,3767,20250410,Watch Party
20447,97,4517,20230906,Review
20448,2615,3356,20230619,Profile
20449,4794,213,20250914,Recommendation
20450,4880,3168,20230327,Watch Party
20451,976,4565,20251231,Review
20452,5599,3410,20250505,Profile
20453,1606,2154,20251120,Recommendation
20454,838,828,20230110,Watch Party
20455,5375,2466,20240225,Review
20456,5676,5388,20230417,Profile
20457,1875,4063,20241103,Recommendation
20458,695,202,20251128,Watch Party
20459,5360,702,20250627,Review
20460,2901,2088,20241025,Profile
20461,595,1092,20250808,Recommendation
20462,2544,3320,20250809,Watch Party
20463,208,1095,20230518,Review
20464,5286,4425,20241119,Profile
20465,1623,4979,20231029,Recommendation
20466,5506,2831,20240620,Watch Party
20467,430,3868,20240825,Review
20468,3548,2839,20230806,Profile
20469,3393,1383,20241024,Recommendation
20470,1994,5408,20250222,Watch Party
20471,3551,4466,20240325,Review
20472,1818,1223,20251221,Profile
20473,329,2341,20251011,Recommendation
20474,3345,2482,20250607,Watch Party
20475,2605,1613,20240815,Review
20476,4812,3913,20241206,Profile
20477,2092,5543,20230423,Recommendation
20478,432,1053,20251025,Watch Party
20479,4040,1603,20241129,Review
20480,4382,4840,20250706,Profile
20481,4635,4692,20240622,Recommendation
20482,5777,2322,20240217,Watch Party
20483,3208,5955,20231006,Review
20484,2863,2485,20230209,Profile
20485,1355,2784,20230824,Recommendation
20486,2277,3541,20240927,Watch Party
20487,2846,5591,20251116,Review
20488,187,4571,20250227,Profile
20489,648,5564,20250803,Recommendation
20490,5292,2226,20241119,Watch Party
20491,3809,2780,20240315,Review
20492,5697,5280,20241126,Profile
20493,3193,5377,20240205,Recommendation
20494,2988,1306,20230904,Watch Party
20495,2155,3800,20231108,Review
20496,1680,2445,20240915,Profile
20497,3685,979,20250628,Recommendation
20498,1218,3052,20240504,Watch Party
20499,2408,635,20231101,Review
20500,994,4872,20231006,Profile
20501,313,3572,20250619,Recommendation
20502,3815,4483,20230605,Watch Party
20503,2697,538,20240118,Review
20504,2394,5404,20230610,Profile
20505,4012,4399,20241216,Recommendation
20506,4821,2073,20240614,Watch Party
20507,4727,4468,20250118,Review
20508,912,5581,20230522,Profile
20509,5881,99,20230816,Recommendation
20510,2716,2316,20250617,Watch Party
20511,4176,1208,20251111,Review
20512,5578,2151,20250511,Profile
20513,398,4586,20250731,Recommendation
20514,4359,4536,20250122,Watch Party
20515,5562,155,20250527,Review
20516,4512,4120,20240529,Profile
20517,2669,683,20230626,Recommendation
20518,3185,3498,20240529,Watch Party
20519,1602,2884,20240717,Review
20520,4092,1679,20250114,Profile
20521,2880,5078,20250130,Recommendation
20522,5443,942,20230520,Watch Party
20523,4863,5055,20231102,Review
20524,3761,1041,20250217,Profile
20525,4976,5278,20240509,Recommendation
20526,5214,2273,20230904,Watch Party
20527,5455,4989,20230312,Review
20528,1943,4921,20240213,Profile
20529,3137,4458,20250627,Recommendation
20530,3822,1557,20230226,Watch Party
20531,748,2016,20230618,Review
20532,5027,460,20250920,Profile
20533,4775,5116,20230817,Recommendation
20534,519,267,20231008,Watch Party
20535,4113,3452,20250211,Review
20536,1963,5135,20241125,Profile
20537,1228,388,20240720,Recommendation
20538,2636,3095,20250422,Watch Party
20539,5297,5379,20231215,Review
20540,4688,2591,20250211,Profile
20541,1985,2391,20240617,Recommendation
20542,2367,51,20250118,Watch Party
20543,4512,4517,20250424,Review
20544,4007,2985,20240130,Profile
20545,3416,1403,20240604,Recommendation
20546,3388,4544,20250119,Watch Party
20547,3634,3616,20251021,Review
20548,2173,1118,20240606,Profile
20549,4806,3225,20250316,Recommendation
20550,1531,1344,20240504,Watch Party
20551,790,3507,20250302,Review
20552,240,2853,20230403,Profile
20553,75,2959,20250305,Recommendation
20554,852,1876,20241019,Watch Party
20555,4037,5047,20241208,Review
20556,3670,1651,20240419,Profile
20557,147,4635,20241031,Recommendation
20558,1605,2056,20240130,Watch Party
20559,2781,295,20231212,Review
20560,3280,4987,20250327,Profile
20561,5932,1700,20250309,Recommendation
20562,1101,2000,20231122,Watch Party
20563,3957,427,20240708,Review
20564,5319,2286,20250207,Profile
20565,2056,2139,20240717,Recommendation
20566,4538,5938,20230202,Watch Party
20567,121,5290,20231003,Review
20568,5586,18,20240630,Profile
20569,1963,4580,20230408,Recommendation
20570,3390,5735,20230430,Watch Party
20571,5423,5488,20230501,Review
20572,4610,962,20230907,Profile
20573,1716,4823,20240719,Recommendation
20574,4931,834,20240807,Watch Party
20575,4547,721,20251226,Review
20576,1371,3019,20230807,Profile
20577,2745,5152,20251007,Recommendation
20578,4274,5791,20250927,Watch Party
20579,2072,4338,20230809,Review
20580,5959,4531,20250729,Profile
20581,3007,1577,20250415,Recommendation
20582,3387,275,20241231,Watch Party
20583,1780,334,20240507,Review
20584,3357,4859,20251221,Profile
20585,4163,1112,20250604,Recommendation
20586,24,602,20230607,Watch Party
20587,1760,1683,20250830,Review
20588,3694,5376,20250728,Profile
20589,5776,2926,20230820,Recommendation
20590,5072,5049,20240921,Watch Party
20591,45,3236,20230826,Review
20592,631,2978,20240622,Profile
20593,31,4242,20250215,Recommendation
20594,715,690,20251031,Watch Party
20595,1978,209,20251111,Review
20596,5836,5175,20230403,Profile
20597,4173,4646,20240711,Recommendation
20598,785,5646,20240626,Watch Party
20599,4892,992,20241207,Review
20600,5101,2091,20240602,Profile
20601,5923,970,20240313,Recommendation
20602,1973,4235,20250802,Watch Party
20603,5082,5248,20241114,Review
20604,2019,982,20250909,Profile
20605,4323,689,20250604,Recommendation
20606,5355,2957,20241021,Watch Party
20607,5267,2273,20240412,Review
20608,61,3254,20241017,Profile
20609,4529,3280,20230716,Recommendation
20610,1676,1035,20250814,Watch Party
20611,2194,2930,20250225,Review
20612,673,702,20241005,Profile
20613,5182,4992,20240713,Recommendation
20614,4668,3542,20250816,Watch Party
20615,1171,1120,20251229,Review
20616,423,1594,20230816,Profile
20617,2910,2216,20230117,Recommendation
20618,2107,5432,20240707,Watch Party
20619,2459,3175,20240917,Review
20620,2242,5468,20230516,Profile
20621,2473,1579,20230418,Recommendation
20622,1121,245,20230419,Watch Party
20623,1027,1257,20241005,Review
20624,3976,2252,20240311,Profile
20625,2995,2556,20250818,Recommendation
20626,3566,92,20240621,Watch Party
20627,3090,2494,20230116,Review
20628,3394,4114,20250201,Profile
20629,4185,1865,20231031,Recommendation
20630,5485,1023,20240115,Watch Party
20631,4033,3877,20250202,Review
20632,1963,1826,20251221,Profile
20633,3179,657,20250424,Recommendation
20634,5201,5442,20250206,Watch Party
20635,2823,4607,20240325,Review
20636,2604,5556,20250314,Profile
20637,3180,1029,20251112,Recommendation
20638,3780,5055,20241103,Watch Party
20639,737,4439,20250915,Review
20640,954,5172,20230213,Profile
20641,5040,1439,20250823,Recommendation
20642,1616,2899,20250125,Watch Party
20643,284,646,20240903,Review
20644,1772,3865,20250503,Profile
20645,804,4368,20230930,Recommendation
20646,4824,1873,20251119,Watch Party
20647,1294,2061,20231118,Review
20648,264,5893,20240823,Profile
20649,150,5070,20240206,Recommendation
20650,2303,4815,20241214,Watch Party
20651,4879,3857,20240102,Review
20652,2378,545,20230331,Profile
20653,3375,5284,20230403,Recommendation
20654,4388,5416,20241205,Watch Party
20655,1576,5968,20230908,Review
20656,5043,2868,20251225,Profile
20657,2444,3680,20250508,Recommendation
20658,2815,4267,20240413,Watch Party
20659,518,605,20240620,Review
20660,4876,1443,20231201,Profile
20661,2328,5994,20250820,Recommendation
20662,2628,1781,20241019,Watch Party
20663,2326,3721,20230618,Review
20664,889,991,20230219,Profile
20665,4994,4001,20231227,Recommendation
20666,3386,4111,20250507,Watch Party
20667,271,4795,20240505,Review
20668,4157,1750,20230603,Profile
20669,4036,4341,20250321,Recommendation
20670,4432,5091,20230213,Watch Party
20671,5615,3925,20230824,Review
20672,3917,5313,20250516,Profile
20673,867,5484,20230709,Recommendation
20674,729,3316,20230512,Watch Party
20675,335,5200,20250211,Review
20676,5207,4976,20230630,Profile
20677,1002,1805,20250827,Recommendation
20678,4866,267,20230622,Watch Party
20679,2765,3587,20240801,Review
20680,4127,3372,20231212,Profile
20681,2250,3965,20240507,Recommendation
20682,2616,1164,20240601,Watch Party
20683,78,5254,20250301,Review
20684,4988,663,20241225,Profile
20685,331,856,20230924,Recommendation
20686,2414,2495,20230504,Watch Party
20687,5568,2090,20230101,Review
20688,446,4528,20250817,Profile
20689,583,3982,20250819,Recommendation
20690,2732,269,20230827,Watch Party
20691,3589,5314,20240901,Review
20692,4996,3132,20240620,Profile
20693,1812,5575,20231010,Recommendation
20694,3081,5022,20230327,Watch Party
20695,1873,3142,20241221,Review
20696,5195,746,20230219,Profile
20697,1982,5832,20251126,Recommendation
20698,571,3684,20251005,Watch Party
20699,5556,4238,20230528,Review
20700,3579,426,20240728,Profile
20701,5438,3341,20240325,Recommendation
20702,1305,4083,20250827,Watch Party
20703,862,3566,20241018,Review
20704,2969,2792,20251114,Profile
20705,1584,1095,20230226,Recommendation
20706,5261,5114,20251204,Watch Party
20707,2567,5687,20241204,Review
20708,4694,1843,20240905,Profile
20709,2376,3119,20231013,Recommendation
20710,4034,370,20250125,Watch Party
20711,3667,879,20240318,Review
20712,3069,5471,20230908,Profile
20713,5074,3459,20230621,Recommendation
20714,2768,1909,20240702,Watch Party
20715,5981,2850,20240203,Review
20716,937,2758,20250523,Profile
20717,1132,1264,20250917,Recommendation
20718,2300,1435,20240916,Watch Party
20719,4659,312,20240108,Review
20720,684,2912,20230722,Profile
20721,2696,4468,20251214,Recommendation
20722,2295,1840,20250820,Watch Party
20723,145,5458,20230511,Review
20724,3173,735,20231106,Profile
20725,3864,4004,20230509,Recommendation
20726,1924,2313,20230128,Watch Party
20727,867,2858,20250210,Review
20728,251,5478,20240526,Profile
20729,5560,1591,20230727,Recommendation
20730,2808,974,20231101,Watch Party
20731,804,3335,20250608,Review
20732,1596,5675,20250418,Profile
20733,1433,922,20240319,Recommendation
20734,2824,211,20230127,Watch Party
20735,3844,11,20240708,Review
20736,3676,2053,20240614,Profile
20737,3343,2141,20230630,Recommendation
20738,778,4758,20250803,Watch Party
20739,5778,5766,20230522,Review
20740,2028,1547,20241111,Profile
20741,5362,3778,20250911,Recommendation
20742,582,139,20230201,Watch Party
20743,3162,3438,20240509,Review
20744,3279,1668,20231101,Profile
20745,5207,1146,20231216,Recommendation
20746,1308,2307,20240716,Watch Party
20747,3263,3754,20250915,Review
20748,3627,2175,20250826,Profile
20749,4763,1397,20240714,Recommendation
20750,1301,1201,20240608,Watch Party
20751,5305,3685,20230930,Review
20752,4478,424,20230621,Profile
20753,397,5593,20250512,Recommendation
20754,2589,1467,20231010,Watch Party
20755,3091,5397,20250928,Review
20756,2680,5283,20240225,Profile
20757,4936,3837,20240429,Recommendation
20758,5553,4312,20240122,Watch Party
20759,5363,1879,20240726,Review
20760,4791,933,20240120,Profile
20761,5476,3109,20250114,Recommendation
20762,3511,3781,20230520,Watch Party
20763,1040,143,20251225,Review
20764,2316,1710,20250903,Profile
20765,553,4787,20230129,Recommendation
20766,320,2086,20240528,Watch Party
20767,1863,1529,20250325,Review
20768,1771,1525,20251115,Profile
20769,1480,3828,20250301,Recommendation
20770,3487,3037,20231112,Watch Party
20771,5881,2869,20240311,Review
20772,2872,4586,20250717,Profile
20773,5391,3477,20230526,Recommendation
20774,1814,3674,20231127,Watch Party
20775,3468,5695,20230907,Review
20776,2046,5506,20230730,Profile
20777,4567,2577,20250919,Recommendation
20778,544,529,20231012,Watch Party
20779,3548,906,20241230,Review
20780,1146,1357,20251112,Profile
20781,2890,3100,20240418,Recommendation
20782,2417,4659,20250423,Watch Party
20783,2811,4442,20240708,Review
20784,2644,5925,20250522,Profile
20785,5731,334,20241112,Recommendation
20786,3249,3362,20230413,Watch Party
20787,5758,5460,20251002,Review
20788,14,1466,20250611,Profile
20789,5449,2251,20230529,Recommendation
20790,5853,2456,20230723,Watch Party
20791,1659,4309,20230215,Review
20792,3284,2541,20250329,Profile
20793,4421,4384,20230909,Recommendation
20794,1140,1265,20240613,Watch Party
20795,3330,1593,20240722,Review
20796,187,3348,20240716,Profile
20797,2867,1054,20240302,Recommendation
20798,2219,1880,20231007,Watch Party
20799,5928,237,20250908,Review
20800,1049,4771,20250104,Profile
20801,5777,4595,20250722,Recommendation
20802,5194,5998,20240905,Watch Party
20803,5890,3361,20240928,Review
20804,4009,5891,20240323,Profile
20805,1945,2703,20240421,Recommendation
20806,4835,4025,20231104,Watch Party
20807,5888,5064,20230310,Review
20808,4934,3783,20240905,Profile
20809,5351,2127,20250128,Recommendation
20810,1684,2099,20250528,Watch Party
20811,3575,462,20230323,Review
20812,5398,1895,20240102,Profile
20813,900,684,20250215,Recommendation
20814,5152,3501,20230223,Watch Party
20815,3311,1671,20240714,Review
20816,1800,443,20251007,Profile
20817,5101,5659,20251113,Recommendation
20818,3754,591,20251223,Watch Party
20819,4236,3721,20241106,Review
20820,83,2320,20240113,Profile
20821,3428,4623,20230304,Recommendation
20822,3979,2888,20240908,Watch Party
20823,1328,167,20241015,Review
20824,1192,4458,20230516,Profile
20825,3952,2354,20231201,Recommendation
20826,1293,880,20250107,Watch Party
20827,5692,1289,20240109,Review
20828,900,4431,20230407,Profile
20829,3583,5363,20250330,Recommendation
20830,2741,2506,20251024,Watch Party
20831,1939,3849,20231014,Review
20832,5667,5027,20251221,Profile
20833,1213,5068,20231012,Recommendation
20834,970,3368,20240217,Watch Party
20835,4131,2477,20250815,Review
20836,3251,4957,20250505,Profile
20837,2861,285,20240208,Recommendation
20838,5901,2369,20250806,Watch Party
20839,5950,2349,20240620,Review
20840,5868,173,20231215,Profile
20841,2873,1898,20231017,Recommendation
20842,4386,3859,20251129,Watch Party
20843,1545,233,20240714,Review
20844,20,2953,20230308,Profile
20845,3110,5688,20251020,Recommendation
20846,5273,889,20240330,Watch Party
20847,254,5771,20250127,Review
20848,2911,3238,20240413,Profile
20849,2649,427,20240112,Recommendation
20850,2359,307,20250312,Watch Party
20851,644,5708,20251111,Review
20852,1844,3815,20230403,Profile
20853,2749,3029,20250527,Recommendation
20854,4212,3053,20241220,Watch Party
20855,4963,1299,20230224,Review
20856,57,4674,20250415,Profile
20857,4388,5568,20250621,Recommendation
20858,5731,4998,20230723,Watch Party
20859,4324,2689,20241228,Review
20860,3954,1197,20230318,Profile
20861,457,2902,20250722,Recommendation
20862,818,2246,20230408,Watch Party
20863,3753,3506,20250806,Review
20864,2289,5433,20250609,Profile
20865,186,453,20240731,Recommendation
20866,1717,1328,20230713,Watch Party
20867,3844,2132,20240508,Review
20868,720,1925,20230421,Profile
20869,1732,4225,20241225,Recommendation
20870,3202,2796,20241022,Watch Party
20871,2909,1324,20240430,Review
20872,4751,3158,20230315,Profile
20873,3709,4372,20240423,Recommendation
20874,1855,2305,20250806,Watch Party
20875,5003,727,20230228,Review
20876,658,3354,20240120,Profile
20877,2032,1283,20250810,Recommendation
20878,5662,4124,20250404,Watch Party
20879,2482,490,20230101,Review
20880,2314,4972,20240925,Profile
20881,2461,1260,20240506,Recommendation
20882,4411,4064,20251221,Watch Party
20883,925,959,20230314,Review
20884,3731,753,20241103,Profile
20885,737,2009,20231027,Recommendation
20886,933,587,20241207,Watch Party
20887,995,5173,20230904,Review
20888,838,5814,20250309,Profile
20889,475,5097,20250508,Recommendation
20890,4600,3794,20241203,Watch Party
20891,282,5385,20250411,Review
20892,2108,3658,20231226,Profile
20893,4768,4598,20231017,Recommendation
20894,4247,5199,20241023,Watch Party
20895,5243,266,20231116,Review
20896,3582,4594,20251018,Profile
20897,1023,3582,20250913,Recommendation
20898,5194,2467,20240504,Watch Party
20899,998,5203,20240120,Review
20900,3590,350,20250827,Profile
20901,4127,2090,20251129,Recommendation
20902,1935,5920,20251127,Watch Party
20903,1692,5767,20230205,Review
20904,3565,418,20230612,Profile
20905,527,4602,20251214,Recommendation
20906,3524,4911,20230708,Watch Party
20907,3835,2660,20230624,Review
20908,3004,2241,20240427,Profile
20909,5617,2853,20250716,Recommendation
20910,5071,5311,20240310,Watch Party
20911,249,3412,20250506,Review
20912,5215,878,20251217,Profile
20913,1389,3450,20250609,Recommendation
20914,4802,488,20230221,Watch Party
20915,3968,97,20230627,Review
20916,205,3994,20230129,Profile
20917,2540,4009,20230201,Recommendation
20918,143,5541,20231007,Watch Party
20919,4472,2066,20240116,Review
20920,1965,550,20230329,Profile
20921,2387,5240,20250311,Recommendation
20922,5328,4556,20250214,Watch Party
20923,1516,1237,20231224,Review
20924,474,5086,20240723,Profile
20925,1955,5016,20230502,Recommendation
20926,870,5552,20250118,Watch Party
20927,1021,5607,20250709,Review
20928,3396,1776,20241002,Profile
20929,1141,35,20230805,Recommendation
20930,1234,2960,20230607,Watch Party
20931,3990,2250,20250912,Review
20932,745,78,20230228,Profile
20933,3605,603,20230516,Recommendation
20934,3410,4662,20230917,Watch Party
20935,4552,2079,20230608,Review
20936,2780,4165,20250110,Profile
20937,779,266,20250814,Recommendation
20938,4381,526,20250904,Watch Party
20939,5058,4951,20251228,Review
20940,2172,5930,20230425,Profile
20941,5585,5314,20230622,Recommendation
20942,5347,2338,20240226,Watch Party
20943,3190,2200,20241028,Review
20944,982,3245,20250823,Profile
20945,2104,1118,20241231,Recommendation
20946,4256,116,20241014,Watch Party
20947,3321,1331,20240819,Review
20948,4787,5188,20231120,Profile
20949,4405,2912,20230814,Recommendation
20950,135,2394,20250817,Watch Party
20951,2171,5828,20230825,Review
20952,3162,1075,20241103,Profile
20953,4738,4607,20230223,Recommendation
20954,2261,5426,20230730,Watch Party
20955,1431,1016,20230817,Review
20956,2520,272,20230213,Profile
20957,3504,1622,20230220,Recommendation
20958,1265,5818,20251002,Watch Party
20959,1095,4530,20240925,Review
20960,3102,2729,20250309,Profile
20961,2235,946,20231031,Recommendation
20962,5907,2960,20241002,Watch Party
20963,2981,3634,20241217,Review
20964,3179,1388,20240422,Profile
20965,5895,4456,20240723,Recommendation
20966,4755,5843,20250204,Watch Party
20967,1638,1917,20240212,Review
20968,5694,5840,20230126,Profile
20969,3301,5286,20231130,Recommendation
20970,2480,3422,20240525,Watch Party
20971,1218,853,20250824,Review
20972,2690,720,20240404,Profile
20973,797,4953,20240211,Recommendation
20974,2201,4902,20231012,Watch Party
20975,2374,2689,20251223,Review
20976,4621,2474,20230523,Profile
20977,2909,5811,20250909,Recommendation
20978,1177,2732,20240114,Watch Party
20979,3769,4501,20250619,Review
20980,1115,2173,20250814,Profile
20981,4192,1978,20230922,Recommendation
20982,2674,1383,20231002,Watch Party
20983,1638,2480,20230304,Review
20984,2594,4168,20240217,Profile
20985,3946,1118,20240425,Recommendation
20986,2226,4121,20231208,Watch Party
20987,5037,4932,20250525,Review
20988,3731,2049,20231014,Profile
20989,3002,3730,20240225,Recommendation
20990,5019,5794,20231128,Watch Party
20991,4116,2660,20230111,Review
20992,722,422,20230611,Profile
20993,996,1166,20250107,Recommendation
20994,4186,2154,20250119,Watch Party
20995,3148,41,20250604,Review
20996,2788,4453,20240923,Profile
20997,2736,4302,20240315,Recommendation
20998,5144,4948,20250831,Watch Party
20999,4575,3443,20240527,Review
21000,4879,3788,20240530,Profile
21001,468,1135,20251107,Recommendation
21002,2137,4845,20251024,Watch Party
21003,539,1831,20250512,Review
21004,2050,4913,20241209,Profile
21005,1811,2756,20251018,Recommendation
21006,3297,828,20230923,Watch Party
21007,4190,922,20250402,Review
21008,5545,1102,20241002,Profile
21009,5076,3436,20251104,Recommendation
21010,2016,4689,20250425,Watch Party
21011,4397,1939,20250907,Review
21012,4974,672,20240920,Profile
21013,2985,750,20250811,Recommendation
21014,3975,5294,20231226,Watch Party
21015,98,3803,20250107,Review
21016,1379,1788,20240423,Profile
21017,2467,1046,20241105,Recommendation
21018,5153,5256,20250513,Watch Party
21019,3753,957,20240816,Review
21020,5551,2072,20230905,Profile
21021,3448,2374,20251214,Recommendation
21022,687,4557,20251207,Watch Party
21023,4170,5911,20240323,Review
21024,5058,1988,20250313,Profile
21025,801,4214,20230206,Recommendation
21026,111,3019,20241217,Watch Party
21027,1933,4413,20251221,Review
21028,3066,2270,20250823,Profile
21029,2851,2838,20231005,Recommendation
21030,5419,5037,20241117,Watch Party
21031,4224,2695,20250418,Review
21032,2782,5914,20240814,Profile
21033,3935,4893,20250914,Recommendation
21034,431,2053,20250209,Watch Party
21035,92,5142,20230519,Review
21036,3563,4666,20230901,Profile
21037,2615,5874,20240612,Recommendation
21038,469,5464,20241026,Watch Party
21039,1233,2614,20230222,Review
21040,3699,3853,20230824,Profile
21041,1043,180,20240528,Recommendation
21042,5026,78,20240828,Watch Party
21043,533,4995,20251223,Review
21044,811,4578,20230705,Profile
21045,2,903,20241203,Recommendation
21046,4021,772,20231125,Watch Party
21047,1144,5681,20250224,Review
21048,1129,1249,20240612,Profile
21049,2092,5480,20231204,Recommendation
21050,5131,4979,20250808,Watch Party
21051,4878,226,20230705,Review
21052,4850,799,20240219,Profile
21053,5121,3581,20250506,Recommendation
21054,2904,5399,20250328,Watch Party
21055,4354,718,20240323,Review
21056,591,5555,20251208,Profile
21057,5837,2581,20250725,Recommendation
21058,751,3153,20230705,Watch Party
21059,2979,5712,20240930,Review
21060,3824,624,20250216,Profile
21061,1969,2882,20240614,Recommendation
21062,3409,5204,20230224,Watch Party
21063,113,791,20230119,Review
21064,5579,1454,20230321,Profile
21065,4339,1645,20250111,Recommendation
21066,5727,2364,20230523,Watch Party
21067,4607,77,20250325,Review
21068,766,2037,20230502,Profile
21069,3520,2072,20240501,Recommendation
21070,5312,583,20250616,Watch Party
21071,2693,5533,20250915,Review
21072,3079,533,20240511,Profile
21073,3506,3956,20230605,Recommendation
21074,3234,3932,20251104,Watch Party
21075,1905,4044,20230616,Review
21076,1176,2903,20231113,Profile
21077,59,3604,20230620,Recommendation
21078,3248,4181,20231209,Watch Party
21079,3110,949,20240703,Review
21080,5513,122,20250228,Profile
21081,346,1560,20250729,Recommendation
21082,1877,1455,20240823,Watch Party
21083,2406,3842,20250519,Review
21084,5273,1693,20240815,Profile
21085,597,5993,20250516,Recommendation
21086,5793,2928,20230319,Watch Party
21087,260,5286,20250409,Review
21088,5968,1204,20231206,Profile
21089,4117,1411,20230509,Recommendation
21090,739,2247,20250306,Watch Party
21091,1675,4823,20250522,Review
21092,2109,2676,20250720,Profile
21093,4145,523,20240206,Recommendation
21094,1457,563,20231002,Watch Party
21095,810,249,20250929,Review
21096,212,3503,20240815,Profile
21097,1477,3422,20240329,Recommendation
21098,5913,84,20250501,Watch Party
21099,5683,5426,20230614,Review
21100,1420,1100,20240623,Profile
21101,1844,4425,20250914,Recommendation
21102,2942,1220,20230626,Watch Party
21103,5990,656,20250423,Review
21104,5285,356,20250906,Profile
21105,1752,1322,20241021,Recommendation
21106,3901,1546,20240322,Watch Party
21107,2701,5502,20230715,Review
21108,151,3310,20240421,Profile
21109,3687,1548,20250826,Recommendation
21110,3384,719,20250423,Watch Party
21111,3679,4854,20240614,Review
21112,4101,2836,20231006,Profile
21113,5392,3958,20230518,Recommendation
21114,3303,3613,20240528,Watch Party
21115,3296,3579,20251213,Review
21116,4439,358,20230818,Profile
21117,1340,2721,20250206,Recommendation
21118,3010,5105,20230708,Watch Party
21119,390,1353,20250224,Review
21120,2527,2325,20241108,Profile
21121,4461,5495,20231130,Recommendation
21122,3399,1767,20240509,Watch Party
21123,213,136,20251108,Review
21124,2186,2180,20240627,Profile
21125,3874,360,20240802,Recommendation
21126,917,2015,20230619,Watch Party
21127,1898,2480,20240728,Review
21128,2972,3121,20241220,Profile
21129,4382,1248,20240406,Recommendation
21130,5018,5589,20231218,Watch Party
21131,3605,1621,20251206,Review
21132,4518,3342,20231202,Profile
21133,1594,1836,20240611,Recommendation
21134,4093,1215,20240609,Watch Party
21135,3684,1007,20240920,Review
21136,3790,4816,20250214,Profile
21137,5773,4655,20250211,Recommendation
21138,1681,3457,20250411,Watch Party
21139,4980,4044,20240831,Review
21140,886,5671,20250127,Profile
21141,1376,2110,20230831,Recommendation
21142,3376,4826,20250610,Watch Party
21143,4845,2307,20241223,Review
21144,4367,1625,20250502,Profile
21145,2071,1283,20250413,Recommendation
21146,5605,2443,20250910,Watch Party
21147,5250,2603,20250930,Review
21148,3290,97,20231204,Profile
21149,753,4433,20241021,Recommendation
21150,4618,4649,20241105,Watch Party
21151,5348,1086,20240419,Review
21152,65,780,20240117,Profile
21153,5665,5681,20230513,Recommendation
21154,5836,336,20241208,Watch Party
21155,2329,4420,20251022,Review
21156,4576,5868,20240117,Profile
21157,1129,2137,20250211,Recommendation
21158,2290,4008,20250701,Watch Party
21159,70,763,20240419,Review
21160,5219,5987,20230815,Profile
21161,1273,334,20230801,Recommendation
21162,726,350,20251111,Watch Party
21163,2362,1468,20250427,Review
21164,4853,5767,20251026,Profile
21165,2190,3085,20250822,Recommendation
21166,4535,614,20250224,Watch Party
21167,3849,1329,20250321,Review
21168,2835,3565,20231213,Profile
21169,5740,2684,20251222,Recommendation
21170,5019,2581,20230817,Watch Party
21171,1737,2908,20250601,Review
21172,4742,4817,20230203,Profile
21173,4842,5600,20240408,Recommendation
21174,5353,5319,20230714,Watch Party
21175,4453,2220,20241016,Review
21176,263,2641,20240127,Profile
21177,4319,3275,20250709,Recommendation
21178,1102,5002,20240914,Watch Party
21179,2595,5887,20250902,Review
21180,3224,3704,20231013,Profile
21181,468,3608,20250719,Recommendation
21182,3377,536,20251003,Watch Party
21183,5791,4541,20240302,Review
21184,3741,757,20251007,Profile
21185,1633,3785,20230805,Recommendation
21186,5843,4850,20240219,Watch Party
21187,1807,1448,20240802,Review
21188,459,4564,20230307,Profile
21189,3141,3119,20241023,Recommendation
21190,1886,839,20250106,Watch Party
21191,1218,10,20251003,Review
21192,5264,4112,20240525,Profile
21193,5119,2696,20251009,Recommendation
21194,2608,2523,20250405,Watch Party
21195,1850,3198,20231122,Review
21196,3816,2483,20240410,Profile
21197,3987,5763,20250907,Recommendation
21198,4253,2283,20241129,Watch Party
21199,2590,4688,20240418,Review
21200,2924,5878,20241102,Profile
21201,5797,5612,20230206,Recommendation
21202,4231,251,20250219,Watch Party
21203,5901,863,20230929,Review
21204,2848,4679,20250416,Profile
21205,1460,3399,20250129,Recommendation
21206,4735,3625,20240819,Watch Party
21207,4866,1754,20231031,Review
21208,1871,3456,20250308,Profile
21209,4522,2643,20231217,Recommendation
21210,4691,5947,20250223,Watch Party
21211,116,3037,20231213,Review
21212,1241,769,20240722,Profile
21213,4459,4639,20240613,Recommendation
21214,5803,3936,20240502,Watch Party
21215,4719,3016,20251009,Review
21216,2247,3161,20250131,Profile
21217,2407,4759,20250324,Recommendation
21218,1525,368,20240726,Watch Party
21219,2302,2690,20251127,Review
21220,685,827,20230131,Profile
21221,4014,5701,20230715,Recommendation
21222,5574,5552,20240221,Watch Party
21223,3461,3642,20231122,Review
21224,4620,2332,20240518,Profile
21225,4356,4293,20240406,Recommendation
21226,1811,1756,20231111,Watch Party
21227,2311,3447,20231012,Review
21228,5983,4166,20231020,Profile
21229,2017,1596,20240610,Recommendation
21230,3982,4821,20240713,Watch Party
21231,1024,1337,20241122,Review
21232,2681,2075,20230224,Profile
21233,4733,1758,20250917,Recommendation
21234,5223,5334,20231024,Watch Party
21235,1445,3507,20250722,Review
21236,4682,43,20240302,Profile
21237,5418,5698,20250920,Recommendation
21238,4775,3820,20250601,Watch Party
21239,2187,1502,20240213,Review
21240,4377,647,20230107,Profile
21241,2594,4597,20250524,Recommendation
21242,3501,1991,20251224,Watch Party
21243,1730,5892,20240808,Review
21244,3631,5628,20230214,Profile
21245,3316,4828,20241216,Recommendation
21246,1862,3748,20231118,Watch Party
21247,5896,4038,20231021,Review
21248,1201,2847,20240925,Profile
21249,4634,5376,20251226,Recommendation
21250,2667,1830,20240624,Watch Party
21251,3017,1147,20251114,Review
21252,4426,4101,20230226,Profile
21253,5019,4579,20230730,Recommendation
21254,4169,2418,20250804,Watch Party
21255,2202,1169,20240702,Review
21256,5423,2972,20230509,Profile
21257,5772,280,20230823,Recommendation
21258,2071,4101,20250330,Watch Party
21259,4024,2727,20230112,Review
21260,5578,325,20240508,Profile
21261,5042,3627,20230420,Recommendation
21262,3063,4649,20250225,Watch Party
21263,5819,1578,20240621,Review
21264,5614,5938,20230515,Profile
21265,4102,1388,20250203,Recommendation
21266,5487,4211,20241013,Watch Party
21267,3037,3749,20231222,Review
21268,430,1775,20230527,Profile
21269,198,4454,20250721,Recommendation
21270,2735,3776,20250906,Watch Party
21271,4233,3825,20240122,Review
21272,4286,3415,20230806,Profile
21273,2839,106,20251024,Recommendation
21274,3186,4237,20250124,Watch Party
21275,3656,3679,20241201,Review
21276,562,2315,20240207,Profile
21277,3594,694,20240428,Recommendation
21278,3266,5919,20240711,Watch Party
21279,5720,3512,20240130,Review
21280,1651,3594,20240321,Profile
21281,4486,3591,20250505,Recommendation
21282,2175,4705,20240515,Watch Party
21283,444,3353,20240711,Review
21284,3138,1362,20250801,Profile
21285,726,4465,20240517,Recommendation
21286,3168,5457,20240728,Watch Party
21287,4712,2087,20240326,Review
21288,5095,1352,20250521,Profile
21289,590,1064,20251019,Recommendation
21290,5118,161,20240806,Watch Party
21291,5167,2163,20240819,Review
21292,1331,5467,20250605,Profile
21293,5863,2280,20231225,Recommendation
21294,4049,1520,20230327,Watch Party
21295,426,1351,20230709,Review
21296,1750,5281,20251225,Profile
21297,5909,1670,20250112,Recommendation
21298,2262,5241,20250619,Watch Party
21299,253,1329,20250719,Review
21300,2914,2826,20250713,Profile
21301,587,2852,20230808,Recommendation
21302,5383,1674,20241122,Watch Party
21303,5830,2508,20250313,Review
21304,4467,942,20250702,Profile
21305,4334,2019,20240827,Recommendation
21306,710,3822,20240520,Watch Party
21307,2309,1043,20231027,Review
21308,4396,5927,20240917,Profile
21309,5780,530,20240704,Recommendation
21310,5142,3638,20230816,Watch Party
21311,3029,5903,20230424,Review
21312,3697,1965,20241031,Profile
21313,2310,3827,20241120,Recommendation
21314,2035,1144,20250628,Watch Party
21315,1110,1994,20230123,Review
21316,1305,1589,20250106,Profile
21317,2994,2891,20250115,Recommendation
21318,614,4797,20230624,Watch Party
21319,3978,3858,20231217,Review
21320,1451,3138,20231130,Profile
21321,3000,2091,20241027,Recommendation
21322,3206,3763,20250815,Watch Party
21323,1043,4802,20230304,Review
21324,4376,2995,20251216,Profile
21325,1487,5634,20250420,Recommendation
21326,238,3223,20240510,Watch Party
21327,5407,5334,20250822,Review
21328,3887,5582,20250417,Profile
21329,4148,1340,20230311,Recommendation
21330,5557,2261,20240206,Watch Party
21331,2637,3403,20230501,Review
21332,2090,2544,20240916,Profile
21333,1753,5859,20240216,Recommendation
21334,1789,4029,20250525,Watch Party
21335,3822,4806,20250623,Review
21336,1838,390,20250310,Profile
21337,113,5900,20251222,Recommendation
21338,3847,5586,20240526,Watch Party
21339,1334,2404,20230730,Review
21340,4619,3029,20240203,Profile
21341,4961,3373,20241111,Recommendation
21342,3336,3305,20231223,Watch Party
21343,2665,3593,20240226,Review
21344,5807,1038,20231214,Profile
21345,4098,5663,20240516,Recommendation
21346,5891,526,20240624,Watch Party
21347,1604,3922,20240322,Review
21348,1096,3320,20240815,Profile
21349,3185,5835,20250918,Recommendation
21350,3616,5989,20231208,Watch Party
21351,414,1156,20240410,Review
21352,5907,2370,20240328,Profile
21353,2781,5554,20230905,Recommendation
21354,2133,1101,20251207,Watch Party
21355,899,1667,20240106,Review
21356,5569,5570,20250829,Profile
21357,576,4233,20231222,Recommendation
21358,663,2034,20250420,Watch Party
21359,1705,5215,20251221,Review
21360,641,2704,20231027,Profile
21361,1437,2859,20240306,Recommendation
21362,1585,67,20250618,Watch Party
21363,1473,2757,20230403,Review
21364,3569,4722,20230912,Profile
21365,1493,229,20230314,Recommendation
21366,825,4373,20240517,Watch Party
21367,2516,1688,20250525,Review
21368,4265,5212,20240402,Profile
21369,4124,1169,20230804,Recommendation
21370,3311,3920,20241216,Watch Party
21371,4819,2022,20230421,Review
21372,4208,3253,20251003,Profile
21373,3738,836,20250819,Recommendation
21374,1145,4309,20231015,Watch Party
21375,421,2426,20231018,Review
21376,4626,1211,20230324,Profile
21377,3894,5059,20240113,Recommendation
21378,5420,4501,20240908,Watch Party
21379,1836,5019,20251030,Review
21380,2390,975,20251204,Profile
21381,3548,4440,20231120,Recommendation
21382,743,1834,20240809,Watch Party
21383,386,2288,20250529,Review
21384,1990,5365,20240423,Profile
21385,3540,2776,20240408,Recommendation
21386,4436,4753,20230927,Watch Party
21387,1252,766,20250525,Review
21388,5733,5770,20230207,Profile
21389,2106,4968,20250920,Recommendation
21390,4299,4774,20230730,Watch Party
21391,266,5042,20230701,Review
21392,318,103,20251025,Profile
21393,4278,634,20240423,Recommendation
21394,4745,1689,20251031,Watch Party
21395,5503,5256,20230321,Review
21396,3919,2828,20240828,Profile
21397,514,1436,20230828,Recommendation
21398,747,1391,20231106,Watch Party
21399,3549,292,20251029,Review
21400,5842,5674,20240401,Profile
21401,491,4555,20231014,Recommendation
21402,5738,3218,20250414,Watch Party
21403,2151,3058,20231031,Review
21404,4647,4827,20230530,Profile
21405,444,2802,20251123,Recommendation
21406,1281,458,20231114,Watch Party
21407,3743,3834,20250604,Review
21408,5386,3525,20250810,Profile
21409,5692,1496,20240322,Recommendation
21410,4050,2962,20250527,Watch Party
21411,2009,5487,20250509,Review
21412,3337,2501,20241224,Profile
21413,2867,5993,20230904,Recommendation
21414,246,2898,20240513,Watch Party
21415,979,5085,20250607,Review
21416,1271,5669,20231018,Profile
21417,4919,4776,20250227,Recommendation
21418,4246,5294,20251221,Watch Party
21419,1821,4360,20250217,Review
21420,3093,3815,20240423,Profile
21421,3217,1857,20241106,Recommendation
21422,5449,2972,20240505,Watch Party
21423,5070,5287,20240903,Review
21424,3247,1941,20230908,Profile
21425,1166,1879,20240809,Recommendation
21426,2285,4162,20250804,Watch Party
21427,3813,4757,20240621,Review
21428,1022,515,20240320,Profile
21429,827,2264,20240404,Recommendation
21430,600,2524,20251227,Watch Party
21431,2100,5876,20241008,Review
21432,5862,2355,20251214,Profile
21433,4664,4073,20240508,Recommendation
21434,2341,2082,20241106,Watch Party
21435,535,5985,20231207,Review
21436,1329,874,20250518,Profile
21437,5341,3588,20230123,Recommendation
21438,3256,4958,20231029,Watch Party
21439,3145,2790,20241128,Review
21440,5612,2828,20230209,Profile
21441,2832,2524,20241026,Recommendation
21442,441,2193,20250324,Watch Party
21443,4112,5532,20230905,Review
21444,1278,5660,20230513,Profile
21445,3324,140,20250720,Recommendation
21446,5073,1989,20250626,Watch Party
21447,5135,4376,20241102,Review
21448,701,3026,20240410,Profile
21449,534,3211,20230507,Recommendation
21450,4510,2907,20241213,Watch Party
21451,5292,4439,20240728,Review
21452,3759,4829,20231008,Profile
21453,4225,4117,20250409,Recommendation
21454,4794,4335,20230408,Watch Party
21455,1388,2410,20251112,Review
21456,4557,1194,20241017,Profile
21457,4676,5448,20240428,Recommendation
21458,4949,4335,20240615,Watch Party
21459,1487,5632,20240822,Review
21460,1232,3840,20230419,Profile
21461,2056,3286,20231125,Recommendation
21462,5791,996,20240223,Watch Party
21463,999,2798,20240402,Review
21464,3462,2553,20230406,Profile
21465,2262,2911,20240825,Recommendation
21466,3677,4623,20230509,Watch Party
21467,5178,5186,20240131,Review
21468,5738,5061,20250406,Profile
21469,452,4411,20250121,Recommendation
21470,3567,5673,20250409,Watch Party
21471,3912,5856,20250305,Review
21472,1900,3351,20231103,Profile
21473,2627,2416,20241015,Recommendation
21474,3426,4581,20240805,Watch Party
21475,4494,105,20230905,Review
21476,1630,3314,20241222,Profile
21477,1962,5354,20241210,Recommendation
21478,833,3524,20231222,Watch Party
21479,5390,4031,20230308,Review
21480,1512,4313,20250718,Profile
21481,3846,3130,20230518,Recommendation
21482,5793,5439,20230530,Watch Party
21483,3102,5067,20230204,Review
21484,5097,5374,20240317,Profile
21485,1068,2722,20250105,Recommendation
21486,1108,2805,20250202,Watch Party
21487,2657,1844,20240701,Review
21488,1668,3371,20230921,Profile
21489,1087,1491,20240930,Recommendation
21490,2103,5926,20240329,Watch Party
21491,5552,4073,20230302,Review
21492,146,839,20250310,Profile
21493,2878,4707,20240909,Recommendation
21494,4784,4998,20240106,Watch Party
21495,3267,4219,20251107,Review
21496,3170,4421,20251101,Profile
21497,1208,5116,20230918,Recommendation
21498,4505,1449,20240225,Watch Party
21499,3346,3508,20251025,Review
21500,5391,5161,20241026,Profile
21501,2493,4085,20240907,Recommendation
21502,2859,3105,20230822,Watch Party
21503,2783,4390,20231024,Review
21504,2953,3157,20230405,Profile
21505,4425,2810,20251022,Recommendation
21506,745,2,20240717,Watch Party
21507,3854,1541,20240208,Review
21508,3219,5294,20230414,Profile
21509,3307,5924,20230430,Recommendation
21510,3625,3844,20251128,Watch Party
21511,3784,940,20251119,Review
21512,3167,5203,20250207,Profile
21513,2635,3561,20230828,Recommendation
21514,1670,423,20230828,Watch Party
21515,1010,121,20240924,Review
21516,243,2559,20230506,Profile
21517,3366,5357,20240123,Recommendation
21518,1446,34,20250301,Watch Party
21519,255,3251,20231218,Review
21520,3365,1979,20230215,Profile
21521,3350,1258,20241017,Recommendation
21522,5220,1747,20240904,Watch Party
21523,3829,3009,20241023,Review
21524,2997,2646,20250408,Profile
21525,2349,5301,20230305,Recommendation
21526,767,4492,20240904,Watch Party
21527,3779,5251,20230818,Review
21528,5272,1163,20250803,Profile
21529,931,176,20240606,Recommendation
21530,4832,700,20230926,Watch Party
21531,5940,25,20240520,Review
21532,5599,3026,20230927,Profile
21533,3972,4751,20231026,Recommendation
21534,5241,4808,20240107,Watch Party
21535,1951,2413,20241007,Review
21536,846,1866,20231113,Profile
21537,1430,3559,20240302,Recommendation
21538,810,1400,20240325,Watch Party
21539,4114,3285,20230808,Review
21540,3191,239,20230928,Profile
21541,692,4344,20231012,Recommendation
21542,2140,3287,20230511,Watch Party
21543,3667,3189,20230614,Review
21544,4157,2650,20240930,Profile
21545,1461,3406,20230623,Recommendation
21546,2687,3131,20230218,Watch Party
21547,3398,120,20240621,Review
21548,5145,5835,20251016,Profile
21549,3612,4936,20250206,Recommendation
21550,2106,4152,20230718,Watch Party
21551,5518,631,20231201,Review
21552,4250,4161,20231201,Profile
21553,4210,209,20240331,Recommendation
21554,1884,160,20250513,Watch Party
21555,954,3520,20250910,Review
21556,4416,1695,20240731,Profile
21557,3261,2531,20240311,Recommendation
21558,2304,4651,20240615,Watch Party
21559,1210,266,20250208,Review
21560,1483,933,20240902,Profile
21561,1615,5730,20250308,Recommendation
21562,2697,549,20241010,Watch Party
21563,4780,5453,20250621,Review
21564,2574,3359,20230110,Profile
21565,2309,5409,20250701,Recommendation
21566,5588,4882,20230621,Watch Party
21567,4886,5690,20230917,Review
21568,845,2160,20241210,Profile
21569,970,5713,20241022,Recommendation
21570,4428,1521,20240601,Watch Party
21571,4525,3721,20240412,Review
21572,550,759,20240511,Profile
21573,1368,4143,20251021,Recommendation
21574,1712,5740,20240709,Watch Party
21575,3773,3122,20250811,Review
21576,550,339,20251215,Profile
21577,2726,5587,20240523,Recommendation
21578,3856,1992,20250108,Watch Party
21579,2877,68,20241202,Review
21580,5907,4744,20240830,Profile
21581,1833,2434,20230624,Recommendation
21582,1698,1822,20240428,Watch Party
21583,2489,4033,20240113,Review
21584,3758,935,20230729,Profile
21585,4311,5027,20250416,Recommendation
21586,5919,2221,20230530,Watch Party
21587,4693,696,20251231,Review
21588,52,1915,20240726,Profile
21589,2481,885,20230218,Recommendation
21590,3474,689,20230824,Watch Party
21591,3805,1778,20231224,Review
21592,5831,2075,20251227,Profile
21593,4587,5645,20230305,Recommendation
21594,3605,1246,20240508,Watch Party
21595,4828,2081,20250929,Review
21596,4600,672,20230218,Profile
21597,4747,1919,20230827,Recommendation
21598,84,1948,20230423,Watch Party
21599,2379,5140,20230831,Review
21600,4778,1362,20250528,Profile
21601,1395,2756,20240802,Recommendation
21602,405,2801,20250214,Watch Party
21603,4740,5280,20240803,Review
21604,3910,2729,20250812,Profile
21605,231,9,20240329,Recommendation
21606,5738,847,20241216,Watch Party
21607,3798,2640,20250527,Review
21608,983,4751,20251001,Profile
21609,4586,942,20240415,Recommendation
21610,5989,1782,20250719,Watch Party
21611,971,2294,20250613,Review
21612,1717,3830,20230917,Profile
21613,980,3466,20230331,Recommendation
21614,5290,4099,20250208,Watch Party
21615,3479,3445,20251013,Review
21616,3393,2569,20230409,Profile
21617,4722,5966,20230621,Recommendation
21618,4116,2056,20230218,Watch Party
21619,3889,1794,20250917,Review
21620,979,5141,20250312,Profile
21621,3935,1023,20230301,Recommendation
21622,3763,3150,20230121,Watch Party
21623,686,2576,20230917,Review
21624,932,1117,20250115,Profile
21625,296,180,20240623,Recommendation
21626,5024,5903,20251008,Watch Party
21627,4943,3369,20240515,Review
21628,4253,3122,20240106,Profile
21629,773,336,20250404,Recommendation
21630,3735,4128,20230708,Watch Party
21631,5637,2428,20231121,Review
21632,4595,1749,20250730,Profile
21633,5288,5839,20230302,Recommendation
21634,54,1040,20230919,Watch Party
21635,3606,1668,20230404,Review
21636,5568,3501,20250403,Profile
21637,5890,4685,20230210,Recommendation
21638,2101,4418,20230612,Watch Party
21639,3510,3845,20230205,Review
21640,3608,3415,20230904,Profile
21641,1618,864,20230222,Recommendation
21642,1786,4611,20250602,Watch Party
21643,4206,3548,20230707,Review
21644,48,67,20230219,Profile
21645,3741,2539,20250919,Recommendation
21646,5649,4027,20240210,Watch Party
21647,941,1487,20251121,Review
21648,3456,4199,20240612,Profile
21649,4770,31,20240503,Recommendation
21650,1942,4156,20240824,Watch Party
21651,3181,4009,20230903,Review
21652,642,4577,20240324,Profile
21653,1778,5576,20250829,Recommendation
21654,409,731,20230508,Watch Party
21655,1272,3115,20230207,Review
21656,3748,160,20230215,Profile
21657,2054,1737,20241216,Recommendation
21658,728,2945,20240215,Watch Party
21659,4475,47,20230531,Review
21660,1277,201,20240110,Profile
21661,5393,2615,20241120,Recommendation
21662,5202,4710,20251028,Watch Party
21663,2766,5349,20231230,Review
21664,2241,3506,20230511,Profile
21665,5053,1380,20250805,Recommendation
21666,5635,4757,20241027,Watch Party
21667,4075,1507,20251001,Review
21668,1762,4245,20250420,Profile
21669,362,2038,20241113,Recommendation
21670,655,1232,20251224,Watch Party
21671,271,3201,20250415,Review
21672,462,2571,20230802,Profile
21673,5689,825,20240806,Recommendation
21674,4205,5548,20250921,Watch Party
21675,475,158,20240502,Review
21676,3536,1561,20231002,Profile
21677,3285,5068,20250301,Recommendation
21678,5760,2264,20251124,Watch Party
21679,2144,1608,20231009,Review
21680,2753,4821,20241104,Profile
21681,1917,2858,20251023,Recommendation
21682,5699,5048,20250724,Watch Party
21683,4001,867,20230421,Review
21684,3866,873,20250122,Profile
21685,2704,1585,20240124,Recommendation
21686,1259,5717,20240207,Watch Party
21687,2552,1687,20231030,Review
21688,4069,4931,20240303,Profile
21689,2649,4310,20240530,Recommendation
21690,4975,912,20240930,Watch Party
21691,4163,872,20230420,Review
21692,4552,3533,20241125,Profile
21693,342,1796,20250904,Recommendation
21694,2345,1962,20230929,Watch Party
21695,1037,1932,20230331,Review
21696,3597,2671,20250807,Profile
21697,1478,3513,20240816,Recommendation
21698,3156,363,20230513,Watch Party
21699,156,5911,20251214,Review
21700,3759,5438,20240206,Profile
21701,37,4390,20241120,Recommendation
21702,2236,2478,20231020,Watch Party
21703,861,5428,20240330,Review
21704,1255,2115,20240502,Profile
21705,4426,4739,20230203,Recommendation
21706,2663,1512,20250808,Watch Party
21707,1604,244,20240703,Review
21708,963,108,20230304,Profile
21709,5460,1257,20250925,Recommendation
21710,3578,5191,20230526,Watch Party
21711,269,5919,20230721,Review
21712,746,373,20250111,Profile
21713,4885,4088,20250714,Recommendation
21714,4817,1111,20230720,Watch Party
21715,1994,2007,20250305,Review
21716,3894,1479,20250130,Profile
21717,2304,1430,20241228,Recommendation
21718,5314,3979,20250803,Watch Party
21719,544,2746,20231223,Review
21720,367,2090,20240502,Profile
21721,3393,2393,20230615,Recommendation
21722,4330,5043,20230802,Watch Party
21723,4209,5048,20231108,Review
21724,1016,265,20250212,Profile
21725,4815,3963,20250613,Recommendation
21726,1902,1105,20230902,Watch Party
21727,5075,288,20240308,Review
21728,1517,4230,20251211,Profile
21729,3749,4102,20240408,Recommendation
21730,3142,818,20230622,Watch Party
21731,5866,1021,20250326,Review
21732,3838,2624,20231025,Profile
21733,4710,67,20230201,Recommendation
21734,3124,5541,20231013,Watch Party
21735,998,5612,20240309,Review
21736,4036,1238,20230503,Profile
21737,3200,5582,20251101,Recommendation
21738,1878,1885,20251213,Watch Party
21739,1290,4608,20230617,Review
21740,4924,4909,20240528,Profile
21741,4911,3791,20251027,Recommendation
21742,1390,4,20250327,Watch Party
21743,5692,1112,20250127,Review
21744,2395,1997,20241203,Profile
21745,4438,1314,20240804,Recommendation
21746,847,1312,20230910,Watch Party
21747,2771,5421,20241126,Review
21748,69,4736,20240320,Profile
21749,736,133,20250218,Recommendation
21750,1596,2163,20240930,Watch Party
21751,3867,3420,20240608,Review
21752,2705,4336,20230308,Profile
21753,3487,2988,20251030,Recommendation
21754,1242,2254,20230119,Watch Party
21755,5970,585,20251208,Review
21756,5906,3692,20231231,Profile
21757,4490,1215,20240226,Recommendation
21758,22,3934,20240903,Watch Party
21759,1567,3070,20241005,Review
21760,4313,892,20250905,Profile
21761,2439,1431,20230724,Recommendation
21762,2459,3146,20240924,Watch Party
21763,978,207,20250908,Review
21764,3380,2244,20250604,Profile
21765,5534,3106,20251204,Recommendation
21766,1825,4267,20230424,Watch Party
21767,5680,3602,20230516,Review
21768,2227,3738,20250506,Profile
21769,1101,5627,20231021,Recommendation
21770,558,3129,20250611,Watch Party
21771,4908,559,20251009,Review
21772,4636,2831,20231021,Profile
21773,3624,1789,20230126,Recommendation
21774,2060,505,20250819,Watch Party
21775,4167,302,20251026,Review
21776,1011,4436,20230927,Profile
21777,4475,3157,20231022,Recommendation
21778,4954,5903,20231002,Watch Party
21779,5509,1449,20250302,Review
21780,3276,3992,20250408,Profile
21781,4983,5368,20240521,Recommendation
21782,5540,5245,20240201,Watch Party
21783,5542,5231,20241229,Review
21784,5044,2962,20230113,Profile
21785,2360,4836,20250522,Recommendation
21786,3467,648,20251227,Watch Party
21787,1264,2836,20241204,Review
21788,5297,771,20241223,Profile
21789,3931,4724,20250909,Recommendation
21790,2520,2627,20250603,Watch Party
21791,2312,1504,20241221,Review
21792,5637,3021,20251223,Profile
21793,732,1570,20250603,Recommendation
21794,4598,2628,20230726,Watch Party
21795,5548,3280,20230515,Review
21796,1079,4306,20241216,Profile
21797,1810,2636,20240801,Recommendation
21798,4359,2628,20231104,Watch Party
21799,2679,122,20251119,Review
21800,2065,1718,20231208,Profile
21801,1092,1988,20250925,Recommendation
21802,5600,4870,20231228,Watch Party
21803,4727,1363,20240920,Review
21804,1573,2429,20230821,Profile
21805,4710,3842,20250527,Recommendation
21806,473,1897,20231008,Watch Party
21807,1559,766,20251207,Review
21808,5813,1387,20231222,Profile
21809,5154,3505,20240810,Recommendation
21810,4869,2563,20250403,Watch Party
21811,653,2295,20250704,Review
21812,3139,224,20230225,Profile
21813,1124,3012,20250709,Recommendation
21814,1562,4127,20251107,Watch Party
21815,2814,2276,20230416,Review
21816,3895,2785,20240321,Profile
21817,4312,5992,20230429,Recommendation
21818,3884,3370,20240908,Watch Party
21819,1559,2424,20231207,Review
21820,2970,912,20250628,Profile
21821,514,5554,20250716,Recommendation
21822,983,1653,20250425,Watch Party
21823,1378,954,20230809,Review
21824,2894,5584,20240615,Profile
21825,604,3067,20251107,Recommendation
21826,5774,5036,20230322,Watch Party
21827,1454,1606,20241102,Review
21828,4358,1181,20230124,Profile
21829,4300,4349,20230212,Recommendation
21830,4119,124,20230114,Watch Party
21831,5848,1766,20230324,Review
21832,3113,2335,20250811,Profile
21833,3034,5787,20251024,Recommendation
21834,161,269,20250816,Watch Party
21835,4855,5480,20250202,Review
21836,4092,1688,20251130,Profile
21837,2731,2170,20250127,Recommendation
21838,1273,5050,20230504,Watch Party
21839,4705,5123,20251214,Review
21840,1606,3977,20250912,Profile
21841,2568,2562,20240330,Recommendation
21842,314,1294,20251018,Watch Party
21843,3337,1576,20230101,Review
21844,3130,771,20251016,Profile
21845,1937,1278,20241010,Recommendation
21846,4335,105,20240815,Watch Party
21847,2970,5219,20230611,Review
21848,1546,1703,20250726,Profile
21849,2553,720,20240428,Recommendation
21850,3929,928,20230815,Watch Party
21851,4759,3526,20241129,Review
21852,4894,3828,20251106,Profile
21853,685,1308,20230705,Recommendation
21854,4179,4747,20231125,Watch Party
21855,2079,3303,20240924,Review
21856,3435,5413,20230217,Profile
21857,4797,758,20230519,Recommendation
21858,3048,3784,20231221,Watch Party
21859,5202,3298,20230814,Review
21860,144,819,20240401,Profile
21861,3403,2620,20250816,Recommendation
21862,2097,4072,20231113,Watch Party
21863,1969,1353,20250609,Review
21864,4531,4326,20230825,Profile
21865,3081,5368,20240402,Recommendation
21866,5825,2711,20250107,Watch Party
21867,3993,4271,20250201,Review
21868,2363,3853,20240926,Profile
21869,2513,1071,20241212,Recommendation
21870,1342,1108,20241204,Watch Party
21871,3277,5538,20231013,Review
21872,402,632,20231016,Profile
21873,1870,2883,20230429,Recommendation
21874,1056,1445,20240813,Watch Party
21875,1057,3090,20231001,Review
21876,3452,455,20230103,Profile
21877,1294,3117,20240930,Recommendation
21878,2462,2221,20251204,Watch Party
21879,5630,2591,20231011,Review
21880,5481,3767,20240707,Profile
21881,1791,2769,20250831,Recommendation
21882,3474,4490,20240908,Watch Party
21883,3388,5190,20230903,Review
21884,4548,5212,20240421,Profile
21885,3143,5012,20230102,Recommendation
21886,453,3309,20250611,Watch Party
21887,2126,3759,20241006,Review
21888,4885,555,20240802,Profile
21889,2219,3809,20250612,Recommendation
21890,4871,1285,20231216,Watch Party
21891,3120,1872,20250103,Review
21892,3533,5201,20241210,Profile
21893,5541,3400,20240123,Recommendation
21894,4863,2920,20231117,Watch Party
21895,4531,792,20250830,Review
21896,1586,416,20240902,Profile
21897,4199,5080,20230104,Recommendation
21898,1587,668,20241104,Watch Party
21899,870,2674,20241211,Review
21900,1345,1227,20240304,Profile
21901,3891,4298,20251106,Recommendation
21902,4795,2108,20251027,Watch Party
21903,2240,5029,20250303,Review
21904,3956,1558,20240715,Profile
21905,3341,3571,20240422,Recommendation
21906,1658,4781,20250918,Watch Party
21907,3747,2997,20250220,Review
21908,637,4018,20230715,Profile
21909,1366,5463,20251226,Recommendation
21910,2603,4837,20240208,Watch Party
21911,4242,1121,20240808,Review
21912,3126,317,20250215,Profile
21913,4318,3938,20230210,Recommendation
21914,4067,5846,20230721,Watch Party
21915,1521,3478,20240728,Review
21916,4731,900,20250319,Profile
21917,4847,5738,20241019,Recommendation
21918,2341,1102,20251122,Watch Party
21919,2383,3982,20230319,Review
21920,1502,4614,20231122,Profile
21921,3983,5067,20250903,Recommendation
21922,4527,4366,20240203,Watch Party
21923,4436,1699,20240612,Review
21924,510,1366,20241111,Profile
21925,259,276,20231211,Recommendation
21926,3623,5588,20230110,Watch Party
21927,2779,3373,20250318,Review
21928,1700,1564,20230423,Profile
21929,119,5885,20231011,Recommendation
21930,619,1035,20251027,Watch Party
21931,3447,2326,20230109,Review
21932,5031,4205,20230817,Profile
21933,4371,2026,20251106,Recommendation
21934,2357,3067,20250108,Watch Party
21935,5565,3620,20230904,Review
21936,5058,3456,20241119,Profile
21937,5510,4080,20230104,Recommendation
21938,5196,5336,20240620,Watch Party
21939,900,3564,20230816,Review
21940,3736,2047,20230522,Profile
21941,4677,3521,20250302,Recommendation
21942,2576,4450,20230505,Watch Party
21943,5154,2137,20240916,Review
21944,3111,911,20231208,Profile
21945,3027,3155,20250415,Recommendation
21946,4650,4134,20240818,Watch Party
21947,5894,2702,20240910,Review
21948,5542,703,20250626,Profile
21949,5450,204,20250211,Recommendation
21950,5937,5331,20230324,Watch Party
21951,3337,1426,20250917,Review
21952,332,1911,20241218,Profile
21953,316,5158,20231216,Recommendation
21954,1239,4647,20250906,Watch Party
21955,5004,4615,20241112,Review
21956,4275,5516,20250807,Profile
21957,3260,4846,20240422,Recommendation
21958,1408,4732,20251011,Watch Party
21959,2319,4828,20250226,Review
21960,279,3203,20251026,Profile
21961,1342,2041,20251124,Recommendation
21962,4620,2551,20250206,Watch Party
21963,5526,3335,20240420,Review
21964,2656,4167,20230120,Profile
21965,4148,2506,20250103,Recommendation
21966,4501,1132,20250619,Watch Party
21967,3465,884,20240115,Review
21968,74,5553,20230423,Profile
21969,1192,287,20231024,Recommendation
21970,5702,842,20240712,Watch Party
21971,3617,3922,20240614,Review
21972,1164,4520,20250726,Profile
21973,1723,811,20230519,Recommendation
21974,3131,1719,20230616,Watch Party
21975,3409,913,20250608,Review
21976,586,5498,20240712,Profile
21977,1424,4541,20240421,Recommendation
21978,2469,2700,20230510,Watch Party
21979,5602,4380,20241202,Review
21980,5860,3129,20250425,Profile
21981,3308,2077,20250103,Recommendation
21982,3498,1823,20230130,Watch Party
21983,1264,3898,20240511,Review
21984,1402,5500,20240924,Profile
21985,5077,3413,20240211,Recommendation
21986,423,5523,20250306,Watch Party
21987,4271,4142,20240402,Review
21988,149,2810,20251017,Profile
21989,2266,3004,20251226,Recommendation
21990,1543,3799,20240524,Watch Party
21991,2088,1599,20250613,Review
21992,1531,1714,20250830,Profile
21993,2166,246,20250201,Recommendation
21994,3981,1555,20230412,Watch Party
21995,1622,3809,20240327,Review
21996,4348,3169,20231001,Profile
21997,4994,2279,20240711,Recommendation
21998,4225,2806,20231016,Watch Party
21999,5772,2130,20250707,Review
22000,5583,1605,20240622,Profile
22001,3226,4297,20250104,Recommendation
22002,3756,2296,20250821,Watch Party
22003,1870,2157,20230719,Review
22004,4441,1605,20231117,Profile
22005,3048,2181,20250311,Recommendation
22006,325,5667,20240527,Watch Party
22007,3613,5498,20241020,Review
22008,1374,5519,20250107,Profile
22009,5628,5228,20240502,Recommendation
22010,5394,2687,20230929,Watch Party
22011,5452,712,20241127,Review
22012,2536,5875,20240817,Profile
22013,5467,4590,20240304,Recommendation
22014,2792,2356,20251118,Watch Party
22015,3627,1789,20250124,Review
22016,1448,5509,20251108,Profile
22017,5744,5182,20250127,Recommendation
22018,2933,1770,20240916,Watch Party
22019,3521,1874,20240124,Review
22020,473,680,20240610,Profile
22021,873,5156,20250103,Recommendation
22022,2481,503,20240929,Watch Party
22023,4844,4942,20241205,Review
22024,3423,4429,20240618,Profile
22025,108,1125,20230325,Recommendation
22026,1369,1838,20230126,Watch Party
22027,4146,4038,20230102,Review
22028,1116,1820,20230605,Profile
22029,398,4457,20240202,Recommendation
22030,4551,4831,20230222,Watch Party
22031,5035,5996,20251025,Review
22032,2442,5517,20241024,Profile
22033,3196,3727,20230412,Recommendation
22034,3847,2561,20230524,Watch Party
22035,5609,5458,20251024,Review
22036,4511,280,20250430,Profile
22037,5676,1382,20250627,Recommendation
22038,2462,409,20241110,Watch Party
22039,4154,1237,20250603,Review
22040,4092,5759,20240304,Profile
22041,1246,1721,20251013,Recommendation
22042,355,5623,20250223,Watch Party
22043,1661,3205,20230126,Review
22044,4742,121,20231007,Profile
22045,397,1359,20231227,Recommendation
22046,1056,3876,20230312,Watch Party
22047,3130,4880,20250125,Review
22048,4071,4951,20251202,Profile
22049,857,1061,20230924,Recommendation
22050,401,747,20241205,Watch Party
22051,1181,3143,20241204,Review
22052,3726,3634,20230607,Profile
22053,460,942,20240207,Recommendation
22054,4229,291,20230120,Watch Party
22055,1238,3648,20240302,Review
22056,14,1411,20250117,Profile
22057,3716,95,20240120,Recommendation
22058,863,2331,20230113,Watch Party
22059,2124,871,20241230,Review
22060,1820,4845,20251002,Profile
22061,3588,1853,20240407,Recommendation
22062,1719,5489,20240307,Watch Party
22063,3261,351,20250624,Review
22064,3189,1287,20231230,Profile
22065,279,1097,20250206,Recommendation
22066,3386,3088,20230327,Watch Party
22067,5050,3809,20241001,Review
22068,1180,2831,20240723,Profile
22069,3055,717,20240730,Recommendation
22070,2682,3241,20250514,Watch Party
22071,911,3658,20251107,Review
22072,25,5814,20240703,Profile
22073,4576,2938,20230617,Recommendation
22074,1362,5157,20250524,Watch Party
22075,2837,3591,20230605,Review
22076,3159,1376,20230515,Profile
22077,1144,2165,20230607,Recommendation
22078,2558,875,20230823,Watch Party
22079,1179,4920,20231211,Review
22080,317,5837,20250520,Profile
22081,3900,3943,20240709,Recommendation
22082,879,31,20240715,Watch Party
22083,5015,3200,20230514,Review
22084,2942,3981,20251002,Profile
22085,3309,2650,20251023,Recommendation
22086,2471,999,20231027,Watch Party
22087,3605,4687,20230318,Review
22088,5833,2966,20230905,Profile
22089,3813,5625,20230929,Recommendation
22090,1695,1015,20240628,Watch Party
22091,3878,3692,20240805,Review
22092,5243,4812,20240420,Profile
22093,1684,3513,20230824,Recommendation
22094,3249,1156,20250814,Watch Party
22095,5052,1679,20240421,Review
22096,2798,2467,20251018,Profile
22097,4204,4424,20240621,Recommendation
22098,3071,296,20230629,Watch Party
22099,3224,2190,20250430,Review
22100,169,2086,20240914,Profile
22101,2151,1567,20240109,Recommendation
22102,4595,1599,20240118,Watch Party
22103,5964,3984,20240419,Review
22104,4281,5562,20230115,Profile
22105,5517,2826,20230902,Recommendation
22106,3262,5971,20230718,Watch Party
22107,5509,561,20240227,Review
22108,41,3389,20251027,Profile
22109,5798,4533,20230711,Recommendation
22110,3341,4324,20240108,Watch Party
22111,1370,752,20240329,Review
22112,974,5041,20230509,Profile
22113,2740,3224,20231229,Recommendation
22114,3327,4350,20250420,Watch Party
22115,5314,3239,20240505,Review
22116,271,1339,20250715,Profile
22117,385,2319,20240728,Recommendation
22118,3671,2790,20240223,Watch Party
22119,761,3276,20251223,Review
22120,5266,1035,20241015,Profile
22121,3442,2906,20250416,Recommendation
22122,3383,5438,20230715,Watch Party
22123,2620,4649,20240922,Review
22124,3043,3463,20230904,Profile
22125,4314,2542,20240415,Recommendation
22126,5561,3395,20240215,Watch Party
22127,1312,1505,20230729,Review
22128,4993,1228,20230404,Profile
22129,2670,2645,20240926,Recommendation
22130,1910,35,20250426,Watch Party
22131,4877,1826,20250627,Review
22132,2071,3733,20230322,Profile
22133,959,571,20241028,Recommendation
22134,4370,4421,20231217,Watch Party
22135,5469,4388,20251122,Review
22136,1773,873,20230806,Profile
22137,5284,1072,20230325,Recommendation
22138,2159,2690,20240207,Watch Party
22139,7,115,20230907,Review
22140,1484,2413,20230602,Profile
22141,1950,2493,20231002,Recommendation
22142,5121,3642,20230503,Watch Party
22143,4173,3716,20241104,Review
22144,5474,3078,20230210,Profile
22145,3746,92,20240303,Recommendation
22146,1543,5767,20250312,Watch Party
22147,91,5627,20250315,Review
22148,3838,4608,20250407,Profile
22149,1412,3338,20250719,Recommendation
22150,2636,2812,20250719,Watch Party
22151,4474,3530,20251022,Review
22152,5518,3285,20230831,Profile
22153,1298,1737,20241130,Recommendation
22154,2191,4849,20251229,Watch Party
22155,261,2547,20241017,Review
22156,1161,3781,20250416,Profile
22157,5265,428,20250323,Recommendation
22158,3991,5586,20251123,Watch Party
22159,2921,3826,20230804,Review
22160,1657,917,20240812,Profile
22161,3489,3664,20230420,Recommendation
22162,2250,241,20250415,Watch Party
22163,4639,825,20230112,Review
22164,4045,1443,20230609,Profile
22165,561,5486,20250321,Recommendation
22166,2470,2276,20250319,Watch Party
22167,4467,3824,20230305,Review
22168,2101,5968,20250210,Profile
22169,4560,383,20250521,Recommendation
22170,2707,4623,20250215,Watch Party
22171,201,249,20241003,Review
22172,3814,5973,20230812,Profile
22173,2899,5925,20231108,Recommendation
22174,4446,5296,20240118,Watch Party
22175,1455,3826,20230407,Review
22176,4230,4519,20231119,Profile
22177,817,1821,20241022,Recommendation
22178,61,4228,20230704,Watch Party
22179,3439,1967,20231011,Review
22180,3830,411,20240903,Profile
22181,4398,2195,20241217,Recommendation
22182,2139,3458,20231220,Watch Party
22183,5200,2510,20230327,Review
22184,3731,1571,20250912,Profile
22185,272,1730,20231218,Recommendation
22186,1766,690,20240213,Watch Party
22187,257,5095,20230618,Review
22188,815,4369,20230719,Profile
22189,2980,2307,20240609,Recommendation
22190,1230,2260,20250430,Watch Party
22191,1066,5838,20251110,Review
22192,4256,1540,20230315,Profile
22193,1138,3737,20240630,Recommendation
22194,2595,1631,20250616,Watch Party
22195,1448,560,20240509,Review
22196,5658,574,20250329,Profile
22197,230,4254,20250817,Recommendation
22198,1712,346,20251112,Watch Party
22199,5130,1929,20250822,Review
22200,4177,5732,20240616,Profile
22201,5722,1427,20241219,Recommendation
22202,3639,2888,20240530,Watch Party
22203,3827,2497,20250112,Review
22204,3766,3523,20240303,Profile
22205,837,2915,20250420,Recommendation
22206,3071,3778,20230821,Watch Party
22207,5242,4478,20250618,Review
22208,971,1752,20230514,Profile
22209,1751,1466,20230113,Recommendation
22210,739,5393,20241223,Watch Party
22211,1617,2859,20230531,Review
22212,5399,6,20250707,Profile
22213,6,2915,20240105,Recommendation
22214,1084,4069,20250326,Watch Party
22215,36,803,20250622,Review
22216,3092,7,20230511,Profile
22217,1916,2051,20240728,Recommendation
22218,5123,3797,20240121,Watch Party
22219,4653,2342,20240628,Review
22220,4501,312,20240412,Profile
22221,2826,1691,20250522,Recommendation
22222,5635,5965,20250225,Watch Party
22223,5429,4835,20251005,Review
22224,4119,1318,20250122,Profile
22225,1764,2565,20240926,Recommendation
22226,4128,5099,20230901,Watch Party
22227,2978,148,20231206,Review
22228,1232,2778,20251125,Profile
22229,3636,3505,20240327,Recommendation
22230,4389,3886,20230922,Watch Party
22231,2808,5035,20231224,Review
22232,1616,1465,20241016,Profile
22233,5297,4304,20230226,Recommendation
22234,4707,5462,20250419,Watch Party
22235,462,5121,20240323,Review
22236,258,4499,20241003,Profile
22237,1396,5649,20251030,Recommendation
22238,513,5061,20230908,Watch Party
22239,5432,5649,20230614,Review
22240,2756,5754,20240607,Profile
22241,2442,1610,20250207,Recommendation
22242,3791,5929,20251122,Watch Party
22243,2686,779,20231011,Review
22244,2759,3921,20240215,Profile
22245,1085,5459,20230105,Recommendation
22246,5616,3289,20250117,Watch Party
22247,2715,1427,20241113,Review
22248,2546,1449,20240928,Profile
22249,4136,5890,20251201,Recommendation
22250,2702,1719,20230604,Watch Party
22251,1114,412,20230212,Review
22252,5981,456,20231221,Profile
22253,1628,1742,20250820,Recommendation
22254,2630,5496,20250917,Watch Party
22255,736,3427,20240112,Review
22256,2024,2830,20250603,Profile
22257,1833,438,20250628,Recommendation
22258,1155,1999,20250415,Watch Party
22259,3127,4576,20230110,Review
22260,3244,3695,20230725,Profile
22261,121,5195,20251223,Recommendation
22262,5003,3145,20250124,Watch Party
22263,4417,2520,20240317,Review
22264,3066,3343,20250927,Profile
22265,1659,4852,20240515,Recommendation
22266,2843,2247,20230706,Watch Party
22267,2413,5553,20230822,Review
22268,4617,1003,20230605,Profile
22269,1238,5864,20250715,Recommendation
22270,2256,2218,20250623,Watch Party
22271,1868,3715,20250617,Review
22272,4818,3189,20240322,Profile
22273,4834,426,20241108,Recommendation
22274,5580,5441,20231115,Watch Party
22275,1061,5078,20250611,Review
22276,3684,5853,20231106,Profile
22277,5715,27,20230725,Recommendation
22278,5899,3540,20230409,Watch Party
22279,2000,795,20251217,Review
22280,4592,2905,20240208,Profile
22281,3556,1841,20250927,Recommendation
22282,399,143,20250129,Watch Party
22283,196,2352,20240330,Review
22284,3363,5449,20251128,Profile
22285,3700,4706,20251102,Recommendation
22286,258,5321,20251214,Watch Party
22287,1713,3014,20251007,Review
22288,4275,571,20230730,Profile
22289,5045,3980,20230221,Recommendation
22290,2454,1948,20250622,Watch Party
22291,2801,579,20230412,Review
22292,3658,3144,20230621,Profile
22293,3712,2282,20251222,Recommendation
22294,4022,1963,20250617,Watch Party
22295,2221,352,20240120,Review
22296,1559,1500,20230111,Profile
22297,5514,584,20240527,Recommendation
22298,614,4837,20240227,Watch Party
22299,5532,1078,20240905,Review
22300,3443,2118,20230307,Profile
22301,2219,1740,20250409,Recommendation
22302,3889,2123,20240329,Watch Party
22303,4447,5236,20240825,Review
22304,186,3093,20240703,Profile
22305,2007,530,20231026,Recommendation
22306,747,4447,20250108,Watch Party
22307,2938,5270,20250115,Review
22308,3994,4398,20240403,Profile
22309,2218,681,20230409,Recommendation
22310,5677,4289,20230426,Watch Party
22311,1882,2438,20241206,Review
22312,1218,1814,20230125,Profile
22313,4554,4160,20240918,Recommendation
22314,2992,1587,20230610,Watch Party
22315,3186,932,20250205,Review
22316,1167,3041,20240612,Profile
22317,2077,1048,20250115,Recommendation
22318,5659,1026,20230728,Watch Party
22319,1844,1434,20251006,Review
22320,5056,2401,20240810,Profile
22321,1610,1282,20230323,Recommendation
22322,3314,3070,20241105,Watch Party
22323,5894,5888,20240428,Review
22324,2340,5305,20241216,Profile
22325,1921,2258,20250606,Recommendation
22326,2681,1061,20240604,Watch Party
22327,4974,2277,20251027,Review
22328,4738,5540,20240630,Profile
22329,384,4943,20250331,Recommendation
22330,4659,2956,20231031,Watch Party
22331,1851,340,20230928,Review
22332,4620,2981,20250725,Profile
22333,799,5803,20250430,Recommendation
22334,1216,1653,20231025,Watch Party
22335,54,572,20240916,Review
22336,1535,2338,20251129,Profile
22337,1797,2052,20251222,Recommendation
22338,1417,5995,20251029,Watch Party
22339,5106,3010,20240320,Review
22340,4750,3921,20251008,Profile
22341,4495,5342,20250307,Recommendation
22342,1020,3186,20230326,Watch Party
22343,896,4613,20230830,Review
22344,4065,3717,20250505,Profile
22345,1511,3924,20240902,Recommendation
22346,2567,1961,20250804,Watch Party
22347,4276,4546,20240319,Review
22348,532,2245,20251008,Profile
22349,5773,5042,20240819,Recommendation
22350,3919,3385,20230501,Watch Party
22351,370,1799,20241017,Review
22352,3317,3642,20240320,Profile
22353,3142,5867,20230526,Recommendation
22354,4514,3133,20250315,Watch Party
22355,3646,628,20241129,Review
22356,1934,4778,20240826,Profile
22357,184,4280,20240930,Recommendation
22358,2327,4997,20230516,Watch Party
22359,5054,733,20250906,Review
22360,3006,2566,20241019,Profile
22361,4429,2248,20230818,Recommendation
22362,2237,3872,20230316,Watch Party
22363,506,2293,20251108,Review
22364,3359,1294,20250814,Profile
22365,2364,5916,20250626,Recommendation
22366,3870,2188,20240916,Watch Party
22367,1515,2926,20230326,Review
22368,3030,1289,20250806,Profile
22369,3385,2532,20230517,Recommendation
22370,4859,1608,20240827,Watch Party
22371,3874,3453,20250207,Review
22372,2915,3936,20230411,Profile
22373,2844,3275,20251121,Recommendation
22374,3364,857,20240727,Watch Party
22375,3172,3072,20250907,Review
22376,4858,2224,20231113,Profile
22377,2784,456,20230202,Recommendation
22378,2046,3431,20250324,Watch Party
22379,4249,3954,20241111,Review
22380,5218,5815,20250828,Profile
22381,1524,884,20251128,Recommendation
22382,4067,5590,20240224,Watch Party
22383,672,2984,20240527,Review
22384,5135,2920,20240205,Profile
22385,4120,5887,20231229,Recommendation
22386,1427,2697,20230805,Watch Party
22387,2023,4709,20231226,Review
22388,297,4670,20230711,Profile
22389,1032,1936,20250305,Recommendation
22390,5828,1201,20250722,Watch Party
22391,5752,4264,20240208,Review
22392,3802,4912,20230214,Profile
22393,1700,1837,20230113,Recommendation
22394,444,443,20240311,Watch Party
22395,14,1814,20231012,Review
22396,562,3865,20250411,Profile
22397,5222,1567,20250716,Recommendation
22398,2549,2803,20240913,Watch Party
22399,5729,4127,20251014,Review
22400,4976,362,20231011,Profile
22401,2008,3681,20250204,Recommendation
22402,5378,4742,20250213,Watch Party
22403,4109,84,20240707,Review
22404,2770,3091,20230114,Profile
22405,1680,1089,20250901,Recommendation
22406,1864,1543,20251221,Watch Party
22407,1646,4086,20230602,Review
22408,4674,5801,20240219,Profile
22409,4099,1758,20250321,Recommendation
22410,3805,1183,20231106,Watch Party
22411,2608,3159,20240905,Review
22412,5538,1717,20230818,Profile
22413,680,5000,20230416,Recommendation
22414,577,3429,20250319,Watch Party
22415,4473,2205,20230420,Review
22416,2788,3987,20240320,Profile
22417,1041,1722,20240627,Recommendation
22418,3328,5061,20241128,Watch Party
22419,1127,5372,20241028,Review
22420,1497,3785,20240504,Profile
22421,5326,5272,20250809,Recommendation
22422,1668,5192,20230830,Watch Party
22423,5255,134,20241216,Review
22424,62,265,20250120,Profile
22425,476,241,20240625,Recommendation
22426,1901,5677,20231123,Watch Party
22427,2457,4082,20231026,Review
22428,915,3704,20250929,Profile
22429,5132,3583,20240608,Recommendation
22430,1024,540,20250217,Watch Party
22431,4044,5534,20251225,Review
22432,624,754,20250824,Profile
22433,5117,4401,20251013,Recommendation
22434,5233,5956,20231014,Watch Party
22435,5980,3869,20251106,Review
22436,2792,1346,20240923,Profile
22437,113,3555,20250113,Recommendation
22438,5217,3420,20230915,Watch Party
22439,3147,4497,20231102,Review
22440,4391,3743,20240919,Profile
22441,1489,1773,20250401,Recommendation
22442,513,5832,20240318,Watch Party
22443,3353,5857,20230128,Review
22444,2464,878,20231013,Profile
22445,1737,5057,20230113,Recommendation
22446,5018,1206,20230822,Watch Party
22447,482,1991,20230819,Review
22448,2457,5353,20240730,Profile
22449,3874,5458,20250720,Recommendation
22450,4181,4178,20230822,Watch Party
22451,5579,2633,20250217,Review
22452,5098,1000,20240309,Profile
22453,4402,5340,20250417,Recommendation
22454,4748,4075,20241014,Watch Party
22455,4967,4826,20230818,Review
22456,349,5424,20241225,Profile
22457,5413,5653,20240622,Recommendation
22458,4536,462,20250104,Watch Party
22459,420,2720,20230922,Review
22460,1828,3271,20230329,Profile
22461,5217,1772,20230409,Recommendation
22462,5430,28,20230203,Watch Party
22463,2588,5604,20231222,Review
22464,605,1867,20251226,Profile
22465,3773,3236,20231104,Recommendation
22466,5241,2375,20250326,Watch Party
22467,3503,321,20250320,Review
22468,1495,5175,20250207,Profile
22469,2415,65,20250326,Recommendation
22470,5891,4163,20230111,Watch Party
22471,2408,2196,20240510,Review
22472,4763,5967,20241030,Profile
22473,4832,2352,20250116,Recommendation
22474,3011,2598,20250820,Watch Party
22475,5798,5045,20250225,Review
22476,1691,2264,20240803,Profile
22477,3905,3444,20250609,Recommendation
22478,1274,5112,20230410,Watch Party
22479,5588,1460,20251212,Review
22480,1991,5581,20231204,Profile
22481,2424,2756,20251208,Recommendation
22482,5533,3155,20250407,Watch Party
22483,2063,5714,20241231,Review
22484,143,4483,20240413,Profile
22485,1055,2000,20251105,Recommendation
22486,231,2899,20240903,Watch Party
22487,1840,72,20250529,Review
22488,4132,4926,20240406,Profile
22489,2787,4916,20231029,Recommendation
22490,15,2703,20240701,Watch Party
22491,2924,3533,20251202,Review
22492,3208,2492,20230515,Profile
22493,2457,2998,20240510,Recommendation
22494,5463,5195,20250421,Watch Party
22495,5769,5751,20241201,Review
22496,4058,4489,20240116,Profile
22497,699,4012,20230730,Recommendation
22498,3105,5496,20250517,Watch Party
22499,1435,2880,20230615,Review
22500,5483,3383,20241222,Profile
22501,5548,3110,20251228,Recommendation
22502,1821,2346,20230910,Watch Party
22503,3835,3578,20230114,Review
22504,3298,4304,20230319,Profile
22505,1040,2191,20240619,Recommendation
22506,4498,4227,20250826,Watch Party
22507,2477,3021,20231019,Review
22508,5104,2272,20230906,Profile
22509,2721,5821,20250416,Recommendation
22510,1502,1713,20250104,Watch Party
22511,1640,3462,20230409,Review
22512,2204,972,20230319,Profile
22513,1073,4722,20240720,Recommendation
22514,2472,2114,20241203,Watch Party
22515,4097,2626,20240420,Review
22516,2633,4211,20230208,Profile
22517,1239,1478,20230110,Recommendation
22518,3505,2088,20240814,Watch Party
22519,3784,2585,20230830,Review
22520,5342,2272,20240507,Profile
22521,2824,3384,20250317,Recommendation
22522,4477,483,20231206,Watch Party
22523,5181,5730,20231218,Review
22524,5581,2413,20250609,Profile
22525,912,418,20250909,Recommendation
22526,504,1150,20241122,Watch Party
22527,2725,3034,20231215,Review
22528,1999,327,20240710,Profile
22529,4528,1137,20230925,Recommendation
22530,3912,4753,20230705,Watch Party
22531,5632,2076,20250211,Review
22532,2599,5016,20251029,Profile
22533,680,4666,20250714,Recommendation
22534,3066,2468,20250331,Watch Party
22535,1676,4342,20230502,Review
22536,1160,1864,20240511,Profile
22537,5575,5,20250902,Recommendation
22538,5495,4759,20250513,Watch Party
22539,2870,4996,20241019,Review
22540,2838,1412,20240612,Profile
22541,4196,2778,20250418,Recommendation
22542,2504,1373,20251119,Watch Party
22543,5216,5932,20250331,Review
22544,240,5104,20241128,Profile
22545,2701,1601,20250328,Recommendation
22546,4271,2917,20231025,Watch Party
22547,1831,2065,20231109,Review
22548,3238,2711,20241024,Profile
22549,3688,4510,20251204,Recommendation
22550,2309,3952,20241001,Watch Party
22551,5455,1896,20240618,Review
22552,4645,248,20251214,Profile
22553,4448,566,20240720,Recommendation
22554,140,330,20230120,Watch Party
22555,5387,2126,20240307,Review
22556,3295,4098,20251109,Profile
22557,2248,1988,20250409,Recommendation
22558,3576,2477,20230815,Watch Party
22559,82,4579,20230808,Review
22560,1645,1478,20251112,Profile
22561,5955,5727,20240619,Recommendation
22562,5460,128,20250302,Watch Party
22563,3420,1121,20250818,Review
22564,5887,4840,20250311,Profile
22565,701,284,20250610,Recommendation
22566,5966,4929,20230301,Watch Party
22567,4164,3937,20250604,Review
22568,151,5814,20250525,Profile
22569,1201,2486,20231207,Recommendation
22570,5309,4151,20230913,Watch Party
22571,4386,3382,20241123,Review
22572,670,115,20240217,Profile
22573,551,4367,20230626,Recommendation
22574,127,4591,20250730,Watch Party
22575,3702,727,20230829,Review
22576,5188,3274,20240215,Profile
22577,5137,1580,20230202,Recommendation
22578,3710,4109,20230128,Watch Party
22579,5822,4224,20230213,Review
22580,2516,1329,20231227,Profile
22581,5681,904,20250823,Recommendation
22582,2164,5631,20231202,Watch Party
22583,3859,4079,20250530,Review
22584,2306,3242,20230322,Profile
22585,2031,5447,20250511,Recommendation
22586,568,3952,20240705,Watch Party
22587,2854,4035,20230328,Review
22588,1614,4453,20240917,Profile
22589,4561,1062,20230712,Recommendation
22590,5143,3565,20230812,Watch Party
22591,4557,2738,20241006,Review
22592,3159,1962,20230612,Profile
22593,5368,1793,20231008,Recommendation
22594,4641,4488,20230207,Watch Party
22595,4897,5839,20240716,Review
22596,1503,4817,20240503,Profile
22597,697,3333,20250410,Recommendation
22598,5888,3975,20230711,Watch Party
22599,667,3774,20250728,Review
22600,5678,3103,20251126,Profile
22601,4831,5504,20251206,Recommendation
22602,1977,2632,20230121,Watch Party
22603,2398,4472,20240808,Review
22604,3013,24,20250617,Profile
22605,2700,2005,20240508,Recommendation
22606,2593,3743,20231205,Watch Party
22607,255,4189,20240220,Review
22608,5885,2307,20230621,Profile
22609,4629,858,20241228,Recommendation
22610,58,1631,20240319,Watch Party
22611,5777,5841,20241226,Review
22612,219,2697,20250918,Profile
22613,3700,4261,20250207,Recommendation
22614,5863,4742,20240725,Watch Party
22615,3029,4617,20250819,Review
22616,5398,2261,20250920,Profile
22617,3612,1103,20230803,Recommendation
22618,1208,5958,20231121,Watch Party
22619,2799,5556,20250914,Review
22620,2544,5544,20230304,Profile
22621,2945,5134,20250912,Recommendation
22622,5730,843,20230314,Watch Party
22623,612,4594,20231120,Review
22624,848,5148,20230514,Profile
22625,5116,4924,20250711,Recommendation
22626,534,3483,20251107,Watch Party
22627,5768,842,20240306,Review
22628,3242,1210,20240205,Profile
22629,4870,2891,20240106,Recommendation
22630,5135,3599,20250922,Watch Party
22631,2624,24,20240611,Review
22632,2129,1244,20230219,Profile
22633,1749,4249,20230804,Recommendation
22634,3572,4139,20240112,Watch Party
22635,5670,1544,20231214,Review
22636,106,3189,20230817,Profile
22637,5089,5749,20250515,Recommendation
22638,5155,4314,20240625,Watch Party
22639,1829,4704,20240916,Review
22640,546,5435,20250628,Profile
22641,2841,543,20240829,Recommendation
22642,899,2637,20241115,Watch Party
22643,117,124,20241025,Review
22644,3678,3005,20230901,Profile
22645,4908,1663,20250723,Recommendation
22646,1036,1390,20240908,Watch Party
22647,5035,1905,20230826,Review
22648,5794,1412,20240215,Profile
22649,3499,5160,20230929,Recommendation
22650,1256,3158,20231015,Watch Party
22651,5258,2571,20250427,Review
22652,4105,2575,20240611,Profile
22653,3553,5337,20250926,Recommendation
22654,5924,2252,20230113,Watch Party
22655,1118,2151,20231230,Review
22656,1237,4667,20230210,Profile
22657,4757,501,20250322,Recommendation
22658,3944,2708,20240331,Watch Party
22659,911,5349,20250825,Review
22660,355,5774,20231017,Profile
22661,3555,4684,20240118,Recommendation
22662,3602,2428,20230608,Watch Party
22663,3001,26,20250606,Review
22664,5948,2624,20250926,Profile
22665,2034,4631,20250926,Recommendation
22666,633,4567,20250522,Watch Party
22667,2693,2353,20251104,Review
22668,5445,1054,20230927,Profile
22669,5389,3924,20240702,Recommendation
22670,5235,1268,20230924,Watch Party
22671,3602,4190,20240416,Review
22672,2881,3984,20240620,Profile
22673,1363,3696,20251117,Recommendation
22674,4422,1498,20230924,Watch Party
22675,4537,5549,20241009,Review
22676,1229,1679,20241113,Profile
22677,267,3226,20231218,Recommendation
22678,4902,967,20240623,Watch Party
22679,5606,3391,20250531,Review
22680,69,217,20231021,Profile
22681,48,1505,20250319,Recommendation
22682,1094,577,20240330,Watch Party
22683,513,1780,20241119,Review
22684,4335,3381,20231203,Profile
22685,1458,1874,20240716,Recommendation
22686,1837,3194,20230427,Watch Party
22687,2718,4664,20241013,Review
22688,5535,4533,20250426,Profile
22689,1948,4229,20230602,Recommendation
22690,3960,4209,20240816,Watch Party
22691,2486,4806,20251022,Review
22692,484,3183,20250107,Profile
22693,4970,1724,20240717,Recommendation
22694,2589,4677,20230624,Watch Party
22695,622,4163,20230709,Review
22696,5731,1653,20240405,Profile
22697,123,5983,20240208,Recommendation
22698,2742,1787,20240705,Watch Party
22699,5652,2590,20230826,Review
22700,4124,4126,20251023,Profile
22701,4078,3868,20230830,Recommendation
22702,2980,74,20240105,Watch Party
22703,5695,2932,20240402,Review
22704,2564,4993,20241212,Profile
22705,178,2559,20241114,Recommendation
22706,5644,4919,20240604,Watch Party
22707,2258,5719,20231006,Review
22708,1253,1027,20240531,Profile
22709,1362,473,20231112,Recommendation
22710,4481,3016,20231225,Watch Party
22711,3925,601,20250516,Review
22712,3425,5050,20231124,Profile
22713,859,545,20240424,Recommendation
22714,3578,4533,20241227,Watch Party
22715,5693,2223,20231129,Review
22716,2578,497,20250827,Profile
22717,5000,3189,20230116,Recommendation
22718,1639,5990,20241017,Watch Party
22719,3631,3830,20240713,Review
22720,5936,5742,20240527,Profile
22721,1729,5921,20240809,Recommendation
22722,4025,2308,20230509,Watch Party
22723,1089,2008,20230217,Review
22724,315,2709,20241026,Profile
22725,3906,3588,20230914,Recommendation
22726,4840,3383,20231101,Watch Party
22727,988,4191,20250608,Review
22728,5738,2214,20230121,Profile
22729,3493,3353,20240417,Recommendation
22730,5530,3689,20250106,Watch Party
22731,1994,4427,20251013,Review
22732,3759,2738,20240626,Profile
22733,1021,157,20240321,Recommendation
22734,5625,3376,20240612,Watch Party
22735,4557,838,20230126,Review
22736,3944,708,20230922,Profile
22737,3127,2590,20231224,Recommendation
22738,2258,2757,20250716,Watch Party
22739,5433,3693,20250607,Review
22740,3879,2498,20240628,Profile
22741,4725,2616,20250724,Recommendation
22742,4528,2846,20230925,Watch Party
22743,950,2190,20250726,Review
22744,3024,3087,20230324,Profile
22745,5255,3950,20250325,Recommendation
22746,420,2062,20230617,Watch Party
22747,129,3649,20240206,Review
22748,2939,593,20230320,Profile
22749,1516,2517,20230318,Recommendation
22750,3037,2979,20241008,Watch Party
22751,4705,5386,20240112,Review
22752,2250,3983,20231229,Profile
22753,3889,526,20240417,Recommendation
22754,1636,1907,20241128,Watch Party
22755,992,4931,20250118,Review
22756,1160,4218,20240805,Profile
22757,65,5349,20251023,Recommendation
22758,3538,4868,20230325,Watch Party
22759,5639,2559,20241219,Review
22760,4273,4616,20250604,Profile
22761,5502,5962,20250117,Recommendation
22762,1417,2594,20230411,Watch Party
22763,5896,5179,20250606,Review
22764,2572,4811,20231127,Profile
22765,595,2458,20240103,Recommendation
22766,1180,3027,20230715,Watch Party
22767,4912,652,20230417,Review
22768,5724,3392,20250210,Profile
22769,3978,574,20251208,Recommendation
22770,1159,4809,20250217,Watch Party
22771,1049,5899,20241120,Review
22772,189,3066,20240812,Profile
22773,3278,4872,20230308,Recommendation
22774,2610,2479,20240606,Watch Party
22775,5579,1248,20231124,Review
22776,2887,3695,20240526,Profile
22777,5505,4449,20250902,Recommendation
22778,1415,1232,20230711,Watch Party
22779,1552,3560,20251121,Review
22780,3480,2832,20250407,Profile
22781,1602,3257,20230904,Recommendation
22782,1622,2497,20251126,Watch Party
22783,2073,226,20231015,Review
22784,2832,4381,20230111,Profile
22785,949,5467,20230827,Recommendation
22786,1762,944,20250226,Watch Party
22787,5406,343,20251226,Review
22788,4716,1322,20250624,Profile
22789,1460,3640,20250429,Recommendation
22790,5376,5528,20250613,Watch Party
22791,1637,2190,20230119,Review
22792,3033,314,20240123,Profile
22793,4196,5750,20250113,Recommendation
22794,1682,5631,20250304,Watch Party
22795,344,3192,20240118,Review
22796,110,4694,20251012,Profile
22797,1716,4525,20240621,Recommendation
22798,3319,5654,20231220,Watch Party
22799,1045,1912,20250619,Review
22800,4982,5128,20230223,Profile
22801,2256,1586,20230525,Recommendation
22802,1166,3573,20230918,Watch Party
22803,2786,5489,20230508,Review
22804,2811,5219,20240319,Profile
22805,305,3073,20250730,Recommendation
22806,3337,4985,20231202,Watch Party
22807,5247,4188,20250321,Review
22808,1529,4991,20230208,Profile
22809,5032,3581,20250111,Recommendation
22810,1124,4751,20241217,Watch Party
22811,5785,2607,20230520,Review
22812,5780,5545,20230629,Profile
22813,5183,5432,20230603,Recommendation
22814,3059,3356,20250602,Watch Party
22815,5088,4457,20230108,Review
22816,1882,349,20240218,Profile
22817,4785,967,20230514,Recommendation
22818,5768,798,20230907,Watch Party
22819,4652,1998,20250306,Review
22820,29,4082,20240419,Profile
22821,844,838,20241115,Recommendation
22822,1141,3878,20241114,Watch Party
22823,5397,5961,20241209,Review
22824,5427,2372,20230603,Profile
22825,2373,2178,20230601,Recommendation
22826,834,2880,20230820,Watch Party
22827,2602,2884,20240102,Review
22828,5707,1784,20250607,Profile
22829,2675,3163,20230426,Recommendation
22830,4753,4351,20251124,Watch Party
22831,1848,2791,20230722,Review
22832,2060,4421,20241217,Profile
22833,4734,2800,20240229,Recommendation
22834,5865,5266,20250912,Watch Party
22835,908,1091,20231104,Review
22836,3549,1208,20250318,Profile
22837,5536,1561,20241211,Recommendation
22838,5669,3307,20241219,Watch Party
22839,3130,4118,20250326,Review
22840,5737,4029,20251003,Profile
22841,4232,3496,20230615,Recommendation
22842,4067,3056,20240109,Watch Party
22843,5911,4247,20250325,Review
22844,3728,506,20240805,Profile
22845,3443,1599,20251215,Recommendation
22846,866,80,20231125,Watch Party
22847,636,700,20250409,Review
22848,911,2037,20240731,Profile
22849,4908,5842,20250123,Recommendation
22850,4901,2673,20250213,Watch Party
22851,2250,5997,20241117,Review
22852,2577,4,20231104,Profile
22853,124,5996,20230618,Recommendation
22854,2773,5976,20230123,Watch Party
22855,4247,2618,20240608,Review
22856,1152,940,20250206,Profile
22857,3949,309,20250609,Recommendation
22858,5101,8,20230624,Watch Party
22859,4223,3876,20251110,Review
22860,4485,4729,20231025,Profile
22861,2700,4272,20241014,Recommendation
22862,1996,2521,20230105,Watch Party
22863,1641,875,20240317,Review
22864,5188,267,20250321,Profile
22865,4330,5858,20241231,Recommendation
22866,2585,2594,20241226,Watch Party
22867,2748,2125,20251017,Review
22868,3155,2057,20230205,Profile
22869,508,4218,20240614,Recommendation
22870,3195,5081,20250910,Watch Party
22871,3659,5875,20240918,Review
22872,1166,3731,20240602,Profile
22873,2928,2898,20241119,Recommendation
22874,4175,435,20240202,Watch Party
22875,3867,4537,20250621,Review
22876,5900,4382,20250116,Profile
22877,3836,5730,20241102,Recommendation
22878,3428,3434,20251007,Watch Party
22879,294,5389,20250101,Review
22880,1617,3708,20240102,Profile
22881,656,5614,20230701,Recommendation
22882,5584,1286,20231214,Watch Party
22883,4834,1695,20250522,Review
22884,1503,2169,20240616,Profile
22885,4100,1690,20251112,Recommendation
22886,3114,2024,20230318,Watch Party
22887,3739,5843,20250902,Review
22888,4134,1328,20240522,Profile
22889,666,1986,20230802,Recommendation
22890,1534,2394,20240531,Watch Party
22891,1543,3766,20240201,Review
22892,4544,470,20230506,Profile
22893,129,1099,20250808,Recommendation
22894,3047,462,20240315,Watch Party
22895,4746,621,20240901,Review
22896,4,2409,20240923,Profile
22897,5027,5589,20251209,Recommendation
22898,5419,3547,20250220,Watch Party
22899,1899,5140,20250415,Review
22900,3461,3209,20240617,Profile
22901,1289,2272,20240311,Recommendation
22902,2995,1532,20230329,Watch Party
22903,103,2879,20230211,Review
22904,2867,3102,20251031,Profile
22905,1870,790,20251106,Recommendation
22906,2801,1044,20240924,Watch Party
22907,810,745,20230907,Review
22908,2419,4665,20240914,Profile
22909,258,1861,20250427,Recommendation
22910,5987,3636,20240531,Watch Party
22911,1020,5733,20240903,Review
22912,5689,3403,20230301,Profile
22913,596,2908,20240315,Recommendation
22914,2461,440,20250913,Watch Party
22915,4460,2646,20240727,Review
22916,4516,493,20240224,Profile
22917,2217,4216,20250112,Recommendation
22918,2685,5640,20240930,Watch Party
22919,996,5203,20230304,Review
22920,1918,1135,20250316,Profile
22921,3885,1969,20251028,Recommendation
22922,2803,1076,20250213,Watch Party
22923,3140,893,20240603,Review
22924,2800,421,20230119,Profile
22925,2645,3786,20231123,Recommendation
22926,5888,1817,20240321,Watch Party
22927,5819,753,20230418,Review
22928,3811,2834,20230410,Profile
22929,3477,822,20250530,Recommendation
22930,1775,5844,20250616,Watch Party
22931,2282,2763,20240624,Review
22932,155,5127,20250725,Profile
22933,4738,5284,20231101,Recommendation
22934,5748,2266,20240607,Watch Party
22935,2903,5132,20251005,Review
22936,1206,5724,20230714,Profile
22937,3741,5159,20240807,Recommendation
22938,116,5056,20250417,Watch Party
22939,2215,4934,20231012,Review
22940,2913,1912,20250804,Profile
22941,4110,311,20230927,Recommendation
22942,2703,3138,20250713,Watch Party
22943,1196,2241,20230611,Review
22944,5885,4764,20230723,Profile
22945,3246,5842,20241105,Recommendation
22946,5465,2083,20230606,Watch Party
22947,3549,950,20231211,Review
22948,4139,2402,20230804,Profile
22949,1708,2573,20250122,Recommendation
22950,3024,1746,20241216,Watch Party
22951,3245,259,20241130,Review
22952,2296,260,20230116,Profile
22953,2651,4522,20230813,Recommendation
22954,3163,3658,20230102,Watch Party
22955,2881,2760,20230728,Review
22956,3631,4078,20230421,Profile
22957,73,5286,20240125,Recommendation
22958,3356,4857,20230301,Watch Party
22959,4509,3756,20231122,Review
22960,3430,1017,20240124,Profile
22961,2097,4390,20230428,Recommendation
22962,3047,494,20240901,Watch Party
22963,5574,3318,20230329,Review
22964,3225,2082,20251109,Profile
22965,3646,1452,20241124,Recommendation
22966,2310,4321,20240611,Watch Party
22967,2100,5633,20230226,Review
22968,5739,4770,20250927,Profile
22969,5362,1690,20230306,Recommendation
22970,1041,3563,20240605,Watch Party
22971,101,586,20250704,Review
22972,327,3402,20251203,Profile
22973,5593,5679,20250610,Recommendation
22974,101,4645,20240824,Watch Party
22975,4381,1700,20250321,Review
22976,3071,1903,20241114,Profile
22977,2477,3449,20241220,Recommendation
22978,1779,1290,20250225,Watch Party
22979,2372,3813,20241126,Review
22980,551,2913,20230506,Profile
22981,5636,2490,20250526,Recommendation
22982,2062,1382,20250810,Watch Party
22983,957,5701,20240401,Review
22984,4579,5005,20250324,Profile
22985,3195,133,20230121,Recommendation
22986,3544,1765,20231225,Watch Party
22987,4879,1550,20230617,Review
22988,670,2817,20230527,Profile
22989,5714,2646,20250315,Recommendation
22990,291,1176,20240428,Watch Party
22991,499,3749,20250917,Review
22992,5301,2520,20230731,Profile
22993,1751,2676,20240429,Recommendation
22994,3234,782,20231010,Watch Party
22995,4576,1141,20231202,Review
22996,973,5501,20250622,Profile
22997,5325,4122,20251017,Recommendation
22998,1115,2511,20251008,Watch Party
22999,708,532,20240504,Review
23000,1582,5756,20250728,Profile
23001,5129,1069,20250828,Recommendation
23002,1774,565,20250424,Watch Party
23003,1159,570,20250914,Review
23004,3758,1506,20240401,Profile
23005,3983,3816,20251128,Recommendation
23006,1864,1737,20241012,Watch Party
23007,4160,4683,20241016,Review
23008,5123,2845,20240330,Profile
23009,829,751,20230318,Recommendation
23010,5120,4150,20230420,Watch Party
23011,5157,5838,20250703,Review
23012,2003,244,20250617,Profile
23013,5150,104,20241104,Recommendation
23014,5875,48,20240825,Watch Party
23015,28,5107,20250611,Review
23016,1189,4390,20231015,Profile
23017,221,1381,20230226,Recommendation
23018,3303,1404,20230825,Watch Party
23019,4650,3302,20241029,Review
23020,4190,564,20250416,Profile
23021,5443,1104,20230130,Recommendation
23022,952,2510,20251120,Watch Party
23023,3522,398,20250409,Review
23024,1769,5135,20231017,Profile
23025,4613,2577,20240720,Recommendation
23026,2384,673,20250604,Watch Party
23027,2293,5438,20240825,Review
23028,1983,3169,20250823,Profile
23029,4112,5418,20251201,Recommendation
23030,1175,5524,20240410,Watch Party
23031,3432,5722,20230323,Review
23032,1781,5526,20231026,Profile
23033,1863,5358,20250929,Recommendation
23034,5907,3314,20250920,Watch Party
23035,4916,4567,20230823,Review
23036,5922,5207,20240720,Profile
23037,1842,380,20241025,Recommendation
23038,372,2771,20240215,Watch Party
23039,1093,4823,20240818,Review
23040,3784,654,20250116,Profile
23041,3721,5130,20240305,Recommendation
23042,4662,3084,20240426,Watch Party
23043,4829,1724,20240828,Review
23044,5316,3776,20251224,Profile
23045,3790,3402,20251225,Recommendation
23046,4451,3186,20240328,Watch Party
23047,689,4193,20240517,Review
23048,5674,5555,20251209,Profile
23049,4995,5603,20240428,Recommendation
23050,3353,2662,20231016,Watch Party
23051,3571,4657,20241114,Review
23052,5474,513,20240530,Profile
23053,5136,3652,20230914,Recommendation
23054,5728,5265,20250626,Watch Party
23055,2656,409,20231227,Review
23056,5060,2878,20230220,Profile
23057,1932,1712,20241114,Recommendation
23058,4792,5067,20250602,Watch Party
23059,5628,1654,20250111,Review
23060,580,400,20230918,Profile
23061,1304,2653,20240527,Recommendation
23062,5832,1129,20231102,Watch Party
23063,808,4695,20230724,Review
23064,3680,4788,20231025,Profile
23065,5160,5430,20250826,Recommendation
23066,3104,4388,20230309,Watch Party
23067,528,28,20230129,Review
23068,2408,825,20240518,Profile
23069,5322,3547,20240504,Recommendation
23070,625,714,20241016,Watch Party
23071,5582,4338,20250701,Review
23072,1876,5126,20230831,Profile
23073,3111,841,20240506,Recommendation
23074,2587,3426,20230105,Watch Party
23075,1415,4211,20230315,Review
23076,4985,2473,20241118,Profile
23077,5099,3160,20241201,Recommendation
23078,2624,1711,20250804,Watch Party
23079,3235,1302,20240625,Review
23080,1817,3005,20251115,Profile
23081,4198,886,20231021,Recommendation
23082,3032,1300,20230126,Watch Party
23083,2339,5432,20231207,Review
23084,2435,580,20250318,Profile
23085,529,5591,20230219,Recommendation
23086,5574,3759,20230126,Watch Party
23087,3305,4310,20240304,Review
23088,2185,3797,20241118,Profile
23089,3341,5246,20250912,Recommendation
23090,2267,155,20240519,Watch Party
23091,5034,2507,20240130,Review
23092,2749,4208,20230510,Profile
23093,5596,2809,20240430,Recommendation
23094,4216,1378,20230716,Watch Party
23095,3489,1152,20240629,Review
23096,802,276,20240421,Profile
23097,5137,2924,20240409,Recommendation
23098,3867,4739,20231210,Watch Party
23099,748,4432,20240904,Review
23100,3897,3421,20230802,Profile
23101,2807,5544,20231130,Recommendation
23102,931,5941,20230704,Watch Party
23103,3552,5651,20231129,Review
23104,1261,889,20231119,Profile
23105,1771,868,20241204,Recommendation
23106,3149,2191,20240718,Watch Party
23107,4661,482,20230902,Review
23108,5126,3862,20240830,Profile
23109,4158,1825,20230211,Recommendation
23110,1272,3253,20230416,Watch Party
23111,1960,4878,20250720,Review
23112,1911,3043,20240714,Profile
23113,717,1650,20231014,Recommendation
23114,689,3122,20231113,Watch Party
23115,2074,66,20230623,Review
23116,2807,2351,20250725,Profile
23117,5652,679,20250616,Recommendation
23118,375,5911,20230923,Watch Party
23119,2886,2728,20241229,Review
23120,4450,1535,20240128,Profile
23121,2821,2774,20230924,Recommendation
23122,5381,881,20250923,Watch Party
23123,4045,473,20250829,Review
23124,5538,4305,20251031,Profile
23125,2381,279,20240903,Recommendation
23126,5536,936,20240907,Watch Party
23127,3631,4478,20250727,Review
23128,2967,1288,20241212,Profile
23129,5950,3786,20240926,Recommendation
23130,1695,3184,20251121,Watch Party
23131,1543,4199,20240515,Review
23132,2406,5322,20230420,Profile
23133,1177,4205,20241130,Recommendation
23134,2527,2538,20240709,Watch Party
23135,223,2316,20240722,Review
23136,2796,4938,20250605,Profile
23137,5517,1684,20240502,Recommendation
23138,4643,4415,20231125,Watch Party
23139,3217,4949,20231120,Review
23140,662,5249,20231001,Profile
23141,1958,826,20240312,Recommendation
23142,5697,2188,20250820,Watch Party
23143,5181,5529,20250809,Review
23144,2092,421,20240122,Profile
23145,3218,577,20231010,Recommendation
23146,5643,1547,20250409,Watch Party
23147,5301,5566,20250405,Review
23148,892,1983,20240919,Profile
23149,1017,1910,20240628,Recommendation
23150,3888,746,20240724,Watch Party
23151,4507,5995,20230131,Review
23152,1081,3029,20250814,Profile
23153,1635,2264,20230901,Recommendation
23154,1287,5857,20250120,Watch Party
23155,365,3813,20251107,Review
23156,756,5614,20240805,Profile
23157,4953,630,20240828,Recommendation
23158,646,442,20250501,Watch Party
23159,4590,1030,20240805,Review
23160,4059,3169,20250219,Profile
23161,2507,4103,20241202,Recommendation
23162,5822,1359,20230714,Watch Party
23163,1801,107,20250125,Review
23164,736,5855,20231228,Profile
23165,35,3105,20250319,Recommendation
23166,4674,2868,20250512,Watch Party
23167,3773,5032,20230605,Review
23168,5755,3714,20230805,Profile
23169,3228,4080,20250816,Recommendation
23170,910,5643,20251213,Watch Party
23171,4884,3671,20230625,Review
23172,3173,495,20240823,Profile
23173,3993,3955,20241205,Recommendation
23174,4350,4284,20241022,Watch Party
23175,1139,3632,20250621,Review
23176,5639,3137,20230529,Profile
23177,5011,2346,20250122,Recommendation
23178,2484,2000,20230428,Watch Party
23179,4486,4275,20240903,Review
23180,5942,4705,20251112,Profile
23181,2453,453,20250607,Recommendation
23182,1703,2384,20251219,Watch Party
23183,5060,466,20240108,Review
23184,2303,2769,20251122,Profile
23185,5937,5136,20231008,Recommendation
23186,5955,1344,20240117,Watch Party
23187,1275,3461,20230913,Review
23188,3682,3946,20250828,Profile
23189,5583,2416,20230719,Recommendation
23190,1208,5531,20230216,Watch Party
23191,1936,5870,20250427,Review
23192,5356,3811,20250101,Profile
23193,2514,3829,20231201,Recommendation
23194,4304,4795,20240605,Watch Party
23195,4655,2309,20230701,Review
23196,4175,4528,20251217,Profile
23197,1452,4486,20231029,Recommendation
23198,1735,4672,20240513,Watch Party
23199,3524,4582,20230301,Review
23200,2358,5073,20250521,Profile
23201,1385,1965,20230705,Recommendation
23202,3701,4561,20241007,Watch Party
23203,2866,4214,20250430,Review
23204,5342,4720,20250413,Profile
23205,158,2763,20251206,Recommendation
23206,1723,3221,20240128,Watch Party
23207,2400,4423,20251216,Review
23208,5128,3084,20240221,Profile
23209,1550,232,20250507,Recommendation
23210,215,288,20250309,Watch Party
23211,3472,3212,20240630,Review
23212,3164,2646,20230920,Profile
23213,1268,326,20230908,Recommendation
23214,4730,1043,20230518,Watch Party
23215,1239,3792,20240228,Review
23216,5434,2344,20230629,Profile
23217,4001,5843,20230424,Recommendation
23218,4866,3253,20240216,Watch Party
23219,2749,4162,20230519,Review
23220,5133,2634,20240115,Profile
23221,3361,136,20240913,Recommendation
23222,5710,4231,20250215,Watch Party
23223,1979,3944,20240403,Review
23224,5133,5022,20230111,Profile
23225,738,5830,20251231,Recommendation
23226,1533,1844,20230922,Watch Party
23227,4172,5752,20231226,Review
23228,195,1476,20250104,Profile
23229,2373,4937,20240514,Recommendation
23230,1041,138,20230108,Watch Party
23231,978,2953,20240914,Review
23232,4329,931,20230719,Profile
23233,5831,4498,20250531,Recommendation
23234,4392,40,20240406,Watch Party
23235,120,5517,20250917,Review
23236,2510,1561,20241127,Profile
23237,513,1431,20250402,Recommendation
23238,177,994,20240502,Watch Party
23239,4743,3601,20250612,Review
23240,730,3497,20240127,Profile
23241,4711,1245,20240505,Recommendation
23242,2329,2227,20231101,Watch Party
23243,2816,113,20250502,Review
23244,5635,3120,20240427,Profile
23245,5475,2109,20250123,Recommendation
23246,2215,4747,20251218,Watch Party
23247,1500,5910,20250828,Review
23248,4291,5538,20231004,Profile
23249,3499,5890,20230822,Recommendation
23250,1470,3843,20230313,Watch Party
23251,2783,4450,20251212,Review
23252,5569,20,20241225,Profile
23253,1262,4370,20231221,Recommendation
23254,1205,4489,20240618,Watch Party
23255,1663,1370,20250214,Review
23256,3856,2690,20250917,Profile
23257,3718,4877,20231026,Recommendation
23258,70,2695,20230405,Watch Party
23259,5216,2634,20240327,Review
23260,4602,2620,20241216,Profile
23261,1944,4425,20230709,Recommendation
23262,3873,1199,20240902,Watch Party
23263,2190,1794,20231112,Review
23264,837,4367,20240608,Profile
23265,1915,3104,20250726,Recommendation
23266,4785,1002,20251216,Watch Party
23267,5687,1188,20250501,Review
23268,487,1336,20240208,Profile
23269,2058,1323,20250513,Recommendation
23270,2403,3500,20230714,Watch Party
23271,2819,5019,20250519,Review
23272,162,2235,20230204,Profile
23273,3201,319,20250608,Recommendation
23274,922,460,20240131,Watch Party
23275,4587,1842,20231206,Review
23276,4431,1728,20250926,Profile
23277,1690,1398,20241223,Recommendation
23278,3251,3205,20230403,Watch Party
23279,749,4985,20230208,Review
23280,1046,5758,20230225,Profile
23281,3183,418,20251212,Recommendation
23282,4586,2475,20240908,Watch Party
23283,5183,539,20250330,Review
23284,3376,2196,20240722,Profile
23285,2317,1364,20240319,Recommendation
23286,3980,2976,20241124,Watch Party
23287,4400,433,20230606,Review
23288,4208,1519,20251018,Profile
23289,3988,5578,20230423,Recommendation
23290,4473,5347,20230830,Watch Party
23291,2427,5778,20250530,Review
23292,451,1534,20240304,Profile
23293,4069,4557,20250523,Recommendation
23294,5429,162,20230903,Watch Party
23295,5768,3936,20241213,Review
23296,1932,1553,20230502,Profile
23297,4654,1729,20240408,Recommendation
23298,5596,3390,20241224,Watch Party
23299,3536,3572,20250301,Review
23300,891,2960,20230426,Profile
23301,1905,4216,20230901,Recommendation
23302,2183,1079,20240220,Watch Party
23303,4068,2560,20250302,Review
23304,5226,5006,20241209,Profile
23305,1761,5976,20251208,Recommendation
23306,5237,1256,20251109,Watch Party
23307,3934,2148,20230505,Review
23308,3544,4737,20250823,Profile
23309,1600,556,20251201,Recommendation
23310,4236,1030,20230803,Watch Party
23311,4165,1958,20230109,Review
23312,5823,3421,20230827,Profile
23313,5800,3796,20251124,Recommendation
23314,822,284,20230630,Watch Party
23315,4463,687,20240908,Review
23316,3286,5110,20250425,Profile
23317,4981,5343,20231231,Recommendation
23318,3790,4807,20231108,Watch Party
23319,5501,1140,20240209,Review
23320,1758,2489,20230127,Profile
23321,1146,2915,20240305,Recommendation
23322,5049,3178,20241218,Watch Party
23323,3678,3421,20250114,Review
23324,58,4611,20240312,Profile
23325,4822,4377,20240901,Recommendation
23326,1246,2963,20250115,Watch Party
23327,2783,5311,20240621,Review
23328,1167,2515,20250806,Profile
23329,4569,1661,20230903,Recommendation
23330,2683,2264,20250822,Watch Party
23331,3122,5431,20230103,Review
23332,5057,4889,20240318,Profile
23333,2223,4067,20230902,Recommendation
23334,4437,3809,20250524,Watch Party
23335,5270,1917,20230416,Review
23336,5077,488,20250104,Profile
23337,446,4006,20241130,Recommendation
23338,5184,3240,20230513,Watch Party
23339,5285,4628,20250212,Review
23340,2495,3677,20250828,Profile
23341,927,1409,20240514,Recommendation
23342,497,4290,20250531,Watch Party
23343,302,5613,20240515,Review
23344,1708,2783,20251113,Profile
23345,3229,2400,20230305,Recommendation
23346,4632,4941,20230114,Watch Party
23347,2871,3244,20241106,Review
23348,1975,472,20230507,Profile
23349,2771,599,20230215,Recommendation
23350,1652,4653,20231117,Watch Party
23351,3038,3465,20240611,Review
23352,1509,2359,20241006,Profile
23353,1090,3935,20240819,Recommendation
23354,4475,3934,20230818,Watch Party
23355,4249,2399,20230504,Review
23356,2606,5496,20251114,Profile
23357,1286,783,20240211,Recommendation
23358,1562,4697,20240418,Watch Party
23359,3082,3330,20240905,Review
23360,4011,2796,20230731,Profile
23361,1629,37,20230620,Recommendation
23362,5567,4083,20230530,Watch Party
23363,1263,4561,20250922,Review
23364,2324,3845,20240930,Profile
23365,1100,3465,20240825,Recommendation
23366,487,3442,20241212,Watch Party
23367,1610,4577,20250902,Review
23368,1019,2598,20230429,Profile
23369,4553,5930,20250820,Recommendation
23370,3714,628,20230518,Watch Party
23371,217,4203,20240217,Review
23372,1256,5884,20250425,Profile
23373,5511,2064,20250926,Recommendation
23374,3954,3991,20250520,Watch Party
23375,1278,5075,20250823,Review
23376,2884,4028,20230615,Profile
23377,2501,3056,20241219,Recommendation
23378,1611,1892,20240929,Watch Party
23379,3546,2032,20241228,Review
23380,5828,2170,20251121,Profile
23381,2985,4202,20240309,Recommendation
23382,1873,3277,20251008,Watch Party
23383,5443,5112,20231016,Review
23384,919,1461,20230211,Profile
23385,2015,3239,20230226,Recommendation
23386,4943,4244,20230120,Watch Party
23387,5818,463,20240606,Review
23388,123,4369,20250815,Profile
23389,5868,99,20250928,Recommendation
23390,3217,2663,20230811,Watch Party
23391,1471,238,20241217,Review
23392,550,1531,20241206,Profile
23393,1371,2718,20231227,Recommendation
23394,1750,5194,20240526,Watch Party
23395,4632,3853,20230620,Review
23396,4850,3258,20230805,Profile
23397,3111,2045,20251019,Recommendation
23398,2542,3352,20231225,Watch Party
23399,1716,609,20250904,Review
23400,5397,5456,20240615,Profile
23401,4267,2442,20240906,Recommendation
23402,4988,2690,20230322,Watch Party
23403,3665,5488,20240409,Review
23404,2788,4788,20251226,Profile
23405,1064,5156,20230930,Recommendation
23406,4913,4418,20250920,Watch Party
23407,4677,77,20240205,Review
23408,2766,3839,20240524,Profile
23409,4481,3952,20230710,Recommendation
23410,4304,5845,20251028,Watch Party
23411,5874,1279,20230617,Review
23412,3625,3970,20251026,Profile
23413,5782,5906,20240409,Recommendation
23414,2085,2261,20230205,Watch Party
23415,5819,3797,20230105,Review
23416,5428,5988,20250206,Profile
23417,5417,4572,20250906,Recommendation
23418,940,648,20240521,Watch Party
23419,5893,574,20230407,Review
23420,4934,5401,20231108,Profile
23421,4072,2933,20250131,Recommendation
23422,891,4642,20230318,Watch Party
23423,2294,2996,20230731,Review
23424,1377,1957,20250722,Profile
23425,311,4234,20240527,Recommendation
23426,1293,699,20250124,Watch Party
23427,9,4576,20250707,Review
23428,2358,5678,20250916,Profile
23429,1367,501,20241011,Recommendation
23430,3438,5051,20230522,Watch Party
23431,5373,5012,20230213,Review
23432,2302,2573,20250425,Profile
23433,5698,2039,20240828,Recommendation
23434,5924,734,20231114,Watch Party
23435,3007,4625,20250711,Review
23436,2274,3867,20230421,Profile
23437,2010,1406,20231228,Recommendation
23438,1706,262,20230213,Watch Party
23439,1029,2118,20250316,Review
23440,4033,3288,20240730,Profile
23441,19,4256,20240416,Recommendation
23442,5527,452,20240915,Watch Party
23443,5628,2366,20251229,Review
23444,3277,5146,20231129,Profile
23445,1190,3467,20231006,Recommendation
23446,5217,1468,20250722,Watch Party
23447,2842,5712,20230919,Review
23448,936,2965,20231110,Profile
23449,3519,2522,20250317,Recommendation
23450,5346,492,20230626,Watch Party
23451,650,4852,20250827,Review
23452,3226,4482,20240121,Profile
23453,784,4135,20250705,Recommendation
23454,384,2462,20251203,Watch Party
23455,2866,5995,20230428,Review
23456,765,2332,20250204,Profile
23457,593,3977,20230630,Recommendation
23458,3683,2576,20230908,Watch Party
23459,2570,3928,20230407,Review
23460,4005,5483,20231206,Profile
23461,1972,782,20250807,Recommendation
23462,5043,2833,20231225,Watch Party
23463,3125,3059,20230906,Review
23464,2499,1309,20230808,Profile
23465,1521,2115,20230116,Recommendation
23466,5821,2018,20250919,Watch Party
23467,3020,5483,20240326,Review
23468,2637,375,20231217,Profile
23469,2967,3342,20240403,Recommendation
23470,3011,4871,20250111,Watch Party
23471,2405,5140,20250919,Review
23472,196,5565,20240820,Profile
23473,2598,5925,20240827,Recommendation
23474,3319,2828,20240605,Watch Party
23475,1792,3124,20231215,Review
23476,2622,5749,20240418,Profile
23477,2922,757,20240817,Recommendation
23478,3599,1547,20240419,Watch Party
23479,2616,264,20240515,Review
23480,798,1674,20230529,Profile
23481,2034,3864,20250111,Recommendation
23482,1638,3648,20251118,Watch Party
23483,3683,1622,20240428,Review
23484,4484,4967,20250223,Profile
23485,2799,994,20240118,Recommendation
23486,3977,2313,20231002,Watch Party
23487,721,1444,20250826,Review
23488,5190,3542,20240421,Profile
23489,5138,4665,20240116,Recommendation
23490,5998,3168,20240815,Watch Party
23491,4294,5236,20250606,Review
23492,1531,5592,20230402,Profile
23493,5813,5629,20241206,Recommendation
23494,2267,2407,20230818,Watch Party
23495,1084,5008,20230929,Review
23496,2864,1128,20230102,Profile
23497,5049,3240,20231230,Recommendation
23498,4128,1073,20230817,Watch Party
23499,3374,2790,20230223,Review
23500,5274,3803,20230504,Profile
23501,4661,4849,20230828,Recommendation
23502,3261,3863,20251202,Watch Party
23503,3592,5057,20240103,Review
23504,5687,167,20240804,Profile
23505,3339,2395,20230906,Recommendation
23506,2805,2951,20250103,Watch Party
23507,1704,449,20241105,Review
23508,2405,369,20230420,Profile
23509,2002,2245,20250612,Recommendation
23510,3547,1466,20240428,Watch Party
23511,381,3194,20230909,Review
23512,5793,4446,20231206,Profile
23513,46,912,20240627,Recommendation
23514,2271,3161,20240518,Watch Party
23515,4006,222,20230329,Review
23516,5123,1984,20230415,Profile
23517,4236,679,20240812,Recommendation
23518,5554,1803,20251120,Watch Party
23519,5177,3325,20230428,Review
23520,2074,77,20231003,Profile
23521,5493,142,20240202,Recommendation
23522,2612,4318,20240908,Watch Party
23523,2374,2692,20240125,Review
23524,905,3452,20230403,Profile
23525,3191,1033,20230729,Recommendation
23526,3302,5614,20240102,Watch Party
23527,4777,3327,20230722,Review
23528,2938,3648,20231107,Profile
23529,3329,4042,20250512,Recommendation
23530,4164,5588,20240617,Watch Party
23531,5674,964,20250314,Review
23532,3562,778,20230119,Profile
23533,345,4100,20251021,Recommendation
23534,198,5042,20250909,Watch Party
23535,2857,1773,20250221,Review
23536,3283,577,20250918,Profile
23537,1096,4211,20230127,Recommendation
23538,785,399,20240925,Watch Party
23539,3291,3383,20240315,Review
23540,418,2754,20250705,Profile
23541,415,1984,20230327,Recommendation
23542,970,4222,20240426,Watch Party
23543,2053,1084,20240914,Review
23544,5992,5826,20230101,Profile
23545,4808,5084,20230128,Recommendation
23546,1570,2170,20240201,Watch Party
23547,4067,3040,20251028,Review
23548,4332,1881,20250309,Profile
23549,4054,5136,20251203,Recommendation
23550,1065,4669,20230222,Watch Party
23551,3943,5416,20250524,Review
23552,2429,4908,20230222,Profile
23553,3667,645,20250415,Recommendation
23554,1679,3834,20231005,Watch Party
23555,2626,2301,20250506,Review
23556,5993,561,20230721,Profile
23557,4323,357,20230731,Recommendation
23558,3260,245,20241015,Watch Party
23559,1059,5336,20241206,Review
23560,695,5386,20231009,Profile
23561,414,5923,20250506,Recommendation
23562,201,2307,20230828,Watch Party
23563,5557,349,20230702,Review
23564,2280,1179,20230318,Profile
23565,1287,2889,20251210,Recommendation
23566,2417,4079,20241126,Watch Party
23567,426,5285,20230303,Review
23568,3939,5207,20240219,Profile
23569,2505,1383,20240312,Recommendation
23570,1093,1315,20230105,Watch Party
23571,646,4839,20230401,Review
23572,1241,5894,20230210,Profile
23573,1843,1406,20240109,Recommendation
23574,5016,3988,20250419,Watch Party
23575,2749,2720,20230901,Review
23576,2843,1161,20251204,Profile
23577,2385,3242,20240112,Recommendation
23578,2474,3478,20230620,Watch Party
23579,5124,5951,20240727,Review
23580,5064,276,20251007,Profile
23581,1489,491,20230719,Recommendation
23582,5458,4910,20230126,Watch Party
23583,2747,1220,20240813,Review
23584,2232,4710,20250815,Profile
23585,476,4176,20230526,Recommendation
23586,2778,4238,20230506,Watch Party
23587,3631,2551,20231015,Review
23588,5753,108,20230211,Profile
23589,1974,1451,20241031,Recommendation
23590,3747,938,20240818,Watch Party
23591,5242,1155,20250212,Review
23592,1893,3532,20231224,Profile
23593,1486,1753,20240720,Recommendation
23594,2350,3427,20240913,Watch Party
23595,3950,3255,20251126,Review
23596,290,294,20231003,Profile
23597,733,4085,20241028,Recommendation
23598,2117,2767,20240608,Watch Party
23599,3209,4912,20231002,Review
23600,3071,5672,20230507,Profile
23601,4386,91,20240508,Recommendation
23602,1486,2586,20251216,Watch Party
23603,5338,1577,20250711,Review
23604,4844,2395,20230313,Profile
23605,5424,219,20230330,Recommendation
23606,4925,3492,20250911,Watch Party
23607,2203,3036,20230204,Review
23608,4598,312,20230821,Profile
23609,1914,210,20250904,Recommendation
23610,4311,4487,20240825,Watch Party
23611,1892,5063,20240218,Review
23612,4539,5564,20240915,Profile
23613,771,1567,20230619,Recommendation
23614,301,413,20231116,Watch Party
23615,1647,2703,20240601,Review
23616,5435,5056,20240125,Profile
23617,3824,843,20240124,Recommendation
23618,5543,931,20240620,Watch Party
23619,1955,2146,20230720,Review
23620,223,4049,20250808,Profile
23621,1532,298,20241030,Recommendation
23622,4686,942,20241009,Watch Party
23623,4017,851,20230101,Review
23624,5653,3047,20230312,Profile
23625,3686,307,20250616,Recommendation
23626,4672,5853,20250713,Watch Party
23627,1336,1673,20230227,Review
23628,4698,1650,20250802,Profile
23629,5040,5586,20230512,Recommendation
23630,696,4306,20240106,Watch Party
23631,3030,1941,20230419,Review
23632,3056,1406,20251008,Profile
23633,3399,201,20230831,Recommendation
23634,163,3173,20241012,Watch Party
23635,5259,5759,20240903,Review
23636,974,416,20251229,Profile
23637,1078,620,20241011,Recommendation
23638,407,208,20230904,Watch Party
23639,3298,4143,20250610,Review
23640,5181,3365,20240411,Profile
23641,2861,2478,20240304,Recommendation
23642,2564,5020,20241225,Watch Party
23643,5229,1129,20230110,Review
23644,3546,149,20241023,Profile
23645,3302,5022,20230212,Recommendation
23646,2689,1999,20251006,Watch Party
23647,4749,5261,20240320,Review
23648,3938,2989,20240916,Profile
23649,3567,5007,20250318,Recommendation
23650,5799,4584,20240524,Watch Party
23651,2815,587,20231218,Review
23652,2914,989,20251204,Profile
23653,2334,4287,20230122,Recommendation
23654,2481,1772,20250116,Watch Party
23655,1540,4405,20231220,Review
23656,4787,2655,20250614,Profile
23657,5094,5679,20250902,Recommendation
23658,735,268,20241007,Watch Party
23659,2591,3756,20240913,Review
23660,5940,3582,20240316,Profile
23661,5819,5570,20230930,Recommendation
23662,2668,1558,20250511,Watch Party
23663,940,164,20240419,Review
23664,863,64,20250526,Profile
23665,3334,4721,20241112,Recommendation
23666,4421,5428,20231207,Watch Party
23667,4650,2047,20240907,Review
23668,2084,2809,20230120,Profile
23669,2879,5123,20250627,Recommendation
23670,2778,2457,20251107,Watch Party
23671,5463,2533,20231225,Review
23672,5025,3385,20250222,Profile
23673,4997,3508,20250324,Recommendation
23674,4623,5314,20230222,Watch Party
23675,5976,3019,20230805,Review
23676,5016,213,20230124,Profile
23677,2674,1111,20240730,Recommendation
23678,3439,4267,20230507,Watch Party
23679,505,986,20250320,Review
23680,4393,5967,20230827,Profile
23681,3160,461,20240515,Recommendation
23682,2134,3052,20240523,Watch Party
23683,3835,841,20240827,Review
23684,4722,995,20240216,Profile
23685,4187,1247,20230908,Recommendation
23686,3302,1782,20230710,Watch Party
23687,1990,3397,20230606,Review
23688,267,4062,20240613,Profile
23689,5792,3006,20250709,Recommendation
23690,3116,3820,20230822,Watch Party
23691,5168,3085,20230318,Review
23692,3263,4262,20240908,Profile
23693,3526,1822,20250423,Recommendation
23694,3393,573,20231206,Watch Party
23695,4530,1283,20230712,Review
23696,124,2941,20240730,Profile
23697,4141,5640,20230124,Recommendation
23698,2784,2777,20250529,Watch Party
23699,2293,4119,20240628,Review
23700,5147,717,20250409,Profile
23701,1990,119,20251013,Recommendation
23702,3151,249,20240524,Watch Party
23703,913,3652,20230527,Review
23704,2479,1395,20250219,Profile
23705,645,4981,20240505,Recommendation
23706,4417,2871,20250709,Watch Party
23707,1089,2444,20250922,Review
23708,4594,2221,20250608,Profile
23709,2186,1251,20230501,Recommendation
23710,694,228,20250307,Watch Party
23711,283,3535,20231230,Review
23712,5,868,20230124,Profile
23713,3432,956,20240809,Recommendation
23714,5533,313,20240403,Watch Party
23715,3904,4104,20250513,Review
23716,2859,620,20231021,Profile
23717,3092,4220,20230924,Recommendation
23718,1104,4092,20230611,Watch Party
23719,2733,2645,20230326,Review
23720,4388,1056,20231226,Profile
23721,5093,4269,20241005,Recommendation
23722,5425,1867,20230427,Watch Party
23723,564,2126,20240307,Review
23724,3120,5378,20240118,Profile
23725,59,2663,20250429,Recommendation
23726,5869,5957,20241129,Watch Party
23727,4468,798,20250905,Review
23728,3242,4973,20231026,Profile
23729,4267,3336,20240630,Recommendation
23730,2668,4397,20250420,Watch Party
23731,1915,382,20240919,Review
23732,4787,4976,20230906,Profile
23733,1037,2178,20241027,Recommendation
23734,1267,4395,20230707,Watch Party
23735,194,1400,20240313,Review
23736,3024,482,20251110,Profile
23737,3255,5472,20251026,Recommendation
23738,4878,1820,20240825,Watch Party
23739,2187,2209,20240816,Review
23740,2889,5582,20241109,Profile
23741,2211,5609,20230308,Recommendation
23742,3381,5009,20230215,Watch Party
23743,5125,3778,20241103,Review
23744,42,4172,20251214,Profile
23745,622,4006,20241116,Recommendation
23746,2860,5693,20240420,Watch Party
23747,4334,4382,20240925,Review
23748,5699,1794,20241212,Profile
23749,2948,429,20250805,Recommendation
23750,5369,1738,20240620,Watch Party
23751,5945,2676,20230222,Review
23752,5855,1290,20241111,Profile
23753,5964,1045,20250404,Recommendation
23754,5619,1987,20250507,Watch Party
23755,19,1365,20251015,Review
23756,124,4137,20250309,Profile
23757,2017,1923,20230803,Recommendation
23758,1688,1426,20230612,Watch Party
23759,3590,2763,20231113,Review
23760,1674,1992,20240626,Profile
23761,822,80,20240323,Recommendation
23762,5125,4856,20251123,Watch Party
23763,5461,2896,20250811,Review
23764,1379,3633,20250611,Profile
23765,5343,2357,20251201,Recommendation
23766,1795,4786,20251214,Watch Party
23767,326,5230,20230606,Review
23768,2964,4245,20250307,Profile
23769,2273,1750,20231228,Recommendation
23770,5677,2432,20240610,Watch Party
23771,4686,864,20250809,Review
23772,5849,2770,20240528,Profile
23773,1359,2457,20240805,Recommendation
23774,4593,5494,20230727,Watch Party
23775,201,2648,20241027,Review
23776,1952,1633,20230612,Profile
23777,4042,2010,20250809,Recommendation
23778,5651,80,20240831,Watch Party
23779,4902,1130,20250311,Review
23780,3490,2026,20250723,Profile
23781,1286,1310,20250803,Recommendation
23782,2186,4002,20250814,Watch Party
23783,479,5048,20230903,Review
23784,281,4994,20240217,Profile
23785,3861,4785,20230306,Recommendation
23786,770,2761,20250127,Watch Party
23787,5257,4190,20240811,Review
23788,5537,3968,20230129,Profile
23789,4064,1533,20231127,Recommendation
23790,1533,885,20250708,Watch Party
23791,2556,642,20250627,Review
23792,2323,2322,20250716,Profile
23793,5602,4465,20240724,Recommendation
23794,872,3439,20231122,Watch Party
23795,4147,3020,20231209,Review
23796,2905,4940,20250111,Profile
23797,222,953,20240608,Recommendation
23798,980,2569,20230617,Watch Party
23799,3907,5318,20250603,Review
23800,2080,3867,20240803,Profile
23801,87,4546,20240609,Recommendation
23802,5644,1915,20250515,Watch Party
23803,1448,1812,20240820,Review
23804,1869,4158,20240714,Profile
23805,2296,406,20241029,Recommendation
23806,1984,4808,20251009,Watch Party
23807,912,743,20240211,Review
23808,2710,4883,20241023,Profile
23809,4352,1745,20250709,Recommendation
23810,4794,2436,20250307,Watch Party
23811,5416,3526,20241121,Review
23812,2622,1025,20250521,Profile
23813,3253,2149,20251108,Recommendation
23814,3570,5269,20240204,Watch Party
23815,2687,5624,20230621,Review
23816,5696,4653,20240315,Profile
23817,1286,3218,20240701,Recommendation
23818,3217,1588,20230807,Watch Party
23819,279,4834,20250925,Review
23820,1218,5033,20230606,Profile
23821,5199,1091,20250514,Recommendation
23822,234,472,20240630,Watch Party
23823,3545,1913,20230613,Review
23824,5859,4096,20240109,Profile
23825,2266,2919,20250523,Recommendation
23826,3196,4984,20250109,Watch Party
23827,2633,3464,20250311,Review
23828,4477,900,20250107,Profile
23829,667,674,20250717,Recommendation
23830,2658,5411,20230414,Watch Party
23831,1319,3870,20231221,Review
23832,1660,3760,20240411,Profile
23833,4011,4042,20240725,Recommendation
23834,5780,4377,20241223,Watch Party
23835,5205,3039,20251023,Review
23836,329,505,20230819,Profile
23837,773,1895,20231226,Recommendation
23838,4337,3550,20250619,Watch Party
23839,3062,3191,20240131,Review
23840,3311,392,20231125,Profile
23841,921,720,20230801,Recommendation
23842,22,1055,20240829,Watch Party
23843,2999,5466,20240105,Review
23844,5089,2362,20251019,Profile
23845,1476,2353,20250205,Recommendation
23846,2984,588,20240613,Watch Party
23847,5252,3979,20231215,Review
23848,4115,4196,20241118,Profile
23849,3337,5639,20250828,Recommendation
23850,3617,3520,20240824,Watch Party
23851,4492,685,20240417,Review
23852,5906,2024,20240228,Profile
23853,3401,5144,20241008,Recommendation
23854,3161,211,20240105,Watch Party
23855,3156,3543,20240312,Review
23856,3405,5040,20230412,Profile
23857,3101,5256,20230429,Recommendation
23858,1426,3038,20250414,Watch Party
23859,2452,2740,20250630,Review
23860,3238,1656,20230520,Profile
23861,5669,3639,20240406,Recommendation
23862,934,4447,20250627,Watch Party
23863,5595,5839,20250512,Review
23864,4065,1072,20230905,Profile
23865,900,4511,20241221,Recommendation
23866,632,3,20240620,Watch Party
23867,1827,91,20250509,Review
23868,3111,1938,20231123,Profile
23869,5575,384,20230528,Recommendation
23870,4157,4612,20230622,Watch Party
23871,5234,310,20241124,Review
23872,5767,1053,20250826,Profile
23873,2750,439,20230206,Recommendation
23874,3375,1666,20250329,Watch Party
23875,4145,212,20250629,Review
23876,4463,4177,20240215,Profile
23877,3797,3550,20250703,Recommendation
23878,2379,5670,20230509,Watch Party
23879,3843,4020,20241209,Review
23880,4455,5347,20230317,Profile
23881,1387,503,20240815,Recommendation
23882,4157,3250,20231014,Watch Party
23883,5340,5874,20251116,Review
23884,4614,887,20231229,Profile
23885,4408,2747,20240503,Recommendation
23886,5751,2977,20240602,Watch Party
23887,1396,1103,20240907,Review
23888,5262,3489,20240930,Profile
23889,2234,3541,20241102,Recommendation
23890,1830,4263,20231216,Watch Party
23891,4163,3459,20250222,Review
23892,45,2788,20231011,Profile
23893,5901,4599,20250629,Recommendation
23894,4204,3260,20240831,Watch Party
23895,2450,751,20240312,Review
23896,3381,4126,20230608,Profile
23897,1014,1852,20240211,Recommendation
23898,1798,1842,20230724,Watch Party
23899,1235,2149,20240422,Review
23900,642,1497,20241219,Profile
23901,3463,2464,20240924,Recommendation
23902,281,95,20250201,Watch Party
23903,4338,5359,20240424,Review
23904,4542,1645,20250606,Profile
23905,1330,1678,20230314,Recommendation
23906,67,3495,20250821,Watch Party
23907,5222,3407,20240624,Review
23908,3380,4465,20240517,Profile
23909,5784,4734,20241223,Recommendation
23910,5548,1813,20251126,Watch Party
23911,4841,1419,20250728,Review
23912,4195,1730,20240930,Profile
23913,5010,412,20240620,Recommendation
23914,4138,886,20230223,Watch Party
23915,5481,1920,20230328,Review
23916,4183,3523,20240626,Profile
23917,307,814,20251213,Recommendation
23918,3888,33,20241121,Watch Party
23919,5727,1849,20230313,Review
23920,1998,1896,20250713,Profile
23921,1993,4110,20241216,Recommendation
23922,3266,5199,20240109,Watch Party
23923,2549,3693,20251229,Review
23924,415,412,20250816,Profile
23925,1790,5655,20250810,Recommendation
23926,407,4836,20230411,Watch Party
23927,5502,4382,20240704,Review
23928,5999,648,20240808,Profile
23929,503,1555,20250207,Recommendation
23930,2043,5181,20230128,Watch Party
23931,4954,92,20240212,Review
23932,2788,744,20230712,Profile
23933,3889,3583,20250328,Recommendation
23934,4222,5241,20250909,Watch Party
23935,214,3058,20250106,Review
23936,5505,1111,20250119,Profile
23937,4850,1976,20240722,Recommendation
23938,274,156,20250503,Watch Party
23939,35,5613,20240216,Review
23940,2036,4696,20231130,Profile
23941,4320,536,20240326,Recommendation
23942,2554,4886,20251009,Watch Party
23943,4236,4559,20230512,Review
23944,2007,2102,20231204,Profile
23945,1989,4756,20251008,Recommendation
23946,687,5280,20240524,Watch Party
23947,690,3367,20250108,Review
23948,1302,2008,20241207,Profile
23949,2754,1547,20230216,Recommendation
23950,3041,2945,20251222,Watch Party
23951,1415,1773,20251122,Review
23952,4423,5948,20231203,Profile
23953,3814,234,20240720,Recommendation
23954,692,5893,20250715,Watch Party
23955,5452,4572,20230402,Review
23956,4605,1798,20230826,Profile
23957,5258,5615,20230828,Recommendation
23958,1595,5081,20250102,Watch Party
23959,3808,1539,20230809,Review
23960,4421,4144,20231204,Profile
23961,377,840,20230507,Recommendation
23962,3088,1429,20250906,Watch Party
23963,1463,4544,20230912,Review
23964,5647,1705,20250927,Profile
23965,4843,5845,20240415,Recommendation
23966,2560,1000,20240525,Watch Party
23967,4613,2374,20250326,Review
23968,3457,5377,20241008,Profile
23969,4568,2288,20251001,Recommendation
23970,3354,3270,20230709,Watch Party
23971,1277,1122,20251121,Review
23972,3180,5952,20230505,Profile
23973,2363,1268,20230212,Recommendation
23974,2273,3181,20240430,Watch Party
23975,4588,1213,20230911,Review
23976,260,3800,20240920,Profile
23977,1238,3331,20251015,Recommendation
23978,448,961,20250413,Watch Party
23979,1873,4847,20230904,Review
23980,408,482,20241102,Profile
23981,2379,5564,20240218,Recommendation
23982,2072,1874,20250906,Watch Party
23983,3258,2878,20250602,Review
23984,2779,1398,20250129,Profile
23985,5964,5789,20250721,Recommendation
23986,4576,1781,20250212,Watch Party
23987,1098,1271,20240715,Review
23988,3842,767,20230512,Profile
23989,4598,3750,20240809,Recommendation
23990,1905,5473,20230608,Watch Party
23991,5889,1078,20240107,Review
23992,551,2489,20240403,Profile
23993,2818,5155,20250920,Recommendation
23994,789,2149,20240613,Watch Party
23995,4326,1859,20230214,Review
23996,702,1884,20250630,Profile
23997,5725,4878,20251110,Recommendation
23998,3846,572,20240723,Watch Party
23999,3411,819,20240820,Review
24000,3717,953,20250612,Profile
